PicID,Time,Latitude,Longitude
IMG_7790.JPG,2023:02:09 12:21:54,-1.3140888888888889,36.87233055555556
IMG_0799.JPG,2023:02:20 11:04:27,-1.3660222222222222,36.76688333333333
IMG_6303.JPG,2023:02:01 14:22:01,-1.2518972222222222,36.82538611111112
IMG_0772.JPG,2023:02:20 11:01:03,-1.3467583333333333,36.765344444444445
IMG_8448.JPG,2023:02:11 11:42:30,-1.2797305555555556,37.04933611111111
IMG_6465.JPG,2023:02:03 13:43:44,-1.3069388888888889,36.78382222222222
IMG_6471.JPG,2023:02:03 13:43:55,-1.3064944444444444,36.78350833333333
IMG_6317.JPG,2023:02:01 17:07:08,-1.2280444444444445,36.80515277777778
IMG_0766.JPG,2023:02:20 11:00:24,-1.3427749999999998,36.76687222222222
IMG_7009.JPG,2023:02:04 15:11:10,-1.3421194444444444,36.767719444444445
IMG_7021.JPG,2023:02:04 15:12:48,-1.3370583333333332,36.77475277777778
IMG_8312.JPG,2023:02:11 11:18:50,-1.2645194444444443,36.98424166666667
IMG_7747.JPG,2023:02:09 09:50:03,-1.3150722222222222,36.87216111111111
IMG_8474.JPG,2023:02:11 11:55:11,-1.279736111111111,37.048788888888886
IMG_6459.JPG,2023:02:03 13:18:21,-1.309036111111111,36.78270555555555
IMG_8460.JPG,2023:02:11 11:44:39,-1.281863888888889,37.06008611111111
IMG_7035.JPG,2023:02:04 15:17:34,-1.3156861111111111,36.78896666666667
IMG_8306.JPG,2023:02:11 11:17:47,-1.2641694444444445,36.98248333333333
IMG_8689.JPG,2023:02:12 08:18:46,-1.2690027777777777,36.66056111111111
IMG_8138.JPG,2023:02:11 10:46:37,-1.3296805555555555,36.87144722222222
IMG_8676.JPG,2023:02:12 08:15:39,-1.2896027777777777,36.68384444444444
IMG_8110.JPG,2023:02:11 10:42:09,-1.321161111111111,36.84127777777778
IMG_7223.JPG,2023:02:05 10:38:30,-1.279288888888889,36.80681666666666
IMG_8104.JPG,2023:02:11 10:41:21,-1.3173638888888888,36.83488888888889
IMG_7237.JPG,2023:02:05 10:39:32,-1.278725,36.80363611111111
IMG_8662.JPG,2023:02:12 08:10:29,-1.3094222222222225,36.72746388888889
IMG_7394.JPG,2023:02:05 12:02:22,-1.2982333333333331,36.80170833333333
IMG_7380.JPG,2023:02:05 12:01:49,-1.297711111111111,36.80299444444445
IMG_8058.JPG,2023:02:11 10:33:05,-1.2973277777777776,36.80565555555555
IMG_8702.JPG,2023:02:12 08:21:29,-1.2401777777777778,36.66569444444444
IMG_8064.JPG,2023:02:11 10:33:58,-1.2960083333333332,36.808727777777776
IMG_7357.JPG,2023:02:05 11:59:57,-1.294311111111111,36.80016388888889
IMG_8070.JPG,2023:02:11 10:35:00,-1.2950722222222222,36.81259166666666
IMG_7343.JPG,2023:02:05 11:59:06,-1.2896416666666666,36.7981
IMG_8716.JPG,2023:02:12 08:23:54,-1.2214250000000002,36.66322777777778
IMG_8299.JPG,2023:02:11 11:07:50,-1.2657027777777778,36.98136111111111
IMG_7814.JPG,2023:02:09 12:35:18,-1.3126277777777775,36.87094444444445
IMG_7800.JPG,2023:02:09 12:27:52,-1.312913888888889,36.87211666666667
IMG_0809.JPG,2023:02:20 11:05:28,-1.3735444444444445,36.769213888888885
IMG_6288.JPG,2023:02:01 14:18:21,-1.259961111111111,36.836666666666666
IMG_7196.JPG,2023:02:05 10:36:06,-1.2869555555555554,36.80060555555556
IMG_7828.JPG,2023:02:09 12:39:03,-1.3121055555555556,36.87036111111111
IMG_7182.JPG,2023:02:05 10:35:23,-1.288333333333333,36.79842222222222
IMG_7169.JPG,2023:02:05 10:35:03,-1.2897055555555554,36.79776388888889
IMG_6277.JPG,2023:02:01 14:16:59,-1.2632555555555556,36.83839444444445
IMG_6511.JPG,2023:02:03 13:45:17,-1.304936111111111,36.7878
IMG_6505.JPG,2023:02:03 13:45:05,-1.3055361111111112,36.787619444444445
IMG_8528.JPG,2023:02:11 12:08:38,-1.2693055555555557,36.99356111111111
IMG_6263.JPG,2023:02:01 14:15:53,-1.2710055555555555,36.82926111111112
IMG_7155.JPG,2023:02:05 10:34:22,-1.289655555555555,36.79624166666667
IMG_8266.JPG,2023:02:11 11:03:06,-1.2802361111111111,36.964775
IMG_7633.JPG,2023:02:09 09:39:48,-1.3119583333333331,36.85140555555556
IMG_8500.JPG,2023:02:11 12:00:21,-1.2772416666666666,37.02365555555556
IMG_6539.JPG,2023:02:03 13:49:00,-1.2980944444444442,36.788075
IMG_7627.JPG,2023:02:09 09:36:59,-1.3003472222222223,36.83722777777778
IMG_8514.JPG,2023:02:11 12:04:01,-1.275283333333333,37.003875
IMG_7141.JPG,2023:02:05 10:31:35,-1.2960027777777776,36.79541111111111
IMG_8272.JPG,2023:02:11 11:03:32,-1.2789638888888888,36.96742777777778
IMG_8515.JPG,2023:02:11 12:04:58,-1.2740361111111111,37.00127777777778
IMG_7626.JPG,2023:02:09 09:36:52,-1.299811111111111,36.83710833333333
IMG_6538.JPG,2023:02:03 13:48:57,-1.2982777777777776,36.788066666666666
IMG_8273.JPG,2023:02:11 11:03:34,-1.278761111111111,36.96776111111112
IMG_7140.JPG,2023:02:05 10:31:32,-1.296086111111111,36.79543333333333
IMG_8267.JPG,2023:02:11 11:03:13,-1.2799222222222222,36.96553611111111
IMG_7154.JPG,2023:02:05 10:34:20,-1.2897888888888889,36.796188888888885
IMG_8501.JPG,2023:02:11 12:00:55,-1.2769388888888888,37.02003055555556
IMG_7632.JPG,2023:02:09 09:39:48,-1.3119166666666666,36.85130277777778
IMG_8529.JPG,2023:02:11 12:08:44,-1.269172222222222,36.99336944444445
IMG_6504.JPG,2023:02:03 13:45:02,-1.305725,36.78754444444444
IMG_6262.JPG,2023:02:01 14:15:51,-1.2712222222222225,36.828919444444445
IMG_6276.JPG,2023:02:01 14:16:56,-1.2635722222222223,36.837872222222224
IMG_7168.JPG,2023:02:05 10:35:00,-1.289672222222222,36.79765277777778
IMG_6510.JPG,2023:02:03 13:45:15,-1.3050388888888889,36.78776388888889
IMG_7183.JPG,2023:02:05 10:35:29,-1.2876138888888888,36.79861388888889
IMG_7197.JPG,2023:02:05 10:37:14,-1.28755,36.80258055555555
IMG_6289.JPG,2023:02:01 14:18:30,-1.2597138888888888,36.836288888888895
IMG_7829.JPG,2023:02:09 12:39:08,-1.3121222222222222,36.87036111111111
IMG_7801.JPG,2023:02:09 12:30:21,-1.31275,36.87213611111111
IMG_0808.JPG,2023:02:20 11:05:24,-1.3727222222222222,36.76889722222222
IMG_8298.JPG,2023:02:11 11:06:38,-1.2662166666666668,36.98101388888889
IMG_7815.JPG,2023:02:09 12:35:55,-1.3127305555555555,36.87069722222223
IMG_7342.JPG,2023:02:05 11:59:05,-1.289597222222222,36.79810555555555
IMG_8071.JPG,2023:02:11 10:35:17,-1.2948694444444444,36.813538888888885
IMG_8717.JPG,2023:02:12 08:24:08,-1.2192833333333335,36.662952777777775
IMG_8703.JPG,2023:02:12 08:21:31,-1.239988888888889,36.665725
IMG_7356.JPG,2023:02:05 11:59:56,-1.2939305555555554,36.79987222222222
IMG_8065.JPG,2023:02:11 10:34:07,-1.295436111111111,36.80943611111111
IMG_8059.JPG,2023:02:11 10:33:16,-1.2970805555555551,36.80679444444444
IMG_7381.JPG,2023:02:05 12:01:51,-1.2977638888888887,36.80304444444444
IMG_7395.JPG,2023:02:05 12:02:28,-1.2983333333333331,36.80111111111111
IMG_7236.JPG,2023:02:05 10:39:29,-1.2787694444444444,36.803825
IMG_8105.JPG,2023:02:11 10:41:30,-1.3179277777777778,36.835794444444446
IMG_8663.JPG,2023:02:12 08:10:37,-1.308652777777778,36.72634722222222
IMG_8677.JPG,2023:02:12 08:15:51,-1.288186111111111,36.68273611111111
IMG_7222.JPG,2023:02:05 10:38:28,-1.2795138888888888,36.806955555555554
IMG_8111.JPG,2023:02:11 10:42:14,-1.3215472222222222,36.84203611111111
IMG_8139.JPG,2023:02:11 10:46:43,-1.3296083333333333,36.87215555555556
IMG_6869.JPG,2023:02:04 11:51:31,-1.3343972222222222,36.77933055555555
IMG_8688.JPG,2023:02:12 08:18:28,-1.2714694444444443,36.662752777777776
IMG_8461.JPG,2023:02:11 11:44:52,-1.2822055555555556,37.06131388888888
IMG_8307.JPG,2023:02:11 11:18:16,-1.264113888888889,36.982594444444445
IMG_7034.JPG,2023:02:04 15:17:32,-1.3159361111111112,36.788783333333335
IMG_8313.JPG,2023:02:11 11:18:52,-1.2645277777777777,36.98430555555556
IMG_7020.JPG,2023:02:04 15:12:43,-1.3374194444444445,36.77393611111111
IMG_6458.JPG,2023:02:03 13:17:57,-1.3090416666666669,36.782694444444445
IMG_8475.JPG,2023:02:11 11:55:17,-1.2796999999999998,37.04845833333333
IMG_7746.JPG,2023:02:09 09:49:55,-1.3149111111111111,36.87208055555556
IMG_6470.JPG,2023:02:03 13:43:54,-1.3066111111111112,36.78337222222222
IMG_7008.JPG,2023:02:04 15:11:06,-1.342275,36.76730555555555
IMG_0767.JPG,2023:02:20 11:00:31,-1.343511111111111,36.766533333333335
IMG_6316.JPG,2023:02:01 14:26:50,-1.2336583333333333,36.80325277777777
IMG_0773.JPG,2023:02:20 11:01:11,-1.347247222222222,36.76517222222222
IMG_6302.JPG,2023:02:01 14:21:04,-1.2522055555555556,36.82864722222222
IMG_6464.JPG,2023:02:03 13:43:43,-1.3069388888888889,36.78382222222222
IMG_8449.JPG,2023:02:11 11:42:33,-1.2797611111111111,37.04963611111111
IMG_7791.JPG,2023:02:09 12:23:36,-1.3132666666666668,36.87263611111111
IMG_0798.JPG,2023:02:20 11:04:20,-1.365313888888889,36.76649722222222
IMG_8488.JPG,2023:02:11 11:57:46,-1.2784555555555557,37.036544444444445
IMG_7793.JPG,2023:02:09 12:23:38,-1.3132555555555556,36.8726
IMG_6499.JPG,2023:02:03 13:44:48,-1.3062027777777778,36.787052777777774
IMG_6314.JPG,2023:02:01 14:25:10,-1.2404611111111112,36.81297222222222
IMG_0765.JPG,2023:02:20 11:00:20,-1.3425333333333334,36.76698611111111
IMG_8339.JPG,2023:02:11 11:22:41,-1.2676888888888889,36.99104444444445
IMG_6472.JPG,2023:02:03 13:43:57,-1.3064,36.78366388888889
IMG_6466.JPG,2023:02:03 13:43:47,-1.3068222222222223,36.78303888888889
IMG_6300.JPG,2023:02:01 14:19:49,-1.2555305555555556,36.83241944444445
IMG_0771.JPG,2023:02:20 11:00:53,-1.3460527777777778,36.76558888888889
IMG_6328.JPG,2023:02:01 17:08:37,-1.2329305555555556,36.80314722222222
IMG_0759.JPG,2023:02:20 10:59:49,-1.3420555555555556,36.76299722222223
IMG_8305.JPG,2023:02:11 11:16:41,-1.264775,36.982108333333336
IMG_7036.JPG,2023:02:04 15:17:37,-1.3155444444444444,36.78909444444445
IMG_8463.JPG,2023:02:11 11:45:11,-1.2825305555555555,37.062977777777775
IMG_8477.JPG,2023:02:11 11:56:00,-1.2794027777777777,37.04583333333333
IMG_7744.JPG,2023:02:09 09:49:49,-1.314661111111111,36.87193611111111
IMG_8311.JPG,2023:02:11 11:18:42,-1.2643694444444444,36.98368611111111
IMG_7022.JPG,2023:02:04 15:12:51,-1.336822222222222,36.775055555555554
IMG_7208.JPG,2023:02:05 10:37:37,-1.285147222222222,36.805213888888886
IMG_8649.JPG,2023:02:12 08:08:18,-1.305913888888889,36.74205277777778
IMG_8661.JPG,2023:02:12 08:10:20,-1.3103694444444445,36.72813055555556
IMG_7234.JPG,2023:02:05 10:39:23,-1.2787694444444444,36.80396944444444
IMG_8107.JPG,2023:02:11 10:41:44,-1.3190222222222223,36.83763611111112
IMG_7220.JPG,2023:02:05 10:38:23,-1.2800194444444444,36.80713333333333
IMG_8113.JPG,2023:02:11 10:42:30,-1.322622222222222,36.84410277777778
IMG_6880.JPG,2023:02:04 12:23:13,-1.3644,36.74620555555556
IMG_8675.JPG,2023:02:12 08:15:27,-1.2915027777777777,36.68499444444444
IMG_8098.JPG,2023:02:11 10:40:31,-1.312561111111111,36.83015833333334
IMG_7383.JPG,2023:02:05 12:01:56,-1.2980833333333333,36.803177777777776
IMG_7397.JPG,2023:02:05 12:02:33,-1.29845,36.80040555555555
IMG_8729.JPG,2023:02:12 09:22:57,-1.0141583333333333,36.60085277777778
IMG_7368.JPG,2023:02:05 12:00:40,-1.2951388888888888,36.80258611111111
IMG_8715.JPG,2023:02:12 08:23:30,-1.2254083333333334,36.66381944444444
IMG_7340.JPG,2023:02:05 11:58:55,-1.2892944444444443,36.79821111111111
IMG_8073.JPG,2023:02:11 10:35:33,-1.294336111111111,36.81443333333333
IMG_7354.JPG,2023:02:05 11:59:34,-1.2918888888888889,36.79916388888888
IMG_8067.JPG,2023:02:11 10:34:26,-1.2945555555555557,36.81105
IMG_8701.JPG,2023:02:12 08:21:23,-1.2413277777777778,36.66553611111111
IMG_7803.JPG,2023:02:09 12:30:33,-1.312738888888889,36.87212777777778
IMG_7817.JPG,2023:02:09 12:38:15,-1.3121833333333337,36.87025555555556
IMG_7181.JPG,2023:02:05 10:35:22,-1.288333333333333,36.79842222222222
IMG_7195.JPG,2023:02:05 10:36:05,-1.2869138888888887,36.80044166666666
IMG_6260.JPG,2023:02:01 14:15:47,-1.2716444444444444,36.82822777777778
IMG_6506.JPG,2023:02:03 13:45:05,-1.3054666666666668,36.787638888888885
IMG_7618.JPG,2023:02:09 09:26:11,-1.2911833333333331,36.81981666666667
IMG_6512.JPG,2023:02:03 13:45:21,-1.3047777777777778,36.78789722222222
IMG_8259.JPG,2023:02:11 11:02:36,-1.2822194444444444,36.96094166666667
IMG_6274.JPG,2023:02:01 14:16:45,-1.2644194444444443,36.83669444444445
IMG_8271.JPG,2023:02:11 11:03:28,-1.2791527777777778,36.96710555555556
IMG_7142.JPG,2023:02:05 10:31:38,-1.295811111111111,36.79536111111111
IMG_8517.JPG,2023:02:11 12:05:19,-1.2733805555555555,37.00023611111112
IMG_7624.JPG,2023:02:09 09:36:46,-1.299786111111111,36.83690555555556
IMG_8503.JPG,2023:02:11 12:01:36,-1.276536111111111,37.01580833333333
IMG_7630.JPG,2023:02:09 09:39:42,-1.3120805555555557,36.850947222222224
IMG_8265.JPG,2023:02:11 11:03:03,-1.280461111111111,36.964288888888895
IMG_7156.JPG,2023:02:05 10:34:29,-1.2894277777777776,36.79624166666667
IMG_0639.JPG,2023:02:20 10:40:55,-1.2992638888888888,36.77433888888888
IMG_6248.JPG,2023:02:01 14:15:19,-1.2750055555555555,36.82363055555556
IMG_7631.JPG,2023:02:09 09:39:44,-1.3117138888888888,36.85075
IMG_8502.JPG,2023:02:11 12:01:25,-1.2766388888888889,37.01695
IMG_6249.JPG,2023:02:01 14:15:20,-1.2749055555555555,36.82377222222223
IMG_0638.JPG,2023:02:20 10:40:52,-1.2991722222222222,36.774391666666666
IMG_7157.JPG,2023:02:05 10:34:31,-1.2894,36.79625
IMG_8264.JPG,2023:02:11 11:03:00,-1.2806472222222225,36.96390555555556
IMG_7143.JPG,2023:02:05 10:31:40,-1.2957638888888887,36.79535555555555
IMG_8270.JPG,2023:02:11 11:03:24,-1.279388888888889,36.96666388888889
IMG_7625.JPG,2023:02:09 09:36:47,-1.299688888888889,36.83693611111112
IMG_8516.JPG,2023:02:11 12:05:04,-1.273863888888889,37.00098333333333
IMG_6513.JPG,2023:02:03 13:45:23,-1.3047555555555557,36.78793611111111
IMG_6275.JPG,2023:02:01 14:16:51,-1.2638666666666667,36.837447222222224
IMG_8258.JPG,2023:02:11 11:02:34,-1.282433333333333,36.96058888888889
IMG_6261.JPG,2023:02:01 14:15:49,-1.271536111111111,36.8284
IMG_7619.JPG,2023:02:09 09:34:09,-1.2977277777777776,36.82960833333334
IMG_6507.JPG,2023:02:03 13:45:07,-1.3053333333333337,36.78768611111111
IMG_7194.JPG,2023:02:05 10:36:02,-1.2868638888888888,36.800244444444445
IMG_7180.JPG,2023:02:05 10:35:21,-1.288436111111111,36.79839722222222
IMG_7816.JPG,2023:02:09 12:38:08,-1.312186111111111,36.87022777777778
IMG_7802.JPG,2023:02:09 12:30:23,-1.3127472222222225,36.87213055555556
IMG_8066.JPG,2023:02:11 10:34:17,-1.2950277777777777,36.810294444444445
IMG_7355.JPG,2023:02:05 11:59:36,-1.2921944444444444,36.79931666666666
IMG_8700.JPG,2023:02:12 08:21:18,-1.2424222222222223,36.66532222222222
IMG_8714.JPG,2023:02:12 08:23:22,-1.2265444444444449,36.663980555555554
IMG_8072.JPG,2023:02:11 10:35:24,-1.2947277777777777,36.81386388888889
IMG_7341.JPG,2023:02:05 11:59:03,-1.289561111111111,36.79811111111111
IMG_7369.JPG,2023:02:05 12:00:42,-1.2952388888888888,36.80261111111111
IMG_8728.JPG,2023:02:12 09:22:57,-1.0142083333333334,36.60087777777778
IMG_7396.JPG,2023:02:05 12:02:30,-1.2983694444444442,36.80086388888888
IMG_7382.JPG,2023:02:05 12:01:54,-1.2979833333333333,36.803177777777776
IMG_8099.JPG,2023:02:11 10:40:53,-1.3151555555555556,36.83177222222223
IMG_8112.JPG,2023:02:11 10:42:20,-1.3219944444444445,36.84287777777778
IMG_7221.JPG,2023:02:05 10:38:25,-1.279758333333333,36.80706388888888
IMG_8674.JPG,2023:02:12 08:15:08,-1.2940277777777776,36.68714722222222
IMG_8660.JPG,2023:02:12 08:10:03,-1.3099694444444443,36.72677222222222
IMG_8106.JPG,2023:02:11 10:41:34,-1.3182055555555556,36.83624722222223
IMG_7235.JPG,2023:02:05 10:39:26,-1.2787722222222222,36.80389722222222
IMG_8648.JPG,2023:02:12 08:08:08,-1.3055694444444446,36.74336944444445
IMG_7209.JPG,2023:02:05 10:37:39,-1.2850555555555554,36.80528888888889
IMG_7745.JPG,2023:02:09 09:49:52,-1.3147777777777778,36.87201944444445
IMG_8476.JPG,2023:02:11 11:55:33,-1.2795944444444445,37.04749722222222
IMG_7023.JPG,2023:02:04 15:15:00,-1.3294638888888888,36.78012222222222
IMG_8310.JPG,2023:02:11 11:18:40,-1.264325,36.98356111111112
IMG_7037.JPG,2023:02:04 15:17:40,-1.3153472222222222,36.78927222222222
IMG_8304.JPG,2023:02:11 11:16:05,-1.2649694444444444,36.98187222222222
IMG_0758.JPG,2023:02:20 10:59:41,-1.3419166666666666,36.761744444444446
IMG_6329.JPG,2023:02:01 17:08:48,-1.2333527777777775,36.80323055555555
IMG_8462.JPG,2023:02:11 11:45:00,-1.2824027777777778,37.062172222222216
IMG_6467.JPG,2023:02:03 13:43:48,-1.3067944444444446,36.78308055555556
IMG_0770.JPG,2023:02:20 11:00:47,-1.345636111111111,36.76572777777778
IMG_6301.JPG,2023:02:01 14:21:04,-1.2523944444444444,36.82873611111111
IMG_8338.JPG,2023:02:11 11:22:32,-1.2674527777777778,36.99066111111111
IMG_0764.JPG,2023:02:20 11:00:18,-1.342375,36.76694444444444
IMG_6315.JPG,2023:02:01 14:26:46,-1.2343055555555555,36.803475
IMG_6473.JPG,2023:02:03 13:43:59,-1.306361111111111,36.783763888888885
IMG_6498.JPG,2023:02:03 13:44:47,-1.3062305555555556,36.78696388888888
IMG_7792.JPG,2023:02:09 12:23:37,-1.3132666666666668,36.87263611111111
IMG_8489.JPG,2023:02:11 11:57:51,-1.2784027777777778,37.035980555555554
IMG_6488.JPG,2023:02:03 13:44:27,-1.305863888888889,36.785675
IMG_7796.JPG,2023:02:09 12:24:22,-1.3132805555555556,36.87255277777778
IMG_8499.JPG,2023:02:11 12:00:06,-1.277425,37.025241666666666
IMG_8466.JPG,2023:02:11 11:45:42,-1.282722222222222,37.06497222222222
IMG_8300.JPG,2023:02:11 11:07:51,-1.2657027777777778,36.98136388888889
IMG_7033.JPG,2023:02:04 15:17:27,-1.316838888888889,36.788802777777775
IMG_6339.JPG,2023:02:01 17:15:48,-1.225552777777778,36.79038055555555
IMG_8314.JPG,2023:02:11 11:19:06,-1.2646277777777777,36.98461111111112
IMG_7027.JPG,2023:02:04 15:15:21,-1.3267361111111111,36.78028888888889
IMG_0748.JPG,2023:02:20 10:58:26,-1.3410444444444445,36.754925
IMG_8472.JPG,2023:02:11 11:54:49,-1.279972222222222,37.05097222222222
IMG_7741.JPG,2023:02:09 09:49:42,-1.314488888888889,36.87160833333333
IMG_6477.JPG,2023:02:03 13:44:04,-1.306075,36.78434722222222
IMG_0760.JPG,2023:02:20 10:59:50,-1.3420999999999998,36.763375
IMG_6305.JPG,2023:02:01 14:22:57,-1.2498361111111111,36.82121388888889
IMG_8328.JPG,2023:02:11 11:21:05,-1.2659277777777778,36.98807777777778
IMG_0774.JPG,2023:02:20 11:01:16,-1.3478638888888888,36.76494722222222
IMG_6463.JPG,2023:02:03 13:43:42,-1.3074055555555557,36.78304444444444
IMG_7231.JPG,2023:02:05 10:39:10,-1.2783555555555557,36.80484722222222
IMG_8102.JPG,2023:02:11 10:41:13,-1.316813888888889,36.83394166666667
IMG_8664.JPG,2023:02:12 08:10:45,-1.3079222222222222,36.7252
IMG_8670.JPG,2023:02:12 08:13:30,-1.2998027777777776,36.70173888888889
IMG_7225.JPG,2023:02:05 10:38:35,-1.2787777777777778,36.806441666666665
IMG_8116.JPG,2023:02:11 10:43:04,-1.3251638888888888,36.84808611111112
IMG_8658.JPG,2023:02:12 08:09:52,-1.308836111111111,36.72781111111112
IMG_7219.JPG,2023:02:05 10:38:21,-1.2802805555555554,36.80716388888889
IMG_7386.JPG,2023:02:05 12:02:03,-1.2982527777777777,36.80309444444444
river.JPG,2023:02:03 12:05:53,-1.3186027777777778,36.793952777777776
IMG_7392.JPG,2023:02:05 12:02:15,-1.2981222222222222,36.80245277777777
IMG_8089.JPG,2023:02:11 10:39:04,-1.3039944444444445,36.82613888888889
IMG_7345.JPG,2023:02:05 11:59:10,-1.289786111111111,36.79810555555555
IMG_8076.JPG,2023:02:11 10:36:10,-1.2934527777777776,36.81672777777778
IMG_8710.JPG,2023:02:12 08:22:47,-1.2301972222222224,36.66744722222222
IMG_8704.JPG,2023:02:12 08:21:41,-1.2381583333333337,36.66619166666666
IMG_7351.JPG,2023:02:05 11:59:24,-1.290897222222222,36.79866388888889
IMG_8062.JPG,2023:02:11 10:33:43,-1.2965888888888888,36.80793333333333
IMG_7379.JPG,2023:02:05 12:01:46,-1.297522222222222,36.802841666666666
IMG_8738.JPG,2023:02:12 10:12:23,-1.106938888888889,36.23973055555555
IMG_7184.JPG,2023:02:05 10:35:31,-1.2873888888888887,36.79866944444444
IMG_7190.JPG,2023:02:05 10:35:53,-1.2866972222222222,36.79933611111111
IMG_7806.JPG,2023:02:09 12:30:46,-1.3127833333333334,36.87211666666667
IMG_7812.JPG,2023:02:09 12:32:47,-1.3127472222222225,36.87166666666667
IMG_8512.JPG,2023:02:11 12:03:41,-1.2755388888888888,37.00505555555556
IMG_7621.JPG,2023:02:09 09:34:16,-1.297261111111111,36.83006666666667
IMG_0628.JPG,2023:02:20 10:39:39,-1.2989416666666664,36.77882222222223
IMG_8274.JPG,2023:02:11 11:03:37,-1.2785722222222222,36.968075
IMG_7147.JPG,2023:02:05 10:31:52,-1.294961111111111,36.795319444444445
IMG_6259.JPG,2023:02:01 14:15:46,-1.271861111111111,36.82788888888889
IMG_8260.JPG,2023:02:11 11:02:42,-1.281858333333333,36.96154722222222
IMG_7153.JPG,2023:02:05 10:34:18,-1.2899166666666666,36.79614722222222
IMG_8506.JPG,2023:02:11 12:02:17,-1.2761194444444444,37.01128333333333
IMG_7635.JPG,2023:02:09 09:39:54,-1.3121972222222222,36.85215
IMG_6503.JPG,2023:02:03 13:44:59,-1.3058444444444446,36.787475
IMG_8248.JPG,2023:02:11 11:02:01,-1.2846638888888888,36.95699444444445
IMG_6265.JPG,2023:02:01 14:15:58,-1.2705638888888888,36.829972222222224
IMG_6271.JPG,2023:02:01 14:16:15,-1.2684638888888888,36.83298055555556
IMG_6517.JPG,2023:02:03 13:45:40,-1.3043472222222223,36.78820555555556
IMG_7609.JPG,2023:02:09 09:11:35,-1.286947222222222,36.81626111111111
IMG_6270.JPG,2023:02:01 14:16:12,-1.2687777777777778,36.83268055555556
IMG_7608.JPG,2023:02:09 09:11:33,-1.2870527777777776,36.81603611111111
IMG_6516.JPG,2023:02:03 13:45:37,-1.3044944444444444,36.78821944444445
IMG_6502.JPG,2023:02:03 13:44:58,-1.3059555555555555,36.78738055555555
IMG_6264.JPG,2023:02:01 14:15:55,-1.2708888888888887,36.82944166666667
IMG_8249.JPG,2023:02:11 11:02:04,-1.2844972222222222,36.95726944444445
IMG_7152.JPG,2023:02:05 10:34:17,-1.290036111111111,36.79610555555556
IMG_8261.JPG,2023:02:11 11:02:46,-1.281575,36.96204722222223
IMG_7634.JPG,2023:02:09 09:39:50,-1.3120305555555556,36.85166111111111
IMG_8507.JPG,2023:02:11 12:02:32,-1.275947222222222,37.009455555555554
IMG_7620.JPG,2023:02:09 09:34:10,-1.2976333333333332,36.82968611111112
IMG_8513.JPG,2023:02:11 12:03:52,-1.2754222222222222,37.00441388888889
IMG_6258.JPG,2023:02:01 14:15:44,-1.2720916666666666,36.82756111111112
IMG_7146.JPG,2023:02:05 10:31:50,-1.295086111111111,36.79533333333333
IMG_8275.JPG,2023:02:11 11:03:42,-1.2782416666666665,36.96849722222223
IMG_0629.JPG,2023:02:20 10:39:50,-1.2989527777777776,36.778125
IMG_7813.JPG,2023:02:09 12:35:17,-1.31265,36.87093611111112
IMG_7807.JPG,2023:02:09 12:32:21,-1.3128083333333334,36.87176388888889
IMG_7191.JPG,2023:02:05 10:35:56,-1.2867722222222222,36.79961111111111
IMG_7185.JPG,2023:02:05 10:35:35,-1.2871194444444445,36.79873333333333
IMG_8739.JPG,2023:02:12 10:12:34,-1.107036111111111,36.238391666666665
IMG_7378.JPG,2023:02:05 12:01:44,-1.2974138888888889,36.80279444444445
IMG_8705.JPG,2023:02:12 08:21:55,-1.2356444444444443,36.66750555555555
IMG_8063.JPG,2023:02:11 10:33:54,-1.2962972222222222,36.80835555555555
IMG_7350.JPG,2023:02:05 11:59:22,-1.2907027777777778,36.79855
IMG_8077.JPG,2023:02:11 10:36:24,-1.2932249999999998,36.81790555555556
IMG_7344.JPG,2023:02:05 11:59:08,-1.2897194444444444,36.79809166666666
IMG_8711.JPG,2023:02:12 08:22:56,-1.2294250000000002,36.66671111111111
IMG_8088.JPG,2023:02:11 10:38:35,-1.3008694444444444,36.82468055555556
IMG_7393.JPG,2023:02:05 12:02:19,-1.2981694444444445,36.80205555555556
IMG_7387.JPG,2023:02:05 12:02:06,-1.2983138888888888,36.80305277777777
IMG_7218.JPG,2023:02:05 10:38:18,-1.2807194444444443,36.807180555555554
IMG_8659.JPG,2023:02:12 08:09:58,-1.3094972222222223,36.72711944444445
IMG_8671.JPG,2023:02:12 08:13:36,-1.2991944444444443,36.70093055555556
IMG_8117.JPG,2023:02:11 10:43:12,-1.3255972222222223,36.84895277777778
IMG_7224.JPG,2023:02:05 10:38:32,-1.2789833333333334,36.80659166666666
IMG_8103.JPG,2023:02:11 10:41:17,-1.3170861111111112,36.83441388888889
IMG_7230.JPG,2023:02:05 10:39:07,-1.2782777777777776,36.80495
IMG_8665.JPG,2023:02:12 08:11:04,-1.306561111111111,36.72218333333333
IMG_0775.JPG,2023:02:20 11:01:24,-1.3486138888888888,36.76472222222223
IMG_8329.JPG,2023:02:11 11:21:15,-1.2660833333333332,36.98836944444445
IMG_6304.JPG,2023:02:01 14:22:02,-1.2518916666666666,36.82528333333334
IMG_6462.JPG,2023:02:03 13:43:41,-1.3083916666666666,36.782025
IMG_6476.JPG,2023:02:03 13:44:02,-1.3061722222222223,36.78414166666666
IMG_0761.JPG,2023:02:20 10:59:57,-1.3422222222222222,36.76454444444445
IMG_6310.JPG,2023:02:01 14:23:33,-1.2485472222222225,36.81687222222222
IMG_0749.JPG,2023:02:20 10:58:31,-1.3411305555555555,36.75548888888889
IMG_7026.JPG,2023:02:04 15:15:19,-1.326952777777778,36.78020833333333
IMG_8315.JPG,2023:02:11 11:19:08,-1.264636111111111,36.98465
IMG_6338.JPG,2023:02:01 17:15:46,-1.225538888888889,36.79045277777777
IMG_7740.JPG,2023:02:09 09:49:41,-1.3144722222222225,36.871566666666666
IMG_8473.JPG,2023:02:11 11:55:00,-1.2798416666666663,37.04991666666667
IMG_8467.JPG,2023:02:11 11:53:44,-1.2810861111111111,37.05710555555555
IMG_7032.JPG,2023:02:04 15:16:30,-1.3215194444444445,36.78421111111111
IMG_8301.JPG,2023:02:11 11:15:04,-1.2653388888888888,36.98166666666667
IMG_8498.JPG,2023:02:11 12:00:04,-1.2774305555555554,37.0255
IMG_7797.JPG,2023:02:09 12:24:44,-1.3131777777777778,36.872413888888886
IMG_6489.JPG,2023:02:03 13:44:34,-1.3059611111111111,36.78592222222222
IMG_0788.JPG,2023:02:20 11:02:53,-1.3566416666666667,36.76223888888889
IMG_7795.JPG,2023:02:09 12:24:22,-1.313288888888889,36.87255555555556
IMG_7742.JPG,2023:02:09 09:49:44,-1.3145194444444446,36.8717
IMG_8471.JPG,2023:02:11 11:54:40,-1.2800555555555555,37.05181944444444
IMG_7024.JPG,2023:02:04 15:15:02,-1.3293305555555557,36.78007777777778
IMG_8317.JPG,2023:02:11 11:19:19,-1.2647583333333334,36.98506944444445
IMG_7030.JPG,2023:02:04 15:16:23,-1.3221083333333332,36.783763888888885
IMG_8303.JPG,2023:02:11 11:15:58,-1.2649972222222223,36.98180833333333
IMG_8465.JPG,2023:02:11 11:45:34,-1.2827,37.06463888888889
IMG_6460.JPG,2023:02:03 13:43:40,-1.308452777777778,36.78158888888889
IMG_6306.JPG,2023:02:01 14:22:58,-1.2497027777777778,36.821125
IMG_7018.JPG,2023:02:04 15:12:13,-1.3387666666666669,36.77252222222222
IMG_0777.JPG,2023:02:20 11:01:36,-1.3498,36.76405555555556
IMG_6312.JPG,2023:02:01 14:25:04,-1.241011111111111,36.81336666666667
IMG_0763.JPG,2023:02:20 11:00:12,-1.3423916666666666,36.766575
IMG_8459.JPG,2023:02:11 11:44:21,-1.2814,37.05839444444444
IMG_6474.JPG,2023:02:03 13:44:00,-1.306263888888889,36.78395
IMG_6879.JPG,2023:02:04 12:23:11,-1.364325,36.74640555555556
IMG_8698.JPG,2023:02:12 08:20:45,-1.247952777777778,36.664627777777774
IMG_8115.JPG,2023:02:11 10:42:54,-1.3244194444444444,36.84681388888889
IMG_7226.JPG,2023:02:05 10:38:53,-1.2777888888888889,36.806
IMG_8673.JPG,2023:02:12 08:14:54,-1.2953916666666665,36.68908055555555
IMG_8667.JPG,2023:02:12 08:12:09,-1.304688888888889,36.71347777777778
IMG_8101.JPG,2023:02:11 10:41:11,-1.3166805555555556,36.83368333333333
IMG_7232.JPG,2023:02:05 10:39:12,-1.2784694444444444,36.80469444444444
IMG_8129.JPG,2023:02:11 10:45:18,-1.330761111111111,36.863455555555554
IMG_7568.JPG,2023:02:08 13:09:09,-1.267675,36.82191111111111
IMG_7391.JPG,2023:02:05 12:02:13,-1.2982055555555554,36.80265555555555
IMG_7385.JPG,2023:02:05 12:02:02,-1.2982138888888888,36.80311111111111
IMG_8061.JPG,2023:02:11 10:33:29,-1.2966833333333332,36.80777222222222
IMG_7352.JPG,2023:02:05 11:59:28,-1.2913138888888889,36.79887222222222
IMG_8707.JPG,2023:02:12 08:22:24,-1.2322611111111113,36.66841111111111
IMG_8713.JPG,2023:02:12 08:23:09,-1.228388888888889,36.66505833333333
IMG_8075.JPG,2023:02:11 10:35:54,-1.293597222222222,36.815977777777775
IMG_7346.JPG,2023:02:05 11:59:11,-1.2898944444444442,36.79816944444444
IMG_7408.JPG,2023:02:05 12:02:59,-1.298936111111111,36.797977777777774
IMG_8049.JPG,2023:02:11 10:31:30,-1.2982388888888887,36.80068611111111
IMG_7193.JPG,2023:02:05 10:36:00,-1.2868444444444442,36.79991944444444
IMG_6299.JPG,2023:02:01 14:19:48,-1.2555305555555556,36.83241944444445
IMG_7187.JPG,2023:02:05 10:35:44,-1.2866527777777776,36.798827777777774
IMG_7839.JPG,2023:02:09 12:41:49,-1.3127027777777778,36.87007777777778
IMG_7811.JPG,2023:02:09 12:32:46,-1.312752777777778,36.87166111111111
IMG_8288.JPG,2023:02:11 11:05:10,-1.2721888888888888,36.97529166666667
IMG_7805.JPG,2023:02:09 12:30:45,-1.312775,36.87210833333334
IMG_6528.JPG,2023:02:03 13:46:18,-1.3013555555555556,36.78824166666666
IMG_7636.JPG,2023:02:09 09:40:05,-1.3125916666666666,36.85341944444445
IMG_8505.JPG,2023:02:11 12:02:01,-1.2762888888888888,37.01306111111112
IMG_7150.JPG,2023:02:05 10:34:13,-1.2901944444444444,36.796052777777774
IMG_8263.JPG,2023:02:11 11:02:56,-1.280908333333333,36.96335277777778
IMG_7144.JPG,2023:02:05 10:31:43,-1.2955083333333333,36.7953
IMG_8277.JPG,2023:02:11 11:03:56,-1.2770194444444445,36.96982222222223
IMG_7622.JPG,2023:02:09 09:35:54,-1.2985,36.836666666666666
IMG_8511.JPG,2023:02:11 12:03:29,-1.2755944444444445,37.00561944444444
IMG_6514.JPG,2023:02:03 13:45:32,-1.3046638888888888,36.7882
IMG_8539.JPG,2023:02:11 12:10:14,-1.2670249999999998,36.98982222222222
IMG_6272.JPG,2023:02:01 14:16:17,-1.2681194444444444,36.83324722222223
IMG_7178.JPG,2023:02:05 10:35:18,-1.2887333333333333,36.798313888888885
IMG_6266.JPG,2023:02:01 14:16:00,-1.270338888888889,36.83032777777778
IMG_6500.JPG,2023:02:03 13:44:55,-1.306038888888889,36.78728611111111
IMG_6267.JPG,2023:02:01 14:16:04,-1.269886111111111,36.83105555555556
IMG_7179.JPG,2023:02:05 10:35:20,-1.2885361111111109,36.798366666666666
IMG_6501.JPG,2023:02:03 13:44:56,-1.306,36.78733611111111
IMG_8538.JPG,2023:02:11 12:10:02,-1.2673138888888889,36.9903
IMG_6515.JPG,2023:02:03 13:45:36,-1.304538888888889,36.78822777777778
IMG_6273.JPG,2023:02:01 14:16:43,-1.2647444444444444,36.836263888888894
IMG_8276.JPG,2023:02:11 11:03:46,-1.277872222222222,36.96896111111111
IMG_7145.JPG,2023:02:05 10:31:49,-1.2952083333333333,36.795319444444445
IMG_8510.JPG,2023:02:11 12:03:21,-1.2756277777777778,37.006030555555554
IMG_7623.JPG,2023:02:09 09:35:55,-1.2984805555555554,36.83671944444445
IMG_8504.JPG,2023:02:11 12:01:50,-1.2764027777777778,37.01435833333333
IMG_7637.JPG,2023:02:09 09:40:06,-1.3125916666666666,36.85341944444445
IMG_6529.JPG,2023:02:03 13:46:20,-1.301,36.78823055555555
IMG_8262.JPG,2023:02:11 11:02:51,-1.2811638888888888,36.96282222222222
IMG_7151.JPG,2023:02:05 10:34:15,-1.290125,36.79606944444444
IMG_8289.JPG,2023:02:11 11:05:18,-1.2715694444444443,36.97608888888889
IMG_7804.JPG,2023:02:09 12:30:34,-1.312752777777778,36.87211666666667
IMG_7810.JPG,2023:02:09 12:32:41,-1.3127722222222222,36.87165555555556
IMG_7186.JPG,2023:02:05 10:35:42,-1.286761111111111,36.798830555555554
IMG_6298.JPG,2023:02:01 14:19:47,-1.2558694444444445,36.83245277777778
IMG_7838.JPG,2023:02:09 12:41:42,-1.3126944444444444,36.870075
IMG_7192.JPG,2023:02:05 10:35:58,-1.286797222222222,36.79971111111111
IMG_8048.JPG,2023:02:11 10:31:18,-1.2984694444444442,36.79923888888889
IMG_7409.JPG,2023:02:05 12:03:00,-1.2989694444444444,36.79783611111111
IMG_8712.JPG,2023:02:12 08:23:02,-1.2289555555555556,36.66593611111111
IMG_7347.JPG,2023:02:05 11:59:14,-1.2901083333333332,36.79825555555556
IMG_8074.JPG,2023:02:11 10:35:38,-1.293897222222222,36.8149
IMG_7353.JPG,2023:02:05 11:59:30,-1.291497222222222,36.79897777777778
IMG_8060.JPG,2023:02:11 10:33:24,-1.296886111111111,36.80743888888889
IMG_8706.JPG,2023:02:12 08:22:20,-1.232527777777778,36.66854444444444
IMG_7384.JPG,2023:02:05 12:01:58,-1.2981305555555551,36.80316944444444
IMG_7390.JPG,2023:02:05 12:02:11,-1.298286111111111,36.80276111111111
IMG_8128.JPG,2023:02:11 10:45:13,-1.3308666666666666,36.86270833333334
IMG_8666.JPG,2023:02:12 08:11:05,-1.3065055555555556,36.72202777777778
IMG_7233.JPG,2023:02:05 10:39:22,-1.2787944444444443,36.80409722222222
IMG_8100.JPG,2023:02:11 10:40:54,-1.3152583333333334,36.83185277777778
IMG_7227.JPG,2023:02:05 10:38:54,-1.2776527777777775,36.80565555555555
IMG_8114.JPG,2023:02:11 10:42:36,-1.3231,36.84476111111111
IMG_8672.JPG,2023:02:12 08:14:16,-1.2970444444444442,36.69491111111111
IMG_8699.JPG,2023:02:12 08:21:09,-1.243938888888889,36.66512222222222
IMG_6878.JPG,2023:02:04 12:23:09,-1.3584361111111112,36.74720277777778
IMG_0762.JPG,2023:02:20 11:00:05,-1.3424222222222222,36.76618888888889
IMG_6313.JPG,2023:02:01 14:25:06,-1.2407472222222222,36.81323611111111
IMG_6475.JPG,2023:02:03 13:44:01,-1.3062194444444446,36.78404166666667
IMG_8458.JPG,2023:02:11 11:44:14,-1.2812083333333333,37.05772777777778
IMG_6461.JPG,2023:02:03 13:43:40,-1.308452777777778,36.78158888888889
IMG_0776.JPG,2023:02:20 11:01:30,-1.3493027777777775,36.76438888888889
IMG_7019.JPG,2023:02:04 15:12:42,-1.3374527777777776,36.77390555555556
IMG_6307.JPG,2023:02:01 14:22:58,-1.2496361111111112,36.82105277777778
IMG_8302.JPG,2023:02:11 11:15:05,-1.2653361111111112,36.98166666666667
IMG_7031.JPG,2023:02:04 15:16:26,-1.3218694444444443,36.78394722222222
IMG_6449.JPG,2023:02:03 13:08:29,-1.3087861111111112,36.78276111111111
IMG_8464.JPG,2023:02:11 11:45:29,-1.2826777777777778,37.06425833333333
IMG_8470.JPG,2023:02:11 11:54:31,-1.2801749999999998,37.05281944444444
IMG_7743.JPG,2023:02:09 09:49:46,-1.3145694444444445,36.87182777777778
IMG_8316.JPG,2023:02:11 11:19:15,-1.2647111111111111,36.98489722222222
IMG_7025.JPG,2023:02:04 15:15:15,-1.3275972222222223,36.78005555555556
IMG_7794.JPG,2023:02:09 12:23:40,-1.3132472222222222,36.87257777777778
IMG_0789.JPG,2023:02:20 11:03:00,-1.3572305555555555,36.762375
IMG_7081.JPG,2023:02:04 15:23:08,-1.2995027777777777,36.790394444444445
IMG_7095.JPG,2023:02:04 15:23:33,-1.2993444444444444,36.79288611111111
IMG_0922.JPG,2023:02:20 16:15:32,-1.294725,36.79841944444444
IMG_7718.JPG,2023:02:09 09:48:13,-1.3142055555555556,36.86966666666667
IMG_6360.JPG,2023:02:01 17:27:02,-1.271772222222222,36.76784166666667
IMG_0711.JPG,2023:02:20 10:51:08,-1.3321555555555555,36.716369444444446
IMG_6374.JPG,2023:02:01 17:34:13,-1.2833333333333332,36.76981111111111
IMG_0705.JPG,2023:02:20 10:50:20,-1.3258777777777777,36.71735833333334
IMG_8359.JPG,2023:02:11 11:25:50,-1.2714638888888887,36.99723611111112
IMG_6412.JPG,2023:02:02 11:40:10,-1.2919833333333333,36.82458888888889
IMG_8417.JPG,2023:02:11 11:32:26,-1.2777805555555557,37.02990833333333
IMG_7724.JPG,2023:02:09 09:48:59,-1.314175,36.87009722222222
IMG_8371.JPG,2023:02:11 11:27:13,-1.2751194444444445,37.003575
IMG_7042.JPG,2023:02:04 15:17:52,-1.3147722222222222,36.789744444444445
IMG_6348.JPG,2023:02:01 17:19:15,-1.2505055555555555,36.77630277777778
IMG_0739.JPG,2023:02:20 10:54:39,-1.3383805555555557,36.73627777777778
IMG_8365.JPG,2023:02:11 11:26:38,-1.2733527777777778,37.00028888888889
IMG_7056.JPG,2023:02:04 15:20:40,-1.2998777777777777,36.78816944444444
IMG_8403.JPG,2023:02:11 11:30:18,-1.2773444444444444,37.02518333333333
IMG_7730.JPG,2023:02:09 09:49:13,-1.314238888888889,36.87070833333333
IMG_8198.JPG,2023:02:11 10:56:08,-1.3054083333333333,36.93461111111111
IMG_7283.JPG,2023:02:05 11:56:02,-1.2835638888888887,36.806752777777774
IMG_6189.JPG,2023:02:01 08:58:22,-1.2998694444444443,36.82308055555556
IMG_7297.JPG,2023:02:05 11:56:52,-1.2865833333333332,36.8045
IMG_6162.JPG,2023:02:01 07:19:18,-1.328411111111111,36.88341944444444
IMG_8629.JPG,2023:02:12 08:04:51,-1.3003555555555557,36.77294166666667
IMG_7268.JPG,2023:02:05 11:55:25,-1.2794388888888888,36.80694166666667
IMG_6176.JPG,2023:02:01 08:20:09,-1.3303055555555556,36.85617777777778
IMG_7240.JPG,2023:02:05 10:39:41,-1.2784194444444443,36.80319722222222
IMG_8173.JPG,2023:02:11 10:50:48,-1.3249055555555556,36.898152777777774
IMG_8615.JPG,2023:02:12 08:01:51,-1.2990944444444443,36.7967
IMG_7254.JPG,2023:02:05 11:54:36,-1.2778138888888888,36.80551944444444
IMG_8167.JPG,2023:02:11 10:50:08,-1.328158333333333,36.892925
IMG_7491.JPG,2023:02:08 09:18:29,-1.2490972222222223,36.81923888888889
IMG_6957.JPG,2023:02:04 14:58:55,-1.3715583333333334,36.74417222222223
IMG_7485.JPG,2023:02:08 09:15:28,-1.25545,36.83221111111112
IMG_7308.JPG,2023:02:05 11:57:20,-1.2875527777777778,36.80282222222222
IMG_7334.JPG,2023:02:05 11:58:35,-1.288075,36.79853611111111
IMG_6994.JPG,2023:02:04 15:08:54,-1.351136111111111,36.76311388888889
IMG_6980.JPG,2023:02:04 15:07:45,-1.3525972222222222,36.75815277777778
IMG_7320.JPG,2023:02:05 11:58:08,-1.2866749999999998,36.79908888888889
IMG_7877.JPG,2023:02:09 13:01:49,-1.3132833333333334,36.87144444444444
IMG_7863.JPG,2023:02:09 12:52:10,-1.3132222222222223,36.871769444444446
IMG_7693.JPG,2023:02:09 09:46:01,-1.3159833333333333,36.86685277777778
IMG_0856.JPG,2023:02:20 12:55:07,-1.3611027777777778,36.76306388888889
IMG_7687.JPG,2023:02:09 09:45:33,-1.3159888888888889,36.86615277777778
IMG_6572.JPG,2023:02:03 13:52:50,-1.2956944444444445,36.79527222222222
IMG_8239.JPG,2023:02:11 11:01:29,-1.2869583333333332,36.95334722222223
IMG_0665.JPG,2023:02:20 10:47:09,-1.307227777777778,36.73649722222223
IMG_6214.JPG,2023:02:01 14:04:40,-1.2934444444444444,36.80322777777778
IMG_0671.JPG,2023:02:20 10:47:26,-1.3080055555555556,36.733872222222224
IMG_6200.JPG,2023:02:01 09:01:12,-1.2954055555555557,36.81063055555556
IMG_6566.JPG,2023:02:03 13:52:29,-1.297008333333333,36.79543333333333
IMG_7678.JPG,2023:02:09 09:44:24,-1.3154305555555557,36.86439444444444
IMG_8563.JPG,2023:02:11 18:53:24,-1.279,36.81683611111112
IMG_7650.JPG,2023:02:09 09:42:05,-1.3151222222222223,36.86060555555556
IMG_8205.JPG,2023:02:11 10:57:19,-1.2947694444444444,36.94243611111111
IMG_7136.JPG,2023:02:04 15:26:03,-1.2953305555555554,36.8022
IMG_0659.JPG,2023:02:20 10:46:49,-1.306413888888889,36.73970277777778
IMG_6228.JPG,2023:02:01 14:11:21,-1.2794222222222222,36.82028055555556
IMG_8211.JPG,2023:02:11 10:58:01,-1.2918444444444444,36.94554444444445
IMG_7122.JPG,2023:02:04 15:24:42,-1.2987583333333332,36.79790555555555
IMG_0895.JPG,2023:02:20 16:09:46,-1.2929888888888887,36.791266666666665
IMG_7644.JPG,2023:02:09 09:41:20,-1.3139722222222223,36.85730555555556
IMG_0894.JPG,2023:02:20 16:09:17,-1.2929194444444445,36.79077777777778
IMG_7123.JPG,2023:02:04 15:24:52,-1.2986027777777776,36.79879722222222
IMG_8210.JPG,2023:02:11 10:57:51,-1.29235,36.944805555555554
IMG_7645.JPG,2023:02:09 09:41:40,-1.3144083333333334,36.85858888888889
IMG_7651.JPG,2023:02:09 09:42:21,-1.3156527777777778,36.86133888888889
IMG_8562.JPG,2023:02:11 18:53:08,-1.2793777777777775,36.81770555555556
IMG_6229.JPG,2023:02:01 14:11:23,-1.279311111111111,36.82044722222223
IMG_0880.JPG,2023:02:20 13:16:33,-1.2993,36.79533055555555
IMG_0658.JPG,2023:02:20 10:46:47,-1.3063083333333334,36.74018888888889
IMG_7137.JPG,2023:02:04 15:26:04,-1.2953055555555557,36.80214444444445
IMG_8204.JPG,2023:02:11 10:57:13,-1.2955777777777775,36.94183611111111
IMG_6201.JPG,2023:02:01 09:01:13,-1.295411111111111,36.81027777777778
IMG_0670.JPG,2023:02:20 10:47:24,-1.3078555555555555,36.734325
IMG_7679.JPG,2023:02:09 09:44:25,-1.3154222222222225,36.86441111111111
IMG_6567.JPG,2023:02:03 13:52:32,-1.2967722222222222,36.79543611111111
IMG_6573.JPG,2023:02:03 13:52:54,-1.2953777777777775,36.795252777777776
IMG_6215.JPG,2023:02:01 14:04:44,-1.2931444444444444,36.80376944444444
IMG_0664.JPG,2023:02:20 10:47:04,-1.3070416666666669,36.73713333333333
IMG_8238.JPG,2023:02:11 11:01:28,-1.287122222222222,36.95308333333334
IMG_0857.JPG,2023:02:20 12:55:26,-1.3591000000000002,36.762591666666665
IMG_7686.JPG,2023:02:09 09:45:29,-1.3159805555555557,36.865994444444446
IMG_7692.JPG,2023:02:09 09:45:56,-1.3159722222222223,36.866702777777775
IMG_7862.JPG,2023:02:09 12:52:06,-1.3132805555555556,36.87183888888889
IMG_7876.JPG,2023:02:09 12:58:15,-1.313227777777778,36.87170277777778
IMG_6981.JPG,2023:02:04 15:07:46,-1.3525694444444445,36.7583
IMG_7321.JPG,2023:02:05 11:58:08,-1.2866749999999998,36.79908888888889
IMG_7335.JPG,2023:02:05 11:58:36,-1.2881805555555554,36.79850833333333
IMG_6995.JPG,2023:02:04 15:09:20,-1.3491777777777778,36.76436944444445
IMG_7309.JPG,2023:02:05 11:57:22,-1.2874805555555555,36.80253055555556
IMG_7484.JPG,2023:02:08 09:15:26,-1.2555222222222222,36.83230555555556
IMG_6956.JPG,2023:02:04 14:57:49,-1.374577777777778,36.74443888888889
IMG_7490.JPG,2023:02:08 09:18:26,-1.2491583333333334,36.81953611111111
IMG_8166.JPG,2023:02:11 10:50:02,-1.3286694444444445,36.89218611111111
IMG_7255.JPG,2023:02:05 11:54:39,-1.2777555555555555,36.8056
IMG_8172.JPG,2023:02:11 10:50:33,-1.326011111111111,36.89631944444445
IMG_7241.JPG,2023:02:05 11:53:59,-1.278836111111111,36.80376111111111
IMG_8614.JPG,2023:02:12 08:01:48,-1.299061111111111,36.79688333333333
IMG_6177.JPG,2023:02:01 08:20:11,-1.33025,36.85600277777778
IMG_7269.JPG,2023:02:05 11:55:26,-1.2795138888888888,36.807
IMG_6163.JPG,2023:02:01 07:19:21,-1.328461111111111,36.88377222222222
IMG_8628.JPG,2023:02:12 08:04:46,-1.3003333333333331,36.77374722222222
IMG_7296.JPG,2023:02:05 11:56:50,-1.286611111111111,36.80455833333333
IMG_6188.JPG,2023:02:01 08:58:18,-1.2998777777777777,36.82350555555556
IMG_7282.JPG,2023:02:05 11:56:00,-1.2833888888888887,36.806869444444445
IMG_8199.JPG,2023:02:11 10:56:19,-1.303663888888889,36.935897222222216
IMG_7057.JPG,2023:02:04 15:20:41,-1.2998444444444444,36.788177777777776
IMG_8364.JPG,2023:02:11 11:26:26,-1.2729888888888887,36.99970277777778
IMG_0738.JPG,2023:02:20 10:54:10,-1.3380472222222222,36.73373333333333
IMG_6349.JPG,2023:02:01 17:19:17,-1.2506638888888888,36.77627222222222
IMG_7731.JPG,2023:02:09 09:49:15,-1.3142444444444443,36.87076111111112
IMG_8402.JPG,2023:02:11 11:30:16,-1.2773333333333332,37.02509166666667
IMG_7725.JPG,2023:02:09 09:49:01,-1.3141805555555557,36.870175
IMG_8416.JPG,2023:02:11 11:32:15,-1.2777444444444443,37.02955277777777
IMG_7043.JPG,2023:02:04 15:17:54,-1.3147027777777778,36.78980555555555
IMG_8370.JPG,2023:02:11 11:27:04,-1.274636111111111,37.00245
IMG_8358.JPG,2023:02:11 11:25:43,-1.2712138888888889,36.99684722222222
IMG_0704.JPG,2023:02:20 10:50:13,-1.3247805555555556,36.717525
IMG_6375.JPG,2023:02:01 17:34:35,-1.284572222222222,36.76999444444444
IMG_6413.JPG,2023:02:02 11:40:11,-1.2919833333333333,36.82458888888889
IMG_7719.JPG,2023:02:09 09:48:18,-1.314125,36.86969444444445
IMG_0710.JPG,2023:02:20 10:51:00,-1.331736111111111,36.71645277777778
IMG_6361.JPG,2023:02:01 17:28:16,-1.2738194444444444,36.76772777777778
IMG_0923.JPG,2023:02:20 16:15:35,-1.2947499999999998,36.798563888888886
IMG_7094.JPG,2023:02:04 15:23:31,-1.2993472222222222,36.79278055555555
IMG_7080.JPG,2023:02:04 15:23:07,-1.2995027777777777,36.790394444444445
IMG_8399.JPG,2023:02:11 11:30:06,-1.2772277777777776,37.023872222222224
IMG_0909.JPG,2023:02:20 16:13:45,-1.2938138888888888,36.79479166666666
IMG_7096.JPG,2023:02:04 15:23:34,-1.299336111111111,36.79309722222222
IMG_6388.JPG,2023:02:01 17:49:22,-1.295136111111111,36.787619444444445
IMG_0921.JPG,2023:02:20 16:15:27,-1.294622222222222,36.79808055555555
IMG_7082.JPG,2023:02:04 15:23:10,-1.2994944444444445,36.79055833333333
IMG_6411.JPG,2023:02:02 11:40:05,-1.2918138888888888,36.82467777777778
IMG_6377.JPG,2023:02:01 17:42:14,-1.2925972222222222,36.77473888888889
IMG_0706.JPG,2023:02:20 10:50:25,-1.326875,36.71722222222223
IMG_7069.JPG,2023:02:04 15:22:55,-1.299561111111111,36.78894444444444
IMG_6363.JPG,2023:02:01 17:31:12,-1.2771055555555555,36.765005555555554
IMG_0712.JPG,2023:02:20 10:51:14,-1.3325805555555554,36.71631111111111
IMG_8428.JPG,2023:02:11 11:33:49,-1.2785444444444445,37.038130555555554
IMG_7733.JPG,2023:02:09 09:49:22,-1.3142944444444444,36.871027777777776
IMG_8400.JPG,2023:02:11 11:30:10,-1.277272222222222,37.02443611111111
IMG_7055.JPG,2023:02:04 15:20:37,-1.3001361111111112,36.78818055555556
IMG_8366.JPG,2023:02:11 11:26:44,-1.2735527777777778,37.00063611111111
IMG_7041.JPG,2023:02:04 15:17:50,-1.3148472222222225,36.78968888888889
IMG_8372.JPG,2023:02:11 11:27:18,-1.2753138888888889,37.00423888888889
IMG_7727.JPG,2023:02:09 09:49:05,-1.3141944444444444,36.87038055555556
IMG_8414.JPG,2023:02:11 11:31:50,-1.2777027777777776,37.02914166666667
IMG_6439.JPG,2023:02:03 12:42:21,-1.3159222222222222,36.78994444444445
IMG_7294.JPG,2023:02:05 11:56:48,-1.2865777777777776,36.80467222222222
IMG_7280.JPG,2023:02:05 11:55:55,-1.2829722222222222,36.80708055555555
IMG_8158.JPG,2023:02:11 10:49:10,-1.329872222222222,36.88638888888889
IMG_6175.JPG,2023:02:01 08:20:08,-1.330477777777778,36.85650277777778
IMG_7519.JPG,2023:02:08 09:35:04,-1.2357166666666668,36.81168611111111
IMG_6161.JPG,2023:02:01 07:19:11,-1.3283694444444445,36.88245277777778
IMG_8164.JPG,2023:02:11 10:49:48,-1.3297388888888888,36.89062222222222
IMG_7257.JPG,2023:02:05 11:54:46,-1.277575,36.80584722222222
IMG_6149.JPG,2023:02:01 07:18:12,-1.329536111111111,36.87340555555556
IMG_8616.JPG,2023:02:12 08:02:13,-1.2994499999999998,36.79399166666666
IMG_8170.JPG,2023:02:11 10:50:26,-1.3265833333333332,36.89538055555556
IMG_7243.JPG,2023:02:05 11:54:04,-1.2787638888888888,36.803925
IMG_6968.JPG,2023:02:04 15:03:38,-1.357138888888889,36.74661388888889
IMG_7486.JPG,2023:02:08 09:17:21,-1.2517722222222225,36.82479722222222
IMG_7492.JPG,2023:02:08 09:18:31,-1.2490444444444444,36.81903611111112
IMG_6954.JPG,2023:02:04 14:57:42,-1.3748638888888889,36.74453055555556
IMG_7479.JPG,2023:02:08 09:15:06,-1.2565694444444444,36.8335
IMG_8038.JPG,2023:02:11 10:30:18,-1.2970944444444443,36.79797222222222
IMG_7323.JPG,2023:02:05 11:58:11,-1.2866833333333332,36.79893611111111
IMG_6983.JPG,2023:02:04 15:07:49,-1.352538888888889,36.75856111111111
IMG_6997.JPG,2023:02:04 15:09:23,-1.3488888888888888,36.76459722222222
IMG_7337.JPG,2023:02:05 11:58:39,-1.2885138888888887,36.79841666666667
IMG_7860.JPG,2023:02:09 12:48:54,-1.3134,36.87139722222222
IMG_0869.JPG,2023:02:20 13:09:19,-1.3136611111111112,36.81527222222222
IMG_7874.JPG,2023:02:09 12:58:08,-1.3132222222222223,36.871697222222224
IMG_7684.JPG,2023:02:09 09:45:12,-1.3159972222222225,36.86577777777778
IMG_0855.JPG,2023:02:20 12:54:50,-1.362513888888889,36.764325
IMG_0699.JPG,2023:02:20 10:49:39,-1.3203305555555556,36.7182
IMG_7690.JPG,2023:02:09 09:45:51,-1.315975,36.86654722222222
IMG_7848.JPG,2023:02:09 12:44:35,-1.3127972222222222,36.871075
IMG_6565.JPG,2023:02:03 13:52:27,-1.2971638888888888,36.795363888888886
IMG_0672.JPG,2023:02:20 10:47:28,-1.3081055555555556,36.73356111111112
IMG_7109.JPG,2023:02:04 15:23:59,-1.299247222222222,36.79559722222222
IMG_0666.JPG,2023:02:20 10:47:11,-1.3073611111111112,36.73605
IMG_6217.JPG,2023:02:01 14:09:13,-1.282936111111111,36.81553611111111
IMG_6571.JPG,2023:02:03 13:52:49,-1.295811111111111,36.79530277777778
IMG_6559.JPG,2023:02:03 13:50:40,-1.2978027777777776,36.79248888888889
IMG_7647.JPG,2023:02:09 09:41:48,-1.314852777777778,36.85962222222222
IMG_7121.JPG,2023:02:04 15:24:41,-1.2987694444444444,36.79783055555556
IMG_8212.JPG,2023:02:11 10:58:11,-1.291275,36.94641388888888
IMG_0896.JPG,2023:02:20 16:09:47,-1.2929388888888889,36.79098055555556
IMG_7135.JPG,2023:02:04 15:26:02,-1.2953527777777776,36.80226388888889
IMG_8206.JPG,2023:02:11 10:57:25,-1.29395,36.943102777777774
IMG_7653.JPG,2023:02:09 09:42:28,-1.3159527777777775,36.86167777777778
IMG_8560.JPG,2023:02:11 18:52:48,-1.2802972222222222,36.81769444444445
IMG_8207.JPG,2023:02:11 10:57:33,-1.2932027777777777,36.94381111111111
IMG_7134.JPG,2023:02:04 15:25:46,-1.2959277777777776,36.80243888888889
IMG_8561.JPG,2023:02:11 18:52:51,-1.280161111111111,36.81793611111112
IMG_7652.JPG,2023:02:09 09:42:21,-1.3156944444444445,36.86139444444444
IMG_7646.JPG,2023:02:09 09:41:40,-1.3144555555555557,36.85874444444445
IMG_6558.JPG,2023:02:03 13:50:26,-1.2977638888888887,36.792072222222224
IMG_0897.JPG,2023:02:20 16:09:54,-1.2930527777777776,36.79131388888889
IMG_8213.JPG,2023:02:11 10:58:12,-1.291161111111111,36.946575
IMG_7120.JPG,2023:02:04 15:24:40,-1.2987916666666666,36.797777777777775
IMG_6216.JPG,2023:02:01 14:09:05,-1.2830055555555555,36.81555555555556
IMG_0667.JPG,2023:02:20 10:47:14,-1.3074722222222224,36.735619444444445
IMG_7108.JPG,2023:02:04 15:23:57,-1.2992722222222222,36.79543333333333
IMG_6570.JPG,2023:02:03 13:52:47,-1.2960027777777776,36.79530277777778
IMG_6564.JPG,2023:02:03 13:52:28,-1.297113888888889,36.79537222222222
IMG_6202.JPG,2023:02:01 09:01:15,-1.2954138888888889,36.81016111111111
IMG_0673.JPG,2023:02:20 10:47:32,-1.308263888888889,36.73308055555556
IMG_0698.JPG,2023:02:20 10:49:35,-1.3197194444444444,36.71828888888889
IMG_7849.JPG,2023:02:09 12:45:13,-1.313008333333333,36.87141388888889
IMG_7691.JPG,2023:02:09 09:45:54,-1.3159666666666667,36.86661111111111
IMG_7685.JPG,2023:02:09 09:45:28,-1.3159805555555557,36.865994444444446
IMG_0854.JPG,2023:02:20 12:54:30,-1.3639750000000002,36.76562222222222
IMG_7875.JPG,2023:02:09 12:58:14,-1.313227777777778,36.87170277777778
IMG_7861.JPG,2023:02:09 12:50:23,-1.3133555555555556,36.87147777777778
IMG_0868.JPG,2023:02:20 13:09:09,-1.3146083333333334,36.814813888888885
IMG_6996.JPG,2023:02:04 15:09:22,-1.348961111111111,36.76459166666667
IMG_7336.JPG,2023:02:05 11:58:38,-1.2884027777777776,36.79844722222222
IMG_7322.JPG,2023:02:05 11:58:09,-1.2866694444444444,36.79898611111111
IMG_6982.JPG,2023:02:04 15:07:48,-1.352561111111111,36.75839166666667
IMG_8039.JPG,2023:02:11 10:30:21,-1.2972444444444444,36.79806111111111
IMG_7478.JPG,2023:02:08 09:14:53,-1.2578722222222225,36.833958333333335
IMG_6955.JPG,2023:02:04 14:57:48,-1.3746277777777778,36.74445
IMG_7493.JPG,2023:02:08 09:18:50,-1.2486416666666666,36.81710555555556
IMG_7487.JPG,2023:02:08 09:17:22,-1.2516944444444444,36.82463611111111
IMG_6969.JPG,2023:02:04 15:03:40,-1.3568833333333334,36.74666944444444
IMG_8617.JPG,2023:02:12 08:02:26,-1.2994805555555555,36.79192777777778
IMG_7242.JPG,2023:02:05 11:54:01,-1.2788472222222222,36.80386111111111
IMG_8171.JPG,2023:02:11 10:50:32,-1.3260944444444445,36.89618611111111
IMG_7256.JPG,2023:02:05 11:54:42,-1.2776527777777775,36.80572222222222
IMG_8165.JPG,2023:02:11 10:49:57,-1.3289888888888888,36.89169444444445
IMG_7518.JPG,2023:02:08 09:35:03,-1.2358416666666667,36.81162222222222
IMG_6160.JPG,2023:02:01 07:19:08,-1.3283694444444445,36.88218611111111
IMG_6174.JPG,2023:02:01 08:20:06,-1.3306222222222222,36.85681111111112
IMG_8159.JPG,2023:02:11 10:49:18,-1.3303361111111112,36.88714722222223
IMG_7281.JPG,2023:02:05 11:55:57,-1.2830805555555556,36.80703333333333
IMG_7295.JPG,2023:02:05 11:56:49,-1.2866027777777778,36.804605555555554
IMG_8373.JPG,2023:02:11 11:27:26,-1.27545,37.00501388888889
IMG_7040.JPG,2023:02:04 15:17:49,-1.3149194444444443,36.78963888888889
IMG_6438.JPG,2023:02:03 12:39:03,-1.3155722222222224,36.78991388888889
IMG_8415.JPG,2023:02:11 11:31:59,-1.2777222222222222,37.02933055555555
IMG_7726.JPG,2023:02:09 09:49:02,-1.3141888888888889,36.87025555555556
IMG_8401.JPG,2023:02:11 11:30:13,-1.277297222222222,37.024769444444445
IMG_7732.JPG,2023:02:09 09:49:18,-1.314286111111111,36.87094722222222
IMG_8367.JPG,2023:02:11 11:26:50,-1.2737944444444445,37.00103333333333
IMG_7054.JPG,2023:02:04 15:20:33,-1.3003722222222225,36.78819444444444
IMG_0713.JPG,2023:02:20 10:51:21,-1.3330666666666666,36.71636388888889
IMG_6362.JPG,2023:02:01 17:28:21,-1.2736611111111111,36.76748611111111
IMG_8429.JPG,2023:02:11 11:33:55,-1.2786472222222225,37.03908888888888
IMG_7068.JPG,2023:02:04 15:22:51,-1.299583333333333,36.788602777777776
IMG_0707.JPG,2023:02:20 10:50:32,-1.3279888888888889,36.71705277777778
IMG_6376.JPG,2023:02:01 17:36:49,-1.289497222222222,36.77151111111111
IMG_7083.JPG,2023:02:04 15:23:12,-1.299483333333333,36.79073611111111
IMG_0920.JPG,2023:02:20 16:15:24,-1.294561111111111,36.79786666666666
IMG_6389.JPG,2023:02:01 17:57:50,-1.2963638888888889,36.79445277777778
IMG_7097.JPG,2023:02:04 15:23:36,-1.2993416666666666,36.79320555555555
IMG_0908.JPG,2023:02:20 16:13:25,-1.293775,36.79453888888889
IMG_8398.JPG,2023:02:11 11:30:03,-1.277188888888889,37.02352777777778
IMG_7093.JPG,2023:02:04 15:23:30,-1.299361111111111,36.792569444444446
IMG_0924.JPG,2023:02:20 16:15:41,-1.2948555555555554,36.79901388888889
IMG_7087.JPG,2023:02:04 15:23:20,-1.299411111111111,36.7915
IMG_0918.JPG,2023:02:20 16:15:16,-1.2944305555555555,36.797352777777775
IMG_8388.JPG,2023:02:11 11:29:04,-1.2764916666666666,37.016
IMG_7050.JPG,2023:02:04 15:18:28,-1.3115527777777778,36.791352777777774
IMG_8363.JPG,2023:02:11 11:26:18,-1.2725944444444444,36.99906388888889
IMG_7736.JPG,2023:02:09 09:49:26,-1.314313888888889,36.8712
IMG_8405.JPG,2023:02:11 11:30:23,-1.2774055555555557,37.02569444444444
IMG_6428.JPG,2023:02:03 11:25:33,-1.3169111111111111,36.80070277777777
IMG_7722.JPG,2023:02:09 09:48:51,-1.3141194444444444,36.86987222222222
IMG_8411.JPG,2023:02:11 11:31:06,-1.2776416666666666,37.02854166666667
IMG_7044.JPG,2023:02:04 15:17:56,-1.3145472222222223,36.78993611111111
IMG_8377.JPG,2023:02:11 11:27:51,-1.275611111111111,37.0065
IMG_6372.JPG,2023:02:01 17:33:55,-1.2818888888888889,36.769927777777774
IMG_0703.JPG,2023:02:20 10:50:04,-1.3237777777777775,36.717675
IMG_8439.JPG,2023:02:11 11:34:41,-1.279261111111111,37.04486388888888
IMG_6366.JPG,2023:02:01 17:31:31,-1.277675,36.764472222222224
IMG_7078.JPG,2023:02:04 15:23:05,-1.299511111111111,36.79005
IMG_0717.JPG,2023:02:20 10:51:48,-1.3358305555555554,36.718538888888894
IMG_7291.JPG,2023:02:05 11:56:33,-1.2858138888888888,36.80490833333333
IMG_7285.JPG,2023:02:05 11:56:13,-1.284311111111111,36.806041666666665
IMG_8161.JPG,2023:02:11 10:49:29,-1.3309305555555555,36.88840277777778
IMG_7252.JPG,2023:02:05 11:54:28,-1.2780972222222222,36.805169444444445
IMG_8175.JPG,2023:02:11 10:50:58,-1.3242694444444445,36.89917222222222
IMG_7246.JPG,2023:02:05 11:54:10,-1.2787305555555557,36.80411944444444
IMG_6158.JPG,2023:02:01 07:18:54,-1.3284527777777777,36.88048055555556
IMG_8613.JPG,2023:02:12 08:01:44,-1.2989916666666663,36.79719444444444
IMG_7520.JPG,2023:02:08 09:35:06,-1.2356555555555555,36.811725
IMG_7508.JPG,2023:02:08 09:21:22,-1.240611111111111,36.81309722222222
IMG_6170.JPG,2023:02:01 07:27:38,-1.3382277777777778,36.92231388888889
IMG_8149.JPG,2023:02:11 10:47:32,-1.3287305555555555,36.878569444444445
IMG_6164.JPG,2023:02:01 07:19:33,-1.3288777777777778,36.884677777777775
IMG_6945.JPG,2023:02:04 14:56:46,-1.37545,36.74631111111111
IMG_7483.JPG,2023:02:08 09:15:15,-1.2559527777777777,36.83282777777778
IMG_6951.JPG,2023:02:04 14:57:24,-1.374761111111111,36.74541944444445
IMG_7497.JPG,2023:02:08 09:19:03,-1.2481722222222222,36.81628611111111
IMG_6979.JPG,2023:02:04 15:07:40,-1.352588888888889,36.75788055555556
IMG_6986.JPG,2023:02:04 15:07:55,-1.3524555555555555,36.75910277777778
IMG_7326.JPG,2023:02:05 11:58:19,-1.2870027777777775,36.798788888888886
IMG_7332.JPG,2023:02:05 11:58:33,-1.2878777777777777,36.79856944444444
IMG_6992.JPG,2023:02:04 15:08:46,-1.3516416666666669,36.76303611111111
IMG_7454.JPG,2023:02:08 09:10:13,-1.2775305555555554,36.82118055555556
IMG_8029.JPG,2023:02:11 10:29:33,-1.2975944444444445,36.79583611111111
IMG_7468.JPG,2023:02:08 09:13:12,-1.2629416666666666,36.83891666666667
IMG_0850.JPG,2023:02:20 12:53:13,-1.3715222222222223,36.768252777777775
IMG_0688.JPG,2023:02:20 10:48:40,-1.3133416666666666,36.72196944444445
IMG_7681.JPG,2023:02:09 09:44:54,-1.3159583333333331,36.86526944444444
IMG_7859.JPG,2023:02:09 12:47:33,-1.313363888888889,36.87143055555556
IMG_7695.JPG,2023:02:09 09:46:18,-1.3160416666666668,36.86736388888889
IMG_7871.JPG,2023:02:09 12:57:55,-1.3132388888888888,36.87166111111111
IMG_0878.JPG,2023:02:20 13:16:06,-1.2991444444444444,36.79691666666667
IMG_7124.JPG,2023:02:04 15:24:59,-1.298411111111111,36.79974444444444
IMG_8217.JPG,2023:02:11 11:00:12,-1.290561111111111,36.94719444444444
IMG_0893.JPG,2023:02:20 16:08:55,-1.2927416666666665,36.78996388888888
IMG_7642.JPG,2023:02:09 09:41:09,-1.3136277777777778,36.85638055555556
IMG_6548.JPG,2023:02:03 13:49:27,-1.2979222222222222,36.78876944444444
IMG_7656.JPG,2023:02:09 09:42:40,-1.3161694444444445,36.86193888888889
IMG_7130.JPG,2023:02:04 15:25:36,-1.2967499999999998,36.80258055555555
IMG_8203.JPG,2023:02:11 10:57:04,-1.2967527777777776,36.94098333333333
IMG_0677.JPG,2023:02:20 10:47:45,-1.3082694444444445,36.730941666666666
IMG_7118.JPG,2023:02:04 15:24:25,-1.298936111111111,36.797241666666665
IMG_6206.JPG,2023:02:01 14:03:03,-1.2950722222222222,36.79931388888889
IMG_6560.JPG,2023:02:03 13:50:41,-1.2978027777777776,36.79252222222222
IMG_6574.JPG,2023:02:03 13:52:56,-1.295211111111111,36.79523055555556
IMG_8559.JPG,2023:02:11 18:52:42,-1.2806166666666663,36.81708611111112
IMG_0663.JPG,2023:02:20 10:47:01,-1.306913888888889,36.73764722222222
IMG_6212.JPG,2023:02:01 14:04:32,-1.2940166666666666,36.80275
IMG_8558.JPG,2023:02:11 18:52:34,-1.2810416666666666,36.816247222222216
IMG_6575.JPG,2023:02:03 13:53:13,-1.2945305555555555,36.79515555555555
IMG_6213.JPG,2023:02:01 14:04:37,-1.2935805555555555,36.80305277777777
IMG_0662.JPG,2023:02:20 10:46:59,-1.306775,36.73817777777778
IMG_6207.JPG,2023:02:01 14:03:40,-1.2950888888888887,36.800377777777776
IMG_7119.JPG,2023:02:04 15:24:28,-1.298922222222222,36.79731111111111
IMG_0676.JPG,2023:02:20 10:47:42,-1.3084861111111112,36.731575
IMG_6561.JPG,2023:02:03 13:51:35,-1.2975277777777776,36.79533333333333
IMG_8564.JPG,2023:02:11 18:53:44,-1.2786027777777778,36.81607777777778
IMG_7657.JPG,2023:02:09 09:42:42,-1.316158333333333,36.86196388888889
IMG_6549.JPG,2023:02:03 13:49:29,-1.2979138888888888,36.78894444444444
IMG_8202.JPG,2023:02:11 10:56:54,-1.2983888888888888,36.93978611111111
IMG_7131.JPG,2023:02:04 15:25:39,-1.296586111111111,36.80254444444444
IMG_0892.JPG,2023:02:20 16:08:51,-1.2927027777777778,36.78974166666666
IMG_8216.JPG,2023:02:11 10:58:23,-1.2907944444444444,36.94706388888888
IMG_7125.JPG,2023:02:04 15:25:02,-1.2983638888888889,36.80002777777778
IMG_7643.JPG,2023:02:09 09:41:13,-1.3137138888888888,36.85661944444445
IMG_7870.JPG,2023:02:09 12:57:53,-1.3132166666666667,36.87168888888889
IMG_0879.JPG,2023:02:20 13:16:32,-1.2993,36.79533055555555
IMG_7864.JPG,2023:02:09 12:52:12,-1.3132194444444445,36.87175833333333
IMG_7694.JPG,2023:02:09 09:46:07,-1.3159888888888889,36.86689722222222
IMG_0689.JPG,2023:02:20 10:48:45,-1.3138611111111111,36.72127777777778
IMG_0851.JPG,2023:02:20 12:53:39,-1.3684888888888889,36.767538888888886
IMG_7858.JPG,2023:02:09 12:47:30,-1.3133722222222222,36.87142222222222
IMG_7680.JPG,2023:02:09 09:44:43,-1.315683333333333,36.86483888888889
IMG_7469.JPG,2023:02:08 09:13:30,-1.2618222222222222,36.839619444444445
IMG_8028.JPG,2023:02:11 10:29:30,-1.2976027777777777,36.79566111111111
IMG_7333.JPG,2023:02:05 11:58:34,-1.287972222222222,36.79854722222222
IMG_7455.JPG,2023:02:08 09:10:14,-1.2775027777777777,36.82118055555556
IMG_6993.JPG,2023:02:04 15:08:49,-1.3514722222222224,36.76302222222222
IMG_6987.JPG,2023:02:04 15:07:57,-1.3524444444444446,36.75928611111111
IMG_7327.JPG,2023:02:05 11:58:23,-1.2870888888888887,36.798766666666666
IMG_6978.JPG,2023:02:04 15:07:38,-1.352752777777778,36.75738611111111
IMG_7496.JPG,2023:02:08 09:19:02,-1.248213888888889,36.81631944444444
IMG_6950.JPG,2023:02:04 14:57:14,-1.3746944444444444,36.74591111111111
IMG_7482.JPG,2023:02:08 09:15:12,-1.2561555555555557,36.833088888888895
IMG_6944.JPG,2023:02:04 14:56:45,-1.3754861111111112,36.74632222222223
IMG_6165.JPG,2023:02:01 07:20:24,-1.3329555555555554,36.88986111111111
IMG_8148.JPG,2023:02:11 10:47:22,-1.3289055555555556,36.87738888888889
IMG_7509.JPG,2023:02:08 09:21:24,-1.2404833333333334,36.81298055555556
IMG_6171.JPG,2023:02:01 07:37:05,-1.3307583333333333,36.92410555555556
IMG_6159.JPG,2023:02:01 07:19:00,-1.3283694444444445,36.88115
IMG_7247.JPG,2023:02:05 11:54:15,-1.2785888888888888,36.80444722222222
IMG_8174.JPG,2023:02:11 10:50:50,-1.3247638888888889,36.89838055555556
IMG_8612.JPG,2023:02:12 08:01:40,-1.2988138888888887,36.79754444444444
IMG_7253.JPG,2023:02:05 11:54:34,-1.2778444444444443,36.8055
IMG_8160.JPG,2023:02:11 10:49:23,-1.3307444444444445,36.88778888888889
IMG_7284.JPG,2023:02:05 11:56:12,-1.2842527777777777,36.806105555555554
IMG_7290.JPG,2023:02:05 11:56:30,-1.2856138888888888,36.80499444444444
IMG_0716.JPG,2023:02:20 10:51:37,-1.3345083333333332,36.71747222222223
IMG_7079.JPG,2023:02:04 15:23:06,-1.2995055555555557,36.79016388888888
IMG_6367.JPG,2023:02:01 17:31:33,-1.2777694444444443,36.76468611111111
IMG_0702.JPG,2023:02:20 10:49:57,-1.3229166666666667,36.71780833333334
IMG_6373.JPG,2023:02:01 17:33:59,-1.2822027777777778,36.76986111111111
IMG_8438.JPG,2023:02:11 11:34:36,-1.279216666666667,37.04451111111111
IMG_8410.JPG,2023:02:11 11:30:55,-1.2775527777777778,37.02778333333333
IMG_7723.JPG,2023:02:09 09:48:55,-1.3141527777777775,36.86996388888889
IMG_8376.JPG,2023:02:11 11:27:44,-1.2755527777777778,37.005925
IMG_7045.JPG,2023:02:04 15:17:58,-1.3144638888888889,36.79000277777778
InBridge.JPG,2023:02:03 12:48:37,-1.3147805555555556,36.78994444444445
IMG_8362.JPG,2023:02:11 11:26:07,-1.2720027777777778,36.99811944444445
IMG_7051.JPG,2023:02:04 15:18:30,-1.3114444444444444,36.791352777777774
IMG_6429.JPG,2023:02:03 12:05:48,-1.3191194444444443,36.79295277777778
IMG_8404.JPG,2023:02:11 11:30:20,-1.2773666666666663,37.02536111111111
IMG_7737.JPG,2023:02:09 09:49:30,-1.3143694444444445,36.87133888888889
IMG_8389.JPG,2023:02:11 11:29:07,-1.2765138888888887,37.01629166666667
IMG_0919.JPG,2023:02:20 16:15:20,-1.2944805555555554,36.79752777777777
IMG_7086.JPG,2023:02:04 15:23:18,-1.2994388888888888,36.79129444444444
IMG_0925.JPG,2023:02:20 16:15:47,-1.2949638888888888,36.799502777777775
IMG_7092.JPG,2023:02:04 15:23:28,-1.2993638888888888,36.79245833333333
IMG_7084.JPG,2023:02:04 15:23:14,-1.2994638888888888,36.79100555555555
IMG_7090.JPG,2023:02:04 15:23:25,-1.2993805555555555,36.792125
IMG_0927.JPG,2023:02:20 16:15:54,-1.2950694444444444,36.79995555555556
IMG_6359.JPG,2023:02:01 17:27:01,-1.2717083333333332,36.76784722222222
IMG_8374.JPG,2023:02:11 11:27:32,-1.2755027777777777,37.00551111111111
IMG_7047.JPG,2023:02:04 15:18:22,-1.3119722222222223,36.79141944444444
IMG_0728.JPG,2023:02:20 10:53:09,-1.3371,36.72715277777778
IMG_8412.JPG,2023:02:11 11:31:15,-1.277663888888889,37.02869722222222
IMG_7721.JPG,2023:02:09 09:48:49,-1.3141027777777778,36.86975277777778
IMG_8406.JPG,2023:02:11 11:30:26,-1.2774222222222222,37.02595555555556
IMG_7735.JPG,2023:02:09 09:49:24,-1.3143,36.871119444444446
IMG_8360.JPG,2023:02:11 11:25:59,-1.271686111111111,36.997594444444445
IMG_7053.JPG,2023:02:04 15:20:31,-1.3005555555555557,36.78819444444444
IMG_6365.JPG,2023:02:01 17:31:15,-1.2773055555555557,36.76470277777778
IMG_8348.JPG,2023:02:11 11:24:14,-1.269572222222222,36.99416388888889
IMG_0714.JPG,2023:02:20 10:51:27,-1.333461111111111,36.71669444444445
IMG_7709.JPG,2023:02:09 09:47:43,-1.315263888888889,36.86928888888889
IMG_6371.JPG,2023:02:01 17:33:49,-1.2817194444444444,36.76993888888889
IMG_0700.JPG,2023:02:20 10:49:43,-1.321113888888889,36.71808055555556
IMG_6198.JPG,2023:02:01 09:00:30,-1.2947166666666663,36.81428055555556
IMG_7286.JPG,2023:02:05 11:56:15,-1.2843777777777776,36.80596944444444
IMG_7292.JPG,2023:02:05 11:56:38,-1.2861027777777776,36.804827777777774
IMG_8189.JPG,2023:02:11 10:54:16,-1.3134833333333331,36.92286666666666
IMG_7245.JPG,2023:02:05 11:54:08,-1.2787416666666669,36.804047222222216
IMG_8176.JPG,2023:02:11 10:51:04,-1.3238444444444444,36.899852777777774
IMG_7251.JPG,2023:02:05 11:54:26,-1.2781722222222225,36.80506111111111
IMG_8162.JPG,2023:02:11 10:49:36,-1.3307472222222223,36.889175
IMG_7279.JPG,2023:02:05 11:55:52,-1.2826305555555555,36.80719722222222
IMG_6167.JPG,2023:02:01 07:27:30,-1.3389555555555557,36.92133055555556
IMG_6173.JPG,2023:02:01 08:20:05,-1.3307472222222223,36.85708611111112
IMG_8638.JPG,2023:02:12 08:06:15,-1.2990388888888889,36.761383333333335
IMG_6952.JPG,2023:02:04 14:57:33,-1.3748194444444444,36.74497777777778
IMG_7494.JPG,2023:02:08 09:18:53,-1.248588888888889,36.81682222222223
IMG_6946.JPG,2023:02:04 14:56:54,-1.3751361111111111,36.74625
IMG_7480.JPG,2023:02:08 09:15:07,-1.2564972222222222,36.83343888888889
IMG_6991.JPG,2023:02:04 15:08:44,-1.3517083333333335,36.762875
IMG_7457.JPG,2023:02:08 09:10:33,-1.277061111111111,36.821758333333335
IMG_7331.JPG,2023:02:05 11:58:31,-1.287597222222222,36.79863055555556
IMG_7325.JPG,2023:02:05 11:58:14,-1.2868138888888887,36.79883888888889
IMG_6985.JPG,2023:02:04 15:07:53,-1.3524916666666666,36.75882222222222
IMG_7319.JPG,2023:02:05 11:58:07,-1.2866888888888888,36.799169444444445
IMG_0847.JPG,2023:02:20 12:51:31,-1.3805722222222223,36.77034444444444
IMG_7696.JPG,2023:02:09 09:46:25,-1.3160805555555557,36.867694444444446
IMG_6588.JPG,2023:02:03 13:58:33,-1.2950444444444442,36.799752777777776
IMG_7682.JPG,2023:02:09 09:45:02,-1.31605,36.86548888888889
IMG_0853.JPG,2023:02:20 12:54:08,-1.3656611111111112,36.76663611111111
IMG_7872.JPG,2023:02:09 12:58:06,-1.3132222222222223,36.87169444444445
IMG_8200.JPG,2023:02:11 10:56:38,-1.3008222222222223,36.93799722222222
IMG_7133.JPG,2023:02:04 15:25:45,-1.2960083333333332,36.80245277777777
IMG_7655.JPG,2023:02:09 09:42:31,-1.3160361111111112,36.861755555555554
IMG_7641.JPG,2023:02:09 09:41:08,-1.313563888888889,36.85619722222222
IMG_0648.JPG,2023:02:20 10:42:54,-1.3002638888888889,36.767963888888886
IMG_8214.JPG,2023:02:11 10:58:15,-1.2910583333333332,36.94674444444444
IMG_7127.JPG,2023:02:04 15:25:31,-1.2971305555555557,36.80263055555555
IMG_6239.JPG,2023:02:01 14:14:54,-1.276922222222222,36.82198055555556
IMG_0660.JPG,2023:02:20 10:46:52,-1.306533333333333,36.73921111111111
IMG_6211.JPG,2023:02:01 14:04:30,-1.2943222222222222,36.80265833333333
IMG_6577.JPG,2023:02:03 13:53:28,-1.294336111111111,36.79509722222222
IMG_7669.JPG,2023:02:09 09:43:28,-1.315113888888889,36.86304722222222
IMG_6563.JPG,2023:02:03 13:51:40,-1.297575,36.79537222222222
IMG_0674.JPG,2023:02:20 10:47:37,-1.3084861111111112,36.73232222222222
IMG_8228.JPG,2023:02:11 11:01:04,-1.2889444444444442,36.95018055555556
IMG_6205.JPG,2023:02:01 14:02:53,-1.2951944444444443,36.79955277777778
IMG_6562.JPG,2023:02:03 13:51:37,-1.2975805555555555,36.79527222222222
IMG_8229.JPG,2023:02:11 11:01:07,-1.2886444444444445,36.95066944444445
IMG_0675.JPG,2023:02:20 10:47:39,-1.3085361111111111,36.731883333333336
IMG_6210.JPG,2023:02:01 14:04:29,-1.2939055555555554,36.80311111111111
IMG_0661.JPG,2023:02:20 10:46:55,-1.3066444444444445,36.73869722222222
IMG_7668.JPG,2023:02:09 09:43:21,-1.315263888888889,36.862922222222224
IMG_6576.JPG,2023:02:03 13:53:20,-1.2944555555555557,36.79515555555555
IMG_7640.JPG,2023:02:09 09:41:06,-1.313525,36.85609722222223
IMG_6238.JPG,2023:02:01 14:14:52,-1.276997222222222,36.82187222222223
IMG_0891.JPG,2023:02:20 16:08:41,-1.292686111111111,36.78938888888889
IMG_7126.JPG,2023:02:04 15:25:29,-1.2972916666666665,36.80266111111111
IMG_8215.JPG,2023:02:11 10:58:18,-1.290925,36.94693333333333
IMG_0649.JPG,2023:02:20 10:43:03,-1.3000361111111112,36.766752777777775
IMG_7132.JPG,2023:02:04 15:25:40,-1.2964972222222222,36.802527777777776
IMG_8201.JPG,2023:02:11 10:56:51,-1.2988444444444442,36.939455555555554
IMG_7654.JPG,2023:02:09 09:42:31,-1.3160361111111112,36.861755555555554
IMG_7867.JPG,2023:02:09 12:57:14,-1.3133361111111113,36.87177222222222
IMG_7873.JPG,2023:02:09 12:58:07,-1.3132222222222223,36.871697222222224
IMG_7683.JPG,2023:02:09 09:45:03,-1.3160527777777775,36.86550555555556
IMG_0852.JPG,2023:02:20 12:53:45,-1.3676416666666666,36.76761944444444
IMG_0846.JPG,2023:02:20 12:50:24,-1.3802444444444444,36.77351111111111
IMG_6589.JPG,2023:02:03 13:58:37,-1.2950916666666663,36.79998888888889
IMG_7697.JPG,2023:02:09 09:46:40,-1.3161,36.86796388888889
IMG_7318.JPG,2023:02:05 11:57:39,-1.2870527777777776,36.80084166666666
IMG_7324.JPG,2023:02:05 11:58:12,-1.2867388888888889,36.79887222222222
IMG_6984.JPG,2023:02:04 15:07:51,-1.3525222222222224,36.758652777777776
IMG_7456.JPG,2023:02:08 09:10:24,-1.2773388888888888,36.82135
IMG_6990.JPG,2023:02:04 15:08:05,-1.352352777777778,36.75996111111111
IMG_7330.JPG,2023:02:05 11:58:29,-1.2874472222222222,36.79867222222222
IMG_7481.JPG,2023:02:08 09:15:09,-1.256352777777778,36.83331666666667
IMG_6947.JPG,2023:02:04 14:56:57,-1.3750555555555557,36.74623055555556
IMG_7495.JPG,2023:02:08 09:18:54,-1.2485388888888889,36.81665555555556
IMG_6953.JPG,2023:02:04 14:57:34,-1.3748194444444444,36.74492222222222
IMG_6172.JPG,2023:02:01 07:50:22,-1.3309055555555556,36.92409722222222
IMG_8639.JPG,2023:02:12 08:06:31,-1.2998166666666666,36.75877777777778
IMG_6166.JPG,2023:02:01 07:22:44,-1.346111111111111,36.90673055555556
IMG_7278.JPG,2023:02:05 11:55:50,-1.2823916666666666,36.807247222222216
IMG_8163.JPG,2023:02:11 10:49:40,-1.3304138888888888,36.88970277777778
IMG_7250.JPG,2023:02:05 11:54:23,-1.2782833333333332,36.80490833333333
IMG_8177.JPG,2023:02:11 10:51:46,-1.3204527777777777,36.90539444444444
IMG_7244.JPG,2023:02:05 11:54:05,-1.2787555555555554,36.80394444444444
IMG_8188.JPG,2023:02:11 10:54:14,-1.3136138888888889,36.92278888888889
IMG_7293.JPG,2023:02:05 11:56:42,-1.2863555555555557,36.80475555555555
IMG_7287.JPG,2023:02:05 11:56:17,-1.2845166666666663,36.80583055555555
IMG_6199.JPG,2023:02:01 09:00:32,-1.2948194444444443,36.81411388888888
IMG_7708.JPG,2023:02:09 09:47:38,-1.3154666666666668,36.869225
IMG_0701.JPG,2023:02:20 10:49:49,-1.3219222222222222,36.71795277777778
IMG_6370.JPG,2023:02:01 17:33:49,-1.281711111111111,36.769927777777774
IMG_0715.JPG,2023:02:20 10:51:34,-1.3340222222222222,36.71714722222222
IMG_8349.JPG,2023:02:11 11:24:31,-1.2698388888888887,36.99456388888889
IMG_6364.JPG,2023:02:01 17:31:14,-1.2771777777777775,36.76493888888889
IMG_7734.JPG,2023:02:09 09:49:22,-1.3143,36.87106111111111
IMG_8407.JPG,2023:02:11 11:30:28,-1.2774333333333332,37.02603055555556
IMG_7052.JPG,2023:02:04 15:20:30,-1.300636111111111,36.78818888888889
IMG_8361.JPG,2023:02:11 11:26:00,-1.2717138888888888,36.99764444444445
IMG_0729.JPG,2023:02:20 10:53:19,-1.337261111111111,36.72821388888889
IMG_7046.JPG,2023:02:04 15:17:58,-1.3143805555555557,36.79006111111111
IMG_8375.JPG,2023:02:11 11:27:39,-1.275536111111111,37.00573611111111
IMG_6358.JPG,2023:02:01 17:26:59,-1.2713194444444444,36.76804444444444
IMG_7720.JPG,2023:02:09 09:48:19,-1.3141111111111112,36.86969722222222
IMG_8413.JPG,2023:02:11 11:31:35,-1.2776805555555557,37.028927777777774
IMG_0926.JPG,2023:02:20 16:15:50,-1.295013888888889,36.79971666666666
IMG_7091.JPG,2023:02:04 15:23:26,-1.2993722222222222,36.79223333333333
IMG_7085.JPG,2023:02:04 15:23:15,-1.2994638888888888,36.79110277777777
IMG_6382.JPG,2023:02:01 17:42:34,-1.2926555555555554,36.77658888888889
IMG_7088.JPG,2023:02:04 15:23:22,-1.2993888888888887,36.79170277777778
IMG_8393.JPG,2023:02:11 11:29:38,-1.2768888888888887,37.02019166666667
IMG_0917.JPG,2023:02:20 16:15:08,-1.294286111111111,36.79683055555555
IMG_8387.JPG,2023:02:11 11:28:56,-1.2764277777777775,37.01523611111111
IMG_0903.JPG,2023:02:20 16:11:01,-1.293522222222222,36.79326666666667
IMG_7739.JPG,2023:02:09 09:49:37,-1.3144277777777778,36.871452777777776
IMG_6427.JPG,2023:02:03 11:25:25,-1.3169694444444444,36.800755555555554
IMG_6341.JPG,2023:02:01 17:15:54,-1.2255555555555555,36.78951388888888
IMG_0730.JPG,2023:02:20 10:53:23,-1.3373333333333333,36.72871388888889
IMG_6355.JPG,2023:02:01 17:26:07,-1.2687944444444443,36.76914722222222
IMG_0724.JPG,2023:02:20 10:52:37,-1.3368083333333332,36.72504722222222
IMG_8378.JPG,2023:02:11 11:28:00,-1.275686111111111,37.007305555555554
IMG_6433.JPG,2023:02:03 12:24:08,-1.3181444444444443,36.79146111111111
IMG_8436.JPG,2023:02:11 11:34:21,-1.2790277777777777,37.04271666666666
IMG_7705.JPG,2023:02:09 09:47:32,-1.3159305555555556,36.869122222222224
IMG_8350.JPG,2023:02:11 11:24:43,-1.2700777777777776,36.99496111111111
IMG_7063.JPG,2023:02:04 15:22:44,-1.299611111111111,36.78824722222222
IMG_6369.JPG,2023:02:01 17:33:40,-1.2814388888888888,36.76956388888889
IMG_0718.JPG,2023:02:20 10:51:56,-1.3362833333333333,36.71981944444445
IMG_8344.JPG,2023:02:11 11:23:46,-1.2686944444444443,36.99271388888889
IMG_7077.JPG,2023:02:04 15:23:03,-1.2995138888888889,36.78981111111111
IMG_8422.JPG,2023:02:11 11:33:07,-1.2781277777777778,37.03363888888889
IMG_7711.JPG,2023:02:09 09:47:50,-1.3150305555555557,36.86939722222223
IMG_6180.JPG,2023:02:01 08:20:18,-1.3296222222222225,36.85480555555556
IMG_6194.JPG,2023:02:01 08:58:49,-1.2994638888888888,36.820972222222224
IMG_8191.JPG,2023:02:11 10:54:29,-1.312827777777778,36.92308611111111
IMG_8185.JPG,2023:02:11 10:52:48,-1.3187638888888888,36.91344444444445
IMG_7249.JPG,2023:02:05 11:54:20,-1.2784055555555556,36.804741666666665
IMG_6157.JPG,2023:02:01 07:18:49,-1.3285888888888888,36.87954444444445
IMG_7261.JPG,2023:02:05 11:55:10,-1.2783527777777777,36.80614444444444
IMG_8152.JPG,2023:02:11 10:47:56,-1.3285416666666667,36.87979722222222
IMG_7507.JPG,2023:02:08 09:19:52,-1.2458694444444445,36.81527222222222
IMG_8634.JPG,2023:02:12 08:05:44,-1.2998527777777775,36.76589166666667
IMG_7513.JPG,2023:02:08 09:34:30,-1.2379250000000002,36.8107
IMG_8620.JPG,2023:02:12 08:02:42,-1.299561111111111,36.78963888888889
IMG_7275.JPG,2023:02:05 11:55:44,-1.2816527777777778,36.80727222222222
IMG_8146.JPG,2023:02:11 10:47:15,-1.3290444444444445,36.87629444444445
IMG_7498.JPG,2023:02:08 09:19:04,-1.248133333333333,36.81625277777778
IMG_6976.JPG,2023:02:04 15:05:12,-1.3537805555555555,36.74856388888889
IMG_6962.JPG,2023:02:04 14:59:11,-1.3705944444444444,36.74410555555556
IMG_7329.JPG,2023:02:05 11:58:28,-1.287372222222222,36.79868888888889
IMG_6989.JPG,2023:02:04 15:08:01,-1.3524027777777778,36.75966666666667
IMG_7315.JPG,2023:02:05 11:57:34,-1.2871777777777778,36.80137222222222
IMG_8026.JPG,2023:02:11 10:29:21,-1.2976055555555557,36.795341666666666
IMG_7473.JPG,2023:02:08 09:13:58,-1.2605472222222225,36.837563888888894
IMG_8740.JPG,2023:02:12 10:13:12,-1.1073222222222223,36.23527777777778
IMG_7467.JPG,2023:02:08 09:12:59,-1.2638972222222222,36.83736944444445
IMG_7301.JPG,2023:02:05 11:57:02,-1.286636111111111,36.80386388888888
IMG_8032.JPG,2023:02:11 10:29:47,-1.2973888888888887,36.79660833333333
IMG_6590.JPG,2023:02:03 13:58:41,-1.2951416666666666,36.80028611111111
IMG_7856.JPG,2023:02:09 12:47:25,-1.3133972222222223,36.87140277777778
IMG_0687.JPG,2023:02:20 10:48:36,-1.312827777777778,36.72262222222223
IMG_0693.JPG,2023:02:20 10:49:05,-1.316158333333333,36.71886111111111
IMG_6584.JPG,2023:02:03 13:58:15,-1.2948916666666666,36.79901388888889
IMG_7842.JPG,2023:02:09 12:42:28,-1.312827777777778,36.87006944444445
IMG_0863.JPG,2023:02:20 13:01:20,-1.3403944444444444,36.770375
IMG_6553.JPG,2023:02:03 13:49:45,-1.2978666666666665,36.78996388888888
IMG_8218.JPG,2023:02:11 11:00:17,-1.290447222222222,36.94735
IMG_0644.JPG,2023:02:20 10:42:24,-1.3003805555555557,36.77246111111111
IMG_6235.JPG,2023:02:01 14:14:41,-1.277411111111111,36.82137777777778
IMG_0650.JPG,2023:02:20 10:43:10,-1.29995,36.76597777777778
IMG_6221.JPG,2023:02:01 14:10:52,-1.280997222222222,36.816538888888886
IMG_6547.JPG,2023:02:03 13:49:25,-1.2979222222222222,36.78871111111111
IMG_7659.JPG,2023:02:09 09:42:47,-1.3160361111111112,36.86210555555556
IMG_8542.JPG,2023:02:11 12:11:05,-1.2662305555555555,36.98844722222222
IMG_7671.JPG,2023:02:09 09:43:36,-1.3150194444444443,36.863125
IMG_8224.JPG,2023:02:11 11:00:45,-1.29015,36.94827222222222
IMG_7117.JPG,2023:02:04 15:24:22,-1.2990027777777775,36.79697777777778
IMG_0678.JPG,2023:02:20 10:47:47,-1.3081805555555557,36.73058888888889
IMG_6209.JPG,2023:02:01 14:03:46,-1.295147222222222,36.80054722222222
IMG_8230.JPG,2023:02:11 11:01:08,-1.2885666666666666,36.95078333333333
IMG_7103.JPG,2023:02:04 15:23:43,-1.2993,36.79398611111111
IMG_8556.JPG,2023:02:11 18:52:28,-1.281311111111111,36.81566111111111
IMG_7665.JPG,2023:02:09 09:43:07,-1.3155777777777775,36.86261666666667
IMG_7102.JPG,2023:02:04 15:23:42,-1.2993027777777777,36.79388055555555
IMG_8231.JPG,2023:02:11 11:01:11,-1.288411111111111,36.95101944444445
IMG_7664.JPG,2023:02:09 09:43:03,-1.3157166666666666,36.86248888888889
IMG_8557.JPG,2023:02:11 18:52:32,-1.2811305555555554,36.81604444444445
IMG_7670.JPG,2023:02:09 09:43:32,-1.3150555555555556,36.86308888888889
IMG_8543.JPG,2023:02:11 12:11:30,-1.2659138888888888,36.987944444444445
IMG_6208.JPG,2023:02:01 14:03:44,-1.2950916666666663,36.800488888888886
IMG_0679.JPG,2023:02:20 10:48:02,-1.3088083333333334,36.72783611111111
IMG_7116.JPG,2023:02:04 15:24:20,-1.299022222222222,36.79688611111111
IMG_8225.JPG,2023:02:11 11:00:55,-1.2895333333333332,36.94923055555555
IMG_6220.JPG,2023:02:01 14:10:46,-1.2813583333333334,36.81573888888889
IMG_0651.JPG,2023:02:20 10:43:19,-1.299688888888889,36.76494722222222
IMG_7658.JPG,2023:02:09 09:42:45,-1.3161027777777778,36.862033333333336
IMG_6546.JPG,2023:02:03 13:49:24,-1.2979222222222222,36.78861111111111
IMG_6552.JPG,2023:02:03 13:49:42,-1.2978777777777777,36.78971388888889
IMG_6234.JPG,2023:02:01 14:11:56,-1.2776999999999998,36.821088888888895
IMG_0645.JPG,2023:02:20 10:42:33,-1.3004361111111111,36.771225
IMG_8219.JPG,2023:02:11 11:00:21,-1.2904805555555554,36.947402777777775
IMG_0876.JPG,2023:02:20 13:11:31,-1.3118305555555556,36.80605277777777
IMG_0862.JPG,2023:02:20 13:01:08,-1.3408916666666666,36.76969166666667
IMG_0692.JPG,2023:02:20 10:49:01,-1.3158694444444443,36.71896666666667
IMG_7843.JPG,2023:02:09 12:42:29,-1.312825,36.870063888888886
IMG_6585.JPG,2023:02:03 13:58:20,-1.2948388888888889,36.798877777777776
IMG_7857.JPG,2023:02:09 12:47:29,-1.3133722222222222,36.87142222222222
IMG_6591.JPG,2023:02:03 13:58:51,-1.2950888888888887,36.8003
IMG_0686.JPG,2023:02:20 10:48:31,-1.3119972222222225,36.723480555555554
IMG_7466.JPG,2023:02:08 09:12:56,-1.2641555555555557,36.83703611111111
IMG_8033.JPG,2023:02:11 10:29:50,-1.2973555555555554,36.79673888888889
IMG_7300.JPG,2023:02:05 11:57:00,-1.2865194444444443,36.80397222222222
IMG_8027.JPG,2023:02:11 10:29:27,-1.2976027777777777,36.795538888888885
IMG_7314.JPG,2023:02:05 11:57:32,-1.287236111111111,36.80157777777777
IMG_8741.JPG,2023:02:12 10:16:00,-1.1048583333333335,36.21118055555556
IMG_7472.JPG,2023:02:08 09:13:55,-1.2605944444444444,36.83763888888889
IMG_7328.JPG,2023:02:05 11:58:23,-1.2871333333333332,36.79876111111111
IMG_6988.JPG,2023:02:04 15:07:59,-1.3524194444444446,36.759475
IMG_6963.JPG,2023:02:04 15:00:08,-1.3663055555555557,36.74359166666667
IMG_6977.JPG,2023:02:04 15:05:13,-1.3537611111111112,36.74864166666666
IMG_7499.JPG,2023:02:08 09:19:23,-1.247661111111111,36.81596944444444
IMG_8621.JPG,2023:02:12 08:02:51,-1.2996555555555551,36.78816944444444
IMG_7512.JPG,2023:02:08 09:34:29,-1.238013888888889,36.810672222222216
IMG_8147.JPG,2023:02:11 10:47:18,-1.3290111111111111,36.87670833333333
IMG_7274.JPG,2023:02:05 11:55:42,-1.2813861111111111,36.80725555555555
IMG_8153.JPG,2023:02:11 10:48:04,-1.3284527777777777,36.88048611111111
IMG_7260.JPG,2023:02:05 11:55:05,-1.278,36.806063888888886
IMG_8635.JPG,2023:02:12 08:05:52,-1.2996638888888887,36.765075
IMG_7506.JPG,2023:02:08 09:19:49,-1.2459416666666667,36.81529722222222
IMG_6156.JPG,2023:02:01 07:18:40,-1.3288111111111112,36.87801388888889
IMG_7248.JPG,2023:02:05 11:54:18,-1.2785194444444443,36.80457222222222
IMG_8184.JPG,2023:02:11 10:52:39,-1.3185694444444445,36.91225833333333
IMG_8190.JPG,2023:02:11 10:54:20,-1.3132722222222222,36.92301111111111
IMG_6195.JPG,2023:02:01 08:58:51,-1.2994416666666666,36.82087777777778
IMG_6181.JPG,2023:02:01 08:34:49,-1.3101888888888888,36.82884166666667
IMG_7076.JPG,2023:02:04 15:23:01,-1.2995277777777776,36.78969166666666
IMG_8345.JPG,2023:02:11 11:23:53,-1.268913888888889,36.99308055555556
IMG_0719.JPG,2023:02:20 10:51:59,-1.336311111111111,36.720263888888894
IMG_6368.JPG,2023:02:01 17:33:40,-1.281383333333333,36.76958055555556
IMG_7710.JPG,2023:02:09 09:47:46,-1.3151472222222222,36.86933888888889
IMG_8423.JPG,2023:02:11 11:33:12,-1.2781722222222225,37.0341
IMG_7704.JPG,2023:02:09 09:47:29,-1.315975,36.86911111111111
IMG_8437.JPG,2023:02:11 11:34:30,-1.2791472222222222,37.04378611111111
IMG_7062.JPG,2023:02:04 15:22:44,-1.2995944444444445,36.788263888888885
IMG_8351.JPG,2023:02:11 11:24:58,-1.270361111111111,36.99541388888889
IMG_8379.JPG,2023:02:11 11:28:10,-1.2758055555555554,37.0085
IMG_0725.JPG,2023:02:20 10:52:46,-1.3368694444444444,36.725525000000005
IMG_6354.JPG,2023:02:01 17:26:05,-1.268561111111111,36.76916944444445
IMG_6432.JPG,2023:02:03 12:05:56,-1.3186083333333334,36.79396944444444
IMG_6426.JPG,2023:02:03 11:25:24,-1.3208305555555555,36.80060555555556
IMG_7738.JPG,2023:02:09 09:49:31,-1.3143861111111113,36.87137222222222
IMG_0731.JPG,2023:02:20 10:53:29,-1.337397222222222,36.72922777777778
IMG_6340.JPG,2023:02:01 17:15:49,-1.225538888888889,36.79026944444444
IMG_0902.JPG,2023:02:20 16:10:43,-1.2934194444444442,36.793052777777774
IMG_8386.JPG,2023:02:11 11:28:52,-1.276361111111111,37.014525
IMG_0916.JPG,2023:02:20 16:15:02,-1.2942166666666666,36.796594444444445
IMG_8392.JPG,2023:02:11 11:29:29,-1.2767805555555556,37.01900555555555
IMG_7089.JPG,2023:02:04 15:23:23,-1.2993833333333331,36.79191111111111
IMG_6383.JPG,2023:02:01 17:45:52,-1.2953888888888887,36.78398611111111
IMG_6381.JPG,2023:02:01 17:42:33,-1.2926749999999998,36.776516666666666
IMG_8384.JPG,2023:02:11 11:28:37,-1.276161111111111,37.01250555555556
IMG_0900.JPG,2023:02:20 16:10:17,-1.2932888888888887,36.79230833333333
IMG_8390.JPG,2023:02:11 11:29:13,-1.2765805555555554,37.016930555555554
IMG_0914.JPG,2023:02:20 16:14:53,-1.2941194444444444,36.79610555555556
IMG_6430.JPG,2023:02:03 12:05:53,-1.3186027777777778,36.793952777777776
IMG_6356.JPG,2023:02:01 17:26:09,-1.2689583333333332,36.76903055555555
IMG_0727.JPG,2023:02:20 10:53:00,-1.337011111111111,36.726480555555554
IMG_7048.JPG,2023:02:04 15:18:23,-1.3118138888888888,36.79136944444444
IMG_6342.JPG,2023:02:01 17:16:03,-1.225561111111111,36.78843055555556
IMG_0733.JPG,2023:02:20 10:53:38,-1.3375777777777778,36.7304
IMG_8409.JPG,2023:02:11 11:30:34,-1.277472222222222,37.0266
IMG_7712.JPG,2023:02:09 09:47:54,-1.3148861111111112,36.86943055555555
IMG_8421.JPG,2023:02:11 11:32:58,-1.2780305555555556,37.032575
IMG_7074.JPG,2023:02:04 15:22:59,-1.29955,36.78935277777778
IMG_8347.JPG,2023:02:11 11:24:04,-1.2692388888888888,36.993633333333335
IMG_8353.JPG,2023:02:11 11:25:12,-1.2705527777777776,36.995730555555554
IMG_7706.JPG,2023:02:09 09:47:36,-1.3156277777777778,36.869194444444446
IMG_8435.JPG,2023:02:11 11:34:12,-1.2789,37.04141944444444
IMG_6197.JPG,2023:02:01 09:00:22,-1.2940611111111109,36.81502777777777
IMG_7289.JPG,2023:02:05 11:56:27,-1.2853138888888889,36.80514166666666
IMG_6183.JPG,2023:02:01 08:35:04,-1.3100888888888889,36.828813888888895
IMG_8186.JPG,2023:02:11 10:52:50,-1.3187805555555556,36.91372777777778
IMG_8192.JPG,2023:02:11 10:54:33,-1.3127222222222223,36.92312777777777
IMG_8179.JPG,2023:02:11 10:51:58,-1.3194944444444443,36.90694722222222
IMG_6154.JPG,2023:02:01 07:18:37,-1.3288666666666666,36.87763888888889
IMG_8145.JPG,2023:02:11 10:47:04,-1.3292166666666667,36.87493611111111
IMG_7276.JPG,2023:02:05 11:55:46,-1.2819027777777776,36.80727777777778
IMG_6168.JPG,2023:02:01 07:27:32,-1.3387777777777776,36.92157222222222
IMG_8623.JPG,2023:02:12 08:03:22,-1.299811111111111,36.78384722222222
IMG_7510.JPG,2023:02:08 09:33:27,-1.2384611111111112,36.81036944444444
IMG_8637.JPG,2023:02:12 08:06:06,-1.2992638888888888,36.76296944444445
IMG_7504.JPG,2023:02:08 09:19:45,-1.2461722222222222,36.81539166666666
IMG_8151.JPG,2023:02:11 10:47:49,-1.3286055555555556,36.87936111111111
IMG_7262.JPG,2023:02:05 11:55:11,-1.278422222222222,36.80618333333333
IMG_6949.JPG,2023:02:04 14:57:04,-1.3747694444444445,36.74618888888889
IMG_6961.JPG,2023:02:04 14:59:10,-1.3706833333333333,36.744102777777776
IMG_6975.JPG,2023:02:04 15:05:11,-1.3537750000000002,36.7485
IMG_7458.JPG,2023:02:08 09:10:49,-1.2763694444444444,36.82272222222223
IMG_8031.JPG,2023:02:11 10:29:45,-1.297411111111111,36.79656666666666
IMG_7302.JPG,2023:02:05 11:57:05,-1.2867555555555554,36.80374444444444
IMG_7464.JPG,2023:02:08 09:12:38,-1.2656944444444445,36.83522777777778
IMG_8743.JPG,2023:02:12 10:26:32,-1.097986111111111,36.141102777777775
IMG_7470.JPG,2023:02:08 09:13:43,-1.2610472222222222,36.83836388888889
IMG_8025.JPG,2023:02:11 10:29:20,-1.2976055555555557,36.795341666666666
IMG_7316.JPG,2023:02:05 11:57:35,-1.2871305555555554,36.80114444444444
IMG_7699.JPG,2023:02:09 09:46:57,-1.3161333333333334,36.868319444444445
IMG_6587.JPG,2023:02:03 13:58:25,-1.294897222222222,36.79917222222222
IMG_7841.JPG,2023:02:09 12:41:54,-1.3127,36.87007777777778
IMG_0848.JPG,2023:02:20 12:51:32,-1.3805444444444446,36.77035833333333
IMG_0690.JPG,2023:02:20 10:48:50,-1.3146944444444444,36.72027222222222
IMG_0684.JPG,2023:02:20 10:48:20,-1.3106472222222223,36.72501111111112
IMG_6593.JPG,2023:02:03 13:58:54,-1.2950416666666666,36.80044166666666
IMG_7855.JPG,2023:02:09 12:47:21,-1.3134305555555557,36.87139444444445
IMG_0874.JPG,2023:02:20 13:10:32,-1.3147805555555556,36.80941111111111
IMG_0860.JPG,2023:02:20 13:00:15,-1.3437805555555555,36.76633888888889
IMG_7869.JPG,2023:02:09 12:57:16,-1.313325,36.87177222222222
IMG_6544.JPG,2023:02:03 13:49:15,-1.297947222222222,36.78839166666666
IMG_0653.JPG,2023:02:20 10:43:37,-1.2991083333333333,36.762077777777776
IMG_6222.JPG,2023:02:01 14:10:54,-1.280861111111111,36.816833333333335
IMG_7128.JPG,2023:02:04 15:25:33,-1.2970583333333332,36.80261944444444
IMG_0647.JPG,2023:02:20 10:42:44,-1.3005111111111112,36.76968333333333
IMG_6236.JPG,2023:02:01 14:14:42,-1.277372222222222,36.82141111111112
IMG_6550.JPG,2023:02:03 13:49:31,-1.2979083333333332,36.78906944444444
IMG_6578.JPG,2023:02:03 13:54:30,-1.2939527777777775,36.79514722222222
IMG_7666.JPG,2023:02:09 09:43:09,-1.3155527777777778,36.86264722222222
IMG_8555.JPG,2023:02:11 18:52:25,-1.2814333333333332,36.81540555555555
IMG_7100.JPG,2023:02:04 15:23:40,-1.299311111111111,36.793680555555554
IMG_8233.JPG,2023:02:11 11:01:15,-1.288025,36.95163333333333
IMG_7114.JPG,2023:02:04 15:24:13,-1.2991499999999998,36.79626944444444
IMG_8227.JPG,2023:02:11 11:01:02,-1.289097222222222,36.949930555555554
IMG_7672.JPG,2023:02:09 09:43:38,-1.314952777777778,36.86317777777778
IMG_8541.JPG,2023:02:11 12:10:44,-1.2664861111111112,36.98893611111111
IMG_8226.JPG,2023:02:11 11:00:56,-1.2894638888888887,36.94933888888889
IMG_7115.JPG,2023:02:04 15:24:17,-1.2990777777777776,36.79660833333333
IMG_8540.JPG,2023:02:11 12:10:29,-1.2667722222222222,36.98941111111111
IMG_7673.JPG,2023:02:09 09:43:42,-1.3147916666666668,36.86327777777778
IMG_8554.JPG,2023:02:11 18:51:47,-1.2817444444444444,36.81472222222222
IMG_7667.JPG,2023:02:09 09:43:18,-1.3153805555555556,36.86281111111112
IMG_6579.JPG,2023:02:03 13:54:31,-1.2939027777777776,36.795475
IMG_8232.JPG,2023:02:11 11:01:12,-1.2882527777777777,36.95126666666667
IMG_7101.JPG,2023:02:04 15:23:41,-1.2993083333333333,36.79378055555556
IMG_6237.JPG,2023:02:01 14:14:47,-1.2771777777777775,36.821622222222224
IMG_0646.JPG,2023:02:20 10:42:38,-1.300475,36.77047777777778
IMG_7129.JPG,2023:02:04 15:25:34,-1.2969055555555555,36.80260555555555
IMG_6551.JPG,2023:02:03 13:49:36,-1.297897222222222,36.789325
IMG_6545.JPG,2023:02:03 13:49:16,-1.2979444444444443,36.78844444444445
IMG_6223.JPG,2023:02:01 14:10:56,-1.2807722222222222,36.81697777777778
IMG_0652.JPG,2023:02:20 10:43:29,-1.2993805555555555,36.763466666666666
IMG_0861.JPG,2023:02:20 13:00:42,-1.3422527777777775,36.76733888888889
IMG_7868.JPG,2023:02:09 12:57:16,-1.3133194444444445,36.87177222222222
IMG_0875.JPG,2023:02:20 13:11:30,-1.3120444444444446,36.80618333333333
IMG_0685.JPG,2023:02:20 10:48:27,-1.311588888888889,36.7239
IMG_7854.JPG,2023:02:09 12:46:36,-1.3130861111111112,36.87151111111111
IMG_6592.JPG,2023:02:03 13:58:53,-1.2950722222222222,36.800330555555554
IMG_7840.JPG,2023:02:09 12:41:51,-1.3127,36.870075
IMG_6586.JPG,2023:02:03 13:58:21,-1.2948527777777776,36.798922222222224
IMG_7698.JPG,2023:02:09 09:46:44,-1.3160972222222225,36.86807777777778
IMG_0691.JPG,2023:02:20 10:48:58,-1.3155305555555556,36.71932777777778
IMG_0849.JPG,2023:02:20 12:51:35,-1.380386111111111,36.77030277777778
IMG_7471.JPG,2023:02:08 09:13:45,-1.2609805555555555,36.83825555555556
IMG_8742.JPG,2023:02:12 10:26:31,-1.097986111111111,36.141102777777775
IMG_7317.JPG,2023:02:05 11:57:37,-1.2870916666666663,36.800955555555554
IMG_7303.JPG,2023:02:05 11:57:06,-1.2869,36.80363611111111
IMG_8030.JPG,2023:02:11 10:29:35,-1.297561111111111,36.79597222222222
IMG_7465.JPG,2023:02:08 09:12:40,-1.2656083333333332,36.8353
IMG_7459.JPG,2023:02:08 09:12:18,-1.267236111111111,36.83397777777778
IMG_6974.JPG,2023:02:04 15:05:09,-1.3534333333333337,36.74834444444445
IMG_6960.JPG,2023:02:04 14:59:09,-1.370761111111111,36.74410555555556
IMG_6948.JPG,2023:02:04 14:57:04,-1.3748194444444444,36.74619722222222
IMG_7505.JPG,2023:02:08 09:19:48,-1.246033333333333,36.81533888888889
IMG_8636.JPG,2023:02:12 08:05:58,-1.299511111111111,36.76423333333334
IMG_7263.JPG,2023:02:05 11:55:13,-1.2784916666666666,36.80621666666666
IMG_8150.JPG,2023:02:11 10:47:39,-1.3286722222222225,36.87898333333333
IMG_6169.JPG,2023:02:01 07:27:35,-1.338411111111111,36.92206111111111
IMG_7277.JPG,2023:02:05 11:55:48,-1.2821527777777777,36.80727777777778
IMG_8144.JPG,2023:02:11 10:46:59,-1.3293305555555557,36.87412222222223
IMG_8622.JPG,2023:02:12 08:02:57,-1.2996777777777777,36.78737777777778
IMG_6155.JPG,2023:02:01 07:18:38,-1.3288666666666666,36.87763888888889
IMG_8178.JPG,2023:02:11 10:51:50,-1.32005,36.90601111111111
IMG_8193.JPG,2023:02:11 10:55:19,-1.3110027777777775,36.92798888888888
IMG_8187.JPG,2023:02:11 10:54:10,-1.3139472222222222,36.92258888888889
IMG_6182.JPG,2023:02:01 08:34:50,-1.310186111111111,36.82884166666667
IMG_7288.JPG,2023:02:05 11:56:21,-1.284822222222222,36.80553055555555
IMG_6196.JPG,2023:02:01 08:59:27,-1.296836111111111,36.81860555555556
IMG_8352.JPG,2023:02:11 11:25:07,-1.2704527777777777,36.99556111111112
IMG_7061.JPG,2023:02:04 15:22:42,-1.2995138888888889,36.78847777777778
IMG_8434.JPG,2023:02:11 11:34:08,-1.278836111111111,37.04085555555555
IMG_7707.JPG,2023:02:09 09:47:37,-1.3155527777777778,36.86921666666667
IMG_8420.JPG,2023:02:11 11:32:49,-1.2779361111111112,37.03154722222222
IMG_7713.JPG,2023:02:09 09:48:01,-1.3145777777777778,36.86955555555556
IMG_8346.JPG,2023:02:11 11:24:02,-1.2691861111111111,36.99352777777778
IMG_7075.JPG,2023:02:04 15:23:00,-1.2995305555555554,36.78957222222222
IMG_0732.JPG,2023:02:20 10:53:34,-1.3374888888888887,36.72982777777778
IMG_6343.JPG,2023:02:01 17:16:03,-1.225563888888889,36.78830555555555
IMG_8408.JPG,2023:02:11 11:30:30,-1.2774388888888888,37.02626388888888
IMG_6431.JPG,2023:02:03 12:05:55,-1.3186055555555556,36.79396944444444
IMG_7049.JPG,2023:02:04 15:18:25,-1.3117416666666668,36.79134444444444
IMG_0726.JPG,2023:02:20 10:52:53,-1.336938888888889,36.72603611111112
IMG_6357.JPG,2023:02:01 17:26:59,-1.2713194444444444,36.76804444444444
IMG_0915.JPG,2023:02:20 16:14:58,-1.2941916666666666,36.79636388888888
IMG_8391.JPG,2023:02:11 11:29:19,-1.2766555555555554,37.01775833333333
IMG_0901.JPG,2023:02:20 16:10:26,-1.293336111111111,36.79251388888888
IMG_8385.JPG,2023:02:11 11:28:42,-1.2762361111111111,37.01322222222223
IMG_6380.JPG,2023:02:01 17:42:19,-1.2927138888888887,36.77519722222222
IMG_8381.JPG,2023:02:11 11:28:24,-1.2759944444444444,37.010577777777776
IMG_0905.JPG,2023:02:20 16:11:24,-1.2935138888888889,36.79345277777777
IMG_8395.JPG,2023:02:11 11:29:48,-1.277013888888889,37.02160277777778
IMG_0911.JPG,2023:02:20 16:14:35,-1.293972222222222,36.795497222222224
IMG_6390.JPG,2023:02:01 17:57:51,-1.296486111111111,36.79431388888889
IMG_6384.JPG,2023:02:01 17:45:54,-1.2953472222222222,36.78398611111111
IMG_7071.JPG,2023:02:04 15:22:56,-1.2995472222222222,36.789119444444445
IMG_8342.JPG,2023:02:11 11:23:23,-1.268222222222222,36.99191666666667
IMG_7717.JPG,2023:02:09 09:48:11,-1.3142722222222225,36.86964444444445
IMG_8424.JPG,2023:02:11 11:33:19,-1.2782194444444444,37.034619444444445
IMG_7703.JPG,2023:02:09 09:47:27,-1.3159944444444445,36.86910555555556
IMG_8430.JPG,2023:02:11 11:34:03,-1.2787583333333332,37.04015833333333
IMG_7065.JPG,2023:02:04 15:22:46,-1.2996055555555557,36.78828611111111
IMG_8356.JPG,2023:02:11 11:25:27,-1.270836111111111,36.99619722222222
IMG_6353.JPG,2023:02:01 17:23:34,-1.2621583333333333,36.77413611111111
IMG_0722.JPG,2023:02:20 10:52:16,-1.3364583333333333,36.72251944444445
IMG_8418.JPG,2023:02:11 11:32:35,-1.2778138888888888,37.03032777777778
IMG_6435.JPG,2023:02:03 12:32:19,-1.3156527777777778,36.79025277777777
IMG_6347.JPG,2023:02:01 17:19:14,-1.2502166666666668,36.77632777777778
IMG_7059.JPG,2023:02:04 15:21:32,-1.2998638888888887,36.78818055555556
IMG_0736.JPG,2023:02:20 10:53:59,-1.3379305555555554,36.73295555555556
IMG_8183.JPG,2023:02:11 10:52:30,-1.3184277777777778,36.91105555555556
IMG_8197.JPG,2023:02:11 10:55:50,-1.3082972222222222,36.93248055555555
IMG_6192.JPG,2023:02:01 08:58:34,-1.2996166666666666,36.82211111111111
IMG_6186.JPG,2023:02:01 08:53:26,-1.3004777777777778,36.82421111111111
IMG_7298.JPG,2023:02:05 11:56:55,-1.2864805555555554,36.804316666666665
IMG_8626.JPG,2023:02:12 08:04:11,-1.3000972222222222,36.77860277777778
IMG_7515.JPG,2023:02:08 09:34:33,-1.2377805555555557,36.81076944444444
IMG_8140.JPG,2023:02:11 10:46:44,-1.3295777777777775,36.87228055555556
IMG_7273.JPG,2023:02:05 11:55:41,-1.2811333333333332,36.80724444444444
IMG_8154.JPG,2023:02:11 10:48:12,-1.3283833333333332,36.88120277777778
IMG_7267.JPG,2023:02:05 11:55:24,-1.2793583333333334,36.80689722222222
IMG_6179.JPG,2023:02:01 08:20:17,-1.3297777777777775,36.85509444444445
IMG_8632.JPG,2023:02:12 08:05:28,-1.300138888888889,36.76727777777778
IMG_7501.JPG,2023:02:08 09:19:38,-1.2466861111111112,36.815597222222216
IMG_6151.JPG,2023:02:01 07:18:19,-1.3293777777777778,36.874375
IMG_8168.JPG,2023:02:11 10:50:17,-1.3273305555555557,36.89420277777778
IMG_6964.JPG,2023:02:04 15:00:10,-1.3659444444444446,36.74363055555556
IMG_6970.JPG,2023:02:04 15:03:41,-1.3568250000000002,36.74666111111111
IMG_6958.JPG,2023:02:04 14:58:56,-1.3714861111111112,36.74418611111111
IMG_7461.JPG,2023:02:08 09:12:25,-1.2665694444444444,36.834408333333336
IMG_8034.JPG,2023:02:11 10:29:55,-1.2972777777777778,36.79708888888889
IMG_7307.JPG,2023:02:05 11:57:19,-1.2875638888888887,36.80291111111111
IMG_7313.JPG,2023:02:05 11:57:29,-1.2873,36.80181944444444
IMG_7475.JPG,2023:02:08 09:14:21,-1.259747222222222,36.83630277777778
IMG_0871.JPG,2023:02:20 13:09:36,-1.3127777777777778,36.815302777777774
IMG_7878.JPG,2023:02:09 13:01:52,-1.3133777777777778,36.87139722222222
IScommercial.JPG,2023:02:09 09:43:07,-1.3155777777777775,36.86261666666667
IMG_0695.JPG,2023:02:20 10:49:13,-1.3168305555555555,36.71879444444445
IMG_7844.JPG,2023:02:09 12:42:30,-1.3128222222222223,36.87006944444445
IMG_6582.JPG,2023:02:03 13:54:52,-1.2940944444444444,36.79584444444444
IMG_7688.JPG,2023:02:09 09:45:36,-1.3159694444444443,36.86620277777778
IMG_7850.JPG,2023:02:09 12:45:44,-1.3131694444444444,36.87131388888889
IMG_0859.JPG,2023:02:20 12:59:21,-1.346386111111111,36.76501944444444
IMG_0681.JPG,2023:02:20 10:48:05,-1.3093833333333331,36.72719166666667
IMG_7105.JPG,2023:02:04 15:23:47,-1.2993027777777777,36.79441944444444
IMG_8236.JPG,2023:02:11 11:01:23,-1.287522222222222,36.95245555555556
IMG_7663.JPG,2023:02:09 09:43:01,-1.315763888888889,36.86244166666667
IMG_8550.JPG,2023:02:11 18:51:26,-1.2824694444444444,36.81424722222222
IMG_6569.JPG,2023:02:03 13:52:46,-1.296072222222222,36.79532222222222
IMG_7677.JPG,2023:02:09 09:44:23,-1.3154527777777778,36.86435555555556
IMG_8544.JPG,2023:02:11 12:19:53,-1.2636666666666667,36.98112777777778
IMG_7111.JPG,2023:02:04 15:24:08,-1.299213888888889,36.795922222222224
IMG_8222.JPG,2023:02:11 11:00:34,-1.2904027777777776,36.947827777777775
IMG_0656.JPG,2023:02:20 10:46:41,-1.3061222222222222,36.7411
IMG_7139.JPG,2023:02:05 10:31:26,-1.296361111111111,36.79534722222222
IMG_6227.JPG,2023:02:01 14:11:19,-1.2796138888888888,36.81994166666667
IMG_6541.JPG,2023:02:03 13:49:05,-1.297975,36.78811944444444
IMG_6555.JPG,2023:02:03 13:50:05,-1.2977944444444445,36.79120277777778
IMG_0642.JPG,2023:02:20 10:42:08,-1.300313888888889,36.77413055555555
IMG_6233.JPG,2023:02:01 14:11:51,-1.2778138888888888,36.82091388888889
IMG_6554.JPG,2023:02:03 13:49:55,-1.2978277777777776,36.79053888888889
IMG_6232.JPG,2023:02:01 14:11:48,-1.277986111111111,36.82071388888889
IMG_0643.JPG,2023:02:20 10:42:16,-1.3003333333333331,36.77340555555556
IMG_6226.JPG,2023:02:01 14:11:06,-1.2799138888888888,36.81858055555556
IMG_0657.JPG,2023:02:20 10:46:43,-1.306213888888889,36.74065
IMG_6540.JPG,2023:02:03 13:49:02,-1.2980555555555555,36.788075
IMG_8545.JPG,2023:02:11 12:19:54,-1.2636666666666667,36.98112777777778
IMG_7676.JPG,2023:02:09 09:44:20,-1.3154777777777775,36.86430555555555
IMG_6568.JPG,2023:02:03 13:52:34,-1.2967194444444443,36.79543333333333
IMG_8223.JPG,2023:02:11 11:00:41,-1.2902833333333332,36.948025
IMG_7110.JPG,2023:02:04 15:24:01,-1.299236111111111,36.795763888888885
IMG_8237.JPG,2023:02:11 11:01:24,-1.2874472222222222,36.95257222222222
IMG_7104.JPG,2023:02:04 15:23:45,-1.2993027777777777,36.79420277777778
IMG_8551.JPG,2023:02:11 18:51:29,-1.2821583333333333,36.814322222222216
IMG_7662.JPG,2023:02:09 09:42:58,-1.315838888888889,36.86235
IMG_7851.JPG,2023:02:09 12:45:46,-1.313125,36.87136111111111
IMG_7689.JPG,2023:02:09 09:45:47,-1.3159833333333333,36.86629444444445
IMG_0680.JPG,2023:02:20 10:48:02,-1.3089555555555556,36.72767222222223
IMG_0858.JPG,2023:02:20 12:55:32,-1.3584027777777778,36.76255
IMG_0694.JPG,2023:02:20 10:49:09,-1.316438888888889,36.71885277777778
IMG_6583.JPG,2023:02:03 13:54:52,-1.294097222222222,36.79586944444444
IMG_7845.JPG,2023:02:09 12:42:52,-1.3128388888888889,36.870152777777776
IMG_0864.JPG,2023:02:20 13:01:36,-1.3398,36.77118611111111
IMG_0870.JPG,2023:02:20 13:09:20,-1.3136611111111112,36.81527222222222
IMG_7312.JPG,2023:02:05 11:57:27,-1.2873472222222222,36.80204722222222
IMG_7474.JPG,2023:02:08 09:14:09,-1.260238888888889,36.83707777777778
IMG_7460.JPG,2023:02:08 09:12:20,-1.2671305555555554,36.83401944444444
IMG_7306.JPG,2023:02:05 11:57:16,-1.2875527777777778,36.80308611111111
IMG_8035.JPG,2023:02:11 10:30:03,-1.297197222222222,36.79741944444445
IMG_6959.JPG,2023:02:04 14:58:56,-1.3714444444444445,36.74415555555556
IMG_6971.JPG,2023:02:04 15:03:42,-1.3567805555555557,36.74666666666667
IMG_6965.JPG,2023:02:04 15:01:19,-1.3644861111111113,36.74579722222222
river2.JPG,2023:02:09 12:38:45,-1.3121027777777778,36.87036111111111
IMG_8169.JPG,2023:02:11 10:50:22,-1.326922222222222,36.89486111111111
IMG_6150.JPG,2023:02:01 07:18:16,-1.3294388888888888,36.87395277777778
IMG_6178.JPG,2023:02:01 08:20:16,-1.3298555555555556,36.85524722222223
IMG_7266.JPG,2023:02:05 11:55:20,-1.2791027777777777,36.80670555555555
IMG_8155.JPG,2023:02:11 10:48:34,-1.328447222222222,36.883377777777774
IMG_7500.JPG,2023:02:08 09:19:24,-1.2476277777777778,36.815952777777774
IMG_8633.JPG,2023:02:12 08:05:35,-1.300013888888889,36.76679166666666
IMG_7514.JPG,2023:02:08 09:34:32,-1.2378833333333334,36.81071388888888
IMG_8627.JPG,2023:02:12 08:04:17,-1.3001166666666668,36.77807222222222
IMG_7272.JPG,2023:02:05 11:55:35,-1.2804083333333334,36.80721666666666
IMG_8141.JPG,2023:02:11 10:46:50,-1.3294805555555556,36.87306111111111
IMG_7299.JPG,2023:02:05 11:56:56,-1.286411111111111,36.80418888888889
IMG_6187.JPG,2023:02:01 08:58:17,-1.2998777777777777,36.82350555555556
IMG_6193.JPG,2023:02:01 08:58:41,-1.299522222222222,36.82157777777778
IMG_8196.JPG,2023:02:11 10:55:49,-1.3085916666666668,36.93223611111111
IMG_8182.JPG,2023:02:11 10:52:27,-1.3184111111111112,36.91051111111111
IMG_0737.JPG,2023:02:20 10:54:03,-1.337997222222222,36.73335277777778
IMG_7058.JPG,2023:02:04 15:21:31,-1.2998638888888887,36.78818055555556
IMG_6346.JPG,2023:02:01 17:18:50,-1.2472527777777778,36.77809722222222
IMG_0723.JPG,2023:02:20 10:52:21,-1.3365555555555555,36.72318611111111
IMG_6352.JPG,2023:02:01 17:20:12,-1.2572472222222222,36.77455277777778
IMG_6434.JPG,2023:02:03 12:24:10,-1.3174222222222225,36.79191111111111
IMG_8419.JPG,2023:02:11 11:32:42,-1.2778666666666667,37.03092222222222
IMG_8431.JPG,2023:02:11 11:34:04,-1.2787722222222222,37.04029444444444
IMG_7702.JPG,2023:02:09 09:47:20,-1.3162111111111112,36.86907222222222
IMG_8357.JPG,2023:02:11 11:25:30,-1.2708833333333334,36.99628611111111
IMG_7064.JPG,2023:02:04 15:22:45,-1.2996055555555557,36.78828611111111
IMG_8343.JPG,2023:02:11 11:23:35,-1.26845,36.99231388888889
IMG_7070.JPG,2023:02:04 15:22:56,-1.2995527777777776,36.78903611111111
IMG_8425.JPG,2023:02:11 11:33:30,-1.278311111111111,37.035625
IMG_7716.JPG,2023:02:09 09:48:10,-1.314352777777778,36.869625
IMG_6385.JPG,2023:02:01 17:48:52,-1.2950277777777777,36.78758888888888
IMG_0910.JPG,2023:02:20 16:14:31,-1.2939194444444444,36.795477777777776
IMG_8394.JPG,2023:02:11 11:29:46,-1.2769861111111112,37.02131388888889
IMG_0904.JPG,2023:02:20 16:11:20,-1.293497222222222,36.79335277777778
IMG_8380.JPG,2023:02:11 11:28:20,-1.2759361111111112,37.00998611111111
IMG_8396.JPG,2023:02:11 11:29:50,-1.2770277777777777,37.02175
IMG_0912.JPG,2023:02:20 16:14:39,-1.2940277777777776,36.79561111111111
IMG_8382.JPG,2023:02:11 11:28:29,-1.276061111111111,37.01135
IMG_0906.JPG,2023:02:20 16:11:42,-1.2935833333333333,36.79382777777778
IMG_7099.JPG,2023:02:04 15:23:39,-1.299322222222222,36.79358611111111
IMG_6387.JPG,2023:02:01 17:49:21,-1.2951,36.78760277777778
IMG_6378.JPG,2023:02:01 17:42:15,-1.2925972222222222,36.77473888888889
IMG_8355.JPG,2023:02:11 11:25:23,-1.270697222222222,36.995975
IMG_7066.JPG,2023:02:04 15:22:47,-1.2995861111111109,36.78833888888889
IMG_0709.JPG,2023:02:20 10:50:53,-1.3310027777777778,36.71656388888889
IMG_8433.JPG,2023:02:11 11:34:06,-1.2788027777777775,37.040572222222224
IMG_7700.JPG,2023:02:09 09:46:59,-1.3161472222222224,36.86843611111111
IMG_8427.JPG,2023:02:11 11:33:47,-1.2785305555555555,37.037997222222224
IMG_7714.JPG,2023:02:09 09:48:06,-1.314452777777778,36.86959722222223
IMG_8341.JPG,2023:02:11 11:23:11,-1.2680749999999998,36.99165555555555
IMG_7072.JPG,2023:02:04 15:22:57,-1.2995388888888888,36.78923333333333
IMG_6344.JPG,2023:02:01 17:16:17,-1.226563888888889,36.78726944444444
IMG_8369.JPG,2023:02:11 11:26:59,-1.2743805555555554,37.00199166666667
IMG_0735.JPG,2023:02:20 10:53:51,-1.3378305555555554,36.73213055555556
IMG_7728.JPG,2023:02:09 09:49:09,-1.3142083333333334,36.87049444444445
IMG_6436.JPG,2023:02:03 12:32:19,-1.31565,36.79024722222222
IMG_6350.JPG,2023:02:01 17:19:31,-1.2531,36.77592222222222
IMG_0721.JPG,2023:02:20 10:52:11,-1.3364277777777778,36.72195555555556
IMG_8194.JPG,2023:02:11 10:55:29,-1.310533333333333,36.92952222222222
IMG_8180.JPG,2023:02:11 10:52:13,-1.3185944444444444,36.908875
IMG_6185.JPG,2023:02:01 08:53:25,-1.3004777777777778,36.82421111111111
IMG_6191.JPG,2023:02:01 08:58:28,-1.2997638888888887,36.82260555555556
IMG_7502.JPG,2023:02:08 09:19:39,-1.2466861111111112,36.815597222222216
IMG_8631.JPG,2023:02:12 08:05:19,-1.3003694444444445,36.768388888888886
IMG_7264.JPG,2023:02:05 11:55:16,-1.2787777777777778,36.80645277777778
IMG_8157.JPG,2023:02:11 10:49:02,-1.3293666666666666,36.885438888888885
IMG_7270.JPG,2023:02:05 11:55:30,-1.2799944444444444,36.80716388888889
IMG_8143.JPG,2023:02:11 10:46:55,-1.329411111111111,36.87358888888889
IMG_7516.JPG,2023:02:08 09:34:37,-1.2375861111111113,36.810825
IMG_8625.JPG,2023:02:12 08:03:40,-1.299958333333333,36.7807
IMG_7258.JPG,2023:02:05 11:55:00,-1.2777222222222222,36.80601388888888
IMG_6152.JPG,2023:02:01 07:18:26,-1.3292027777777775,36.87561388888889
IMG_8619.JPG,2023:02:12 08:02:34,-1.2995,36.79088888888889
IMG_6973.JPG,2023:02:04 15:04:13,-1.354588888888889,36.746575
IMG_6967.JPG,2023:02:04 15:01:28,-1.3642861111111113,36.74660277777778
IMG_7489.JPG,2023:02:08 09:18:25,-1.2491805555555555,36.81965277777778
IMG_7476.JPG,2023:02:08 09:14:23,-1.2597305555555556,36.83626111111112
IMG_7310.JPG,2023:02:05 11:57:23,-1.28745,36.80244722222222
IMG_7304.JPG,2023:02:05 11:57:12,-1.2873666666666663,36.803352777777775
IMG_8037.JPG,2023:02:11 10:30:15,-1.2971277777777777,36.79786388888888
IMG_7462.JPG,2023:02:08 09:12:26,-1.266475,36.83448333333334
IMG_7338.JPG,2023:02:05 11:58:41,-1.2887277777777777,36.79835555555555
IMG_6998.JPG,2023:02:04 15:09:24,-1.3488138888888888,36.76462222222222
IMG_0866.JPG,2023:02:20 13:08:05,-1.3203305555555556,36.80848333333333
IMG_0872.JPG,2023:02:20 13:09:57,-1.3135333333333334,36.81335833333333
IMG_0682.JPG,2023:02:20 10:48:10,-1.3098694444444443,36.726552777777776
IMG_7853.JPG,2023:02:09 12:46:04,-1.3130722222222222,36.87148888888889
IMG_6595.JPG,2023:02:03 13:58:59,-1.2952055555555555,36.80058333333333
IMG_7847.JPG,2023:02:09 12:44:09,-1.3128694444444444,36.87079166666667
IMG_6581.JPG,2023:02:03 13:54:49,-1.2940805555555557,36.79577777777778
IMG_0696.JPG,2023:02:20 10:49:18,-1.3175583333333334,36.71867777777778
IMG_8221.JPG,2023:02:11 11:00:29,-1.2905138888888887,36.94754722222222
IMG_7112.JPG,2023:02:04 15:24:09,-1.299211111111111,36.795963888888885
IMG_7674.JPG,2023:02:09 09:43:54,-1.3148611111111113,36.86362777777778
IMG_8553.JPG,2023:02:11 18:51:37,-1.281872222222222,36.814655555555554
IMG_7660.JPG,2023:02:09 09:42:51,-1.3159555555555555,36.86220555555556
IMG_0669.JPG,2023:02:20 10:47:21,-1.3077194444444444,36.73476111111111
IMG_8235.JPG,2023:02:11 11:01:18,-1.2878138888888888,36.95198055555556
IMG_7106.JPG,2023:02:04 15:23:50,-1.2993055555555555,36.79465277777778
IMG_6218.JPG,2023:02:01 14:10:40,-1.2815416666666666,36.81502777777777
IMG_0641.JPG,2023:02:20 10:42:01,-1.2999944444444442,36.77433888888888
IMG_6230.JPG,2023:02:01 14:11:33,-1.2790777777777778,36.82060555555556
IMG_0899.JPG,2023:02:20 16:10:09,-1.293222222222222,36.79212222222222
IMG_6556.JPG,2023:02:03 13:50:22,-1.2977416666666666,36.79186666666666
IMG_7648.JPG,2023:02:09 09:41:49,-1.314852777777778,36.85962222222222
IMG_6542.JPG,2023:02:03 13:49:07,-1.2979694444444445,36.78813888888889
IMG_0655.JPG,2023:02:20 10:46:38,-1.306058333333333,36.74140555555556
IMG_8209.JPG,2023:02:11 10:57:50,-1.2924055555555554,36.94473611111111
IMG_6224.JPG,2023:02:01 14:11:01,-1.2803,36.81789444444445
IMG_6543.JPG,2023:02:03 13:49:08,-1.2979694444444445,36.78814444444444
IMG_6225.JPG,2023:02:01 14:11:06,-1.2799777777777777,36.81846111111111
IMG_8208.JPG,2023:02:11 10:57:49,-1.292422222222222,36.944716666666665
IMG_0654.JPG,2023:02:20 10:43:45,-1.2990277777777777,36.761544444444446
IMG_0898.JPG,2023:02:20 16:10:01,-1.2931805555555551,36.791777777777774
IMG_6231.JPG,2023:02:01 14:11:35,-1.2789805555555556,36.82056111111111
IMG_0640.JPG,2023:02:20 10:41:05,-1.2996305555555554,36.774344444444445
IMG_7649.JPG,2023:02:09 09:42:04,-1.3150777777777778,36.86058611111111
IMG_6557.JPG,2023:02:03 13:50:25,-1.297772222222222,36.79203888888889
IMG_7661.JPG,2023:02:09 09:42:56,-1.315877777777778,36.86230555555556
IMG_8552.JPG,2023:02:11 18:51:30,-1.2820916666666666,36.81442222222222
IMG_6219.JPG,2023:02:01 14:10:45,-1.2814166666666666,36.81561944444445
IMG_7107.JPG,2023:02:04 15:23:55,-1.2992777777777778,36.795338888888885
IMG_8234.JPG,2023:02:11 11:01:17,-1.287886111111111,36.95186666666667
IMG_0668.JPG,2023:02:20 10:47:17,-1.3075944444444445,36.73518333333333
IMG_7113.JPG,2023:02:04 15:24:11,-1.2991777777777778,36.79612777777778
IMG_8220.JPG,2023:02:11 11:00:24,-1.2904944444444444,36.94746944444445
IMG_7675.JPG,2023:02:09 09:43:57,-1.314936111111111,36.863772222222224
IMG_6580.JPG,2023:02:03 13:54:38,-1.2940194444444444,36.79554722222222
IMG_7846.JPG,2023:02:09 12:42:57,-1.3128305555555555,36.87018888888889
IMG_0697.JPG,2023:02:20 10:49:24,-1.3183805555555554,36.71853333333333
IMG_0683.JPG,2023:02:20 10:48:13,-1.3101194444444444,36.72606388888889
IMG_6594.JPG,2023:02:03 13:58:57,-1.295175,36.80056944444444
IMG_7852.JPG,2023:02:09 12:45:51,-1.3130694444444444,36.87144166666667
IMG_0873.JPG,2023:02:20 13:10:20,-1.3144583333333333,36.81083611111111
IMG_0867.JPG,2023:02:20 13:08:33,-1.3176916666666667,36.81207777777777
IMG_7339.JPG,2023:02:05 11:58:45,-1.289008333333333,36.79828611111111
IMG_6999.JPG,2023:02:04 15:10:03,-1.346786111111111,36.76562777777778
IMG_8036.JPG,2023:02:11 10:30:06,-1.2972,36.79753611111111
IMG_7305.JPG,2023:02:05 11:57:15,-1.2874805555555555,36.803238888888885
IMG_7463.JPG,2023:02:08 09:12:27,-1.2663916666666666,36.83455277777778
IMG_7477.JPG,2023:02:08 09:14:50,-1.2581555555555557,36.83406388888889
IMG_7311.JPG,2023:02:05 11:57:25,-1.2873916666666665,36.80225833333333
IMG_7488.JPG,2023:02:08 09:17:23,-1.2516277777777778,36.82451944444445
IMG_6966.JPG,2023:02:04 15:01:28,-1.3643083333333337,36.746525
IMG_6972.JPG,2023:02:04 15:04:11,-1.3547444444444443,36.746475
IMG_6153.JPG,2023:02:01 07:18:33,-1.3290277777777777,36.87668055555556
IMG_8618.JPG,2023:02:12 08:02:31,-1.2995083333333333,36.79134722222222
IMG_7259.JPG,2023:02:05 11:55:02,-1.2777888888888889,36.80604444444444
IMG_8142.JPG,2023:02:11 10:46:52,-1.3294666666666666,36.87318888888889
IMG_7271.JPG,2023:02:05 11:55:32,-1.2800972222222222,36.807175
IMG_8624.JPG,2023:02:12 08:03:29,-1.2998777777777777,36.78256111111111
IMG_7517.JPG,2023:02:08 09:34:38,-1.237463888888889,36.81086666666666
IMG_8630.JPG,2023:02:12 08:05:14,-1.3005027777777778,36.76914722222222
IMG_7503.JPG,2023:02:08 09:19:40,-1.2466055555555555,36.815577777777776
IMG_8156.JPG,2023:02:11 10:48:45,-1.3285722222222225,36.884077777777776
IMG_7265.JPG,2023:02:05 11:55:17,-1.2788555555555554,36.80651388888889
IMG_6190.JPG,2023:02:01 08:58:26,-1.2998138888888888,36.82277222222223
IMG_6184.JPG,2023:02:01 08:35:20,-1.3099722222222223,36.82873611111111
IMG_8181.JPG,2023:02:11 10:52:20,-1.3184694444444445,36.90959166666666
IMG_8195.JPG,2023:02:11 10:55:31,-1.3103944444444444,36.92984444444444
IMG_6437.JPG,2023:02:03 12:39:02,-1.3155722222222224,36.78991388888889
IMG_7729.JPG,2023:02:09 09:49:10,-1.3142194444444444,36.87057222222222
IMG_0720.JPG,2023:02:20 10:52:06,-1.3363805555555557,36.72121111111111
IMG_6351.JPG,2023:02:01 17:19:32,-1.253263888888889,36.775888888888886
IMG_0734.JPG,2023:02:20 10:53:42,-1.3376416666666666,36.73085277777778
IMG_8368.JPG,2023:02:11 11:26:56,-1.2741972222222222,37.00168611111111
IMG_6345.JPG,2023:02:01 17:18:46,-1.2449944444444443,36.779377777777775
IMG_7715.JPG,2023:02:09 09:48:09,-1.3143861111111113,36.869616666666666
IMG_8426.JPG,2023:02:11 11:33:41,-1.2784555555555557,37.03714444444444
IMG_7073.JPG,2023:02:04 15:22:58,-1.2995388888888888,36.78923333333333
IMG_8340.JPG,2023:02:11 11:22:45,-1.2678527777777775,36.99131388888889
IMG_0708.JPG,2023:02:20 10:50:41,-1.3293805555555556,36.71682777777778
IMG_7067.JPG,2023:02:04 15:22:48,-1.2995777777777775,36.78839444444444
IMG_8354.JPG,2023:02:11 11:25:22,-1.270697222222222,36.995975
IMG_6379.JPG,2023:02:01 17:42:18,-1.2927138888888887,36.77512222222222
IMG_7701.JPG,2023:02:09 09:47:09,-1.3162027777777778,36.86875833333333
IMG_8432.JPG,2023:02:11 11:34:06,-1.278786111111111,37.04043611111111
IMG_6386.JPG,2023:02:01 17:48:52,-1.295122222222222,36.78741111111111
IMG_7098.JPG,2023:02:04 15:23:37,-1.2993472222222222,36.79330833333333
IMG_0907.JPG,2023:02:20 16:12:13,-1.2939916666666669,36.79436944444444
IMG_8383.JPG,2023:02:11 11:28:33,-1.2761027777777778,37.01179444444445
IMG_0913.JPG,2023:02:20 16:14:44,-1.294063888888889,36.79586111111111
IMG_8397.JPG,2023:02:11 11:29:55,-1.2770916666666663,37.02249166666667
IMG_0790.JPG,2023:02:20 11:03:08,-1.3580361111111112,36.76255
IMG_6487.JPG,2023:02:03 13:44:26,-1.3058444444444446,36.78559722222222
IMG_7799.JPG,2023:02:09 12:26:52,-1.3131555555555556,36.872347222222224
IMG_6493.JPG,2023:02:03 13:44:40,-1.3061111111111112,36.78634722222222
IMG_0784.JPG,2023:02:20 11:02:26,-1.35495,36.76186388888889
IMG_8496.JPG,2023:02:11 11:59:09,-1.2778055555555554,37.02956666666667
IMG_8482.JPG,2023:02:11 11:56:36,-1.2791,37.04272777777778
IMG_6322.JPG,2023:02:01 17:07:31,-1.2293583333333336,36.80428055555555
IMG_0753.JPG,2023:02:20 10:59:10,-1.3414944444444443,36.75812777777778
IMG_8469.JPG,2023:02:11 11:54:24,-1.280238888888889,37.053525
IMG_6444.JPG,2023:02:03 12:48:37,-1.3147805555555556,36.78994444444445
IMG_6450.JPG,2023:02:03 13:09:26,-1.3087694444444444,36.78278333333333
IMG_6336.JPG,2023:02:01 17:11:46,-1.231177777777778,36.79866111111111
IMG_0747.JPG,2023:02:20 10:58:18,-1.340961111111111,36.754327777777775
IMG_7028.JPG,2023:02:04 15:16:18,-1.322538888888889,36.78355833333333
IMG_8333.JPG,2023:02:11 11:21:46,-1.2665972222222222,36.9893
IMG_8455.JPG,2023:02:11 11:43:28,-1.280411111111111,37.0545
IMG_6478.JPG,2023:02:03 13:44:10,-1.3058888888888889,36.784663888888886
IMG_8441.JPG,2023:02:11 11:34:51,-1.279311111111111,37.045475
IMG_7014.JPG,2023:02:04 15:12:01,-1.3394444444444444,36.77055555555555
IMG_8327.JPG,2023:02:11 11:21:01,-1.265877777777778,36.98798333333333
IMG_8694.JPG,2023:02:12 08:19:40,-1.259411111111111,36.66159722222222
IMG_6875.JPG,2023:02:04 11:51:54,-1.335161111111111,36.77775555555556
IMG_8680.JPG,2023:02:12 08:16:32,-1.2849388888888889,36.67793333333333
IMG_6120.JPG,2023:01:30 08:44:11,-1.2963305555555555,36.79536944444444
IMG_8119.JPG,2023:02:11 10:43:40,-1.3271027777777775,36.85172222222222
IMG_8657.JPG,2023:02:12 08:09:42,-1.308086111111111,36.72943055555556
IMG_7564.JPG,2023:02:08 13:09:04,-1.2673527777777778,36.82248333333334
IMG_8131.JPG,2023:02:11 10:45:36,-1.3303944444444444,36.86617222222223
IMG_7202.JPG,2023:02:05 10:37:24,-1.2860944444444444,36.80481111111111
IMG_8125.JPG,2023:02:11 10:44:38,-1.3307527777777777,36.85807777777778
IMG_7216.JPG,2023:02:05 10:38:16,-1.2810055555555555,36.80719722222222
IMG_8643.JPG,2023:02:12 08:07:05,-1.3019694444444443,36.75337222222223
IMG_7570.JPG,2023:02:08 13:18:47,-1.2831472222222222,36.816875
IMG_7389.JPG,2023:02:05 12:02:09,-1.2983583333333333,36.80288333333333
IMG_8086.JPG,2023:02:11 10:38:15,-1.2993138888888889,36.824113888888895
IMG_8092.JPG,2023:02:11 10:39:50,-1.3065222222222224,36.82733055555556
IMG_8079.JPG,2023:02:11 10:37:00,-1.2926055555555551,36.82021666666667
IMG_8723.JPG,2023:02:12 09:13:47,-1.0592722222222222,36.60246388888889
IMG_7410.JPG,2023:02:05 12:03:06,-1.298986111111111,36.79763888888888
IMG_8045.JPG,2023:02:11 10:31:01,-1.2986055555555551,36.798402777777774
IMG_7376.JPG,2023:02:05 12:01:11,-1.2971444444444444,36.80274444444444
IMG_8051.JPG,2023:02:11 10:31:44,-1.2980555555555555,36.801877777777776
IMG_7362.JPG,2023:02:05 12:00:25,-1.2951722222222222,36.801963888888885
IMG_8737.JPG,2023:02:12 10:12:19,-1.1069,36.23997777777778
IMG_7404.JPG,2023:02:05 12:02:53,-1.2988277777777777,36.798519444444445
IMG_6295.JPG,2023:02:01 14:19:13,-1.2573333333333334,36.83380277777778
IMG_7835.JPG,2023:02:09 12:40:49,-1.3123861111111113,36.87035
IMG_7821.JPG,2023:02:09 12:38:34,-1.312175,36.87031111111112
IMG_6281.JPG,2023:02:01 14:17:22,-1.2621,36.83983888888889
IMG_0800.JPG,2023:02:20 11:04:34,-1.3663305555555556,36.76705277777778
IMG_8284.JPG,2023:02:11 11:04:44,-1.2737944444444445,36.97316111111111
IMG_7809.JPG,2023:02:09 12:32:41,-1.3127805555555556,36.871658333333336
IMG_0814.JPG,2023:02:20 11:06:03,-1.3785805555555557,36.77010277777778
IMG_8290.JPG,2023:02:11 11:05:25,-1.270997222222222,36.97675277777778
IMG_7148.JPG,2023:02:05 10:34:07,-1.2916305555555554,36.79555555555555
IMG_0627.JPG,2023:02:20 10:39:24,-1.298897222222222,36.779555555555554
IMG_6256.JPG,2023:02:01 14:15:39,-1.272675,36.82675555555556
IMG_6530.JPG,2023:02:03 13:46:22,-1.30075,36.78820833333333
IMG_6524.JPG,2023:02:03 13:46:05,-1.302661111111111,36.78819722222222
IMG_8509.JPG,2023:02:11 12:03:03,-1.2756888888888889,37.00663055555555
IMG_0633.JPG,2023:02:20 10:40:36,-1.2990944444444443,36.77553055555556
IMG_6242.JPG,2023:02:01 14:15:10,-1.2760027777777778,36.82296111111111
IMG_7174.JPG,2023:02:05 10:35:10,-1.2895055555555557,36.79810277777778
IMG_8247.JPG,2023:02:11 11:01:58,-1.284913888888889,36.95657222222223
IMG_7612.JPG,2023:02:09 09:17:16,-1.2848388888888889,36.8209
IMG_8521.JPG,2023:02:11 12:06:15,-1.2715472222222222,36.9972
IMG_6518.JPG,2023:02:03 13:45:42,-1.3042888888888888,36.78818611111111
IMG_7606.JPG,2023:02:09 09:10:39,-1.28965,36.81059444444444
IMG_8535.JPG,2023:02:11 12:09:41,-1.2677972222222222,36.99110833333334
IMG_7160.JPG,2023:02:05 10:34:45,-1.2894277777777776,36.79669166666667
IMG_8253.JPG,2023:02:11 11:02:19,-1.2833805555555555,36.95909166666667
IMG_8534.JPG,2023:02:11 12:09:29,-1.2681027777777778,36.99162777777778
IMG_7607.JPG,2023:02:09 09:11:00,-1.2890833333333331,36.81203611111111
IMG_6519.JPG,2023:02:03 13:45:47,-1.3038944444444445,36.788130555555554
IMG_8252.JPG,2023:02:11 11:02:17,-1.283522222222222,36.95887777777778
IMG_7161.JPG,2023:02:05 10:34:47,-1.2894555555555554,36.796752777777776
IMG_8246.JPG,2023:02:11 11:01:56,-1.2851638888888888,36.95617777777778
IMG_7175.JPG,2023:02:05 10:35:12,-1.2893305555555554,36.798141666666666
IMG_8520.JPG,2023:02:11 12:05:56,-1.2719527777777777,36.99788611111112
IMG_7613.JPG,2023:02:09 09:17:49,-1.2847555555555554,36.821869444444445
IMG_8508.JPG,2023:02:11 12:02:51,-1.2757777777777777,37.00751944444445
IMG_6525.JPG,2023:02:03 13:46:08,-1.302366666666667,36.78821944444445
IMG_6243.JPG,2023:02:01 14:15:11,-1.2758777777777777,36.82301111111112
IMG_0632.JPG,2023:02:20 10:40:25,-1.2990805555555551,36.77623611111111
IMG_6257.JPG,2023:02:01 14:15:41,-1.2723305555555555,36.82723055555556
IMG_0626.JPG,2023:02:20 10:39:11,-1.2988694444444444,36.78025
IMG_7149.JPG,2023:02:05 10:34:09,-1.2902583333333333,36.796013888888886
IMG_6531.JPG,2023:02:03 13:46:26,-1.300425,36.78819444444444
IMG_8291.JPG,2023:02:11 11:05:34,-1.2704055555555556,36.97736111111112
IMG_0815.JPG,2023:02:20 11:06:16,-1.3800444444444444,36.77032222222222
IMG_8285.JPG,2023:02:11 11:04:46,-1.2736777777777777,36.97331111111112
IMG_0801.JPG,2023:02:20 11:04:43,-1.3669888888888888,36.76740555555556
IMG_7808.JPG,2023:02:09 12:32:22,-1.3128083333333334,36.87176388888889
IMG_7820.JPG,2023:02:09 12:38:33,-1.3121805555555557,36.87030277777778
IMG_6280.JPG,2023:02:01 14:17:13,-1.2623444444444445,36.83970555555556
IMG_6294.JPG,2023:02:01 14:19:11,-1.257663888888889,36.83390555555556
IMG_7834.JPG,2023:02:09 12:40:28,-1.3122166666666668,36.87032777777778
IMG_7363.JPG,2023:02:05 12:00:30,-1.2951388888888888,36.80223888888889
IMG_8050.JPG,2023:02:11 10:31:33,-1.2981888888888888,36.80098611111111
IMG_7405.JPG,2023:02:05 12:02:54,-1.298847222222222,36.79842222222222
IMG_8736.JPG,2023:02:12 10:12:18,-1.101977777777778,36.26387222222223
IMG_7411.JPG,2023:02:05 12:03:12,-1.2990333333333333,36.79730277777777
IMG_7377.JPG,2023:02:05 12:01:42,-1.2973249999999998,36.80278055555555
IMG_8044.JPG,2023:02:11 10:31:00,-1.298611111111111,36.798405555555554
IMG_8078.JPG,2023:02:11 10:36:38,-1.292897222222222,36.81953055555556
IMG_8093.JPG,2023:02:11 10:39:54,-1.3069472222222225,36.82752222222223
IMG_8087.JPG,2023:02:11 10:38:23,-1.2997888888888889,36.82433888888889
IMG_7388.JPG,2023:02:05 12:02:07,-1.2983638888888889,36.802952777777776
IMG_7217.JPG,2023:02:05 10:38:17,-1.280861111111111,36.80718888888889
IMG_8124.JPG,2023:02:11 10:44:31,-1.3305,36.8573
IMG_7571.JPG,2023:02:08 13:18:47,-1.2839388888888887,36.81670833333334
IMG_8642.JPG,2023:02:12 08:06:57,-1.301488888888889,36.75459444444444
IMG_7565.JPG,2023:02:08 13:09:05,-1.2673222222222222,36.82233055555556
IMG_8656.JPG,2023:02:12 08:09:29,-1.3083833333333337,36.73125555555556
IMG_7203.JPG,2023:02:05 10:37:26,-1.2859305555555554,36.804852777777775
IMG_8130.JPG,2023:02:11 10:45:26,-1.3306,36.864647222222224
IMG_8118.JPG,2023:02:11 10:43:35,-1.326775,36.85121388888889
IMG_6121.JPG,2023:01:30 08:44:15,-1.2963305555555555,36.79522222222222
IMG_8681.JPG,2023:02:12 08:16:52,-1.2831694444444444,36.67559444444444
IMG_6874.JPG,2023:02:04 11:51:53,-1.3350555555555554,36.77795
IMG_8695.JPG,2023:02:12 08:19:53,-1.2574055555555557,36.66234722222222
IMG_8440.JPG,2023:02:11 11:34:47,-1.2792916666666667,37.04524166666666
IMG_8326.JPG,2023:02:11 11:20:58,-1.2658444444444443,36.98791111111111
IMG_7015.JPG,2023:02:04 15:12:04,-1.339536111111111,36.771452777777775
IMG_8332.JPG,2023:02:11 11:21:42,-1.2665388888888889,36.98920555555556
IMG_7001.JPG,2023:02:04 15:10:03,-1.3462027777777776,36.76546388888889
IMG_6479.JPG,2023:02:03 13:44:13,-1.305886111111111,36.78468055555555
IMG_8454.JPG,2023:02:11 11:43:15,-1.2801194444444444,37.05295555555556
IMG_6451.JPG,2023:02:03 13:09:28,-1.3087722222222222,36.78278333333333
IMG_7029.JPG,2023:02:04 15:16:19,-1.322325,36.78362222222222
IMG_0746.JPG,2023:02:20 10:58:11,-1.340911111111111,36.753933333333336
IMG_6337.JPG,2023:02:01 17:11:52,-1.2309472222222224,36.798675
IMG_0752.JPG,2023:02:20 10:59:05,-1.341422222222222,36.75776944444444
IMG_6323.JPG,2023:02:01 17:07:38,-1.229713888888889,36.80415555555555
IMG_6445.JPG,2023:02:03 12:51:21,-1.31545,36.78955833333333
IMG_8468.JPG,2023:02:11 11:53:52,-1.280897222222222,37.05631944444444
IMG_8483.JPG,2023:02:11 11:56:46,-1.278997222222222,37.041825
IMG_8497.JPG,2023:02:11 11:59:25,-1.277736111111111,37.028777777777776
IMG_6492.JPG,2023:02:03 13:44:39,-1.306075,36.78627222222222
IMG_0785.JPG,2023:02:20 11:02:35,-1.3555555555555556,36.761975
IMG_0791.JPG,2023:02:20 11:03:17,-1.3591000000000002,36.76262777777778
IMG_7798.JPG,2023:02:09 12:26:51,-1.3131555555555556,36.872347222222224
IMG_6486.JPG,2023:02:03 13:44:25,-1.3058222222222222,36.78551944444444
IMG_0787.JPG,2023:02:20 11:02:46,-1.3563861111111113,36.76217222222222
IMG_6490.JPG,2023:02:03 13:44:35,-1.3059888888888889,36.786
IMG_6484.JPG,2023:02:03 13:44:21,-1.3057805555555555,36.78519444444444
IMG_0793.JPG,2023:02:20 11:03:32,-1.360813888888889,36.76288888888889
IMG_8481.JPG,2023:02:11 11:56:28,-1.2791805555555555,37.04351388888889
IMG_8495.JPG,2023:02:11 11:58:33,-1.2779361111111112,37.03096388888889
IMG_6335.JPG,2023:02:01 17:11:43,-1.2312305555555556,36.79871111111111
IMG_0744.JPG,2023:02:20 10:58:00,-1.3407944444444444,36.752922222222224
IMG_8318.JPG,2023:02:11 11:19:26,-1.264811111111111,36.98523333333333
IMG_6453.JPG,2023:02:03 13:11:05,-1.308827777777778,36.78275277777778
IMG_6447.JPG,2023:02:03 13:08:16,-1.3087611111111113,36.78274444444445
IMG_6321.JPG,2023:02:01 17:07:15,-1.2286416666666669,36.804563888888886
IMG_0750.JPG,2023:02:20 10:58:37,-1.3411888888888888,36.75593611111111
IMG_6309.JPG,2023:02:01 14:23:32,-1.2486222222222223,36.81713055555556
IMG_0778.JPG,2023:02:20 11:01:41,-1.350375,36.763669444444446
IMG_8324.JPG,2023:02:11 11:20:44,-1.2656777777777777,36.98750555555556
IMG_7017.JPG,2023:02:04 15:12:11,-1.3389166666666663,36.77233611111111
IMG_8442.JPG,2023:02:11 11:35:00,-1.2793472222222222,37.045741666666665
IMG_8456.JPG,2023:02:11 11:43:42,-1.2807805555555556,37.05603333333333
IMG_8330.JPG,2023:02:11 11:21:28,-1.2663055555555556,36.98878055555556
IMG_7003.JPG,2023:02:04 15:10:06,-1.3460555555555556,36.76556388888889
IMG_6876.JPG,2023:02:04 11:52:21,-1.3374722222222222,36.77417777777778
IMG_8683.JPG,2023:02:12 08:17:19,-1.2799388888888887,36.67237222222222
IMG_8697.JPG,2023:02:12 08:20:26,-1.2513083333333332,36.664119444444445
IMG_7229.JPG,2023:02:05 10:39:04,-1.2780972222222222,36.80521944444444
IMG_8668.JPG,2023:02:12 08:12:58,-1.3035194444444445,36.70609722222223
IMG_8640.JPG,2023:02:12 08:06:42,-1.3005166666666668,36.757019444444445
IMG_7215.JPG,2023:02:05 10:38:15,-1.2811472222222222,36.80720555555556
IMG_8126.JPG,2023:02:11 10:44:52,-1.3310805555555556,36.859775
IMG_7201.JPG,2023:02:05 10:37:22,-1.286361111111111,36.80475555555555
IMG_8132.JPG,2023:02:11 10:45:47,-1.3301944444444445,36.867713888888886
IMG_7567.JPG,2023:02:08 13:09:08,-1.2676138888888888,36.82199444444445
IMG_8654.JPG,2023:02:12 08:09:01,-1.3074722222222224,36.735508333333335
IMG_8091.JPG,2023:02:11 10:39:40,-1.3056944444444445,36.82694166666667
IMG_8085.JPG,2023:02:11 10:38:07,-1.2981999999999998,36.82372222222222
IMG_8708.JPG,2023:02:12 08:22:34,-1.231552777777778,36.66806111111111
IMG_7349.JPG,2023:02:05 11:59:19,-1.290522222222222,36.79846388888889
IMG_7407.JPG,2023:02:05 12:02:57,-1.298911111111111,36.79806111111111
IMG_8734.JPG,2023:02:12 09:27:03,-0.9967583333333332,36.60083333333333
IMG_7361.JPG,2023:02:05 12:00:19,-1.2951777777777778,36.801405555555554
IMG_8052.JPG,2023:02:11 10:31:59,-1.2978055555555554,36.80277777777778
IMG_7375.JPG,2023:02:05 12:01:09,-1.2971416666666666,36.80274166666666
IMG_8046.JPG,2023:02:11 10:31:09,-1.2986444444444445,36.79845833333333
IMG_8720.JPG,2023:02:12 08:24:30,-1.2155166666666666,36.662327777777776
IMG_6282.JPG,2023:02:01 14:17:35,-1.2615583333333331,36.83919166666667
IMG_7822.JPG,2023:02:09 12:38:39,-1.312125,36.87033888888889
IMG_7836.JPG,2023:02:09 12:41:05,-1.3124222222222222,36.870197222222224
IMG_6296.JPG,2023:02:01 14:19:15,-1.2571944444444445,36.83373888888889
IMG_7188.JPG,2023:02:05 10:35:48,-1.286536111111111,36.79889722222222
IMG_8293.JPG,2023:02:11 11:05:55,-1.2686055555555555,36.978947222222224
IMG_0803.JPG,2023:02:20 11:04:52,-1.3681555555555556,36.76763611111111
IMG_8287.JPG,2023:02:11 11:05:02,-1.2727,36.97461111111112
IMG_0630.JPG,2023:02:20 10:40:05,-1.2990138888888887,36.77727222222222
IMG_6241.JPG,2023:02:01 14:15:03,-1.2766083333333331,36.822544444444446
IMG_6527.JPG,2023:02:03 13:46:15,-1.3015916666666667,36.78825
IMG_7639.JPG,2023:02:09 09:41:05,-1.3134861111111111,36.85600555555556
IMG_6533.JPG,2023:02:03 13:48:48,-1.298822222222222,36.78802222222222
IMG_8278.JPG,2023:02:11 11:04:02,-1.276675,36.97016388888889
IMG_0624.JPG,2023:02:20 10:38:58,-1.2987916666666666,36.781102777777775
IMG_6255.JPG,2023:02:01 14:15:37,-1.2729027777777775,36.82644444444445
IMG_8250.JPG,2023:02:11 11:02:07,-1.284186111111111,36.95776388888889
IMG_7163.JPG,2023:02:05 10:34:50,-1.2895277777777776,36.79702777777778
IMG_8536.JPG,2023:02:11 12:09:49,-1.2675944444444445,36.99076388888889
IMG_7605.JPG,2023:02:09 09:10:37,-1.2898305555555554,36.810025
IMG_8522.JPG,2023:02:11 12:06:27,-1.2712805555555555,36.9968
IMG_7611.JPG,2023:02:09 09:15:29,-1.285686111111111,36.81901388888889
IMG_8244.JPG,2023:02:11 11:01:47,-1.285847222222222,36.95513888888889
IMG_7177.JPG,2023:02:05 10:35:15,-1.2890333333333333,36.79823055555556
IMG_6269.JPG,2023:02:01 14:16:10,-1.2690527777777778,36.83233333333334
IMG_7610.JPG,2023:02:09 09:12:55,-1.286808333333333,36.81666944444445
IMG_8523.JPG,2023:02:11 12:07:17,-1.2708888888888887,36.99616111111112
IMG_6268.JPG,2023:02:01 14:16:09,-1.2693027777777777,36.83196666666667
IMG_7176.JPG,2023:02:05 10:35:14,-1.289236111111111,36.79817222222222
IMG_8245.JPG,2023:02:11 11:01:49,-1.2856249999999998,36.95545277777778
IMG_7162.JPG,2023:02:05 10:34:48,-1.2895027777777777,36.79688611111111
IMG_8251.JPG,2023:02:11 11:02:13,-1.2837805555555557,36.95840833333334
IMG_7604.JPG,2023:02:09 09:10:28,-1.2899027777777776,36.80976944444444
IMG_8537.JPG,2023:02:11 12:09:57,-1.2674777777777777,36.990569444444446
IMG_6532.JPG,2023:02:03 13:48:47,-1.298997222222222,36.78818055555556
IMG_6254.JPG,2023:02:01 14:15:35,-1.2731305555555554,36.82612777777778
IMG_0625.JPG,2023:02:20 10:39:03,-1.2988666666666666,36.78068055555556
IMG_8279.JPG,2023:02:11 11:04:16,-1.2756166666666666,36.97123055555556
IMG_6240.JPG,2023:02:01 14:15:01,-1.2766944444444444,36.82239166666667
IMG_0631.JPG,2023:02:20 10:40:15,-1.2990388888888889,36.77685555555556
IMG_7638.JPG,2023:02:09 09:40:43,-1.3131111111111111,36.85501944444445
IMG_6526.JPG,2023:02:03 13:46:12,-1.3020444444444446,36.78823888888888
IMG_8286.JPG,2023:02:11 11:04:51,-1.2734527777777778,36.97360555555556
IMG_0802.JPG,2023:02:20 11:04:50,-1.367727777777778,36.76765555555556
IMG_8292.JPG,2023:02:11 11:05:49,-1.2691333333333332,36.97847222222222
IMG_0816.JPG,2023:02:20 11:06:34,-1.380475,36.770577777777774
IMG_7837.JPG,2023:02:09 12:41:32,-1.3126027777777778,36.87007222222222
IMG_7189.JPG,2023:02:05 10:35:50,-1.2866166666666663,36.79908888888889
IMG_6297.JPG,2023:02:01 14:19:21,-1.2568916666666667,36.83364722222223
IMG_6283.JPG,2023:02:01 14:17:38,-1.2614277777777778,36.83899722222223
IMG_7823.JPG,2023:02:09 12:38:45,-1.3121027777777778,36.87036111111111
IMG_8047.JPG,2023:02:11 10:31:14,-1.2985749999999998,36.79873611111111
IMG_7374.JPG,2023:02:05 12:01:04,-1.297011111111111,36.80271944444444
IMG_8721.JPG,2023:02:12 08:24:40,-1.2139694444444444,36.661202777777774
IMG_7412.JPG,2023:02:05 12:03:14,-1.2990638888888888,36.79723055555555
IMG_8735.JPG,2023:02:12 10:08:45,-1.0765083333333334,36.32808888888889
IMG_7406.JPG,2023:02:05 12:02:55,-1.2988805555555554,36.79823333333333
IMG_8053.JPG,2023:02:11 10:32:11,-1.297811111111111,36.80339444444444
IMG_7360.JPG,2023:02:05 12:00:12,-1.295222222222222,36.800777777777775
IMG_7348.JPG,2023:02:05 11:59:16,-1.2901777777777776,36.79828888888888
IMG_8709.JPG,2023:02:12 08:22:39,-1.230963888888889,36.66782222222222
IMG_8084.JPG,2023:02:11 10:38:00,-1.2972166666666665,36.82315555555556
IMG_8090.JPG,2023:02:11 10:39:28,-1.3049555555555556,36.826725
IMG_8133.JPG,2023:02:11 10:46:02,-1.3299388888888888,36.86956944444445
IMG_7200.JPG,2023:02:05 10:37:19,-1.2864583333333333,36.80472222222222
IMG_8655.JPG,2023:02:12 08:09:12,-1.307975,36.73393888888889
IMG_7566.JPG,2023:02:08 13:09:06,-1.2674277777777778,36.822208333333336
IMG_8641.JPG,2023:02:12 08:06:51,-1.3011194444444445,36.75558888888889
IMG_8127.JPG,2023:02:11 10:45:04,-1.331052777777778,36.86141666666667
IMG_7214.JPG,2023:02:05 10:38:13,-1.2814333333333332,36.80721388888889
IMG_8669.JPG,2023:02:12 08:13:00,-1.3033611111111112,36.70579444444445
IMG_7228.JPG,2023:02:05 10:38:59,-1.2778194444444444,36.8055
IMG_8696.JPG,2023:02:12 08:20:14,-1.2536944444444444,36.663525
IMG_8682.JPG,2023:02:12 08:17:02,-1.2820361111111112,36.67445277777777
IMG_6877.JPG,2023:02:04 11:52:22,-1.3373416666666669,36.77460555555555
IMG_8457.JPG,2023:02:11 11:44:07,-1.2810055555555555,37.05704444444444
IMG_7002.JPG,2023:02:04 15:10:05,-1.346097222222222,36.76553611111111
IMG_8331.JPG,2023:02:11 11:21:35,-1.2664055555555556,36.98895555555556
IMG_7016.JPG,2023:02:04 15:12:08,-1.3391583333333332,36.77204444444445
IMG_8325.JPG,2023:02:11 11:20:56,-1.265825,36.98784722222222
IMG_0779.JPG,2023:02:20 11:01:48,-1.351038888888889,36.763219444444445
IMG_6308.JPG,2023:02:01 14:23:26,-1.2488194444444445,36.81786666666667
IMG_8443.JPG,2023:02:11 11:41:32,-1.2793194444444445,37.04604722222222
IMG_6446.JPG,2023:02:03 12:51:22,-1.3141055555555556,36.79049722222222
IMG_0751.JPG,2023:02:20 10:59:00,-1.341411111111111,36.75757222222222
IMG_6320.JPG,2023:02:01 17:07:14,-1.2286416666666669,36.804563888888886
IMG_8319.JPG,2023:02:11 11:19:39,-1.264925,36.985594444444445
IMG_0745.JPG,2023:02:20 10:58:05,-1.3408555555555557,36.75354444444445
IMG_6334.JPG,2023:02:01 17:09:35,-1.2346694444444446,36.80338333333333
IMG_6452.JPG,2023:02:03 13:11:01,-1.308836111111111,36.78277222222222
IMG_8494.JPG,2023:02:11 11:58:22,-1.2780527777777777,37.03219166666666
IMG_8480.JPG,2023:02:11 11:56:22,-1.2792222222222225,37.04405555555555
IMG_6485.JPG,2023:02:03 13:44:23,-1.3057888888888889,36.78535
IMG_0792.JPG,2023:02:20 11:03:23,-1.3597361111111113,36.76267222222222
IMG_0786.JPG,2023:02:20 11:02:41,-1.3559583333333334,36.76206666666667
IMG_6491.JPG,2023:02:03 13:44:37,-1.3060083333333334,36.78605555555556
IMG_8484.JPG,2023:02:11 11:56:56,-1.2788694444444444,37.04059166666666
IMG_8490.JPG,2023:02:11 11:57:57,-1.278338888888889,37.03517222222222
IMG_6495.JPG,2023:02:03 13:44:44,-1.3061944444444444,36.78660555555555
IMG_0782.JPG,2023:02:20 11:02:06,-1.352688888888889,36.76274444444445
IMG_0796.JPG,2023:02:20 11:03:59,-1.3637694444444446,36.765502777777776
IMG_6481.JPG,2023:02:03 13:44:17,-1.3058222222222222,36.78491666666667
IMG_8447.JPG,2023:02:11 11:42:22,-1.2796694444444443,37.048763888888885
IMG_8321.JPG,2023:02:11 11:20:00,-1.26515,36.98623888888889
IMG_7012.JPG,2023:02:04 15:11:20,-1.3414166666666667,36.76893055555556
IMG_6318.JPG,2023:02:01 17:07:09,-1.2280444444444445,36.80515277777778
IMG_8335.JPG,2023:02:11 11:21:58,-1.2667777777777778,36.989577777777775
IMG_7006.JPG,2023:02:04 15:11:02,-1.3423222222222222,36.76691944444444
IMG_0769.JPG,2023:02:20 11:00:42,-1.3452166666666665,36.765927777777776
IMG_8453.JPG,2023:02:11 11:43:04,-1.2799944444444444,37.05184166666666
IMG_6456.JPG,2023:02:03 13:17:16,-1.3085777777777778,36.781844444444445
IMG_6330.JPG,2023:02:01 17:08:48,-1.2333527777777775,36.80323055555555
IMG_0741.JPG,2023:02:20 10:55:10,-1.3387944444444444,36.73910277777778
IMG_6324.JPG,2023:02:01 17:08:18,-1.2317833333333337,36.803397222222216
IMG_8309.JPG,2023:02:11 11:18:34,-1.2642583333333333,36.98334444444445
IMG_0755.JPG,2023:02:20 10:59:27,-1.3416805555555555,36.759613888888886
IMG_6442.JPG,2023:02:03 12:48:31,-1.3152722222222222,36.78973888888888
IMG_8686.JPG,2023:02:12 08:17:59,-1.275025,36.667319444444445
IMG_6873.JPG,2023:02:04 11:51:52,-1.3350027777777778,36.778055555555554
IMG_8692.JPG,2023:02:12 08:19:16,-1.263402777777778,36.66011111111111
Animal.JPG,2023:02:09 12:41:49,-1.3127027777777778,36.87007777777778
IMG_7210.JPG,2023:02:05 10:37:41,-1.2848805555555554,36.80544722222222
IMG_8123.JPG,2023:02:11 10:44:19,-1.329772222222222,36.8559
IMG_7576.JPG,2023:02:08 13:21:44,-1.289211111111111,36.81221388888888
IMG_8645.JPG,2023:02:12 08:07:36,-1.3037805555555555,36.74833888888889
IMG_7562.JPG,2023:02:08 13:01:31,-1.248352777777778,36.81652777777777
IMG_8651.JPG,2023:02:12 08:08:35,-1.3064361111111111,36.73952222222222
IMG_7204.JPG,2023:02:05 10:37:28,-1.2857944444444442,36.80490277777778
IMG_8137.JPG,2023:02:11 10:46:36,-1.329688888888889,36.87135
IMG_8679.JPG,2023:02:12 08:16:13,-1.2862888888888888,36.680455555555554
IMG_7238.JPG,2023:02:05 10:39:35,-1.2786,36.803463888888885
IMG_8094.JPG,2023:02:11 10:40:05,-1.3085194444444446,36.82826111111111
IMG_8080.JPG,2023:02:11 10:37:14,-1.2926138888888887,36.820552777777785
IMG_7364.JPG,2023:02:05 12:00:31,-1.295122222222222,36.80226388888889
IMG_8057.JPG,2023:02:11 10:32:57,-1.2975055555555557,36.80486944444444
IMG_7402.JPG,2023:02:05 12:02:50,-1.2987638888888888,36.798830555555554
IMG_8731.JPG,2023:02:12 09:23:47,-1.0103722222222222,36.601680555555554
IMG_8725.JPG,2023:02:12 09:13:50,-1.055938888888889,36.60271388888889
IMG_7370.JPG,2023:02:05 12:00:44,-1.2953472222222222,36.80257222222222
IMG_8043.JPG,2023:02:11 10:30:40,-1.2984555555555557,36.798344444444446
IMG_7358.JPG,2023:02:05 11:59:58,-1.2944444444444445,36.80019444444444
IMG_8719.JPG,2023:02:12 08:24:25,-1.216616666666667,36.66255555555556
IMG_0812.JPG,2023:02:20 11:05:43,-1.375916666666667,36.76972222222222
IMG_8296.JPG,2023:02:11 11:06:19,-1.2675694444444443,36.97989444444445
IMG_0806.JPG,2023:02:20 11:05:09,-1.370625,36.767852777777776
IMG_8282.JPG,2023:02:11 11:04:36,-1.274222222222222,36.97268611111112
IMG_7827.JPG,2023:02:09 12:39:01,-1.3121027777777778,36.87036388888889
IMG_6287.JPG,2023:02:01 14:18:18,-1.2600472222222223,36.83680277777778
IMG_7199.JPG,2023:02:05 10:37:17,-1.2865555555555557,36.80467222222222
IMG_6293.JPG,2023:02:01 14:18:42,-1.2592333333333334,36.83551944444445
IMG_7833.JPG,2023:02:09 12:40:27,-1.312013888888889,36.87039444444444
IMG_8533.JPG,2023:02:11 12:09:06,-1.2686527777777776,36.9925
IMG_8255.JPG,2023:02:11 11:02:27,-1.282908333333333,36.95982222222222
IMG_7166.JPG,2023:02:05 10:34:56,-1.2896249999999998,36.79740833333333
IMG_6278.JPG,2023:02:01 14:17:08,-1.2626305555555557,36.839444444444446
IMG_8241.JPG,2023:02:11 11:01:34,-1.2865888888888888,36.95395277777778
IMG_7172.JPG,2023:02:05 10:35:07,-1.2896916666666665,36.798002777777775
IMG_8527.JPG,2023:02:11 12:08:35,-1.2694055555555557,36.99372222222223
IMG_7614.JPG,2023:02:09 09:20:02,-1.2856777777777777,36.82081111111111
IMG_6522.JPG,2023:02:03 13:46:00,-1.303063888888889,36.78815555555556
IMG_0635.JPG,2023:02:20 10:40:40,-1.2991277777777777,36.77508888888889
IMG_8269.JPG,2023:02:11 11:03:19,-1.2796472222222222,36.966119444444445
IMG_6244.JPG,2023:02:01 14:15:13,-1.275611111111111,36.82312777777778
IMG_6250.JPG,2023:02:01 14:15:23,-1.2745805555555556,36.82420555555556
IMG_6536.JPG,2023:02:03 13:48:54,-1.298447222222222,36.788069444444446
IMG_7628.JPG,2023:02:09 09:37:08,-1.3012555555555556,36.83768055555556
IMG_6251.JPG,2023:02:01 14:15:24,-1.2744666666666666,36.82435555555556
IMG_7629.JPG,2023:02:09 09:37:18,-1.302538888888889,36.83831944444445
IMG_6537.JPG,2023:02:03 13:48:56,-1.2983305555555555,36.788069444444446
IMG_6523.JPG,2023:02:03 13:46:02,-1.3029222222222223,36.78817222222222
IMG_6245.JPG,2023:02:01 14:15:15,-1.2754805555555555,36.8232
IMG_8268.JPG,2023:02:11 11:03:14,-1.279875,36.96563055555556
IMG_0634.JPG,2023:02:20 10:40:40,-1.299122222222222,36.77516944444445
IMG_7173.JPG,2023:02:05 10:35:09,-1.289586111111111,36.79807777777778
IMG_8240.JPG,2023:02:11 11:01:30,-1.2868805555555554,36.95347777777778
IMG_7615.JPG,2023:02:09 09:20:19,-1.285197222222222,36.82051944444445
IMG_8526.JPG,2023:02:11 12:08:31,-1.2694944444444445,36.99388611111111
IMG_8532.JPG,2023:02:11 12:09:02,-1.2687305555555557,36.99264444444445
IMG_6279.JPG,2023:02:01 14:17:10,-1.2625694444444444,36.83951388888889
IMG_7167.JPG,2023:02:05 10:34:58,-1.2896444444444444,36.79752777777777
IMG_8254.JPG,2023:02:11 11:02:23,-1.283111111111111,36.95951111111111
IMG_6292.JPG,2023:02:01 14:18:41,-1.259311111111111,36.83565277777778
IMG_7832.JPG,2023:02:09 12:40:26,-1.312013888888889,36.87039444444444
IMG_7826.JPG,2023:02:09 12:38:59,-1.3121027777777778,36.87036388888889
IMG_7198.JPG,2023:02:05 10:37:15,-1.2866444444444445,36.80463888888889
IMG_6286.JPG,2023:02:01 14:18:16,-1.260113888888889,36.83690555555556
IMG_8283.JPG,2023:02:11 11:04:39,-1.2741,36.97283611111112
IMG_0807.JPG,2023:02:20 11:05:15,-1.3714055555555555,36.76824166666667
IMG_8297.JPG,2023:02:11 11:06:28,-1.267097222222222,36.98031111111112
IMG_0813.JPG,2023:02:20 11:05:55,-1.3775638888888888,36.76995555555556
IMG_8718.JPG,2023:02:12 08:24:16,-1.2179805555555556,36.66274722222222
IMG_7359.JPG,2023:02:05 12:00:04,-1.294925,36.80038888888889
IMG_8724.JPG,2023:02:12 09:13:49,-1.0560888888888889,36.602647222222224
IMG_8042.JPG,2023:02:11 10:30:34,-1.2981388888888887,36.79826666666666
IMG_7371.JPG,2023:02:05 12:00:47,-1.295461111111111,36.80251666666666
IMG_8056.JPG,2023:02:11 10:32:30,-1.2975833333333333,36.80418333333333
IMG_7365.JPG,2023:02:05 12:00:35,-1.2950527777777776,36.802391666666665
IMG_8730.JPG,2023:02:12 09:23:43,-1.0106666666666666,36.60147777777778
IMG_7403.JPG,2023:02:05 12:02:51,-1.2988055555555555,36.79862222222222
IMG_8081.JPG,2023:02:11 10:37:30,-1.2935777777777775,36.82098055555556
IMG_8095.JPG,2023:02:11 10:40:10,-1.3092777777777778,36.828613888888896
IMG_7239.JPG,2023:02:05 10:39:38,-1.278522222222222,36.80334722222222
IMG_8678.JPG,2023:02:12 08:16:02,-1.287113888888889,36.68160555555556
IMG_8650.JPG,2023:02:12 08:08:24,-1.3061027777777778,36.74114166666667
IMG_8136.JPG,2023:02:11 10:46:34,-1.3296972222222223,36.87116111111112
IMG_7205.JPG,2023:02:05 10:37:31,-1.2856527777777778,36.804944444444445
IMG_8122.JPG,2023:02:11 10:44:13,-1.329288888888889,36.85506388888889
IMG_7211.JPG,2023:02:05 10:38:08,-1.2820388888888887,36.80696944444444
IMG_8644.JPG,2023:02:12 08:07:20,-1.3028666666666666,36.750972222222224
IMG_8693.JPG,2023:02:12 08:19:29,-1.2612472222222222,36.66092777777778
IMG_6872.JPG,2023:02:04 11:51:38,-1.3346888888888888,36.778675
IMG_8687.JPG,2023:02:12 08:18:11,-1.2737611111111111,36.66573333333333
IMG_0754.JPG,2023:02:20 10:59:18,-1.3415527777777776,36.75852777777778
IMG_8308.JPG,2023:02:11 11:18:21,-1.264138888888889,36.98293055555556
IMG_6325.JPG,2023:02:01 17:08:19,-1.2317972222222224,36.80337222222222
IMG_6443.JPG,2023:02:03 12:48:35,-1.3147555555555557,36.78991944444444
IMG_6457.JPG,2023:02:03 13:17:26,-1.3090805555555556,36.78264166666666
IMG_0740.JPG,2023:02:20 10:55:02,-1.338666666666667,36.73812777777778
IMG_6331.JPG,2023:02:01 17:09:31,-1.234688888888889,36.80383055555555
IMG_0768.JPG,2023:02:20 11:00:38,-1.344486111111111,36.76620555555556
IMG_7007.JPG,2023:02:04 15:11:03,-1.3423388888888887,36.76714444444444
IMG_8334.JPG,2023:02:11 11:21:48,-1.2666388888888889,36.98936944444444
IMG_6319.JPG,2023:02:01 17:07:09,-1.2283361111111113,36.804744444444445
IMG_8452.JPG,2023:02:11 11:43:03,-1.279986111111111,37.05165555555556
IMG_8446.JPG,2023:02:11 11:42:13,-1.2796083333333332,37.04815
IMG_7013.JPG,2023:02:04 15:11:21,-1.3413305555555557,36.76905
IMG_8320.JPG,2023:02:11 11:19:47,-1.2649972222222223,36.985819444444445
IMG_0797.JPG,2023:02:20 11:04:13,-1.3646222222222224,36.76613055555556
IMG_6480.JPG,2023:02:03 13:44:16,-1.3058444444444446,36.78479444444445
IMG_6494.JPG,2023:02:03 13:44:42,-1.3061333333333334,36.786427777777774
IMG_0783.JPG,2023:02:20 11:02:14,-1.353827777777778,36.76222777777778
IMG_8491.JPG,2023:02:11 11:58:05,-1.2782444444444443,37.03423055555555
IMG_8485.JPG,2023:02:11 11:57:13,-1.278736111111111,37.03936111111111
IMG_8493.JPG,2023:02:11 11:58:16,-1.2781194444444444,37.03292222222222
IMG_8487.JPG,2023:02:11 11:57:45,-1.2784694444444444,37.03665833333333
IMG_6482.JPG,2023:02:03 13:44:18,-1.3058055555555557,36.78498055555556
IMG_0795.JPG,2023:02:20 11:03:50,-1.3628555555555557,36.764675
IMG_0781.JPG,2023:02:20 11:01:59,-1.3520194444444444,36.76290555555556
IMG_6496.JPG,2023:02:03 13:44:44,-1.3062222222222222,36.78669444444444
IMG_7788.JPG,2023:02:09 12:20:44,-1.3147111111111112,36.87216388888889
IMG_8450.JPG,2023:02:11 11:42:47,-1.279886111111111,37.05073055555555
IMG_7005.JPG,2023:02:04 15:11:01,-1.3423444444444443,36.76691111111111
IMG_8336.JPG,2023:02:11 11:22:12,-1.266997222222222,36.98991388888889
IMG_7011.JPG,2023:02:04 15:11:18,-1.3416027777777777,36.76869166666667
IMG_8322.JPG,2023:02:11 11:20:18,-1.265363888888889,36.98677777777778
IMG_8444.JPG,2023:02:11 11:41:59,-1.2800888888888888,37.04691388888889
IMG_6469.JPG,2023:02:03 13:43:51,-1.3067222222222223,36.78318888888889
IMG_6441.JPG,2023:02:03 12:42:26,-1.315463888888889,36.790255555555554
IMG_6327.JPG,2023:02:01 17:08:33,-1.232677777777778,36.80315
IMG_7039.JPG,2023:02:04 15:17:45,-1.3151111111111111,36.78948888888889
IMG_0756.JPG,2023:02:20 10:59:32,-1.3417472222222222,36.76031944444444
IMG_6333.JPG,2023:02:01 17:09:34,-1.2346666666666668,36.803425
IMG_0742.JPG,2023:02:20 10:55:33,-1.339175,36.74164444444445
IMG_8478.JPG,2023:02:11 11:56:05,-1.2793666666666663,37.045497222222224
IMG_6455.JPG,2023:02:03 13:11:19,-1.308775,36.78276388888889
IMG_8691.JPG,2023:02:12 08:19:08,-1.2650222222222225,36.65974722222222
IMG_8685.JPG,2023:02:12 08:17:49,-1.2762944444444444,36.66874444444444
IMG_6870.JPG,2023:02:04 11:51:33,-1.3344583333333333,36.77909722222222
IMG_8134.JPG,2023:02:11 10:46:24,-1.329772222222222,36.87046111111111
IMG_7207.JPG,2023:02:05 10:37:34,-1.2854444444444444,36.80506111111111
IMG_8652.JPG,2023:02:12 08:08:42,-1.3067,36.73837222222223
IMG_7561.JPG,2023:02:08 13:01:32,-1.2484444444444445,36.81662222222222
IMG_8646.JPG,2023:02:12 08:07:47,-1.3043277777777778,36.74672222222223
IMG_7575.JPG,2023:02:08 13:21:44,-1.289,36.81248055555555
IMG_8120.JPG,2023:02:11 10:43:42,-1.3271777777777778,36.85179166666667
IMG_7213.JPG,2023:02:05 10:38:11,-1.2817055555555554,36.80721944444444
IMG_8108.JPG,2023:02:11 10:41:56,-1.3199277777777778,36.83914444444445
IMG_8083.JPG,2023:02:11 10:37:54,-1.296486111111111,36.82271388888889
IMG_8097.JPG,2023:02:11 10:40:18,-1.3105472222222223,36.82922222222223
IMG_7398.JPG,2023:02:05 12:02:35,-1.2984638888888889,36.80029444444444
IMG_8040.JPG,2023:02:11 10:30:23,-1.2973027777777777,36.79808055555555
IMG_7373.JPG,2023:02:05 12:01:01,-1.296672222222222,36.80266111111111
IMG_8726.JPG,2023:02:12 09:17:12,-1.0431916666666667,36.60279722222222
IMG_8732.JPG,2023:02:12 09:26:56,-0.9971472222222222,36.60093611111111
IMG_7401.JPG,2023:02:05 12:02:48,-1.2987416666666665,36.79893888888888
IMG_8054.JPG,2023:02:11 10:32:18,-1.2976694444444443,36.80392777777777
IMG_7367.JPG,2023:02:05 12:00:38,-1.2950555555555554,36.80246666666666
IMG_8068.JPG,2023:02:11 10:34:37,-1.2939138888888888,36.81177777777778
IMG_0805.JPG,2023:02:20 11:05:04,-1.3700777777777775,36.76758611111111
IMG_8281.JPG,2023:02:11 11:04:26,-1.274922222222222,36.97194722222223
IMG_0811.JPG,2023:02:20 11:05:38,-1.375133333333333,36.76961111111111
IMG_8295.JPG,2023:02:11 11:06:14,-1.2678138888888888,36.97968333333333
IMG_7818.JPG,2023:02:09 12:38:18,-1.3121833333333337,36.870266666666666
IMG_7830.JPG,2023:02:09 12:39:09,-1.3121194444444444,36.87037222222222
IMG_6290.JPG,2023:02:01 14:18:31,-1.2596916666666669,36.83623611111111
IMG_6284.JPG,2023:02:01 14:18:12,-1.2602694444444444,36.83721388888889
IMG_7824.JPG,2023:02:09 12:38:51,-1.3121027777777778,36.87036388888889
IMG_6509.JPG,2023:02:03 13:45:13,-1.3051333333333337,36.78775
IMG_7617.JPG,2023:02:09 09:24:23,-1.2891194444444445,36.82062777777778
IMG_8524.JPG,2023:02:11 12:07:44,-1.270436111111111,36.99553888888889
IMG_7171.JPG,2023:02:05 10:35:05,-1.289736111111111,36.797919444444446
IMG_8242.JPG,2023:02:11 11:01:36,-1.286522222222222,36.95405555555556
IMG_7165.JPG,2023:02:05 10:34:55,-1.289572222222222,36.79728055555555
IMG_8256.JPG,2023:02:11 11:02:29,-1.282713888888889,36.96014722222223
IMG_7603.JPG,2023:02:09 09:10:27,-1.2899027777777776,36.80976944444444
IMG_8530.JPG,2023:02:11 12:08:53,-1.2689472222222222,36.99299166666667
IMG_6535.JPG,2023:02:03 13:48:50,-1.2985972222222222,36.788069444444446
IMG_8518.JPG,2023:02:11 12:05:31,-1.2729472222222222,36.99950833333333
IMG_6253.JPG,2023:02:01 14:15:33,-1.2733472222222222,36.82582222222223
IMG_0636.JPG,2023:02:20 10:40:44,-1.2991388888888888,36.774855555555554
IMG_7159.JPG,2023:02:05 10:34:43,-1.2893694444444443,36.79656666666666
IMG_6247.JPG,2023:02:01 14:15:17,-1.2751138888888889,36.82349444444445
IMG_6521.JPG,2023:02:03 13:45:50,-1.3037444444444446,36.78812222222222
IMG_6246.JPG,2023:02:01 14:15:16,-1.2752277777777776,36.82338055555556
IMG_7158.JPG,2023:02:05 10:34:42,-1.2892944444444443,36.79645277777777
IMG_0637.JPG,2023:02:20 10:40:49,-1.2991722222222222,36.77453055555556
IMG_6520.JPG,2023:02:03 13:45:49,-1.3037444444444446,36.78812222222222
IMG_8519.JPG,2023:02:11 12:05:41,-1.2725805555555556,36.99890555555556
IMG_6534.JPG,2023:02:03 13:48:49,-1.2986972222222222,36.788069444444446
IMG_6252.JPG,2023:02:01 14:15:25,-1.27435,36.82451666666667
IMG_8257.JPG,2023:02:11 11:02:32,-1.2825777777777778,36.960369444444446
IMG_7164.JPG,2023:02:05 10:34:53,-1.2895527777777778,36.79722777777778
IMG_8531.JPG,2023:02:11 12:08:56,-1.2688472222222222,36.992825
IMG_7602.JPG,2023:02:09 09:10:26,-1.2900666666666665,36.809530555555554
IMG_8525.JPG,2023:02:11 12:08:01,-1.2701694444444445,36.99499444444445
IMG_7616.JPG,2023:02:09 09:24:23,-1.2890388888888888,36.820569444444445
IMG_6508.JPG,2023:02:03 13:45:09,-1.3052777777777778,36.787708333333335
IMG_8243.JPG,2023:02:11 11:01:37,-1.2864583333333333,36.954169444444446
IMG_7170.JPG,2023:02:05 10:35:04,-1.2897277777777776,36.797875
IMG_6285.JPG,2023:02:01 14:18:13,-1.2602472222222223,36.837069444444445
IMG_7825.JPG,2023:02:09 12:38:58,-1.3121027777777778,36.87036388888889
IMG_7831.JPG,2023:02:09 12:39:57,-1.3121194444444444,36.870358333333336
IMG_6291.JPG,2023:02:01 14:18:39,-1.2593472222222222,36.83571944444445
IMG_8294.JPG,2023:02:11 11:06:07,-1.2680305555555555,36.97948611111112
IMG_0810.JPG,2023:02:20 11:05:33,-1.3742444444444444,36.76944722222222
IMG_7819.JPG,2023:02:09 12:38:20,-1.3121805555555557,36.870266666666666
IMG_8280.JPG,2023:02:11 11:04:24,-1.2750694444444444,36.97178611111112
IMG_0804.JPG,2023:02:20 11:04:57,-1.3689472222222223,36.76747777777778
IMG_8069.JPG,2023:02:11 10:34:41,-1.2939222222222222,36.81205
IMG_7400.JPG,2023:02:05 12:02:46,-1.2987027777777778,36.79914444444445
IMG_8733.JPG,2023:02:12 09:27:01,-0.9968805555555555,36.60086111111112
IMG_7366.JPG,2023:02:05 12:00:36,-1.2950499999999998,36.80243055555555
IMG_8055.JPG,2023:02:11 10:32:19,-1.2976388888888888,36.80396944444444
IMG_7372.JPG,2023:02:05 12:00:59,-1.296472222222222,36.80262222222222
IMG_8041.JPG,2023:02:11 10:30:32,-1.2979027777777776,36.79821944444444
IMG_8727.JPG,2023:02:12 09:22:53,-1.001363888888889,36.59317222222222
IMG_7399.JPG,2023:02:05 12:02:45,-1.2986777777777776,36.79924722222222
IMG_8096.JPG,2023:02:11 10:40:15,-1.3099055555555557,36.82893055555556
IMG_8082.JPG,2023:02:11 10:37:42,-1.294922222222222,36.821738888888895
IMG_6124.JPG,2023:01:30 10:32:56,-1.2964388888888887,36.79532777777778
IMG_8109.JPG,2023:02:11 10:41:58,-1.3201972222222222,36.8396
IMG_8647.JPG,2023:02:12 08:08:00,-1.3051527777777778,36.74452222222222
IMG_7212.JPG,2023:02:05 10:38:09,-1.2818805555555557,36.80704444444444
IMG_8121.JPG,2023:02:11 10:44:07,-1.328922222222222,36.85447222222222
IMG_7206.JPG,2023:02:05 10:37:32,-1.2855916666666665,36.80497777777777
IMG_8135.JPG,2023:02:11 10:46:29,-1.3297444444444444,36.87074722222222
IMG_8653.JPG,2023:02:12 08:08:55,-1.3072222222222225,36.73646111111111
IMG_6871.JPG,2023:02:04 11:51:37,-1.3346305555555555,36.77876666666666
IMG_8684.JPG,2023:02:12 08:17:35,-1.2779166666666666,36.67038333333333
IMG_8690.JPG,2023:02:12 08:18:58,-1.2667194444444445,36.65979444444445
IMG_0743.JPG,2023:02:20 10:57:55,-1.3407055555555554,36.75248333333333
IMG_6332.JPG,2023:02:01 17:09:33,-1.2346361111111113,36.80351944444444
IMG_6454.JPG,2023:02:03 13:11:05,-1.3088333333333333,36.78275
IMG_8479.JPG,2023:02:11 11:56:14,-1.2792805555555555,37.04469722222222
IMG_6440.JPG,2023:02:03 12:42:23,-1.3154333333333337,36.79029722222222
IMG_0757.JPG,2023:02:20 10:59:37,-1.3418444444444444,36.76108055555556
IMG_7038.JPG,2023:02:04 15:17:43,-1.315208333333333,36.78941111111111
IMG_6326.JPG,2023:02:01 17:08:26,-1.2323055555555558,36.8032
IMG_8323.JPG,2023:02:11 11:20:32,-1.2655083333333332,36.98713333333333
IMG_7010.JPG,2023:02:04 15:11:16,-1.3417694444444443,36.76844722222222
IMG_6468.JPG,2023:02:03 13:43:49,-1.3067611111111113,36.78313055555555
IMG_8445.JPG,2023:02:11 11:42:07,-1.2795416666666666,37.04765277777778
IMG_8451.JPG,2023:02:11 11:43:02,-1.279986111111111,37.05165555555556
IMG_8337.JPG,2023:02:11 11:22:22,-1.2671027777777777,36.99009722222223
IMG_7004.JPG,2023:02:04 15:11:00,-1.3424055555555554,36.76673611111111
IMG_0780.JPG,2023:02:20 11:01:52,-1.3513916666666668,36.76306111111112
IMG_7789.JPG,2023:02:09 12:21:32,-1.3142416666666668,36.87220833333333
IMG_6497.JPG,2023:02:03 13:44:46,-1.306238888888889,36.78677777777778
IMG_6483.JPG,2023:02:03 13:44:19,-1.305791666666667,36.78505
IMG_0794.JPG,2023:02:20 11:03:40,-1.3616194444444445,36.76356944444444
IMG_8486.JPG,2023:02:11 11:57:24,-1.2786472222222225,37.038513888888886
IMG_8492.JPG,2023:02:11 11:58:11,-1.2781833333333332,37.03363333333333
IMG_20230212_080700.jpg,2023:02:12 08:07:00,-1.2992503641666666,36.762954711666666
IMG_20230212_082117.jpg,2023:02:12 08:21:17,-1.2504570483333333,36.66455841055556
IMG_20230212_082103.jpg,2023:02:12 08:21:04,-1.2560166119444445,36.66281890861111
IMG_20230212_081344.jpg,2023:02:12 08:13:44,-1.3033380508333334,36.70571136472223
IMG_20230212_081350.jpg,2023:02:12 08:13:50,-1.3033380508333334,36.70571136472223
IMG_20230212_080728.jpg,2023:02:12 08:07:29,-1.3002673386111112,36.75717926
IMG_20230212_081218.jpg,2023:02:12 08:12:18,-1.3051530122222224,36.71574783305556
IMG_20230212_081224.jpg,2023:02:12 08:12:24,-1.3051530122222224,36.71574783305556
IMG_20230212_080847.jpg,2023:02:12 08:08:48,-1.305370211388889,36.74350357055555
IMG_20230212_080852.jpg,2023:02:12 08:08:52,-1.305370211388889,36.74350357055555
IMG_20230212_081231.jpg,2023:02:12 08:12:31,-1.3051530122222224,36.71574783305556
IMG_20230212_080715.jpg,2023:02:12 08:07:15,-1.3002673386111112,36.75717926
IMG_20230212_081147.jpg,2023:02:12 08:11:47,-1.3052599427777778,36.71598052972222
IMG_20230212_081151.jpg,2023:02:12 08:11:51,-1.3052599427777778,36.71598052972222
IMG_20230212_082128.jpg,2023:02:12 08:21:29,-1.2504570483333333,36.66455841055556
IMG_20230212_080924.jpg,2023:02:12 08:09:24,-1.306132793333333,36.73926162694445
IMG_20230212_081227.jpg,2023:02:12 08:12:27,-1.3051530122222224,36.71574783305556
IMG_20230212_081019.jpg,2023:02:12 08:10:19,-1.3075469730555556,36.73464965805556
IMG_20230212_081025.jpg,2023:02:12 08:10:25,-1.3075469730555556,36.73464965805556
IMG_20230212_081958.jpg,2023:02:12 08:19:58,-1.2605748175,36.661159515277774
IMG_20230212_080845.jpg,2023:02:12 08:08:45,-1.305370211388889,36.74350357055555
IMG_20230212_081232.jpg,2023:02:12 08:12:33,-1.3051530122222224,36.71574783305556
IMG_20230212_080931.jpg,2023:02:12 08:09:32,-1.306132793333333,36.73926162694445
IMG_20230212_081346.jpg,2023:02:12 08:13:46,-1.3033380508333334,36.70571136472223
IMG_20230212_080702.jpg,2023:02:12 08:07:02,-1.2992503641666666,36.762954711666666
IMG_20230212_080716.jpg,2023:02:12 08:07:17,-1.3002673386111112,36.75717926
IMG_20230212_080712.jpg,2023:02:12 08:07:13,-1.3002673386111112,36.75717926
IMG_20230212_080706.jpg,2023:02:12 08:07:07,-1.3002673386111112,36.75717926
IMG_20230212_081236.jpg,2023:02:12 08:12:36,-1.3051530122222224,36.71574783305556
IMG_20230212_081034.jpg,2023:02:12 08:10:34,-1.3075469730555556,36.73464965805556
IMG_20230212_081009.jpg,2023:02:12 08:10:09,-1.3075469730555556,36.73464965805556
IMG_20230212_080908.jpg,2023:02:12 08:09:09,-1.306132793333333,36.73926162694445
IMG_20230212_080934.jpg,2023:02:12 08:09:34,-1.306132793333333,36.73926162694445
IMG_20230212_081343.jpg,2023:02:12 08:13:43,-1.3033380508333334,36.70571136472223
IMG_20230212_082138.jpg,2023:02:12 08:21:38,-1.244521021666667,36.665328979444446
IMG_20230212_081141.jpg,2023:02:12 08:11:41,-1.3052599427777778,36.71598052972222
IMG_20230212_080711.jpg,2023:02:12 08:07:11,-1.3002673386111112,36.75717926
IMG_20230212_081221.jpg,2023:02:12 08:12:21,-1.3051530122222224,36.71574783305556
IMG_20230212_081037.jpg,2023:02:12 08:10:38,-1.3103799819444444,36.72858047472222
IMG_20230212_081023.jpg,2023:02:12 08:10:23,-1.3075469730555556,36.73464965805556
IMG_20230212_081022.jpg,2023:02:12 08:10:22,-1.3075469730555556,36.73464965805556
IMG_20230212_080857.jpg,2023:02:12 08:08:57,-1.305370211388889,36.74350357055555
IMG_20230212_080658.jpg,2023:02:12 08:06:58,-1.2992503641666666,36.762954711666666
IMG_20230212_081234.jpg,2023:02:12 08:12:35,-1.3051530122222224,36.71574783305556
IMG_20230212_080937.jpg,2023:02:12 08:09:38,-1.3076189755555556,36.73464965805556
IMG_20230212_082113.jpg,2023:02:12 08:21:14,-1.2504570483333333,36.66455841055556
IMG_20230212_080704.jpg,2023:02:12 08:07:05,-1.2992503641666666,36.762954711666666
IMG_20230212_081354.jpg,2023:02:12 08:13:54,-1.3033380508333334,36.70571136472223
IMG_20230212_081340.jpg,2023:02:12 08:13:41,-1.3033380508333334,36.70571136472223
IMG_20230212_080738.jpg,2023:02:12 08:07:38,-1.3015580175,36.75379180888889
IMG_20230212_081125.jpg,2023:02:12 08:11:25,-1.3105809686111112,36.72499847388889
IMG_20230212_081333.jpg,2023:02:12 08:13:34,-1.3051530122222224,36.71574783305556
IMG_20230212_080617.jpg,2023:02:12 08:06:17,-1.2992503641666666,36.762954711666666
IMG_20230212_081247.jpg,2023:02:12 08:12:47,-1.3051530122222224,36.71574783305556
IMG_20230212_080830.jpg,2023:02:12 08:08:31,-1.3036500213888889,36.74822998027778
IMG_20230212_080824.jpg,2023:02:12 08:08:24,-1.3036500213888889,36.74822998027778
IMG_20230212_081044.jpg,2023:02:12 08:10:44,-1.3103799819444444,36.72858047472222
IMG_20230212_080819.jpg,2023:02:12 08:08:19,-1.3036500213888889,36.74822998027778
IMG_20230212_081246.jpg,2023:02:12 08:12:46,-1.3051530122222224,36.71574783305556
IMG_20230212_081252.jpg,2023:02:12 08:12:53,-1.3051530122222224,36.71574783305556
IMG_20230212_080945.jpg,2023:02:12 08:09:45,-1.3076189755555556,36.73464965805556
IMG_20230212_081326.jpg,2023:02:12 08:13:26,-1.3051530122222224,36.71574783305556
IMG_20230212_081130.jpg,2023:02:12 08:11:30,-1.3105809686111112,36.72499847388889
IMG_20230212_081118.jpg,2023:02:12 08:11:18,-1.3105809686111112,36.72499847388889
IMG_20230212_080748.jpg,2023:02:12 08:07:48,-1.3015580175,36.75379180888889
IMG_20230212_082017.jpg,2023:02:12 08:20:17,-1.2605748175,36.661159515277774
IMG_20230212_082003.jpg,2023:02:12 08:20:04,-1.2605748175,36.661159515277774
IMG_20230212_080614.jpg,2023:02:12 08:06:15,-1.2992503641666666,36.762954711666666
IMG_20230212_081250.jpg,2023:02:12 08:12:50,-1.3051530122222224,36.71574783305556
IMG_20230212_081046.jpg,2023:02:12 08:10:46,-1.3103799819444444,36.72858047472222
IMG_20230212_081052.jpg,2023:02:12 08:10:52,-1.3103799819444444,36.72858047472222
IMG_20230212_080832.jpg,2023:02:12 08:08:33,-1.3036500213888889,36.74822998027778
IMG_20230212_080629.jpg,2023:02:12 08:06:29,-1.2992503641666666,36.762954711666666
IMG_20230212_080952.jpg,2023:02:12 08:09:53,-1.3076189755555556,36.73464965805556
IMG_20230212_081331.jpg,2023:02:12 08:13:32,-1.3051530122222224,36.71574783305556
IMG_20230212_080749.jpg,2023:02:12 08:07:49,-1.3015580175,36.75379180888889
IMG_20230212_081319.jpg,2023:02:12 08:13:19,-1.3051530122222224,36.71574783305556
IMG_20230212_081133.jpg,2023:02:12 08:11:33,-1.3105809686111112,36.72499847388889
IMG_20230212_081309.jpg,2023:02:12 08:13:10,-1.3051530122222224,36.71574783305556
IMG_20230212_080956.jpg,2023:02:12 08:09:56,-1.3076189755555556,36.73464965805556
IMG_20230212_080639.jpg,2023:02:12 08:06:40,-1.2992503641666666,36.762954711666666
IMG_20230212_081057.jpg,2023:02:12 08:10:57,-1.3103799819444444,36.72858047472222
IMG_20230212_081254.jpg,2023:02:12 08:12:55,-1.3051530122222224,36.71574783305556
IMG_20230212_081240.jpg,2023:02:12 08:12:40,-1.3051530122222224,36.71574783305556
IMG_20230212_080758.jpg,2023:02:12 08:07:58,-1.3015580175,36.75379180888889
IMG_20230212_081122.jpg,2023:02:12 08:11:22,-1.3105809686111112,36.72499847388889
IMG_20230212_081322.jpg,2023:02:12 08:13:23,-1.3051530122222224,36.71574783305556
IMG_20230212_080941.jpg,2023:02:12 08:09:41,-1.3076189755555556,36.73464965805556
IMG_20230212_080612.jpg,2023:02:12 08:06:12,-1.2992503641666666,36.762954711666666
IMG_20230212_080835.jpg,2023:02:12 08:08:36,-1.3036500213888889,36.74822998027778
IMG_20230212_081041.jpg,2023:02:12 08:10:41,-1.3103799819444444,36.72858047472222
IMG_20230212_081055.jpg,2023:02:12 08:10:55,-1.3103799819444444,36.72858047472222
IMG_20230212_080820.jpg,2023:02:12 08:08:21,-1.3036500213888889,36.74822998027778
IMG_20230212_080607.jpg,2023:02:12 08:06:07,-1.2992503641666666,36.762954711666666
IMG_20230212_081243.jpg,2023:02:12 08:12:44,-1.3051530122222224,36.71574783305556
IMG_20230212_081257.jpg,2023:02:12 08:12:57,-1.3051530122222224,36.71574783305556
IMG_20230212_080940.jpg,2023:02:12 08:09:40,-1.3076189755555556,36.73464965805556
IMG_20230212_081337.jpg,2023:02:12 08:13:38,-1.3051530122222224,36.71574783305556
IMG_20230212_081109.jpg,2023:02:12 08:11:10,-1.3105809686111112,36.72499847388889
IMG_20230212_081135.jpg,2023:02:12 08:11:35,-1.3105809686111112,36.72499847388889
IMG_20230212_081138.jpg,2023:02:12 08:11:39,-1.3052599427777778,36.71598052972222
IMG_20230212_081104.jpg,2023:02:12 08:11:04,-1.3103799819444444,36.72858047472222
IMG_20230212_080756.jpg,2023:02:12 08:07:57,-1.3015580175,36.75379180888889
IMG_20230212_082035.jpg,2023:02:12 08:20:35,-1.2560166119444445,36.66281890861111
IMG_20230212_080622.jpg,2023:02:12 08:06:22,-1.2992503641666666,36.762954711666666
IMG_20230212_080839.jpg,2023:02:12 08:08:39,-1.305370211388889,36.74350357055555
IMG_20230212_080805.jpg,2023:02:12 08:08:05,-1.3015580175,36.75379180888889
IMG_20230212_081059.jpg,2023:02:12 08:11:00,-1.3103799819444444,36.72858047472222
IMG_20230212_080958.jpg,2023:02:12 08:09:58,-1.3076189755555556,36.73464965805556
IMG_20230212_080743.jpg,2023:02:12 08:07:44,-1.3015580175,36.75379180888889
IMG_20230212_080755.jpg,2023:02:12 08:07:55,-1.3015580175,36.75379180888889
IMG_20230212_080741.jpg,2023:02:12 08:07:42,-1.3015580175,36.75379180888889
IMG_20230212_081305.jpg,2023:02:12 08:13:06,-1.3051530122222224,36.71574783305556
IMG_20230212_080635.jpg,2023:02:12 08:06:35,-1.2992503641666666,36.762954711666666
IMG_20230212_080609.jpg,2023:02:12 08:06:09,-1.2992503641666666,36.762954711666666
IMG_20230212_080812.jpg,2023:02:12 08:08:13,-1.3036500213888889,36.74822998027778
IMG_20230212_081933.jpg,2023:02:12 08:19:33,-1.2605555555555557,36.66111111111111
IMG_20230212_080807.jpg,2023:02:12 08:08:07,-1.3036500213888889,36.74822998027778
IMG_20230212_082037.jpg,2023:02:12 08:20:37,-1.2560166119444445,36.66281890861111
IMG_20230212_082157.jpg,2023:02:12 08:21:57,-1.244521021666667,36.665328979444446
IMG_20230212_080740.jpg,2023:02:12 08:07:40,-1.3015580175,36.75379180888889
IMG_20230212_082143.jpg,2023:02:12 08:21:43,-1.244521021666667,36.665328979444446
IMG_20230212_081106.jpg,2023:02:12 08:11:06,-1.3103799819444444,36.72858047472222
IMG_20230212_081112.jpg,2023:02:12 08:11:12,-1.3105809686111112,36.72499847388889
IMG_20230212_081116.jpg,2023:02:12 08:11:17,-1.3105809686111112,36.72499847388889
IMG_20230212_080624.jpg,2023:02:12 08:06:25,-1.2992503641666666,36.762954711666666
IMG_20230212_080630.jpg,2023:02:12 08:06:30,-1.2992503641666666,36.762954711666666
IMG_20230212_080803.jpg,2023:02:12 08:08:03,-1.3015580175,36.75379180888889
IMG_20230212_081936.jpg,2023:02:12 08:19:36,-1.2605748175,36.661159515277774
IMG_20230212_080619.jpg,2023:02:12 08:06:19,-1.2992503641666666,36.762954711666666
IMG_20230212_081329.jpg,2023:02:12 08:13:29,-1.3051530122222224,36.71574783305556
IMG_20230212_081315.jpg,2023:02:12 08:13:15,-1.3051530122222224,36.71574783305556
IMG_20230212_082150.jpg,2023:02:12 08:21:51,-1.244521021666667,36.665328979444446
IMG_20230212_080753.jpg,2023:02:12 08:07:54,-1.3015580175,36.75379180888889
IMG_20230212_080633.jpg,2023:02:12 08:06:33,-1.2992503641666666,36.762954711666666
IMG_20230212_082024.jpg,2023:02:12 08:20:25,-1.2605748175,36.661159515277774
IMG_20230212_080627.jpg,2023:02:12 08:06:27,-1.2992503641666666,36.762954711666666
IMG_20230212_080800.jpg,2023:02:12 08:08:00,-1.3015580175,36.75379180888889
IMG_20230212_081049.jpg,2023:02:12 08:10:49,-1.3103799819444444,36.72858047472222
IMG_20230212_080815.jpg,2023:02:12 08:08:16,-1.3036500213888889,36.74822998027778
IMG_20230212_080949.jpg,2023:02:12 08:09:50,-1.3076189755555556,36.73464965805556
IMG_20230212_080752.jpg,2023:02:12 08:07:52,-1.3015580175,36.75379180888889
IMG_20230212_080746.jpg,2023:02:12 08:07:47,-1.3015580175,36.75379180888889
IMG_20230212_081302.jpg,2023:02:12 08:13:03,-1.3051530122222224,36.71574783305556
IMG_20230212_081114.jpg,2023:02:12 08:11:14,-1.3105809686111112,36.72499847388889
IMG_20230212_081239.jpg,2023:02:12 08:12:39,-1.3051530122222224,36.71574783305556
IMG_20230212_080641.jpg,2023:02:12 08:06:41,-1.2992503641666666,36.762954711666666
IMG_20230212_081211.jpg,2023:02:12 08:12:11,-1.3051530122222224,36.71574783305556
IMG_20230212_081013.jpg,2023:02:12 08:10:14,-1.3075469730555556,36.73464965805556
IMG_20230212_081007.jpg,2023:02:12 08:10:07,-1.3076189755555556,36.73464965805556
IMG_20230212_081947.jpg,2023:02:12 08:19:48,-1.2605748175,36.661159515277774
IMG_20230212_081953.jpg,2023:02:12 08:19:53,-1.2605748175,36.661159515277774
IMG_20230212_080654.jpg,2023:02:12 08:06:55,-1.2992503641666666,36.762954711666666
IMG_20230212_080913.jpg,2023:02:12 08:09:14,-1.306132793333333,36.73926162694445
IMG_20230212_080708.jpg,2023:02:12 08:07:08,-1.3002673386111112,36.75717926
IMG_20230212_080720.jpg,2023:02:12 08:07:20,-1.3002673386111112,36.75717926
IMG_20230212_081158.jpg,2023:02:12 08:11:58,-1.3052599427777778,36.71598052972222
IMG_20230212_080736.jpg,2023:02:12 08:07:36,-1.3002673386111112,36.75717926
IMG_20230212_080722.jpg,2023:02:12 08:07:22,-1.3002673386111112,36.75717926
IMG_20230212_080905.jpg,2023:02:12 08:09:05,-1.305370211388889,36.74350357055555
IMG_20230212_080642.jpg,2023:02:12 08:06:42,-1.2992503641666666,36.762954711666666
IMG_20230212_080656.jpg,2023:02:12 08:06:56,-1.2992503641666666,36.762954711666666
IMG_20230212_081945.jpg,2023:02:12 08:19:45,-1.2605748175,36.661159515277774
IMG_20230212_081011.jpg,2023:02:12 08:10:12,-1.3075469730555556,36.73464965805556
IMG_20230212_081039.jpg,2023:02:12 08:10:40,-1.3103799819444444,36.72858047472222
IMG_20230212_080910.jpg,2023:02:12 08:09:10,-1.306132793333333,36.73926162694445
IMG_20230212_082108.jpg,2023:02:12 08:21:09,-1.2504570483333333,36.66455841055556
IMG_20230212_082124.jpg,2023:02:12 08:21:25,-1.2504570483333333,36.66455841055556
IMG_20230212_081217.jpg,2023:02:12 08:12:17,-1.3051530122222224,36.71574783305556
IMG_20230212_080647.jpg,2023:02:12 08:06:47,-1.2992503641666666,36.762954711666666
IMG_20230212_081015.jpg,2023:02:12 08:10:15,-1.3075469730555556,36.73464965805556
IMG_20230212_081029.jpg,2023:02:12 08:10:30,-1.3075469730555556,36.73464965805556
IMG_20230212_081028.jpg,2023:02:12 08:10:28,-1.3075469730555556,36.73464965805556
IMG_20230212_081000.jpg,2023:02:12 08:10:01,-1.3076189755555556,36.73464965805556
IMG_20230212_080652.jpg,2023:02:12 08:06:52,-1.2992503641666666,36.762954711666666
IMG_20230212_080646.jpg,2023:02:12 08:06:46,-1.2992503641666666,36.762954711666666
IMG_20230212_080929.jpg,2023:02:12 08:09:29,-1.306132793333333,36.73926162694445
IMG_20230212_080726.jpg,2023:02:12 08:07:26,-1.3002673386111112,36.75717926
IMG_20230212_082119.jpg,2023:02:12 08:21:19,-1.2504570483333333,36.66455841055556
IMG_20230212_080730.jpg,2023:02:12 08:07:30,-1.3002673386111112,36.75717926
IMG_20230212_080917.jpg,2023:02:12 08:09:18,-1.306132793333333,36.73926162694445
IMG_20230212_081214.jpg,2023:02:12 08:12:15,-1.3051530122222224,36.71574783305556
IMG_20230212_081228.jpg,2023:02:12 08:12:28,-1.3051530122222224,36.71574783305556
IMG_20230212_080650.jpg,2023:02:12 08:06:51,-1.2992503641666666,36.762954711666666
IMG_20230212_081016.jpg,2023:02:12 08:10:16,-1.3075469730555556,36.73464965805556
IMG_20230212_081003.jpg,2023:02:12 08:10:03,-1.3076189755555556,36.73464965805556
IMG_20230212_081017.jpg,2023:02:12 08:10:17,-1.3075469730555556,36.73464965805556
IMG_20230212_082052.jpg,2023:02:12 08:20:52,-1.2560166119444445,36.66281890861111
IMG_20230212_080902.jpg,2023:02:12 08:09:02,-1.305370211388889,36.74350357055555
