panoid,lat,lon,year,month,img_path,angle,type,img_name
IMG_7790,-1.3140888888888889,36.87233055555556,2023,2,Used/,,Self,IMG_7790
IMG_0799,-1.3660222222222222,36.76688333333333,2023,2,Used/,,Self,IMG_0799
IMG_6303,-1.2518972222222222,36.82538611111112,2023,2,Used/,,Self,IMG_6303
IMG_0772,-1.3467583333333333,36.765344444444445,2023,2,Used/,,Self,IMG_0772
IMG_8448,-1.2797305555555556,37.04933611111111,2023,2,Used/,,Self,IMG_8448
IMG_6465,-1.3069388888888889,36.78382222222222,2023,2,Used/,,Self,IMG_6465
IMG_6471,-1.3064944444444444,36.78350833333333,2023,2,Used/,,Self,IMG_6471
IMG_6317,-1.2280444444444445,36.80515277777778,2023,2,Used/,,Self,IMG_6317
IMG_0766,-1.3427749999999998,36.76687222222222,2023,2,Used/,,Self,IMG_0766
IMG_7009,-1.3421194444444444,36.767719444444445,2023,2,Used/,,Self,IMG_7009
IMG_7021,-1.3370583333333332,36.77475277777778,2023,2,Used/,,Self,IMG_7021
IMG_8312,-1.2645194444444443,36.98424166666667,2023,2,Used/,,Self,IMG_8312
IMG_7747,-1.3150722222222222,36.87216111111111,2023,2,Used/,,Self,IMG_7747
IMG_8474,-1.279736111111111,37.048788888888886,2023,2,Used/,,Self,IMG_8474
IMG_6459,-1.309036111111111,36.78270555555555,2023,2,Used/,,Self,IMG_6459
IMG_8460,-1.281863888888889,37.06008611111111,2023,2,Used/,,Self,IMG_8460
IMG_7035,-1.3156861111111111,36.78896666666667,2023,2,Used/,,Self,IMG_7035
IMG_8306,-1.2641694444444445,36.98248333333333,2023,2,Used/,,Self,IMG_8306
IMG_8689,-1.2690027777777777,36.66056111111111,2023,2,Used/,,Self,IMG_8689
IMG_8138,-1.3296805555555555,36.87144722222222,2023,2,Used/,,Self,IMG_8138
IMG_8676,-1.2896027777777777,36.68384444444444,2023,2,Used/,,Self,IMG_8676
IMG_8110,-1.321161111111111,36.84127777777778,2023,2,Used/,,Self,IMG_8110
IMG_7223,-1.279288888888889,36.80681666666666,2023,2,Used/,,Self,IMG_7223
IMG_8104,-1.3173638888888888,36.83488888888889,2023,2,Used/,,Self,IMG_8104
IMG_7237,-1.278725,36.80363611111111,2023,2,Used/,,Self,IMG_7237
IMG_8662,-1.3094222222222225,36.72746388888889,2023,2,Used/,,Self,IMG_8662
IMG_7394,-1.2982333333333331,36.80170833333333,2023,2,Used/,,Self,IMG_7394
IMG_7380,-1.297711111111111,36.80299444444445,2023,2,Used/,,Self,IMG_7380
IMG_8058,-1.2973277777777776,36.80565555555555,2023,2,Used/,,Self,IMG_8058
IMG_8702,-1.2401777777777778,36.66569444444444,2023,2,Used/,,Self,IMG_8702
IMG_8064,-1.2960083333333332,36.808727777777776,2023,2,Used/,,Self,IMG_8064
IMG_7357,-1.294311111111111,36.80016388888889,2023,2,Used/,,Self,IMG_7357
IMG_8070,-1.2950722222222222,36.81259166666666,2023,2,Used/,,Self,IMG_8070
IMG_7343,-1.2896416666666666,36.7981,2023,2,Used/,,Self,IMG_7343
IMG_8716,-1.2214250000000002,36.66322777777778,2023,2,Used/,,Self,IMG_8716
IMG_8299,-1.2657027777777778,36.98136111111111,2023,2,Used/,,Self,IMG_8299
IMG_7814,-1.3126277777777775,36.87094444444445,2023,2,Used/,,Self,IMG_7814
IMG_7800,-1.312913888888889,36.87211666666667,2023,2,Used/,,Self,IMG_7800
IMG_0809,-1.3735444444444445,36.769213888888885,2023,2,Used/,,Self,IMG_0809
IMG_6288,-1.259961111111111,36.836666666666666,2023,2,Used/,,Self,IMG_6288
IMG_7196,-1.2869555555555554,36.80060555555556,2023,2,Used/,,Self,IMG_7196
IMG_7828,-1.3121055555555556,36.87036111111111,2023,2,Used/,,Self,IMG_7828
IMG_7182,-1.288333333333333,36.79842222222222,2023,2,Used/,,Self,IMG_7182
IMG_7169,-1.2897055555555554,36.79776388888889,2023,2,Used/,,Self,IMG_7169
IMG_6277,-1.2632555555555556,36.83839444444445,2023,2,Used/,,Self,IMG_6277
IMG_6511,-1.304936111111111,36.7878,2023,2,Used/,,Self,IMG_6511
IMG_6505,-1.3055361111111112,36.787619444444445,2023,2,Used/,,Self,IMG_6505
IMG_8528,-1.2693055555555557,36.99356111111111,2023,2,Used/,,Self,IMG_8528
IMG_6263,-1.2710055555555555,36.82926111111112,2023,2,Used/,,Self,IMG_6263
IMG_7155,-1.289655555555555,36.79624166666667,2023,2,Used/,,Self,IMG_7155
IMG_8266,-1.2802361111111111,36.964775,2023,2,Used/,,Self,IMG_8266
IMG_7633,-1.3119583333333331,36.85140555555556,2023,2,Used/,,Self,IMG_7633
IMG_8500,-1.2772416666666666,37.02365555555556,2023,2,Used/,,Self,IMG_8500
IMG_6539,-1.2980944444444442,36.788075,2023,2,Used/,,Self,IMG_6539
IMG_7627,-1.3003472222222223,36.83722777777778,2023,2,Used/,,Self,IMG_7627
IMG_8514,-1.275283333333333,37.003875,2023,2,Used/,,Self,IMG_8514
IMG_7141,-1.2960027777777776,36.79541111111111,2023,2,Used/,,Self,IMG_7141
IMG_8272,-1.2789638888888888,36.96742777777778,2023,2,Used/,,Self,IMG_8272
IMG_8515,-1.2740361111111111,37.00127777777778,2023,2,Used/,,Self,IMG_8515
IMG_7626,-1.299811111111111,36.83710833333333,2023,2,Used/,,Self,IMG_7626
IMG_6538,-1.2982777777777776,36.788066666666666,2023,2,Used/,,Self,IMG_6538
IMG_8273,-1.278761111111111,36.96776111111112,2023,2,Used/,,Self,IMG_8273
IMG_7140,-1.296086111111111,36.79543333333333,2023,2,Used/,,Self,IMG_7140
IMG_8267,-1.2799222222222222,36.96553611111111,2023,2,Used/,,Self,IMG_8267
IMG_7154,-1.2897888888888889,36.796188888888885,2023,2,Used/,,Self,IMG_7154
IMG_8501,-1.2769388888888888,37.02003055555556,2023,2,Used/,,Self,IMG_8501
IMG_7632,-1.3119166666666666,36.85130277777778,2023,2,Used/,,Self,IMG_7632
IMG_8529,-1.269172222222222,36.99336944444445,2023,2,Used/,,Self,IMG_8529
IMG_6504,-1.305725,36.78754444444444,2023,2,Used/,,Self,IMG_6504
IMG_6262,-1.2712222222222225,36.828919444444445,2023,2,Used/,,Self,IMG_6262
IMG_6276,-1.2635722222222223,36.837872222222224,2023,2,Used/,,Self,IMG_6276
IMG_7168,-1.289672222222222,36.79765277777778,2023,2,Used/,,Self,IMG_7168
IMG_6510,-1.3050388888888889,36.78776388888889,2023,2,Used/,,Self,IMG_6510
IMG_7183,-1.2876138888888888,36.79861388888889,2023,2,Used/,,Self,IMG_7183
IMG_7197,-1.28755,36.80258055555555,2023,2,Used/,,Self,IMG_7197
IMG_6289,-1.2597138888888888,36.836288888888895,2023,2,Used/,,Self,IMG_6289
IMG_7829,-1.3121222222222222,36.87036111111111,2023,2,Used/,,Self,IMG_7829
IMG_7801,-1.31275,36.87213611111111,2023,2,Used/,,Self,IMG_7801
IMG_0808,-1.3727222222222222,36.76889722222222,2023,2,Used/,,Self,IMG_0808
IMG_8298,-1.2662166666666668,36.98101388888889,2023,2,Used/,,Self,IMG_8298
IMG_7815,-1.3127305555555555,36.87069722222223,2023,2,Used/,,Self,IMG_7815
IMG_7342,-1.289597222222222,36.79810555555555,2023,2,Used/,,Self,IMG_7342
IMG_8071,-1.2948694444444444,36.813538888888885,2023,2,Used/,,Self,IMG_8071
IMG_8717,-1.2192833333333335,36.662952777777775,2023,2,Used/,,Self,IMG_8717
IMG_8703,-1.239988888888889,36.665725,2023,2,Used/,,Self,IMG_8703
IMG_7356,-1.2939305555555554,36.79987222222222,2023,2,Used/,,Self,IMG_7356
IMG_8065,-1.295436111111111,36.80943611111111,2023,2,Used/,,Self,IMG_8065
IMG_8059,-1.2970805555555551,36.80679444444444,2023,2,Used/,,Self,IMG_8059
IMG_7381,-1.2977638888888887,36.80304444444444,2023,2,Used/,,Self,IMG_7381
IMG_7395,-1.2983333333333331,36.80111111111111,2023,2,Used/,,Self,IMG_7395
IMG_7236,-1.2787694444444444,36.803825,2023,2,Used/,,Self,IMG_7236
IMG_8105,-1.3179277777777778,36.835794444444446,2023,2,Used/,,Self,IMG_8105
IMG_8663,-1.308652777777778,36.72634722222222,2023,2,Used/,,Self,IMG_8663
IMG_8677,-1.288186111111111,36.68273611111111,2023,2,Used/,,Self,IMG_8677
IMG_7222,-1.2795138888888888,36.806955555555554,2023,2,Used/,,Self,IMG_7222
IMG_8111,-1.3215472222222222,36.84203611111111,2023,2,Used/,,Self,IMG_8111
IMG_8139,-1.3296083333333333,36.87215555555556,2023,2,Used/,,Self,IMG_8139
IMG_6869,-1.3343972222222222,36.77933055555555,2023,2,Used/,,Self,IMG_6869
IMG_8688,-1.2714694444444443,36.662752777777776,2023,2,Used/,,Self,IMG_8688
IMG_8461,-1.2822055555555556,37.06131388888888,2023,2,Used/,,Self,IMG_8461
IMG_8307,-1.264113888888889,36.982594444444445,2023,2,Used/,,Self,IMG_8307
IMG_7034,-1.3159361111111112,36.788783333333335,2023,2,Used/,,Self,IMG_7034
IMG_8313,-1.2645277777777777,36.98430555555556,2023,2,Used/,,Self,IMG_8313
IMG_7020,-1.3374194444444445,36.77393611111111,2023,2,Used/,,Self,IMG_7020
IMG_6458,-1.3090416666666669,36.782694444444445,2023,2,Used/,,Self,IMG_6458
IMG_8475,-1.2796999999999998,37.04845833333333,2023,2,Used/,,Self,IMG_8475
IMG_7746,-1.3149111111111111,36.87208055555556,2023,2,Used/,,Self,IMG_7746
IMG_6470,-1.3066111111111112,36.78337222222222,2023,2,Used/,,Self,IMG_6470
IMG_7008,-1.342275,36.76730555555555,2023,2,Used/,,Self,IMG_7008
IMG_0767,-1.343511111111111,36.766533333333335,2023,2,Used/,,Self,IMG_0767
IMG_6316,-1.2336583333333333,36.80325277777777,2023,2,Used/,,Self,IMG_6316
IMG_0773,-1.347247222222222,36.76517222222222,2023,2,Used/,,Self,IMG_0773
IMG_6302,-1.2522055555555556,36.82864722222222,2023,2,Used/,,Self,IMG_6302
IMG_6464,-1.3069388888888889,36.78382222222222,2023,2,Used/,,Self,IMG_6464
IMG_8449,-1.2797611111111111,37.04963611111111,2023,2,Used/,,Self,IMG_8449
IMG_7791,-1.3132666666666668,36.87263611111111,2023,2,Used/,,Self,IMG_7791
IMG_0798,-1.365313888888889,36.76649722222222,2023,2,Used/,,Self,IMG_0798
IMG_8488,-1.2784555555555557,37.036544444444445,2023,2,Used/,,Self,IMG_8488
IMG_7793,-1.3132555555555556,36.8726,2023,2,Used/,,Self,IMG_7793
IMG_6499,-1.3062027777777778,36.787052777777774,2023,2,Used/,,Self,IMG_6499
IMG_6314,-1.2404611111111112,36.81297222222222,2023,2,Used/,,Self,IMG_6314
IMG_0765,-1.3425333333333334,36.76698611111111,2023,2,Used/,,Self,IMG_0765
IMG_8339,-1.2676888888888889,36.99104444444445,2023,2,Used/,,Self,IMG_8339
IMG_6472,-1.3064,36.78366388888889,2023,2,Used/,,Self,IMG_6472
IMG_6466,-1.3068222222222223,36.78303888888889,2023,2,Used/,,Self,IMG_6466
IMG_6300,-1.2555305555555556,36.83241944444445,2023,2,Used/,,Self,IMG_6300
IMG_0771,-1.3460527777777778,36.76558888888889,2023,2,Used/,,Self,IMG_0771
IMG_6328,-1.2329305555555556,36.80314722222222,2023,2,Used/,,Self,IMG_6328
IMG_0759,-1.3420555555555556,36.76299722222223,2023,2,Used/,,Self,IMG_0759
IMG_8305,-1.264775,36.982108333333336,2023,2,Used/,,Self,IMG_8305
IMG_7036,-1.3155444444444444,36.78909444444445,2023,2,Used/,,Self,IMG_7036
IMG_8463,-1.2825305555555555,37.062977777777775,2023,2,Used/,,Self,IMG_8463
IMG_8477,-1.2794027777777777,37.04583333333333,2023,2,Used/,,Self,IMG_8477
IMG_7744,-1.314661111111111,36.87193611111111,2023,2,Used/,,Self,IMG_7744
IMG_8311,-1.2643694444444444,36.98368611111111,2023,2,Used/,,Self,IMG_8311
IMG_7022,-1.336822222222222,36.775055555555554,2023,2,Used/,,Self,IMG_7022
IMG_7208,-1.285147222222222,36.805213888888886,2023,2,Used/,,Self,IMG_7208
IMG_8649,-1.305913888888889,36.74205277777778,2023,2,Used/,,Self,IMG_8649
IMG_8661,-1.3103694444444445,36.72813055555556,2023,2,Used/,,Self,IMG_8661
IMG_7234,-1.2787694444444444,36.80396944444444,2023,2,Used/,,Self,IMG_7234
IMG_8107,-1.3190222222222223,36.83763611111112,2023,2,Used/,,Self,IMG_8107
IMG_7220,-1.2800194444444444,36.80713333333333,2023,2,Used/,,Self,IMG_7220
IMG_8113,-1.322622222222222,36.84410277777778,2023,2,Used/,,Self,IMG_8113
IMG_6880,-1.3644,36.74620555555556,2023,2,Used/,,Self,IMG_6880
IMG_8675,-1.2915027777777777,36.68499444444444,2023,2,Used/,,Self,IMG_8675
IMG_8098,-1.312561111111111,36.83015833333334,2023,2,Used/,,Self,IMG_8098
IMG_7383,-1.2980833333333333,36.803177777777776,2023,2,Used/,,Self,IMG_7383
IMG_7397,-1.29845,36.80040555555555,2023,2,Used/,,Self,IMG_7397
IMG_8729,-1.0141583333333333,36.60085277777778,2023,2,Used/,,Self,IMG_8729
IMG_7368,-1.2951388888888888,36.80258611111111,2023,2,Used/,,Self,IMG_7368
IMG_8715,-1.2254083333333334,36.66381944444444,2023,2,Used/,,Self,IMG_8715
IMG_7340,-1.2892944444444443,36.79821111111111,2023,2,Used/,,Self,IMG_7340
IMG_8073,-1.294336111111111,36.81443333333333,2023,2,Used/,,Self,IMG_8073
IMG_7354,-1.2918888888888889,36.79916388888888,2023,2,Used/,,Self,IMG_7354
IMG_8067,-1.2945555555555557,36.81105,2023,2,Used/,,Self,IMG_8067
IMG_8701,-1.2413277777777778,36.66553611111111,2023,2,Used/,,Self,IMG_8701
IMG_7803,-1.312738888888889,36.87212777777778,2023,2,Used/,,Self,IMG_7803
IMG_7817,-1.3121833333333337,36.87025555555556,2023,2,Used/,,Self,IMG_7817
IMG_7181,-1.288333333333333,36.79842222222222,2023,2,Used/,,Self,IMG_7181
IMG_7195,-1.2869138888888887,36.80044166666666,2023,2,Used/,,Self,IMG_7195
IMG_6260,-1.2716444444444444,36.82822777777778,2023,2,Used/,,Self,IMG_6260
IMG_6506,-1.3054666666666668,36.787638888888885,2023,2,Used/,,Self,IMG_6506
IMG_7618,-1.2911833333333331,36.81981666666667,2023,2,Used/,,Self,IMG_7618
IMG_6512,-1.3047777777777778,36.78789722222222,2023,2,Used/,,Self,IMG_6512
IMG_8259,-1.2822194444444444,36.96094166666667,2023,2,Used/,,Self,IMG_8259
IMG_6274,-1.2644194444444443,36.83669444444445,2023,2,Used/,,Self,IMG_6274
IMG_8271,-1.2791527777777778,36.96710555555556,2023,2,Used/,,Self,IMG_8271
IMG_7142,-1.295811111111111,36.79536111111111,2023,2,Used/,,Self,IMG_7142
IMG_8517,-1.2733805555555555,37.00023611111112,2023,2,Used/,,Self,IMG_8517
IMG_7624,-1.299786111111111,36.83690555555556,2023,2,Used/,,Self,IMG_7624
IMG_8503,-1.276536111111111,37.01580833333333,2023,2,Used/,,Self,IMG_8503
IMG_7630,-1.3120805555555557,36.850947222222224,2023,2,Used/,,Self,IMG_7630
IMG_8265,-1.280461111111111,36.964288888888895,2023,2,Used/,,Self,IMG_8265
IMG_7156,-1.2894277777777776,36.79624166666667,2023,2,Used/,,Self,IMG_7156
IMG_0639,-1.2992638888888888,36.77433888888888,2023,2,Used/,,Self,IMG_0639
IMG_6248,-1.2750055555555555,36.82363055555556,2023,2,Used/,,Self,IMG_6248
IMG_7631,-1.3117138888888888,36.85075,2023,2,Used/,,Self,IMG_7631
IMG_8502,-1.2766388888888889,37.01695,2023,2,Used/,,Self,IMG_8502
IMG_6249,-1.2749055555555555,36.82377222222223,2023,2,Used/,,Self,IMG_6249
IMG_0638,-1.2991722222222222,36.774391666666666,2023,2,Used/,,Self,IMG_0638
IMG_7157,-1.2894,36.79625,2023,2,Used/,,Self,IMG_7157
IMG_8264,-1.2806472222222225,36.96390555555556,2023,2,Used/,,Self,IMG_8264
IMG_7143,-1.2957638888888887,36.79535555555555,2023,2,Used/,,Self,IMG_7143
IMG_8270,-1.279388888888889,36.96666388888889,2023,2,Used/,,Self,IMG_8270
IMG_7625,-1.299688888888889,36.83693611111112,2023,2,Used/,,Self,IMG_7625
IMG_8516,-1.273863888888889,37.00098333333333,2023,2,Used/,,Self,IMG_8516
IMG_6513,-1.3047555555555557,36.78793611111111,2023,2,Used/,,Self,IMG_6513
IMG_6275,-1.2638666666666667,36.837447222222224,2023,2,Used/,,Self,IMG_6275
IMG_8258,-1.282433333333333,36.96058888888889,2023,2,Used/,,Self,IMG_8258
IMG_6261,-1.271536111111111,36.8284,2023,2,Used/,,Self,IMG_6261
IMG_7619,-1.2977277777777776,36.82960833333334,2023,2,Used/,,Self,IMG_7619
IMG_6507,-1.3053333333333337,36.78768611111111,2023,2,Used/,,Self,IMG_6507
IMG_7194,-1.2868638888888888,36.800244444444445,2023,2,Used/,,Self,IMG_7194
IMG_7180,-1.288436111111111,36.79839722222222,2023,2,Used/,,Self,IMG_7180
IMG_7816,-1.312186111111111,36.87022777777778,2023,2,Used/,,Self,IMG_7816
IMG_7802,-1.3127472222222225,36.87213055555556,2023,2,Used/,,Self,IMG_7802
IMG_8066,-1.2950277777777777,36.810294444444445,2023,2,Used/,,Self,IMG_8066
IMG_7355,-1.2921944444444444,36.79931666666666,2023,2,Used/,,Self,IMG_7355
IMG_8700,-1.2424222222222223,36.66532222222222,2023,2,Used/,,Self,IMG_8700
IMG_8714,-1.2265444444444449,36.663980555555554,2023,2,Used/,,Self,IMG_8714
IMG_8072,-1.2947277777777777,36.81386388888889,2023,2,Used/,,Self,IMG_8072
IMG_7341,-1.289561111111111,36.79811111111111,2023,2,Used/,,Self,IMG_7341
IMG_7369,-1.2952388888888888,36.80261111111111,2023,2,Used/,,Self,IMG_7369
IMG_8728,-1.0142083333333334,36.60087777777778,2023,2,Used/,,Self,IMG_8728
IMG_7396,-1.2983694444444442,36.80086388888888,2023,2,Used/,,Self,IMG_7396
IMG_7382,-1.2979833333333333,36.803177777777776,2023,2,Used/,,Self,IMG_7382
IMG_8099,-1.3151555555555556,36.83177222222223,2023,2,Used/,,Self,IMG_8099
IMG_8112,-1.3219944444444445,36.84287777777778,2023,2,Used/,,Self,IMG_8112
IMG_7221,-1.279758333333333,36.80706388888888,2023,2,Used/,,Self,IMG_7221
IMG_8674,-1.2940277777777776,36.68714722222222,2023,2,Used/,,Self,IMG_8674
IMG_8660,-1.3099694444444443,36.72677222222222,2023,2,Used/,,Self,IMG_8660
IMG_8106,-1.3182055555555556,36.83624722222223,2023,2,Used/,,Self,IMG_8106
IMG_7235,-1.2787722222222222,36.80389722222222,2023,2,Used/,,Self,IMG_7235
IMG_8648,-1.3055694444444446,36.74336944444445,2023,2,Used/,,Self,IMG_8648
IMG_7209,-1.2850555555555554,36.80528888888889,2023,2,Used/,,Self,IMG_7209
IMG_7745,-1.3147777777777778,36.87201944444445,2023,2,Used/,,Self,IMG_7745
IMG_8476,-1.2795944444444445,37.04749722222222,2023,2,Used/,,Self,IMG_8476
IMG_7023,-1.3294638888888888,36.78012222222222,2023,2,Used/,,Self,IMG_7023
IMG_8310,-1.264325,36.98356111111112,2023,2,Used/,,Self,IMG_8310
IMG_7037,-1.3153472222222222,36.78927222222222,2023,2,Used/,,Self,IMG_7037
IMG_8304,-1.2649694444444444,36.98187222222222,2023,2,Used/,,Self,IMG_8304
IMG_0758,-1.3419166666666666,36.761744444444446,2023,2,Used/,,Self,IMG_0758
IMG_6329,-1.2333527777777775,36.80323055555555,2023,2,Used/,,Self,IMG_6329
IMG_8462,-1.2824027777777778,37.062172222222216,2023,2,Used/,,Self,IMG_8462
IMG_6467,-1.3067944444444446,36.78308055555556,2023,2,Used/,,Self,IMG_6467
IMG_0770,-1.345636111111111,36.76572777777778,2023,2,Used/,,Self,IMG_0770
IMG_6301,-1.2523944444444444,36.82873611111111,2023,2,Used/,,Self,IMG_6301
IMG_8338,-1.2674527777777778,36.99066111111111,2023,2,Used/,,Self,IMG_8338
IMG_0764,-1.342375,36.76694444444444,2023,2,Used/,,Self,IMG_0764
IMG_6315,-1.2343055555555555,36.803475,2023,2,Used/,,Self,IMG_6315
IMG_6473,-1.306361111111111,36.783763888888885,2023,2,Used/,,Self,IMG_6473
IMG_6498,-1.3062305555555556,36.78696388888888,2023,2,Used/,,Self,IMG_6498
IMG_7792,-1.3132666666666668,36.87263611111111,2023,2,Used/,,Self,IMG_7792
IMG_8489,-1.2784027777777778,37.035980555555554,2023,2,Used/,,Self,IMG_8489
IMG_6488,-1.305863888888889,36.785675,2023,2,Used/,,Self,IMG_6488
IMG_7796,-1.3132805555555556,36.87255277777778,2023,2,Used/,,Self,IMG_7796
IMG_8499,-1.277425,37.025241666666666,2023,2,Used/,,Self,IMG_8499
IMG_8466,-1.282722222222222,37.06497222222222,2023,2,Used/,,Self,IMG_8466
IMG_8300,-1.2657027777777778,36.98136388888889,2023,2,Used/,,Self,IMG_8300
IMG_7033,-1.316838888888889,36.788802777777775,2023,2,Used/,,Self,IMG_7033
IMG_6339,-1.225552777777778,36.79038055555555,2023,2,Used/,,Self,IMG_6339
IMG_8314,-1.2646277777777777,36.98461111111112,2023,2,Used/,,Self,IMG_8314
IMG_7027,-1.3267361111111111,36.78028888888889,2023,2,Used/,,Self,IMG_7027
IMG_0748,-1.3410444444444445,36.754925,2023,2,Used/,,Self,IMG_0748
IMG_8472,-1.279972222222222,37.05097222222222,2023,2,Used/,,Self,IMG_8472
IMG_7741,-1.314488888888889,36.87160833333333,2023,2,Used/,,Self,IMG_7741
IMG_6477,-1.306075,36.78434722222222,2023,2,Used/,,Self,IMG_6477
IMG_0760,-1.3420999999999998,36.763375,2023,2,Used/,,Self,IMG_0760
IMG_6305,-1.2498361111111111,36.82121388888889,2023,2,Used/,,Self,IMG_6305
IMG_8328,-1.2659277777777778,36.98807777777778,2023,2,Used/,,Self,IMG_8328
IMG_0774,-1.3478638888888888,36.76494722222222,2023,2,Used/,,Self,IMG_0774
IMG_6463,-1.3074055555555557,36.78304444444444,2023,2,Used/,,Self,IMG_6463
IMG_7231,-1.2783555555555557,36.80484722222222,2023,2,Used/,,Self,IMG_7231
IMG_8102,-1.316813888888889,36.83394166666667,2023,2,Used/,,Self,IMG_8102
IMG_8664,-1.3079222222222222,36.7252,2023,2,Used/,,Self,IMG_8664
IMG_8670,-1.2998027777777776,36.70173888888889,2023,2,Used/,,Self,IMG_8670
IMG_7225,-1.2787777777777778,36.806441666666665,2023,2,Used/,,Self,IMG_7225
IMG_8116,-1.3251638888888888,36.84808611111112,2023,2,Used/,,Self,IMG_8116
IMG_8658,-1.308836111111111,36.72781111111112,2023,2,Used/,,Self,IMG_8658
IMG_7219,-1.2802805555555554,36.80716388888889,2023,2,Used/,,Self,IMG_7219
IMG_7386,-1.2982527777777777,36.80309444444444,2023,2,Used/,,Self,IMG_7386
river,-1.3186027777777778,36.793952777777776,2023,2,Used/,,Self,river
IMG_7392,-1.2981222222222222,36.80245277777777,2023,2,Used/,,Self,IMG_7392
IMG_8089,-1.3039944444444445,36.82613888888889,2023,2,Used/,,Self,IMG_8089
IMG_7345,-1.289786111111111,36.79810555555555,2023,2,Used/,,Self,IMG_7345
IMG_8076,-1.2934527777777776,36.81672777777778,2023,2,Used/,,Self,IMG_8076
IMG_8710,-1.2301972222222224,36.66744722222222,2023,2,Used/,,Self,IMG_8710
IMG_8704,-1.2381583333333337,36.66619166666666,2023,2,Used/,,Self,IMG_8704
IMG_7351,-1.290897222222222,36.79866388888889,2023,2,Used/,,Self,IMG_7351
IMG_8062,-1.2965888888888888,36.80793333333333,2023,2,Used/,,Self,IMG_8062
IMG_7379,-1.297522222222222,36.802841666666666,2023,2,Used/,,Self,IMG_7379
IMG_8738,-1.106938888888889,36.23973055555555,2023,2,Used/,,Self,IMG_8738
IMG_7184,-1.2873888888888887,36.79866944444444,2023,2,Used/,,Self,IMG_7184
IMG_7190,-1.2866972222222222,36.79933611111111,2023,2,Used/,,Self,IMG_7190
IMG_7806,-1.3127833333333334,36.87211666666667,2023,2,Used/,,Self,IMG_7806
IMG_7812,-1.3127472222222225,36.87166666666667,2023,2,Used/,,Self,IMG_7812
IMG_8512,-1.2755388888888888,37.00505555555556,2023,2,Used/,,Self,IMG_8512
IMG_7621,-1.297261111111111,36.83006666666667,2023,2,Used/,,Self,IMG_7621
IMG_0628,-1.2989416666666664,36.77882222222223,2023,2,Used/,,Self,IMG_0628
IMG_8274,-1.2785722222222222,36.968075,2023,2,Used/,,Self,IMG_8274
IMG_7147,-1.294961111111111,36.795319444444445,2023,2,Used/,,Self,IMG_7147
IMG_6259,-1.271861111111111,36.82788888888889,2023,2,Used/,,Self,IMG_6259
IMG_8260,-1.281858333333333,36.96154722222222,2023,2,Used/,,Self,IMG_8260
IMG_7153,-1.2899166666666666,36.79614722222222,2023,2,Used/,,Self,IMG_7153
IMG_8506,-1.2761194444444444,37.01128333333333,2023,2,Used/,,Self,IMG_8506
IMG_7635,-1.3121972222222222,36.85215,2023,2,Used/,,Self,IMG_7635
IMG_6503,-1.3058444444444446,36.787475,2023,2,Used/,,Self,IMG_6503
IMG_8248,-1.2846638888888888,36.95699444444445,2023,2,Used/,,Self,IMG_8248
IMG_6265,-1.2705638888888888,36.829972222222224,2023,2,Used/,,Self,IMG_6265
IMG_6271,-1.2684638888888888,36.83298055555556,2023,2,Used/,,Self,IMG_6271
IMG_6517,-1.3043472222222223,36.78820555555556,2023,2,Used/,,Self,IMG_6517
IMG_7609,-1.286947222222222,36.81626111111111,2023,2,Used/,,Self,IMG_7609
IMG_6270,-1.2687777777777778,36.83268055555556,2023,2,Used/,,Self,IMG_6270
IMG_7608,-1.2870527777777776,36.81603611111111,2023,2,Used/,,Self,IMG_7608
IMG_6516,-1.3044944444444444,36.78821944444445,2023,2,Used/,,Self,IMG_6516
IMG_6502,-1.3059555555555555,36.78738055555555,2023,2,Used/,,Self,IMG_6502
IMG_6264,-1.2708888888888887,36.82944166666667,2023,2,Used/,,Self,IMG_6264
IMG_8249,-1.2844972222222222,36.95726944444445,2023,2,Used/,,Self,IMG_8249
IMG_7152,-1.290036111111111,36.79610555555556,2023,2,Used/,,Self,IMG_7152
IMG_8261,-1.281575,36.96204722222223,2023,2,Used/,,Self,IMG_8261
IMG_7634,-1.3120305555555556,36.85166111111111,2023,2,Used/,,Self,IMG_7634
IMG_8507,-1.275947222222222,37.009455555555554,2023,2,Used/,,Self,IMG_8507
IMG_7620,-1.2976333333333332,36.82968611111112,2023,2,Used/,,Self,IMG_7620
IMG_8513,-1.2754222222222222,37.00441388888889,2023,2,Used/,,Self,IMG_8513
IMG_6258,-1.2720916666666666,36.82756111111112,2023,2,Used/,,Self,IMG_6258
IMG_7146,-1.295086111111111,36.79533333333333,2023,2,Used/,,Self,IMG_7146
IMG_8275,-1.2782416666666665,36.96849722222223,2023,2,Used/,,Self,IMG_8275
IMG_0629,-1.2989527777777776,36.778125,2023,2,Used/,,Self,IMG_0629
IMG_7813,-1.31265,36.87093611111112,2023,2,Used/,,Self,IMG_7813
IMG_7807,-1.3128083333333334,36.87176388888889,2023,2,Used/,,Self,IMG_7807
IMG_7191,-1.2867722222222222,36.79961111111111,2023,2,Used/,,Self,IMG_7191
IMG_7185,-1.2871194444444445,36.79873333333333,2023,2,Used/,,Self,IMG_7185
IMG_8739,-1.107036111111111,36.238391666666665,2023,2,Used/,,Self,IMG_8739
IMG_7378,-1.2974138888888889,36.80279444444445,2023,2,Used/,,Self,IMG_7378
IMG_8705,-1.2356444444444443,36.66750555555555,2023,2,Used/,,Self,IMG_8705
IMG_8063,-1.2962972222222222,36.80835555555555,2023,2,Used/,,Self,IMG_8063
IMG_7350,-1.2907027777777778,36.79855,2023,2,Used/,,Self,IMG_7350
IMG_8077,-1.2932249999999998,36.81790555555556,2023,2,Used/,,Self,IMG_8077
IMG_7344,-1.2897194444444444,36.79809166666666,2023,2,Used/,,Self,IMG_7344
IMG_8711,-1.2294250000000002,36.66671111111111,2023,2,Used/,,Self,IMG_8711
IMG_8088,-1.3008694444444444,36.82468055555556,2023,2,Used/,,Self,IMG_8088
IMG_7393,-1.2981694444444445,36.80205555555556,2023,2,Used/,,Self,IMG_7393
IMG_7387,-1.2983138888888888,36.80305277777777,2023,2,Used/,,Self,IMG_7387
IMG_7218,-1.2807194444444443,36.807180555555554,2023,2,Used/,,Self,IMG_7218
IMG_8659,-1.3094972222222223,36.72711944444445,2023,2,Used/,,Self,IMG_8659
IMG_8671,-1.2991944444444443,36.70093055555556,2023,2,Used/,,Self,IMG_8671
IMG_8117,-1.3255972222222223,36.84895277777778,2023,2,Used/,,Self,IMG_8117
IMG_7224,-1.2789833333333334,36.80659166666666,2023,2,Used/,,Self,IMG_7224
IMG_8103,-1.3170861111111112,36.83441388888889,2023,2,Used/,,Self,IMG_8103
IMG_7230,-1.2782777777777776,36.80495,2023,2,Used/,,Self,IMG_7230
IMG_8665,-1.306561111111111,36.72218333333333,2023,2,Used/,,Self,IMG_8665
IMG_0775,-1.3486138888888888,36.76472222222223,2023,2,Used/,,Self,IMG_0775
IMG_8329,-1.2660833333333332,36.98836944444445,2023,2,Used/,,Self,IMG_8329
IMG_6304,-1.2518916666666666,36.82528333333334,2023,2,Used/,,Self,IMG_6304
IMG_6462,-1.3083916666666666,36.782025,2023,2,Used/,,Self,IMG_6462
IMG_6476,-1.3061722222222223,36.78414166666666,2023,2,Used/,,Self,IMG_6476
IMG_0761,-1.3422222222222222,36.76454444444445,2023,2,Used/,,Self,IMG_0761
IMG_6310,-1.2485472222222225,36.81687222222222,2023,2,Used/,,Self,IMG_6310
IMG_0749,-1.3411305555555555,36.75548888888889,2023,2,Used/,,Self,IMG_0749
IMG_7026,-1.326952777777778,36.78020833333333,2023,2,Used/,,Self,IMG_7026
IMG_8315,-1.264636111111111,36.98465,2023,2,Used/,,Self,IMG_8315
IMG_6338,-1.225538888888889,36.79045277777777,2023,2,Used/,,Self,IMG_6338
IMG_7740,-1.3144722222222225,36.871566666666666,2023,2,Used/,,Self,IMG_7740
IMG_8473,-1.2798416666666663,37.04991666666667,2023,2,Used/,,Self,IMG_8473
IMG_8467,-1.2810861111111111,37.05710555555555,2023,2,Used/,,Self,IMG_8467
IMG_7032,-1.3215194444444445,36.78421111111111,2023,2,Used/,,Self,IMG_7032
IMG_8301,-1.2653388888888888,36.98166666666667,2023,2,Used/,,Self,IMG_8301
IMG_8498,-1.2774305555555554,37.0255,2023,2,Used/,,Self,IMG_8498
IMG_7797,-1.3131777777777778,36.872413888888886,2023,2,Used/,,Self,IMG_7797
IMG_6489,-1.3059611111111111,36.78592222222222,2023,2,Used/,,Self,IMG_6489
IMG_0788,-1.3566416666666667,36.76223888888889,2023,2,Used/,,Self,IMG_0788
IMG_7795,-1.313288888888889,36.87255555555556,2023,2,Used/,,Self,IMG_7795
IMG_7742,-1.3145194444444446,36.8717,2023,2,Used/,,Self,IMG_7742
IMG_8471,-1.2800555555555555,37.05181944444444,2023,2,Used/,,Self,IMG_8471
IMG_7024,-1.3293305555555557,36.78007777777778,2023,2,Used/,,Self,IMG_7024
IMG_8317,-1.2647583333333334,36.98506944444445,2023,2,Used/,,Self,IMG_8317
IMG_7030,-1.3221083333333332,36.783763888888885,2023,2,Used/,,Self,IMG_7030
IMG_8303,-1.2649972222222223,36.98180833333333,2023,2,Used/,,Self,IMG_8303
IMG_8465,-1.2827,37.06463888888889,2023,2,Used/,,Self,IMG_8465
IMG_6460,-1.308452777777778,36.78158888888889,2023,2,Used/,,Self,IMG_6460
IMG_6306,-1.2497027777777778,36.821125,2023,2,Used/,,Self,IMG_6306
IMG_7018,-1.3387666666666669,36.77252222222222,2023,2,Used/,,Self,IMG_7018
IMG_0777,-1.3498,36.76405555555556,2023,2,Used/,,Self,IMG_0777
IMG_6312,-1.241011111111111,36.81336666666667,2023,2,Used/,,Self,IMG_6312
IMG_0763,-1.3423916666666666,36.766575,2023,2,Used/,,Self,IMG_0763
IMG_8459,-1.2814,37.05839444444444,2023,2,Used/,,Self,IMG_8459
IMG_6474,-1.306263888888889,36.78395,2023,2,Used/,,Self,IMG_6474
IMG_6879,-1.364325,36.74640555555556,2023,2,Used/,,Self,IMG_6879
IMG_8698,-1.247952777777778,36.664627777777774,2023,2,Used/,,Self,IMG_8698
IMG_8115,-1.3244194444444444,36.84681388888889,2023,2,Used/,,Self,IMG_8115
IMG_7226,-1.2777888888888889,36.806,2023,2,Used/,,Self,IMG_7226
IMG_8673,-1.2953916666666665,36.68908055555555,2023,2,Used/,,Self,IMG_8673
IMG_8667,-1.304688888888889,36.71347777777778,2023,2,Used/,,Self,IMG_8667
IMG_8101,-1.3166805555555556,36.83368333333333,2023,2,Used/,,Self,IMG_8101
IMG_7232,-1.2784694444444444,36.80469444444444,2023,2,Used/,,Self,IMG_7232
IMG_8129,-1.330761111111111,36.863455555555554,2023,2,Used/,,Self,IMG_8129
IMG_7568,-1.267675,36.82191111111111,2023,2,Used/,,Self,IMG_7568
IMG_7391,-1.2982055555555554,36.80265555555555,2023,2,Used/,,Self,IMG_7391
IMG_7385,-1.2982138888888888,36.80311111111111,2023,2,Used/,,Self,IMG_7385
IMG_8061,-1.2966833333333332,36.80777222222222,2023,2,Used/,,Self,IMG_8061
IMG_7352,-1.2913138888888889,36.79887222222222,2023,2,Used/,,Self,IMG_7352
IMG_8707,-1.2322611111111113,36.66841111111111,2023,2,Used/,,Self,IMG_8707
IMG_8713,-1.228388888888889,36.66505833333333,2023,2,Used/,,Self,IMG_8713
IMG_8075,-1.293597222222222,36.815977777777775,2023,2,Used/,,Self,IMG_8075
IMG_7346,-1.2898944444444442,36.79816944444444,2023,2,Used/,,Self,IMG_7346
IMG_7408,-1.298936111111111,36.797977777777774,2023,2,Used/,,Self,IMG_7408
IMG_8049,-1.2982388888888887,36.80068611111111,2023,2,Used/,,Self,IMG_8049
IMG_7193,-1.2868444444444442,36.79991944444444,2023,2,Used/,,Self,IMG_7193
IMG_6299,-1.2555305555555556,36.83241944444445,2023,2,Used/,,Self,IMG_6299
IMG_7187,-1.2866527777777776,36.798827777777774,2023,2,Used/,,Self,IMG_7187
IMG_7839,-1.3127027777777778,36.87007777777778,2023,2,Used/,,Self,IMG_7839
IMG_7811,-1.312752777777778,36.87166111111111,2023,2,Used/,,Self,IMG_7811
IMG_8288,-1.2721888888888888,36.97529166666667,2023,2,Used/,,Self,IMG_8288
IMG_7805,-1.312775,36.87210833333334,2023,2,Used/,,Self,IMG_7805
IMG_6528,-1.3013555555555556,36.78824166666666,2023,2,Used/,,Self,IMG_6528
IMG_7636,-1.3125916666666666,36.85341944444445,2023,2,Used/,,Self,IMG_7636
IMG_8505,-1.2762888888888888,37.01306111111112,2023,2,Used/,,Self,IMG_8505
IMG_7150,-1.2901944444444444,36.796052777777774,2023,2,Used/,,Self,IMG_7150
IMG_8263,-1.280908333333333,36.96335277777778,2023,2,Used/,,Self,IMG_8263
IMG_7144,-1.2955083333333333,36.7953,2023,2,Used/,,Self,IMG_7144
IMG_8277,-1.2770194444444445,36.96982222222223,2023,2,Used/,,Self,IMG_8277
IMG_7622,-1.2985,36.836666666666666,2023,2,Used/,,Self,IMG_7622
IMG_8511,-1.2755944444444445,37.00561944444444,2023,2,Used/,,Self,IMG_8511
IMG_6514,-1.3046638888888888,36.7882,2023,2,Used/,,Self,IMG_6514
IMG_8539,-1.2670249999999998,36.98982222222222,2023,2,Used/,,Self,IMG_8539
IMG_6272,-1.2681194444444444,36.83324722222223,2023,2,Used/,,Self,IMG_6272
IMG_7178,-1.2887333333333333,36.798313888888885,2023,2,Used/,,Self,IMG_7178
IMG_6266,-1.270338888888889,36.83032777777778,2023,2,Used/,,Self,IMG_6266
IMG_6500,-1.306038888888889,36.78728611111111,2023,2,Used/,,Self,IMG_6500
IMG_6267,-1.269886111111111,36.83105555555556,2023,2,Used/,,Self,IMG_6267
IMG_7179,-1.2885361111111109,36.798366666666666,2023,2,Used/,,Self,IMG_7179
IMG_6501,-1.306,36.78733611111111,2023,2,Used/,,Self,IMG_6501
IMG_8538,-1.2673138888888889,36.9903,2023,2,Used/,,Self,IMG_8538
IMG_6515,-1.304538888888889,36.78822777777778,2023,2,Used/,,Self,IMG_6515
IMG_6273,-1.2647444444444444,36.836263888888894,2023,2,Used/,,Self,IMG_6273
IMG_8276,-1.277872222222222,36.96896111111111,2023,2,Used/,,Self,IMG_8276
IMG_7145,-1.2952083333333333,36.795319444444445,2023,2,Used/,,Self,IMG_7145
IMG_8510,-1.2756277777777778,37.006030555555554,2023,2,Used/,,Self,IMG_8510
IMG_7623,-1.2984805555555554,36.83671944444445,2023,2,Used/,,Self,IMG_7623
IMG_8504,-1.2764027777777778,37.01435833333333,2023,2,Used/,,Self,IMG_8504
IMG_7637,-1.3125916666666666,36.85341944444445,2023,2,Used/,,Self,IMG_7637
IMG_6529,-1.301,36.78823055555555,2023,2,Used/,,Self,IMG_6529
IMG_8262,-1.2811638888888888,36.96282222222222,2023,2,Used/,,Self,IMG_8262
IMG_7151,-1.290125,36.79606944444444,2023,2,Used/,,Self,IMG_7151
IMG_8289,-1.2715694444444443,36.97608888888889,2023,2,Used/,,Self,IMG_8289
IMG_7804,-1.312752777777778,36.87211666666667,2023,2,Used/,,Self,IMG_7804
IMG_7810,-1.3127722222222222,36.87165555555556,2023,2,Used/,,Self,IMG_7810
IMG_7186,-1.286761111111111,36.798830555555554,2023,2,Used/,,Self,IMG_7186
IMG_6298,-1.2558694444444445,36.83245277777778,2023,2,Used/,,Self,IMG_6298
IMG_7838,-1.3126944444444444,36.870075,2023,2,Used/,,Self,IMG_7838
IMG_7192,-1.286797222222222,36.79971111111111,2023,2,Used/,,Self,IMG_7192
IMG_8048,-1.2984694444444442,36.79923888888889,2023,2,Used/,,Self,IMG_8048
IMG_7409,-1.2989694444444444,36.79783611111111,2023,2,Used/,,Self,IMG_7409
IMG_8712,-1.2289555555555556,36.66593611111111,2023,2,Used/,,Self,IMG_8712
IMG_7347,-1.2901083333333332,36.79825555555556,2023,2,Used/,,Self,IMG_7347
IMG_8074,-1.293897222222222,36.8149,2023,2,Used/,,Self,IMG_8074
IMG_7353,-1.291497222222222,36.79897777777778,2023,2,Used/,,Self,IMG_7353
IMG_8060,-1.296886111111111,36.80743888888889,2023,2,Used/,,Self,IMG_8060
IMG_8706,-1.232527777777778,36.66854444444444,2023,2,Used/,,Self,IMG_8706
IMG_7384,-1.2981305555555551,36.80316944444444,2023,2,Used/,,Self,IMG_7384
IMG_7390,-1.298286111111111,36.80276111111111,2023,2,Used/,,Self,IMG_7390
IMG_8128,-1.3308666666666666,36.86270833333334,2023,2,Used/,,Self,IMG_8128
IMG_8666,-1.3065055555555556,36.72202777777778,2023,2,Used/,,Self,IMG_8666
IMG_7233,-1.2787944444444443,36.80409722222222,2023,2,Used/,,Self,IMG_7233
IMG_8100,-1.3152583333333334,36.83185277777778,2023,2,Used/,,Self,IMG_8100
IMG_7227,-1.2776527777777775,36.80565555555555,2023,2,Used/,,Self,IMG_7227
IMG_8114,-1.3231,36.84476111111111,2023,2,Used/,,Self,IMG_8114
IMG_8672,-1.2970444444444442,36.69491111111111,2023,2,Used/,,Self,IMG_8672
IMG_8699,-1.243938888888889,36.66512222222222,2023,2,Used/,,Self,IMG_8699
IMG_6878,-1.3584361111111112,36.74720277777778,2023,2,Used/,,Self,IMG_6878
IMG_0762,-1.3424222222222222,36.76618888888889,2023,2,Used/,,Self,IMG_0762
IMG_6313,-1.2407472222222222,36.81323611111111,2023,2,Used/,,Self,IMG_6313
IMG_6475,-1.3062194444444446,36.78404166666667,2023,2,Used/,,Self,IMG_6475
IMG_8458,-1.2812083333333333,37.05772777777778,2023,2,Used/,,Self,IMG_8458
IMG_6461,-1.308452777777778,36.78158888888889,2023,2,Used/,,Self,IMG_6461
IMG_0776,-1.3493027777777775,36.76438888888889,2023,2,Used/,,Self,IMG_0776
IMG_7019,-1.3374527777777776,36.77390555555556,2023,2,Used/,,Self,IMG_7019
IMG_6307,-1.2496361111111112,36.82105277777778,2023,2,Used/,,Self,IMG_6307
IMG_8302,-1.2653361111111112,36.98166666666667,2023,2,Used/,,Self,IMG_8302
IMG_7031,-1.3218694444444443,36.78394722222222,2023,2,Used/,,Self,IMG_7031
IMG_6449,-1.3087861111111112,36.78276111111111,2023,2,Used/,,Self,IMG_6449
IMG_8464,-1.2826777777777778,37.06425833333333,2023,2,Used/,,Self,IMG_8464
IMG_8470,-1.2801749999999998,37.05281944444444,2023,2,Used/,,Self,IMG_8470
IMG_7743,-1.3145694444444445,36.87182777777778,2023,2,Used/,,Self,IMG_7743
IMG_8316,-1.2647111111111111,36.98489722222222,2023,2,Used/,,Self,IMG_8316
IMG_7025,-1.3275972222222223,36.78005555555556,2023,2,Used/,,Self,IMG_7025
IMG_7794,-1.3132472222222222,36.87257777777778,2023,2,Used/,,Self,IMG_7794
IMG_0789,-1.3572305555555555,36.762375,2023,2,Used/,,Self,IMG_0789
IMG_7081,-1.2995027777777777,36.790394444444445,2023,2,Used/,,Self,IMG_7081
IMG_7095,-1.2993444444444444,36.79288611111111,2023,2,Used/,,Self,IMG_7095
IMG_0922,-1.294725,36.79841944444444,2023,2,Used/,,Self,IMG_0922
IMG_7718,-1.3142055555555556,36.86966666666667,2023,2,Used/,,Self,IMG_7718
IMG_6360,-1.271772222222222,36.76784166666667,2023,2,Used/,,Self,IMG_6360
IMG_0711,-1.3321555555555555,36.716369444444446,2023,2,Used/,,Self,IMG_0711
IMG_6374,-1.2833333333333332,36.76981111111111,2023,2,Used/,,Self,IMG_6374
IMG_0705,-1.3258777777777777,36.71735833333334,2023,2,Used/,,Self,IMG_0705
IMG_8359,-1.2714638888888887,36.99723611111112,2023,2,Used/,,Self,IMG_8359
IMG_6412,-1.2919833333333333,36.82458888888889,2023,2,Used/,,Self,IMG_6412
IMG_8417,-1.2777805555555557,37.02990833333333,2023,2,Used/,,Self,IMG_8417
IMG_7724,-1.314175,36.87009722222222,2023,2,Used/,,Self,IMG_7724
IMG_8371,-1.2751194444444445,37.003575,2023,2,Used/,,Self,IMG_8371
IMG_7042,-1.3147722222222222,36.789744444444445,2023,2,Used/,,Self,IMG_7042
IMG_6348,-1.2505055555555555,36.77630277777778,2023,2,Used/,,Self,IMG_6348
IMG_0739,-1.3383805555555557,36.73627777777778,2023,2,Used/,,Self,IMG_0739
IMG_8365,-1.2733527777777778,37.00028888888889,2023,2,Used/,,Self,IMG_8365
IMG_7056,-1.2998777777777777,36.78816944444444,2023,2,Used/,,Self,IMG_7056
IMG_8403,-1.2773444444444444,37.02518333333333,2023,2,Used/,,Self,IMG_8403
IMG_7730,-1.314238888888889,36.87070833333333,2023,2,Used/,,Self,IMG_7730
IMG_8198,-1.3054083333333333,36.93461111111111,2023,2,Used/,,Self,IMG_8198
IMG_7283,-1.2835638888888887,36.806752777777774,2023,2,Used/,,Self,IMG_7283
IMG_6189,-1.2998694444444443,36.82308055555556,2023,2,Used/,,Self,IMG_6189
IMG_7297,-1.2865833333333332,36.8045,2023,2,Used/,,Self,IMG_7297
IMG_6162,-1.328411111111111,36.88341944444444,2023,2,Used/,,Self,IMG_6162
IMG_8629,-1.3003555555555557,36.77294166666667,2023,2,Used/,,Self,IMG_8629
IMG_7268,-1.2794388888888888,36.80694166666667,2023,2,Used/,,Self,IMG_7268
IMG_6176,-1.3303055555555556,36.85617777777778,2023,2,Used/,,Self,IMG_6176
IMG_7240,-1.2784194444444443,36.80319722222222,2023,2,Used/,,Self,IMG_7240
IMG_8173,-1.3249055555555556,36.898152777777774,2023,2,Used/,,Self,IMG_8173
IMG_8615,-1.2990944444444443,36.7967,2023,2,Used/,,Self,IMG_8615
IMG_7254,-1.2778138888888888,36.80551944444444,2023,2,Used/,,Self,IMG_7254
IMG_8167,-1.328158333333333,36.892925,2023,2,Used/,,Self,IMG_8167
IMG_7491,-1.2490972222222223,36.81923888888889,2023,2,Used/,,Self,IMG_7491
IMG_6957,-1.3715583333333334,36.74417222222223,2023,2,Used/,,Self,IMG_6957
IMG_7485,-1.25545,36.83221111111112,2023,2,Used/,,Self,IMG_7485
IMG_7308,-1.2875527777777778,36.80282222222222,2023,2,Used/,,Self,IMG_7308
IMG_7334,-1.288075,36.79853611111111,2023,2,Used/,,Self,IMG_7334
IMG_6994,-1.351136111111111,36.76311388888889,2023,2,Used/,,Self,IMG_6994
IMG_6980,-1.3525972222222222,36.75815277777778,2023,2,Used/,,Self,IMG_6980
IMG_7320,-1.2866749999999998,36.79908888888889,2023,2,Used/,,Self,IMG_7320
IMG_7877,-1.3132833333333334,36.87144444444444,2023,2,Used/,,Self,IMG_7877
IMG_7863,-1.3132222222222223,36.871769444444446,2023,2,Used/,,Self,IMG_7863
IMG_7693,-1.3159833333333333,36.86685277777778,2023,2,Used/,,Self,IMG_7693
IMG_0856,-1.3611027777777778,36.76306388888889,2023,2,Used/,,Self,IMG_0856
IMG_7687,-1.3159888888888889,36.86615277777778,2023,2,Used/,,Self,IMG_7687
IMG_6572,-1.2956944444444445,36.79527222222222,2023,2,Used/,,Self,IMG_6572
IMG_8239,-1.2869583333333332,36.95334722222223,2023,2,Used/,,Self,IMG_8239
IMG_0665,-1.307227777777778,36.73649722222223,2023,2,Used/,,Self,IMG_0665
IMG_6214,-1.2934444444444444,36.80322777777778,2023,2,Used/,,Self,IMG_6214
IMG_0671,-1.3080055555555556,36.733872222222224,2023,2,Used/,,Self,IMG_0671
IMG_6200,-1.2954055555555557,36.81063055555556,2023,2,Used/,,Self,IMG_6200
IMG_6566,-1.297008333333333,36.79543333333333,2023,2,Used/,,Self,IMG_6566
IMG_7678,-1.3154305555555557,36.86439444444444,2023,2,Used/,,Self,IMG_7678
IMG_8563,-1.279,36.81683611111112,2023,2,Used/,,Self,IMG_8563
IMG_7650,-1.3151222222222223,36.86060555555556,2023,2,Used/,,Self,IMG_7650
IMG_8205,-1.2947694444444444,36.94243611111111,2023,2,Used/,,Self,IMG_8205
IMG_7136,-1.2953305555555554,36.8022,2023,2,Used/,,Self,IMG_7136
IMG_0659,-1.306413888888889,36.73970277777778,2023,2,Used/,,Self,IMG_0659
IMG_6228,-1.2794222222222222,36.82028055555556,2023,2,Used/,,Self,IMG_6228
IMG_8211,-1.2918444444444444,36.94554444444445,2023,2,Used/,,Self,IMG_8211
IMG_7122,-1.2987583333333332,36.79790555555555,2023,2,Used/,,Self,IMG_7122
IMG_0895,-1.2929888888888887,36.791266666666665,2023,2,Used/,,Self,IMG_0895
IMG_7644,-1.3139722222222223,36.85730555555556,2023,2,Used/,,Self,IMG_7644
IMG_0894,-1.2929194444444445,36.79077777777778,2023,2,Used/,,Self,IMG_0894
IMG_7123,-1.2986027777777776,36.79879722222222,2023,2,Used/,,Self,IMG_7123
IMG_8210,-1.29235,36.944805555555554,2023,2,Used/,,Self,IMG_8210
IMG_7645,-1.3144083333333334,36.85858888888889,2023,2,Used/,,Self,IMG_7645
IMG_7651,-1.3156527777777778,36.86133888888889,2023,2,Used/,,Self,IMG_7651
IMG_8562,-1.2793777777777775,36.81770555555556,2023,2,Used/,,Self,IMG_8562
IMG_6229,-1.279311111111111,36.82044722222223,2023,2,Used/,,Self,IMG_6229
IMG_0880,-1.2993,36.79533055555555,2023,2,Used/,,Self,IMG_0880
IMG_0658,-1.3063083333333334,36.74018888888889,2023,2,Used/,,Self,IMG_0658
IMG_7137,-1.2953055555555557,36.80214444444445,2023,2,Used/,,Self,IMG_7137
IMG_8204,-1.2955777777777775,36.94183611111111,2023,2,Used/,,Self,IMG_8204
IMG_6201,-1.295411111111111,36.81027777777778,2023,2,Used/,,Self,IMG_6201
IMG_0670,-1.3078555555555555,36.734325,2023,2,Used/,,Self,IMG_0670
IMG_7679,-1.3154222222222225,36.86441111111111,2023,2,Used/,,Self,IMG_7679
IMG_6567,-1.2967722222222222,36.79543611111111,2023,2,Used/,,Self,IMG_6567
IMG_6573,-1.2953777777777775,36.795252777777776,2023,2,Used/,,Self,IMG_6573
IMG_6215,-1.2931444444444444,36.80376944444444,2023,2,Used/,,Self,IMG_6215
IMG_0664,-1.3070416666666669,36.73713333333333,2023,2,Used/,,Self,IMG_0664
IMG_8238,-1.287122222222222,36.95308333333334,2023,2,Used/,,Self,IMG_8238
IMG_0857,-1.3591000000000002,36.762591666666665,2023,2,Used/,,Self,IMG_0857
IMG_7686,-1.3159805555555557,36.865994444444446,2023,2,Used/,,Self,IMG_7686
IMG_7692,-1.3159722222222223,36.866702777777775,2023,2,Used/,,Self,IMG_7692
IMG_7862,-1.3132805555555556,36.87183888888889,2023,2,Used/,,Self,IMG_7862
IMG_7876,-1.313227777777778,36.87170277777778,2023,2,Used/,,Self,IMG_7876
IMG_6981,-1.3525694444444445,36.7583,2023,2,Used/,,Self,IMG_6981
IMG_7321,-1.2866749999999998,36.79908888888889,2023,2,Used/,,Self,IMG_7321
IMG_7335,-1.2881805555555554,36.79850833333333,2023,2,Used/,,Self,IMG_7335
IMG_6995,-1.3491777777777778,36.76436944444445,2023,2,Used/,,Self,IMG_6995
IMG_7309,-1.2874805555555555,36.80253055555556,2023,2,Used/,,Self,IMG_7309
IMG_7484,-1.2555222222222222,36.83230555555556,2023,2,Used/,,Self,IMG_7484
IMG_6956,-1.374577777777778,36.74443888888889,2023,2,Used/,,Self,IMG_6956
IMG_7490,-1.2491583333333334,36.81953611111111,2023,2,Used/,,Self,IMG_7490
IMG_8166,-1.3286694444444445,36.89218611111111,2023,2,Used/,,Self,IMG_8166
IMG_7255,-1.2777555555555555,36.8056,2023,2,Used/,,Self,IMG_7255
IMG_8172,-1.326011111111111,36.89631944444445,2023,2,Used/,,Self,IMG_8172
IMG_7241,-1.278836111111111,36.80376111111111,2023,2,Used/,,Self,IMG_7241
IMG_8614,-1.299061111111111,36.79688333333333,2023,2,Used/,,Self,IMG_8614
IMG_6177,-1.33025,36.85600277777778,2023,2,Used/,,Self,IMG_6177
IMG_7269,-1.2795138888888888,36.807,2023,2,Used/,,Self,IMG_7269
IMG_6163,-1.328461111111111,36.88377222222222,2023,2,Used/,,Self,IMG_6163
IMG_8628,-1.3003333333333331,36.77374722222222,2023,2,Used/,,Self,IMG_8628
IMG_7296,-1.286611111111111,36.80455833333333,2023,2,Used/,,Self,IMG_7296
IMG_6188,-1.2998777777777777,36.82350555555556,2023,2,Used/,,Self,IMG_6188
IMG_7282,-1.2833888888888887,36.806869444444445,2023,2,Used/,,Self,IMG_7282
IMG_8199,-1.303663888888889,36.935897222222216,2023,2,Used/,,Self,IMG_8199
IMG_7057,-1.2998444444444444,36.788177777777776,2023,2,Used/,,Self,IMG_7057
IMG_8364,-1.2729888888888887,36.99970277777778,2023,2,Used/,,Self,IMG_8364
IMG_0738,-1.3380472222222222,36.73373333333333,2023,2,Used/,,Self,IMG_0738
IMG_6349,-1.2506638888888888,36.77627222222222,2023,2,Used/,,Self,IMG_6349
IMG_7731,-1.3142444444444443,36.87076111111112,2023,2,Used/,,Self,IMG_7731
IMG_8402,-1.2773333333333332,37.02509166666667,2023,2,Used/,,Self,IMG_8402
IMG_7725,-1.3141805555555557,36.870175,2023,2,Used/,,Self,IMG_7725
IMG_8416,-1.2777444444444443,37.02955277777777,2023,2,Used/,,Self,IMG_8416
IMG_7043,-1.3147027777777778,36.78980555555555,2023,2,Used/,,Self,IMG_7043
IMG_8370,-1.274636111111111,37.00245,2023,2,Used/,,Self,IMG_8370
IMG_8358,-1.2712138888888889,36.99684722222222,2023,2,Used/,,Self,IMG_8358
IMG_0704,-1.3247805555555556,36.717525,2023,2,Used/,,Self,IMG_0704
IMG_6375,-1.284572222222222,36.76999444444444,2023,2,Used/,,Self,IMG_6375
IMG_6413,-1.2919833333333333,36.82458888888889,2023,2,Used/,,Self,IMG_6413
IMG_7719,-1.314125,36.86969444444445,2023,2,Used/,,Self,IMG_7719
IMG_0710,-1.331736111111111,36.71645277777778,2023,2,Used/,,Self,IMG_0710
IMG_6361,-1.2738194444444444,36.76772777777778,2023,2,Used/,,Self,IMG_6361
IMG_0923,-1.2947499999999998,36.798563888888886,2023,2,Used/,,Self,IMG_0923
IMG_7094,-1.2993472222222222,36.79278055555555,2023,2,Used/,,Self,IMG_7094
IMG_7080,-1.2995027777777777,36.790394444444445,2023,2,Used/,,Self,IMG_7080
IMG_8399,-1.2772277777777776,37.023872222222224,2023,2,Used/,,Self,IMG_8399
IMG_0909,-1.2938138888888888,36.79479166666666,2023,2,Used/,,Self,IMG_0909
IMG_7096,-1.299336111111111,36.79309722222222,2023,2,Used/,,Self,IMG_7096
IMG_6388,-1.295136111111111,36.787619444444445,2023,2,Used/,,Self,IMG_6388
IMG_0921,-1.294622222222222,36.79808055555555,2023,2,Used/,,Self,IMG_0921
IMG_7082,-1.2994944444444445,36.79055833333333,2023,2,Used/,,Self,IMG_7082
IMG_6411,-1.2918138888888888,36.82467777777778,2023,2,Used/,,Self,IMG_6411
IMG_6377,-1.2925972222222222,36.77473888888889,2023,2,Used/,,Self,IMG_6377
IMG_0706,-1.326875,36.71722222222223,2023,2,Used/,,Self,IMG_0706
IMG_7069,-1.299561111111111,36.78894444444444,2023,2,Used/,,Self,IMG_7069
IMG_6363,-1.2771055555555555,36.765005555555554,2023,2,Used/,,Self,IMG_6363
IMG_0712,-1.3325805555555554,36.71631111111111,2023,2,Used/,,Self,IMG_0712
IMG_8428,-1.2785444444444445,37.038130555555554,2023,2,Used/,,Self,IMG_8428
IMG_7733,-1.3142944444444444,36.871027777777776,2023,2,Used/,,Self,IMG_7733
IMG_8400,-1.277272222222222,37.02443611111111,2023,2,Used/,,Self,IMG_8400
IMG_7055,-1.3001361111111112,36.78818055555556,2023,2,Used/,,Self,IMG_7055
IMG_8366,-1.2735527777777778,37.00063611111111,2023,2,Used/,,Self,IMG_8366
IMG_7041,-1.3148472222222225,36.78968888888889,2023,2,Used/,,Self,IMG_7041
IMG_8372,-1.2753138888888889,37.00423888888889,2023,2,Used/,,Self,IMG_8372
IMG_7727,-1.3141944444444444,36.87038055555556,2023,2,Used/,,Self,IMG_7727
IMG_8414,-1.2777027777777776,37.02914166666667,2023,2,Used/,,Self,IMG_8414
IMG_6439,-1.3159222222222222,36.78994444444445,2023,2,Used/,,Self,IMG_6439
IMG_7294,-1.2865777777777776,36.80467222222222,2023,2,Used/,,Self,IMG_7294
IMG_7280,-1.2829722222222222,36.80708055555555,2023,2,Used/,,Self,IMG_7280
IMG_8158,-1.329872222222222,36.88638888888889,2023,2,Used/,,Self,IMG_8158
IMG_6175,-1.330477777777778,36.85650277777778,2023,2,Used/,,Self,IMG_6175
IMG_7519,-1.2357166666666668,36.81168611111111,2023,2,Used/,,Self,IMG_7519
IMG_6161,-1.3283694444444445,36.88245277777778,2023,2,Used/,,Self,IMG_6161
IMG_8164,-1.3297388888888888,36.89062222222222,2023,2,Used/,,Self,IMG_8164
IMG_7257,-1.277575,36.80584722222222,2023,2,Used/,,Self,IMG_7257
IMG_6149,-1.329536111111111,36.87340555555556,2023,2,Used/,,Self,IMG_6149
IMG_8616,-1.2994499999999998,36.79399166666666,2023,2,Used/,,Self,IMG_8616
IMG_8170,-1.3265833333333332,36.89538055555556,2023,2,Used/,,Self,IMG_8170
IMG_7243,-1.2787638888888888,36.803925,2023,2,Used/,,Self,IMG_7243
IMG_6968,-1.357138888888889,36.74661388888889,2023,2,Used/,,Self,IMG_6968
IMG_7486,-1.2517722222222225,36.82479722222222,2023,2,Used/,,Self,IMG_7486
IMG_7492,-1.2490444444444444,36.81903611111112,2023,2,Used/,,Self,IMG_7492
IMG_6954,-1.3748638888888889,36.74453055555556,2023,2,Used/,,Self,IMG_6954
IMG_7479,-1.2565694444444444,36.8335,2023,2,Used/,,Self,IMG_7479
IMG_8038,-1.2970944444444443,36.79797222222222,2023,2,Used/,,Self,IMG_8038
IMG_7323,-1.2866833333333332,36.79893611111111,2023,2,Used/,,Self,IMG_7323
IMG_6983,-1.352538888888889,36.75856111111111,2023,2,Used/,,Self,IMG_6983
IMG_6997,-1.3488888888888888,36.76459722222222,2023,2,Used/,,Self,IMG_6997
IMG_7337,-1.2885138888888887,36.79841666666667,2023,2,Used/,,Self,IMG_7337
IMG_7860,-1.3134,36.87139722222222,2023,2,Used/,,Self,IMG_7860
IMG_0869,-1.3136611111111112,36.81527222222222,2023,2,Used/,,Self,IMG_0869
IMG_7874,-1.3132222222222223,36.871697222222224,2023,2,Used/,,Self,IMG_7874
IMG_7684,-1.3159972222222225,36.86577777777778,2023,2,Used/,,Self,IMG_7684
IMG_0855,-1.362513888888889,36.764325,2023,2,Used/,,Self,IMG_0855
IMG_0699,-1.3203305555555556,36.7182,2023,2,Used/,,Self,IMG_0699
IMG_7690,-1.315975,36.86654722222222,2023,2,Used/,,Self,IMG_7690
IMG_7848,-1.3127972222222222,36.871075,2023,2,Used/,,Self,IMG_7848
IMG_6565,-1.2971638888888888,36.795363888888886,2023,2,Used/,,Self,IMG_6565
IMG_0672,-1.3081055555555556,36.73356111111112,2023,2,Used/,,Self,IMG_0672
IMG_7109,-1.299247222222222,36.79559722222222,2023,2,Used/,,Self,IMG_7109
IMG_0666,-1.3073611111111112,36.73605,2023,2,Used/,,Self,IMG_0666
IMG_6217,-1.282936111111111,36.81553611111111,2023,2,Used/,,Self,IMG_6217
IMG_6571,-1.295811111111111,36.79530277777778,2023,2,Used/,,Self,IMG_6571
IMG_6559,-1.2978027777777776,36.79248888888889,2023,2,Used/,,Self,IMG_6559
IMG_7647,-1.314852777777778,36.85962222222222,2023,2,Used/,,Self,IMG_7647
IMG_7121,-1.2987694444444444,36.79783055555556,2023,2,Used/,,Self,IMG_7121
IMG_8212,-1.291275,36.94641388888888,2023,2,Used/,,Self,IMG_8212
IMG_0896,-1.2929388888888889,36.79098055555556,2023,2,Used/,,Self,IMG_0896
IMG_7135,-1.2953527777777776,36.80226388888889,2023,2,Used/,,Self,IMG_7135
IMG_8206,-1.29395,36.943102777777774,2023,2,Used/,,Self,IMG_8206
IMG_7653,-1.3159527777777775,36.86167777777778,2023,2,Used/,,Self,IMG_7653
IMG_8560,-1.2802972222222222,36.81769444444445,2023,2,Used/,,Self,IMG_8560
IMG_8207,-1.2932027777777777,36.94381111111111,2023,2,Used/,,Self,IMG_8207
IMG_7134,-1.2959277777777776,36.80243888888889,2023,2,Used/,,Self,IMG_7134
IMG_8561,-1.280161111111111,36.81793611111112,2023,2,Used/,,Self,IMG_8561
IMG_7652,-1.3156944444444445,36.86139444444444,2023,2,Used/,,Self,IMG_7652
IMG_7646,-1.3144555555555557,36.85874444444445,2023,2,Used/,,Self,IMG_7646
IMG_6558,-1.2977638888888887,36.792072222222224,2023,2,Used/,,Self,IMG_6558
IMG_0897,-1.2930527777777776,36.79131388888889,2023,2,Used/,,Self,IMG_0897
IMG_8213,-1.291161111111111,36.946575,2023,2,Used/,,Self,IMG_8213
IMG_7120,-1.2987916666666666,36.797777777777775,2023,2,Used/,,Self,IMG_7120
IMG_6216,-1.2830055555555555,36.81555555555556,2023,2,Used/,,Self,IMG_6216
IMG_0667,-1.3074722222222224,36.735619444444445,2023,2,Used/,,Self,IMG_0667
IMG_7108,-1.2992722222222222,36.79543333333333,2023,2,Used/,,Self,IMG_7108
IMG_6570,-1.2960027777777776,36.79530277777778,2023,2,Used/,,Self,IMG_6570
IMG_6564,-1.297113888888889,36.79537222222222,2023,2,Used/,,Self,IMG_6564
IMG_6202,-1.2954138888888889,36.81016111111111,2023,2,Used/,,Self,IMG_6202
IMG_0673,-1.308263888888889,36.73308055555556,2023,2,Used/,,Self,IMG_0673
IMG_0698,-1.3197194444444444,36.71828888888889,2023,2,Used/,,Self,IMG_0698
IMG_7849,-1.313008333333333,36.87141388888889,2023,2,Used/,,Self,IMG_7849
IMG_7691,-1.3159666666666667,36.86661111111111,2023,2,Used/,,Self,IMG_7691
IMG_7685,-1.3159805555555557,36.865994444444446,2023,2,Used/,,Self,IMG_7685
IMG_0854,-1.3639750000000002,36.76562222222222,2023,2,Used/,,Self,IMG_0854
IMG_7875,-1.313227777777778,36.87170277777778,2023,2,Used/,,Self,IMG_7875
IMG_7861,-1.3133555555555556,36.87147777777778,2023,2,Used/,,Self,IMG_7861
IMG_0868,-1.3146083333333334,36.814813888888885,2023,2,Used/,,Self,IMG_0868
IMG_6996,-1.348961111111111,36.76459166666667,2023,2,Used/,,Self,IMG_6996
IMG_7336,-1.2884027777777776,36.79844722222222,2023,2,Used/,,Self,IMG_7336
IMG_7322,-1.2866694444444444,36.79898611111111,2023,2,Used/,,Self,IMG_7322
IMG_6982,-1.352561111111111,36.75839166666667,2023,2,Used/,,Self,IMG_6982
IMG_8039,-1.2972444444444444,36.79806111111111,2023,2,Used/,,Self,IMG_8039
IMG_7478,-1.2578722222222225,36.833958333333335,2023,2,Used/,,Self,IMG_7478
IMG_6955,-1.3746277777777778,36.74445,2023,2,Used/,,Self,IMG_6955
IMG_7493,-1.2486416666666666,36.81710555555556,2023,2,Used/,,Self,IMG_7493
IMG_7487,-1.2516944444444444,36.82463611111111,2023,2,Used/,,Self,IMG_7487
IMG_6969,-1.3568833333333334,36.74666944444444,2023,2,Used/,,Self,IMG_6969
IMG_8617,-1.2994805555555555,36.79192777777778,2023,2,Used/,,Self,IMG_8617
IMG_7242,-1.2788472222222222,36.80386111111111,2023,2,Used/,,Self,IMG_7242
IMG_8171,-1.3260944444444445,36.89618611111111,2023,2,Used/,,Self,IMG_8171
IMG_7256,-1.2776527777777775,36.80572222222222,2023,2,Used/,,Self,IMG_7256
IMG_8165,-1.3289888888888888,36.89169444444445,2023,2,Used/,,Self,IMG_8165
IMG_7518,-1.2358416666666667,36.81162222222222,2023,2,Used/,,Self,IMG_7518
IMG_6160,-1.3283694444444445,36.88218611111111,2023,2,Used/,,Self,IMG_6160
IMG_6174,-1.3306222222222222,36.85681111111112,2023,2,Used/,,Self,IMG_6174
IMG_8159,-1.3303361111111112,36.88714722222223,2023,2,Used/,,Self,IMG_8159
IMG_7281,-1.2830805555555556,36.80703333333333,2023,2,Used/,,Self,IMG_7281
IMG_7295,-1.2866027777777778,36.804605555555554,2023,2,Used/,,Self,IMG_7295
IMG_8373,-1.27545,37.00501388888889,2023,2,Used/,,Self,IMG_8373
IMG_7040,-1.3149194444444443,36.78963888888889,2023,2,Used/,,Self,IMG_7040
IMG_6438,-1.3155722222222224,36.78991388888889,2023,2,Used/,,Self,IMG_6438
IMG_8415,-1.2777222222222222,37.02933055555555,2023,2,Used/,,Self,IMG_8415
IMG_7726,-1.3141888888888889,36.87025555555556,2023,2,Used/,,Self,IMG_7726
IMG_8401,-1.277297222222222,37.024769444444445,2023,2,Used/,,Self,IMG_8401
IMG_7732,-1.314286111111111,36.87094722222222,2023,2,Used/,,Self,IMG_7732
IMG_8367,-1.2737944444444445,37.00103333333333,2023,2,Used/,,Self,IMG_8367
IMG_7054,-1.3003722222222225,36.78819444444444,2023,2,Used/,,Self,IMG_7054
IMG_0713,-1.3330666666666666,36.71636388888889,2023,2,Used/,,Self,IMG_0713
IMG_6362,-1.2736611111111111,36.76748611111111,2023,2,Used/,,Self,IMG_6362
IMG_8429,-1.2786472222222225,37.03908888888888,2023,2,Used/,,Self,IMG_8429
IMG_7068,-1.299583333333333,36.788602777777776,2023,2,Used/,,Self,IMG_7068
IMG_0707,-1.3279888888888889,36.71705277777778,2023,2,Used/,,Self,IMG_0707
IMG_6376,-1.289497222222222,36.77151111111111,2023,2,Used/,,Self,IMG_6376
IMG_7083,-1.299483333333333,36.79073611111111,2023,2,Used/,,Self,IMG_7083
IMG_0920,-1.294561111111111,36.79786666666666,2023,2,Used/,,Self,IMG_0920
IMG_6389,-1.2963638888888889,36.79445277777778,2023,2,Used/,,Self,IMG_6389
IMG_7097,-1.2993416666666666,36.79320555555555,2023,2,Used/,,Self,IMG_7097
IMG_0908,-1.293775,36.79453888888889,2023,2,Used/,,Self,IMG_0908
IMG_8398,-1.277188888888889,37.02352777777778,2023,2,Used/,,Self,IMG_8398
IMG_7093,-1.299361111111111,36.792569444444446,2023,2,Used/,,Self,IMG_7093
IMG_0924,-1.2948555555555554,36.79901388888889,2023,2,Used/,,Self,IMG_0924
IMG_7087,-1.299411111111111,36.7915,2023,2,Used/,,Self,IMG_7087
IMG_0918,-1.2944305555555555,36.797352777777775,2023,2,Used/,,Self,IMG_0918
IMG_8388,-1.2764916666666666,37.016,2023,2,Used/,,Self,IMG_8388
IMG_7050,-1.3115527777777778,36.791352777777774,2023,2,Used/,,Self,IMG_7050
IMG_8363,-1.2725944444444444,36.99906388888889,2023,2,Used/,,Self,IMG_8363
IMG_7736,-1.314313888888889,36.8712,2023,2,Used/,,Self,IMG_7736
IMG_8405,-1.2774055555555557,37.02569444444444,2023,2,Used/,,Self,IMG_8405
IMG_6428,-1.3169111111111111,36.80070277777777,2023,2,Used/,,Self,IMG_6428
IMG_7722,-1.3141194444444444,36.86987222222222,2023,2,Used/,,Self,IMG_7722
IMG_8411,-1.2776416666666666,37.02854166666667,2023,2,Used/,,Self,IMG_8411
IMG_7044,-1.3145472222222223,36.78993611111111,2023,2,Used/,,Self,IMG_7044
IMG_8377,-1.275611111111111,37.0065,2023,2,Used/,,Self,IMG_8377
IMG_6372,-1.2818888888888889,36.769927777777774,2023,2,Used/,,Self,IMG_6372
IMG_0703,-1.3237777777777775,36.717675,2023,2,Used/,,Self,IMG_0703
IMG_8439,-1.279261111111111,37.04486388888888,2023,2,Used/,,Self,IMG_8439
IMG_6366,-1.277675,36.764472222222224,2023,2,Used/,,Self,IMG_6366
IMG_7078,-1.299511111111111,36.79005,2023,2,Used/,,Self,IMG_7078
IMG_0717,-1.3358305555555554,36.718538888888894,2023,2,Used/,,Self,IMG_0717
IMG_7291,-1.2858138888888888,36.80490833333333,2023,2,Used/,,Self,IMG_7291
IMG_7285,-1.284311111111111,36.806041666666665,2023,2,Used/,,Self,IMG_7285
IMG_8161,-1.3309305555555555,36.88840277777778,2023,2,Used/,,Self,IMG_8161
IMG_7252,-1.2780972222222222,36.805169444444445,2023,2,Used/,,Self,IMG_7252
IMG_8175,-1.3242694444444445,36.89917222222222,2023,2,Used/,,Self,IMG_8175
IMG_7246,-1.2787305555555557,36.80411944444444,2023,2,Used/,,Self,IMG_7246
IMG_6158,-1.3284527777777777,36.88048055555556,2023,2,Used/,,Self,IMG_6158
IMG_8613,-1.2989916666666663,36.79719444444444,2023,2,Used/,,Self,IMG_8613
IMG_7520,-1.2356555555555555,36.811725,2023,2,Used/,,Self,IMG_7520
IMG_7508,-1.240611111111111,36.81309722222222,2023,2,Used/,,Self,IMG_7508
IMG_6170,-1.3382277777777778,36.92231388888889,2023,2,Used/,,Self,IMG_6170
IMG_8149,-1.3287305555555555,36.878569444444445,2023,2,Used/,,Self,IMG_8149
IMG_6164,-1.3288777777777778,36.884677777777775,2023,2,Used/,,Self,IMG_6164
IMG_6945,-1.37545,36.74631111111111,2023,2,Used/,,Self,IMG_6945
IMG_7483,-1.2559527777777777,36.83282777777778,2023,2,Used/,,Self,IMG_7483
IMG_6951,-1.374761111111111,36.74541944444445,2023,2,Used/,,Self,IMG_6951
IMG_7497,-1.2481722222222222,36.81628611111111,2023,2,Used/,,Self,IMG_7497
IMG_6979,-1.352588888888889,36.75788055555556,2023,2,Used/,,Self,IMG_6979
IMG_6986,-1.3524555555555555,36.75910277777778,2023,2,Used/,,Self,IMG_6986
IMG_7326,-1.2870027777777775,36.798788888888886,2023,2,Used/,,Self,IMG_7326
IMG_7332,-1.2878777777777777,36.79856944444444,2023,2,Used/,,Self,IMG_7332
IMG_6992,-1.3516416666666669,36.76303611111111,2023,2,Used/,,Self,IMG_6992
IMG_7454,-1.2775305555555554,36.82118055555556,2023,2,Used/,,Self,IMG_7454
IMG_8029,-1.2975944444444445,36.79583611111111,2023,2,Used/,,Self,IMG_8029
IMG_7468,-1.2629416666666666,36.83891666666667,2023,2,Used/,,Self,IMG_7468
IMG_0850,-1.3715222222222223,36.768252777777775,2023,2,Used/,,Self,IMG_0850
IMG_0688,-1.3133416666666666,36.72196944444445,2023,2,Used/,,Self,IMG_0688
IMG_7681,-1.3159583333333331,36.86526944444444,2023,2,Used/,,Self,IMG_7681
IMG_7859,-1.313363888888889,36.87143055555556,2023,2,Used/,,Self,IMG_7859
IMG_7695,-1.3160416666666668,36.86736388888889,2023,2,Used/,,Self,IMG_7695
IMG_7871,-1.3132388888888888,36.87166111111111,2023,2,Used/,,Self,IMG_7871
IMG_0878,-1.2991444444444444,36.79691666666667,2023,2,Used/,,Self,IMG_0878
IMG_7124,-1.298411111111111,36.79974444444444,2023,2,Used/,,Self,IMG_7124
IMG_8217,-1.290561111111111,36.94719444444444,2023,2,Used/,,Self,IMG_8217
IMG_0893,-1.2927416666666665,36.78996388888888,2023,2,Used/,,Self,IMG_0893
IMG_7642,-1.3136277777777778,36.85638055555556,2023,2,Used/,,Self,IMG_7642
IMG_6548,-1.2979222222222222,36.78876944444444,2023,2,Used/,,Self,IMG_6548
IMG_7656,-1.3161694444444445,36.86193888888889,2023,2,Used/,,Self,IMG_7656
IMG_7130,-1.2967499999999998,36.80258055555555,2023,2,Used/,,Self,IMG_7130
IMG_8203,-1.2967527777777776,36.94098333333333,2023,2,Used/,,Self,IMG_8203
IMG_0677,-1.3082694444444445,36.730941666666666,2023,2,Used/,,Self,IMG_0677
IMG_7118,-1.298936111111111,36.797241666666665,2023,2,Used/,,Self,IMG_7118
IMG_6206,-1.2950722222222222,36.79931388888889,2023,2,Used/,,Self,IMG_6206
IMG_6560,-1.2978027777777776,36.79252222222222,2023,2,Used/,,Self,IMG_6560
IMG_6574,-1.295211111111111,36.79523055555556,2023,2,Used/,,Self,IMG_6574
IMG_8559,-1.2806166666666663,36.81708611111112,2023,2,Used/,,Self,IMG_8559
IMG_0663,-1.306913888888889,36.73764722222222,2023,2,Used/,,Self,IMG_0663
IMG_6212,-1.2940166666666666,36.80275,2023,2,Used/,,Self,IMG_6212
IMG_8558,-1.2810416666666666,36.816247222222216,2023,2,Used/,,Self,IMG_8558
IMG_6575,-1.2945305555555555,36.79515555555555,2023,2,Used/,,Self,IMG_6575
IMG_6213,-1.2935805555555555,36.80305277777777,2023,2,Used/,,Self,IMG_6213
IMG_0662,-1.306775,36.73817777777778,2023,2,Used/,,Self,IMG_0662
IMG_6207,-1.2950888888888887,36.800377777777776,2023,2,Used/,,Self,IMG_6207
IMG_7119,-1.298922222222222,36.79731111111111,2023,2,Used/,,Self,IMG_7119
IMG_0676,-1.3084861111111112,36.731575,2023,2,Used/,,Self,IMG_0676
IMG_6561,-1.2975277777777776,36.79533333333333,2023,2,Used/,,Self,IMG_6561
IMG_8564,-1.2786027777777778,36.81607777777778,2023,2,Used/,,Self,IMG_8564
IMG_7657,-1.316158333333333,36.86196388888889,2023,2,Used/,,Self,IMG_7657
IMG_6549,-1.2979138888888888,36.78894444444444,2023,2,Used/,,Self,IMG_6549
IMG_8202,-1.2983888888888888,36.93978611111111,2023,2,Used/,,Self,IMG_8202
IMG_7131,-1.296586111111111,36.80254444444444,2023,2,Used/,,Self,IMG_7131
IMG_0892,-1.2927027777777778,36.78974166666666,2023,2,Used/,,Self,IMG_0892
IMG_8216,-1.2907944444444444,36.94706388888888,2023,2,Used/,,Self,IMG_8216
IMG_7125,-1.2983638888888889,36.80002777777778,2023,2,Used/,,Self,IMG_7125
IMG_7643,-1.3137138888888888,36.85661944444445,2023,2,Used/,,Self,IMG_7643
IMG_7870,-1.3132166666666667,36.87168888888889,2023,2,Used/,,Self,IMG_7870
IMG_0879,-1.2993,36.79533055555555,2023,2,Used/,,Self,IMG_0879
IMG_7864,-1.3132194444444445,36.87175833333333,2023,2,Used/,,Self,IMG_7864
IMG_7694,-1.3159888888888889,36.86689722222222,2023,2,Used/,,Self,IMG_7694
IMG_0689,-1.3138611111111111,36.72127777777778,2023,2,Used/,,Self,IMG_0689
IMG_0851,-1.3684888888888889,36.767538888888886,2023,2,Used/,,Self,IMG_0851
IMG_7858,-1.3133722222222222,36.87142222222222,2023,2,Used/,,Self,IMG_7858
IMG_7680,-1.315683333333333,36.86483888888889,2023,2,Used/,,Self,IMG_7680
IMG_7469,-1.2618222222222222,36.839619444444445,2023,2,Used/,,Self,IMG_7469
IMG_8028,-1.2976027777777777,36.79566111111111,2023,2,Used/,,Self,IMG_8028
IMG_7333,-1.287972222222222,36.79854722222222,2023,2,Used/,,Self,IMG_7333
IMG_7455,-1.2775027777777777,36.82118055555556,2023,2,Used/,,Self,IMG_7455
IMG_6993,-1.3514722222222224,36.76302222222222,2023,2,Used/,,Self,IMG_6993
IMG_6987,-1.3524444444444446,36.75928611111111,2023,2,Used/,,Self,IMG_6987
IMG_7327,-1.2870888888888887,36.798766666666666,2023,2,Used/,,Self,IMG_7327
IMG_6978,-1.352752777777778,36.75738611111111,2023,2,Used/,,Self,IMG_6978
IMG_7496,-1.248213888888889,36.81631944444444,2023,2,Used/,,Self,IMG_7496
IMG_6950,-1.3746944444444444,36.74591111111111,2023,2,Used/,,Self,IMG_6950
IMG_7482,-1.2561555555555557,36.833088888888895,2023,2,Used/,,Self,IMG_7482
IMG_6944,-1.3754861111111112,36.74632222222223,2023,2,Used/,,Self,IMG_6944
IMG_6165,-1.3329555555555554,36.88986111111111,2023,2,Used/,,Self,IMG_6165
IMG_8148,-1.3289055555555556,36.87738888888889,2023,2,Used/,,Self,IMG_8148
IMG_7509,-1.2404833333333334,36.81298055555556,2023,2,Used/,,Self,IMG_7509
IMG_6171,-1.3307583333333333,36.92410555555556,2023,2,Used/,,Self,IMG_6171
IMG_6159,-1.3283694444444445,36.88115,2023,2,Used/,,Self,IMG_6159
IMG_7247,-1.2785888888888888,36.80444722222222,2023,2,Used/,,Self,IMG_7247
IMG_8174,-1.3247638888888889,36.89838055555556,2023,2,Used/,,Self,IMG_8174
IMG_8612,-1.2988138888888887,36.79754444444444,2023,2,Used/,,Self,IMG_8612
IMG_7253,-1.2778444444444443,36.8055,2023,2,Used/,,Self,IMG_7253
IMG_8160,-1.3307444444444445,36.88778888888889,2023,2,Used/,,Self,IMG_8160
IMG_7284,-1.2842527777777777,36.806105555555554,2023,2,Used/,,Self,IMG_7284
IMG_7290,-1.2856138888888888,36.80499444444444,2023,2,Used/,,Self,IMG_7290
IMG_0716,-1.3345083333333332,36.71747222222223,2023,2,Used/,,Self,IMG_0716
IMG_7079,-1.2995055555555557,36.79016388888888,2023,2,Used/,,Self,IMG_7079
IMG_6367,-1.2777694444444443,36.76468611111111,2023,2,Used/,,Self,IMG_6367
IMG_0702,-1.3229166666666667,36.71780833333334,2023,2,Used/,,Self,IMG_0702
IMG_6373,-1.2822027777777778,36.76986111111111,2023,2,Used/,,Self,IMG_6373
IMG_8438,-1.279216666666667,37.04451111111111,2023,2,Used/,,Self,IMG_8438
IMG_8410,-1.2775527777777778,37.02778333333333,2023,2,Used/,,Self,IMG_8410
IMG_7723,-1.3141527777777775,36.86996388888889,2023,2,Used/,,Self,IMG_7723
IMG_8376,-1.2755527777777778,37.005925,2023,2,Used/,,Self,IMG_8376
IMG_7045,-1.3144638888888889,36.79000277777778,2023,2,Used/,,Self,IMG_7045
InBridge,-1.3147805555555556,36.78994444444445,2023,2,Used/,,Self,InBridge
IMG_8362,-1.2720027777777778,36.99811944444445,2023,2,Used/,,Self,IMG_8362
IMG_7051,-1.3114444444444444,36.791352777777774,2023,2,Used/,,Self,IMG_7051
IMG_6429,-1.3191194444444443,36.79295277777778,2023,2,Used/,,Self,IMG_6429
IMG_8404,-1.2773666666666663,37.02536111111111,2023,2,Used/,,Self,IMG_8404
IMG_7737,-1.3143694444444445,36.87133888888889,2023,2,Used/,,Self,IMG_7737
IMG_8389,-1.2765138888888887,37.01629166666667,2023,2,Used/,,Self,IMG_8389
IMG_0919,-1.2944805555555554,36.79752777777777,2023,2,Used/,,Self,IMG_0919
IMG_7086,-1.2994388888888888,36.79129444444444,2023,2,Used/,,Self,IMG_7086
IMG_0925,-1.2949638888888888,36.799502777777775,2023,2,Used/,,Self,IMG_0925
IMG_7092,-1.2993638888888888,36.79245833333333,2023,2,Used/,,Self,IMG_7092
IMG_7084,-1.2994638888888888,36.79100555555555,2023,2,Used/,,Self,IMG_7084
IMG_7090,-1.2993805555555555,36.792125,2023,2,Used/,,Self,IMG_7090
IMG_0927,-1.2950694444444444,36.79995555555556,2023,2,Used/,,Self,IMG_0927
IMG_6359,-1.2717083333333332,36.76784722222222,2023,2,Used/,,Self,IMG_6359
IMG_8374,-1.2755027777777777,37.00551111111111,2023,2,Used/,,Self,IMG_8374
IMG_7047,-1.3119722222222223,36.79141944444444,2023,2,Used/,,Self,IMG_7047
IMG_0728,-1.3371,36.72715277777778,2023,2,Used/,,Self,IMG_0728
IMG_8412,-1.277663888888889,37.02869722222222,2023,2,Used/,,Self,IMG_8412
IMG_7721,-1.3141027777777778,36.86975277777778,2023,2,Used/,,Self,IMG_7721
IMG_8406,-1.2774222222222222,37.02595555555556,2023,2,Used/,,Self,IMG_8406
IMG_7735,-1.3143,36.871119444444446,2023,2,Used/,,Self,IMG_7735
IMG_8360,-1.271686111111111,36.997594444444445,2023,2,Used/,,Self,IMG_8360
IMG_7053,-1.3005555555555557,36.78819444444444,2023,2,Used/,,Self,IMG_7053
IMG_6365,-1.2773055555555557,36.76470277777778,2023,2,Used/,,Self,IMG_6365
IMG_8348,-1.269572222222222,36.99416388888889,2023,2,Used/,,Self,IMG_8348
IMG_0714,-1.333461111111111,36.71669444444445,2023,2,Used/,,Self,IMG_0714
IMG_7709,-1.315263888888889,36.86928888888889,2023,2,Used/,,Self,IMG_7709
IMG_6371,-1.2817194444444444,36.76993888888889,2023,2,Used/,,Self,IMG_6371
IMG_0700,-1.321113888888889,36.71808055555556,2023,2,Used/,,Self,IMG_0700
IMG_6198,-1.2947166666666663,36.81428055555556,2023,2,Used/,,Self,IMG_6198
IMG_7286,-1.2843777777777776,36.80596944444444,2023,2,Used/,,Self,IMG_7286
IMG_7292,-1.2861027777777776,36.804827777777774,2023,2,Used/,,Self,IMG_7292
IMG_8189,-1.3134833333333331,36.92286666666666,2023,2,Used/,,Self,IMG_8189
IMG_7245,-1.2787416666666669,36.804047222222216,2023,2,Used/,,Self,IMG_7245
IMG_8176,-1.3238444444444444,36.899852777777774,2023,2,Used/,,Self,IMG_8176
IMG_7251,-1.2781722222222225,36.80506111111111,2023,2,Used/,,Self,IMG_7251
IMG_8162,-1.3307472222222223,36.889175,2023,2,Used/,,Self,IMG_8162
IMG_7279,-1.2826305555555555,36.80719722222222,2023,2,Used/,,Self,IMG_7279
IMG_6167,-1.3389555555555557,36.92133055555556,2023,2,Used/,,Self,IMG_6167
IMG_6173,-1.3307472222222223,36.85708611111112,2023,2,Used/,,Self,IMG_6173
IMG_8638,-1.2990388888888889,36.761383333333335,2023,2,Used/,,Self,IMG_8638
IMG_6952,-1.3748194444444444,36.74497777777778,2023,2,Used/,,Self,IMG_6952
IMG_7494,-1.248588888888889,36.81682222222223,2023,2,Used/,,Self,IMG_7494
IMG_6946,-1.3751361111111111,36.74625,2023,2,Used/,,Self,IMG_6946
IMG_7480,-1.2564972222222222,36.83343888888889,2023,2,Used/,,Self,IMG_7480
IMG_6991,-1.3517083333333335,36.762875,2023,2,Used/,,Self,IMG_6991
IMG_7457,-1.277061111111111,36.821758333333335,2023,2,Used/,,Self,IMG_7457
IMG_7331,-1.287597222222222,36.79863055555556,2023,2,Used/,,Self,IMG_7331
IMG_7325,-1.2868138888888887,36.79883888888889,2023,2,Used/,,Self,IMG_7325
IMG_6985,-1.3524916666666666,36.75882222222222,2023,2,Used/,,Self,IMG_6985
IMG_7319,-1.2866888888888888,36.799169444444445,2023,2,Used/,,Self,IMG_7319
IMG_0847,-1.3805722222222223,36.77034444444444,2023,2,Used/,,Self,IMG_0847
IMG_7696,-1.3160805555555557,36.867694444444446,2023,2,Used/,,Self,IMG_7696
IMG_6588,-1.2950444444444442,36.799752777777776,2023,2,Used/,,Self,IMG_6588
IMG_7682,-1.31605,36.86548888888889,2023,2,Used/,,Self,IMG_7682
IMG_0853,-1.3656611111111112,36.76663611111111,2023,2,Used/,,Self,IMG_0853
IMG_7872,-1.3132222222222223,36.87169444444445,2023,2,Used/,,Self,IMG_7872
IMG_8200,-1.3008222222222223,36.93799722222222,2023,2,Used/,,Self,IMG_8200
IMG_7133,-1.2960083333333332,36.80245277777777,2023,2,Used/,,Self,IMG_7133
IMG_7655,-1.3160361111111112,36.861755555555554,2023,2,Used/,,Self,IMG_7655
IMG_7641,-1.313563888888889,36.85619722222222,2023,2,Used/,,Self,IMG_7641
IMG_0648,-1.3002638888888889,36.767963888888886,2023,2,Used/,,Self,IMG_0648
IMG_8214,-1.2910583333333332,36.94674444444444,2023,2,Used/,,Self,IMG_8214
IMG_7127,-1.2971305555555557,36.80263055555555,2023,2,Used/,,Self,IMG_7127
IMG_6239,-1.276922222222222,36.82198055555556,2023,2,Used/,,Self,IMG_6239
IMG_0660,-1.306533333333333,36.73921111111111,2023,2,Used/,,Self,IMG_0660
IMG_6211,-1.2943222222222222,36.80265833333333,2023,2,Used/,,Self,IMG_6211
IMG_6577,-1.294336111111111,36.79509722222222,2023,2,Used/,,Self,IMG_6577
IMG_7669,-1.315113888888889,36.86304722222222,2023,2,Used/,,Self,IMG_7669
IMG_6563,-1.297575,36.79537222222222,2023,2,Used/,,Self,IMG_6563
IMG_0674,-1.3084861111111112,36.73232222222222,2023,2,Used/,,Self,IMG_0674
IMG_8228,-1.2889444444444442,36.95018055555556,2023,2,Used/,,Self,IMG_8228
IMG_6205,-1.2951944444444443,36.79955277777778,2023,2,Used/,,Self,IMG_6205
IMG_6562,-1.2975805555555555,36.79527222222222,2023,2,Used/,,Self,IMG_6562
IMG_8229,-1.2886444444444445,36.95066944444445,2023,2,Used/,,Self,IMG_8229
IMG_0675,-1.3085361111111111,36.731883333333336,2023,2,Used/,,Self,IMG_0675
IMG_6210,-1.2939055555555554,36.80311111111111,2023,2,Used/,,Self,IMG_6210
IMG_0661,-1.3066444444444445,36.73869722222222,2023,2,Used/,,Self,IMG_0661
IMG_7668,-1.315263888888889,36.862922222222224,2023,2,Used/,,Self,IMG_7668
IMG_6576,-1.2944555555555557,36.79515555555555,2023,2,Used/,,Self,IMG_6576
IMG_7640,-1.313525,36.85609722222223,2023,2,Used/,,Self,IMG_7640
IMG_6238,-1.276997222222222,36.82187222222223,2023,2,Used/,,Self,IMG_6238
IMG_0891,-1.292686111111111,36.78938888888889,2023,2,Used/,,Self,IMG_0891
IMG_7126,-1.2972916666666665,36.80266111111111,2023,2,Used/,,Self,IMG_7126
IMG_8215,-1.290925,36.94693333333333,2023,2,Used/,,Self,IMG_8215
IMG_0649,-1.3000361111111112,36.766752777777775,2023,2,Used/,,Self,IMG_0649
IMG_7132,-1.2964972222222222,36.802527777777776,2023,2,Used/,,Self,IMG_7132
IMG_8201,-1.2988444444444442,36.939455555555554,2023,2,Used/,,Self,IMG_8201
IMG_7654,-1.3160361111111112,36.861755555555554,2023,2,Used/,,Self,IMG_7654
IMG_7867,-1.3133361111111113,36.87177222222222,2023,2,Used/,,Self,IMG_7867
IMG_7873,-1.3132222222222223,36.871697222222224,2023,2,Used/,,Self,IMG_7873
IMG_7683,-1.3160527777777775,36.86550555555556,2023,2,Used/,,Self,IMG_7683
IMG_0852,-1.3676416666666666,36.76761944444444,2023,2,Used/,,Self,IMG_0852
IMG_0846,-1.3802444444444444,36.77351111111111,2023,2,Used/,,Self,IMG_0846
IMG_6589,-1.2950916666666663,36.79998888888889,2023,2,Used/,,Self,IMG_6589
IMG_7697,-1.3161,36.86796388888889,2023,2,Used/,,Self,IMG_7697
IMG_7318,-1.2870527777777776,36.80084166666666,2023,2,Used/,,Self,IMG_7318
IMG_7324,-1.2867388888888889,36.79887222222222,2023,2,Used/,,Self,IMG_7324
IMG_6984,-1.3525222222222224,36.758652777777776,2023,2,Used/,,Self,IMG_6984
IMG_7456,-1.2773388888888888,36.82135,2023,2,Used/,,Self,IMG_7456
IMG_6990,-1.352352777777778,36.75996111111111,2023,2,Used/,,Self,IMG_6990
IMG_7330,-1.2874472222222222,36.79867222222222,2023,2,Used/,,Self,IMG_7330
IMG_7481,-1.256352777777778,36.83331666666667,2023,2,Used/,,Self,IMG_7481
IMG_6947,-1.3750555555555557,36.74623055555556,2023,2,Used/,,Self,IMG_6947
IMG_7495,-1.2485388888888889,36.81665555555556,2023,2,Used/,,Self,IMG_7495
IMG_6953,-1.3748194444444444,36.74492222222222,2023,2,Used/,,Self,IMG_6953
IMG_6172,-1.3309055555555556,36.92409722222222,2023,2,Used/,,Self,IMG_6172
IMG_8639,-1.2998166666666666,36.75877777777778,2023,2,Used/,,Self,IMG_8639
IMG_6166,-1.346111111111111,36.90673055555556,2023,2,Used/,,Self,IMG_6166
IMG_7278,-1.2823916666666666,36.807247222222216,2023,2,Used/,,Self,IMG_7278
IMG_8163,-1.3304138888888888,36.88970277777778,2023,2,Used/,,Self,IMG_8163
IMG_7250,-1.2782833333333332,36.80490833333333,2023,2,Used/,,Self,IMG_7250
IMG_8177,-1.3204527777777777,36.90539444444444,2023,2,Used/,,Self,IMG_8177
IMG_7244,-1.2787555555555554,36.80394444444444,2023,2,Used/,,Self,IMG_7244
IMG_8188,-1.3136138888888889,36.92278888888889,2023,2,Used/,,Self,IMG_8188
IMG_7293,-1.2863555555555557,36.80475555555555,2023,2,Used/,,Self,IMG_7293
IMG_7287,-1.2845166666666663,36.80583055555555,2023,2,Used/,,Self,IMG_7287
IMG_6199,-1.2948194444444443,36.81411388888888,2023,2,Used/,,Self,IMG_6199
IMG_7708,-1.3154666666666668,36.869225,2023,2,Used/,,Self,IMG_7708
IMG_0701,-1.3219222222222222,36.71795277777778,2023,2,Used/,,Self,IMG_0701
IMG_6370,-1.281711111111111,36.769927777777774,2023,2,Used/,,Self,IMG_6370
IMG_0715,-1.3340222222222222,36.71714722222222,2023,2,Used/,,Self,IMG_0715
IMG_8349,-1.2698388888888887,36.99456388888889,2023,2,Used/,,Self,IMG_8349
IMG_6364,-1.2771777777777775,36.76493888888889,2023,2,Used/,,Self,IMG_6364
IMG_7734,-1.3143,36.87106111111111,2023,2,Used/,,Self,IMG_7734
IMG_8407,-1.2774333333333332,37.02603055555556,2023,2,Used/,,Self,IMG_8407
IMG_7052,-1.300636111111111,36.78818888888889,2023,2,Used/,,Self,IMG_7052
IMG_8361,-1.2717138888888888,36.99764444444445,2023,2,Used/,,Self,IMG_8361
IMG_0729,-1.337261111111111,36.72821388888889,2023,2,Used/,,Self,IMG_0729
IMG_7046,-1.3143805555555557,36.79006111111111,2023,2,Used/,,Self,IMG_7046
IMG_8375,-1.275536111111111,37.00573611111111,2023,2,Used/,,Self,IMG_8375
IMG_6358,-1.2713194444444444,36.76804444444444,2023,2,Used/,,Self,IMG_6358
IMG_7720,-1.3141111111111112,36.86969722222222,2023,2,Used/,,Self,IMG_7720
IMG_8413,-1.2776805555555557,37.028927777777774,2023,2,Used/,,Self,IMG_8413
IMG_0926,-1.295013888888889,36.79971666666666,2023,2,Used/,,Self,IMG_0926
IMG_7091,-1.2993722222222222,36.79223333333333,2023,2,Used/,,Self,IMG_7091
IMG_7085,-1.2994638888888888,36.79110277777777,2023,2,Used/,,Self,IMG_7085
IMG_6382,-1.2926555555555554,36.77658888888889,2023,2,Used/,,Self,IMG_6382
IMG_7088,-1.2993888888888887,36.79170277777778,2023,2,Used/,,Self,IMG_7088
IMG_8393,-1.2768888888888887,37.02019166666667,2023,2,Used/,,Self,IMG_8393
IMG_0917,-1.294286111111111,36.79683055555555,2023,2,Used/,,Self,IMG_0917
IMG_8387,-1.2764277777777775,37.01523611111111,2023,2,Used/,,Self,IMG_8387
IMG_0903,-1.293522222222222,36.79326666666667,2023,2,Used/,,Self,IMG_0903
IMG_7739,-1.3144277777777778,36.871452777777776,2023,2,Used/,,Self,IMG_7739
IMG_6427,-1.3169694444444444,36.800755555555554,2023,2,Used/,,Self,IMG_6427
IMG_6341,-1.2255555555555555,36.78951388888888,2023,2,Used/,,Self,IMG_6341
IMG_0730,-1.3373333333333333,36.72871388888889,2023,2,Used/,,Self,IMG_0730
IMG_6355,-1.2687944444444443,36.76914722222222,2023,2,Used/,,Self,IMG_6355
IMG_0724,-1.3368083333333332,36.72504722222222,2023,2,Used/,,Self,IMG_0724
IMG_8378,-1.275686111111111,37.007305555555554,2023,2,Used/,,Self,IMG_8378
IMG_6433,-1.3181444444444443,36.79146111111111,2023,2,Used/,,Self,IMG_6433
IMG_8436,-1.2790277777777777,37.04271666666666,2023,2,Used/,,Self,IMG_8436
IMG_7705,-1.3159305555555556,36.869122222222224,2023,2,Used/,,Self,IMG_7705
IMG_8350,-1.2700777777777776,36.99496111111111,2023,2,Used/,,Self,IMG_8350
IMG_7063,-1.299611111111111,36.78824722222222,2023,2,Used/,,Self,IMG_7063
IMG_6369,-1.2814388888888888,36.76956388888889,2023,2,Used/,,Self,IMG_6369
IMG_0718,-1.3362833333333333,36.71981944444445,2023,2,Used/,,Self,IMG_0718
IMG_8344,-1.2686944444444443,36.99271388888889,2023,2,Used/,,Self,IMG_8344
IMG_7077,-1.2995138888888889,36.78981111111111,2023,2,Used/,,Self,IMG_7077
IMG_8422,-1.2781277777777778,37.03363888888889,2023,2,Used/,,Self,IMG_8422
IMG_7711,-1.3150305555555557,36.86939722222223,2023,2,Used/,,Self,IMG_7711
IMG_6180,-1.3296222222222225,36.85480555555556,2023,2,Used/,,Self,IMG_6180
IMG_6194,-1.2994638888888888,36.820972222222224,2023,2,Used/,,Self,IMG_6194
IMG_8191,-1.312827777777778,36.92308611111111,2023,2,Used/,,Self,IMG_8191
IMG_8185,-1.3187638888888888,36.91344444444445,2023,2,Used/,,Self,IMG_8185
IMG_7249,-1.2784055555555556,36.804741666666665,2023,2,Used/,,Self,IMG_7249
IMG_6157,-1.3285888888888888,36.87954444444445,2023,2,Used/,,Self,IMG_6157
IMG_7261,-1.2783527777777777,36.80614444444444,2023,2,Used/,,Self,IMG_7261
IMG_8152,-1.3285416666666667,36.87979722222222,2023,2,Used/,,Self,IMG_8152
IMG_7507,-1.2458694444444445,36.81527222222222,2023,2,Used/,,Self,IMG_7507
IMG_8634,-1.2998527777777775,36.76589166666667,2023,2,Used/,,Self,IMG_8634
IMG_7513,-1.2379250000000002,36.8107,2023,2,Used/,,Self,IMG_7513
IMG_8620,-1.299561111111111,36.78963888888889,2023,2,Used/,,Self,IMG_8620
IMG_7275,-1.2816527777777778,36.80727222222222,2023,2,Used/,,Self,IMG_7275
IMG_8146,-1.3290444444444445,36.87629444444445,2023,2,Used/,,Self,IMG_8146
IMG_7498,-1.248133333333333,36.81625277777778,2023,2,Used/,,Self,IMG_7498
IMG_6976,-1.3537805555555555,36.74856388888889,2023,2,Used/,,Self,IMG_6976
IMG_6962,-1.3705944444444444,36.74410555555556,2023,2,Used/,,Self,IMG_6962
IMG_7329,-1.287372222222222,36.79868888888889,2023,2,Used/,,Self,IMG_7329
IMG_6989,-1.3524027777777778,36.75966666666667,2023,2,Used/,,Self,IMG_6989
IMG_7315,-1.2871777777777778,36.80137222222222,2023,2,Used/,,Self,IMG_7315
IMG_8026,-1.2976055555555557,36.795341666666666,2023,2,Used/,,Self,IMG_8026
IMG_7473,-1.2605472222222225,36.837563888888894,2023,2,Used/,,Self,IMG_7473
IMG_8740,-1.1073222222222223,36.23527777777778,2023,2,Used/,,Self,IMG_8740
IMG_7467,-1.2638972222222222,36.83736944444445,2023,2,Used/,,Self,IMG_7467
IMG_7301,-1.286636111111111,36.80386388888888,2023,2,Used/,,Self,IMG_7301
IMG_8032,-1.2973888888888887,36.79660833333333,2023,2,Used/,,Self,IMG_8032
IMG_6590,-1.2951416666666666,36.80028611111111,2023,2,Used/,,Self,IMG_6590
IMG_7856,-1.3133972222222223,36.87140277777778,2023,2,Used/,,Self,IMG_7856
IMG_0687,-1.312827777777778,36.72262222222223,2023,2,Used/,,Self,IMG_0687
IMG_0693,-1.316158333333333,36.71886111111111,2023,2,Used/,,Self,IMG_0693
IMG_6584,-1.2948916666666666,36.79901388888889,2023,2,Used/,,Self,IMG_6584
IMG_7842,-1.312827777777778,36.87006944444445,2023,2,Used/,,Self,IMG_7842
IMG_0863,-1.3403944444444444,36.770375,2023,2,Used/,,Self,IMG_0863
IMG_6553,-1.2978666666666665,36.78996388888888,2023,2,Used/,,Self,IMG_6553
IMG_8218,-1.290447222222222,36.94735,2023,2,Used/,,Self,IMG_8218
IMG_0644,-1.3003805555555557,36.77246111111111,2023,2,Used/,,Self,IMG_0644
IMG_6235,-1.277411111111111,36.82137777777778,2023,2,Used/,,Self,IMG_6235
IMG_0650,-1.29995,36.76597777777778,2023,2,Used/,,Self,IMG_0650
IMG_6221,-1.280997222222222,36.816538888888886,2023,2,Used/,,Self,IMG_6221
IMG_6547,-1.2979222222222222,36.78871111111111,2023,2,Used/,,Self,IMG_6547
IMG_7659,-1.3160361111111112,36.86210555555556,2023,2,Used/,,Self,IMG_7659
IMG_8542,-1.2662305555555555,36.98844722222222,2023,2,Used/,,Self,IMG_8542
IMG_7671,-1.3150194444444443,36.863125,2023,2,Used/,,Self,IMG_7671
IMG_8224,-1.29015,36.94827222222222,2023,2,Used/,,Self,IMG_8224
IMG_7117,-1.2990027777777775,36.79697777777778,2023,2,Used/,,Self,IMG_7117
IMG_0678,-1.3081805555555557,36.73058888888889,2023,2,Used/,,Self,IMG_0678
IMG_6209,-1.295147222222222,36.80054722222222,2023,2,Used/,,Self,IMG_6209
IMG_8230,-1.2885666666666666,36.95078333333333,2023,2,Used/,,Self,IMG_8230
IMG_7103,-1.2993,36.79398611111111,2023,2,Used/,,Self,IMG_7103
IMG_8556,-1.281311111111111,36.81566111111111,2023,2,Used/,,Self,IMG_8556
IMG_7665,-1.3155777777777775,36.86261666666667,2023,2,Used/,,Self,IMG_7665
IMG_7102,-1.2993027777777777,36.79388055555555,2023,2,Used/,,Self,IMG_7102
IMG_8231,-1.288411111111111,36.95101944444445,2023,2,Used/,,Self,IMG_8231
IMG_7664,-1.3157166666666666,36.86248888888889,2023,2,Used/,,Self,IMG_7664
IMG_8557,-1.2811305555555554,36.81604444444445,2023,2,Used/,,Self,IMG_8557
IMG_7670,-1.3150555555555556,36.86308888888889,2023,2,Used/,,Self,IMG_7670
IMG_8543,-1.2659138888888888,36.987944444444445,2023,2,Used/,,Self,IMG_8543
IMG_6208,-1.2950916666666663,36.800488888888886,2023,2,Used/,,Self,IMG_6208
IMG_0679,-1.3088083333333334,36.72783611111111,2023,2,Used/,,Self,IMG_0679
IMG_7116,-1.299022222222222,36.79688611111111,2023,2,Used/,,Self,IMG_7116
IMG_8225,-1.2895333333333332,36.94923055555555,2023,2,Used/,,Self,IMG_8225
IMG_6220,-1.2813583333333334,36.81573888888889,2023,2,Used/,,Self,IMG_6220
IMG_0651,-1.299688888888889,36.76494722222222,2023,2,Used/,,Self,IMG_0651
IMG_7658,-1.3161027777777778,36.862033333333336,2023,2,Used/,,Self,IMG_7658
IMG_6546,-1.2979222222222222,36.78861111111111,2023,2,Used/,,Self,IMG_6546
IMG_6552,-1.2978777777777777,36.78971388888889,2023,2,Used/,,Self,IMG_6552
IMG_6234,-1.2776999999999998,36.821088888888895,2023,2,Used/,,Self,IMG_6234
IMG_0645,-1.3004361111111111,36.771225,2023,2,Used/,,Self,IMG_0645
IMG_8219,-1.2904805555555554,36.947402777777775,2023,2,Used/,,Self,IMG_8219
IMG_0876,-1.3118305555555556,36.80605277777777,2023,2,Used/,,Self,IMG_0876
IMG_0862,-1.3408916666666666,36.76969166666667,2023,2,Used/,,Self,IMG_0862
IMG_0692,-1.3158694444444443,36.71896666666667,2023,2,Used/,,Self,IMG_0692
IMG_7843,-1.312825,36.870063888888886,2023,2,Used/,,Self,IMG_7843
IMG_6585,-1.2948388888888889,36.798877777777776,2023,2,Used/,,Self,IMG_6585
IMG_7857,-1.3133722222222222,36.87142222222222,2023,2,Used/,,Self,IMG_7857
IMG_6591,-1.2950888888888887,36.8003,2023,2,Used/,,Self,IMG_6591
IMG_0686,-1.3119972222222225,36.723480555555554,2023,2,Used/,,Self,IMG_0686
IMG_7466,-1.2641555555555557,36.83703611111111,2023,2,Used/,,Self,IMG_7466
IMG_8033,-1.2973555555555554,36.79673888888889,2023,2,Used/,,Self,IMG_8033
IMG_7300,-1.2865194444444443,36.80397222222222,2023,2,Used/,,Self,IMG_7300
IMG_8027,-1.2976027777777777,36.795538888888885,2023,2,Used/,,Self,IMG_8027
IMG_7314,-1.287236111111111,36.80157777777777,2023,2,Used/,,Self,IMG_7314
IMG_8741,-1.1048583333333335,36.21118055555556,2023,2,Used/,,Self,IMG_8741
IMG_7472,-1.2605944444444444,36.83763888888889,2023,2,Used/,,Self,IMG_7472
IMG_7328,-1.2871333333333332,36.79876111111111,2023,2,Used/,,Self,IMG_7328
IMG_6988,-1.3524194444444446,36.759475,2023,2,Used/,,Self,IMG_6988
IMG_6963,-1.3663055555555557,36.74359166666667,2023,2,Used/,,Self,IMG_6963
IMG_6977,-1.3537611111111112,36.74864166666666,2023,2,Used/,,Self,IMG_6977
IMG_7499,-1.247661111111111,36.81596944444444,2023,2,Used/,,Self,IMG_7499
IMG_8621,-1.2996555555555551,36.78816944444444,2023,2,Used/,,Self,IMG_8621
IMG_7512,-1.238013888888889,36.810672222222216,2023,2,Used/,,Self,IMG_7512
IMG_8147,-1.3290111111111111,36.87670833333333,2023,2,Used/,,Self,IMG_8147
IMG_7274,-1.2813861111111111,36.80725555555555,2023,2,Used/,,Self,IMG_7274
IMG_8153,-1.3284527777777777,36.88048611111111,2023,2,Used/,,Self,IMG_8153
IMG_7260,-1.278,36.806063888888886,2023,2,Used/,,Self,IMG_7260
IMG_8635,-1.2996638888888887,36.765075,2023,2,Used/,,Self,IMG_8635
IMG_7506,-1.2459416666666667,36.81529722222222,2023,2,Used/,,Self,IMG_7506
IMG_6156,-1.3288111111111112,36.87801388888889,2023,2,Used/,,Self,IMG_6156
IMG_7248,-1.2785194444444443,36.80457222222222,2023,2,Used/,,Self,IMG_7248
IMG_8184,-1.3185694444444445,36.91225833333333,2023,2,Used/,,Self,IMG_8184
IMG_8190,-1.3132722222222222,36.92301111111111,2023,2,Used/,,Self,IMG_8190
IMG_6195,-1.2994416666666666,36.82087777777778,2023,2,Used/,,Self,IMG_6195
IMG_6181,-1.3101888888888888,36.82884166666667,2023,2,Used/,,Self,IMG_6181
IMG_7076,-1.2995277777777776,36.78969166666666,2023,2,Used/,,Self,IMG_7076
IMG_8345,-1.268913888888889,36.99308055555556,2023,2,Used/,,Self,IMG_8345
IMG_0719,-1.336311111111111,36.720263888888894,2023,2,Used/,,Self,IMG_0719
IMG_6368,-1.281383333333333,36.76958055555556,2023,2,Used/,,Self,IMG_6368
IMG_7710,-1.3151472222222222,36.86933888888889,2023,2,Used/,,Self,IMG_7710
IMG_8423,-1.2781722222222225,37.0341,2023,2,Used/,,Self,IMG_8423
IMG_7704,-1.315975,36.86911111111111,2023,2,Used/,,Self,IMG_7704
IMG_8437,-1.2791472222222222,37.04378611111111,2023,2,Used/,,Self,IMG_8437
IMG_7062,-1.2995944444444445,36.788263888888885,2023,2,Used/,,Self,IMG_7062
IMG_8351,-1.270361111111111,36.99541388888889,2023,2,Used/,,Self,IMG_8351
IMG_8379,-1.2758055555555554,37.0085,2023,2,Used/,,Self,IMG_8379
IMG_0725,-1.3368694444444444,36.725525000000005,2023,2,Used/,,Self,IMG_0725
IMG_6354,-1.268561111111111,36.76916944444445,2023,2,Used/,,Self,IMG_6354
IMG_6432,-1.3186083333333334,36.79396944444444,2023,2,Used/,,Self,IMG_6432
IMG_6426,-1.3208305555555555,36.80060555555556,2023,2,Used/,,Self,IMG_6426
IMG_7738,-1.3143861111111113,36.87137222222222,2023,2,Used/,,Self,IMG_7738
IMG_0731,-1.337397222222222,36.72922777777778,2023,2,Used/,,Self,IMG_0731
IMG_6340,-1.225538888888889,36.79026944444444,2023,2,Used/,,Self,IMG_6340
IMG_0902,-1.2934194444444442,36.793052777777774,2023,2,Used/,,Self,IMG_0902
IMG_8386,-1.276361111111111,37.014525,2023,2,Used/,,Self,IMG_8386
IMG_0916,-1.2942166666666666,36.796594444444445,2023,2,Used/,,Self,IMG_0916
IMG_8392,-1.2767805555555556,37.01900555555555,2023,2,Used/,,Self,IMG_8392
IMG_7089,-1.2993833333333331,36.79191111111111,2023,2,Used/,,Self,IMG_7089
IMG_6383,-1.2953888888888887,36.78398611111111,2023,2,Used/,,Self,IMG_6383
IMG_6381,-1.2926749999999998,36.776516666666666,2023,2,Used/,,Self,IMG_6381
IMG_8384,-1.276161111111111,37.01250555555556,2023,2,Used/,,Self,IMG_8384
IMG_0900,-1.2932888888888887,36.79230833333333,2023,2,Used/,,Self,IMG_0900
IMG_8390,-1.2765805555555554,37.016930555555554,2023,2,Used/,,Self,IMG_8390
IMG_0914,-1.2941194444444444,36.79610555555556,2023,2,Used/,,Self,IMG_0914
IMG_6430,-1.3186027777777778,36.793952777777776,2023,2,Used/,,Self,IMG_6430
IMG_6356,-1.2689583333333332,36.76903055555555,2023,2,Used/,,Self,IMG_6356
IMG_0727,-1.337011111111111,36.726480555555554,2023,2,Used/,,Self,IMG_0727
IMG_7048,-1.3118138888888888,36.79136944444444,2023,2,Used/,,Self,IMG_7048
IMG_6342,-1.225561111111111,36.78843055555556,2023,2,Used/,,Self,IMG_6342
IMG_0733,-1.3375777777777778,36.7304,2023,2,Used/,,Self,IMG_0733
IMG_8409,-1.277472222222222,37.0266,2023,2,Used/,,Self,IMG_8409
IMG_7712,-1.3148861111111112,36.86943055555555,2023,2,Used/,,Self,IMG_7712
IMG_8421,-1.2780305555555556,37.032575,2023,2,Used/,,Self,IMG_8421
IMG_7074,-1.29955,36.78935277777778,2023,2,Used/,,Self,IMG_7074
IMG_8347,-1.2692388888888888,36.993633333333335,2023,2,Used/,,Self,IMG_8347
IMG_8353,-1.2705527777777776,36.995730555555554,2023,2,Used/,,Self,IMG_8353
IMG_7706,-1.3156277777777778,36.869194444444446,2023,2,Used/,,Self,IMG_7706
IMG_8435,-1.2789,37.04141944444444,2023,2,Used/,,Self,IMG_8435
IMG_6197,-1.2940611111111109,36.81502777777777,2023,2,Used/,,Self,IMG_6197
IMG_7289,-1.2853138888888889,36.80514166666666,2023,2,Used/,,Self,IMG_7289
IMG_6183,-1.3100888888888889,36.828813888888895,2023,2,Used/,,Self,IMG_6183
IMG_8186,-1.3187805555555556,36.91372777777778,2023,2,Used/,,Self,IMG_8186
IMG_8192,-1.3127222222222223,36.92312777777777,2023,2,Used/,,Self,IMG_8192
IMG_8179,-1.3194944444444443,36.90694722222222,2023,2,Used/,,Self,IMG_8179
IMG_6154,-1.3288666666666666,36.87763888888889,2023,2,Used/,,Self,IMG_6154
IMG_8145,-1.3292166666666667,36.87493611111111,2023,2,Used/,,Self,IMG_8145
IMG_7276,-1.2819027777777776,36.80727777777778,2023,2,Used/,,Self,IMG_7276
IMG_6168,-1.3387777777777776,36.92157222222222,2023,2,Used/,,Self,IMG_6168
IMG_8623,-1.299811111111111,36.78384722222222,2023,2,Used/,,Self,IMG_8623
IMG_7510,-1.2384611111111112,36.81036944444444,2023,2,Used/,,Self,IMG_7510
IMG_8637,-1.2992638888888888,36.76296944444445,2023,2,Used/,,Self,IMG_8637
IMG_7504,-1.2461722222222222,36.81539166666666,2023,2,Used/,,Self,IMG_7504
IMG_8151,-1.3286055555555556,36.87936111111111,2023,2,Used/,,Self,IMG_8151
IMG_7262,-1.278422222222222,36.80618333333333,2023,2,Used/,,Self,IMG_7262
IMG_6949,-1.3747694444444445,36.74618888888889,2023,2,Used/,,Self,IMG_6949
IMG_6961,-1.3706833333333333,36.744102777777776,2023,2,Used/,,Self,IMG_6961
IMG_6975,-1.3537750000000002,36.7485,2023,2,Used/,,Self,IMG_6975
IMG_7458,-1.2763694444444444,36.82272222222223,2023,2,Used/,,Self,IMG_7458
IMG_8031,-1.297411111111111,36.79656666666666,2023,2,Used/,,Self,IMG_8031
IMG_7302,-1.2867555555555554,36.80374444444444,2023,2,Used/,,Self,IMG_7302
IMG_7464,-1.2656944444444445,36.83522777777778,2023,2,Used/,,Self,IMG_7464
IMG_8743,-1.097986111111111,36.141102777777775,2023,2,Used/,,Self,IMG_8743
IMG_7470,-1.2610472222222222,36.83836388888889,2023,2,Used/,,Self,IMG_7470
IMG_8025,-1.2976055555555557,36.795341666666666,2023,2,Used/,,Self,IMG_8025
IMG_7316,-1.2871305555555554,36.80114444444444,2023,2,Used/,,Self,IMG_7316
IMG_7699,-1.3161333333333334,36.868319444444445,2023,2,Used/,,Self,IMG_7699
IMG_6587,-1.294897222222222,36.79917222222222,2023,2,Used/,,Self,IMG_6587
IMG_7841,-1.3127,36.87007777777778,2023,2,Used/,,Self,IMG_7841
IMG_0848,-1.3805444444444446,36.77035833333333,2023,2,Used/,,Self,IMG_0848
IMG_0690,-1.3146944444444444,36.72027222222222,2023,2,Used/,,Self,IMG_0690
IMG_0684,-1.3106472222222223,36.72501111111112,2023,2,Used/,,Self,IMG_0684
IMG_6593,-1.2950416666666666,36.80044166666666,2023,2,Used/,,Self,IMG_6593
IMG_7855,-1.3134305555555557,36.87139444444445,2023,2,Used/,,Self,IMG_7855
IMG_0874,-1.3147805555555556,36.80941111111111,2023,2,Used/,,Self,IMG_0874
IMG_0860,-1.3437805555555555,36.76633888888889,2023,2,Used/,,Self,IMG_0860
IMG_7869,-1.313325,36.87177222222222,2023,2,Used/,,Self,IMG_7869
IMG_6544,-1.297947222222222,36.78839166666666,2023,2,Used/,,Self,IMG_6544
IMG_0653,-1.2991083333333333,36.762077777777776,2023,2,Used/,,Self,IMG_0653
IMG_6222,-1.280861111111111,36.816833333333335,2023,2,Used/,,Self,IMG_6222
IMG_7128,-1.2970583333333332,36.80261944444444,2023,2,Used/,,Self,IMG_7128
IMG_0647,-1.3005111111111112,36.76968333333333,2023,2,Used/,,Self,IMG_0647
IMG_6236,-1.277372222222222,36.82141111111112,2023,2,Used/,,Self,IMG_6236
IMG_6550,-1.2979083333333332,36.78906944444444,2023,2,Used/,,Self,IMG_6550
IMG_6578,-1.2939527777777775,36.79514722222222,2023,2,Used/,,Self,IMG_6578
IMG_7666,-1.3155527777777778,36.86264722222222,2023,2,Used/,,Self,IMG_7666
IMG_8555,-1.2814333333333332,36.81540555555555,2023,2,Used/,,Self,IMG_8555
IMG_7100,-1.299311111111111,36.793680555555554,2023,2,Used/,,Self,IMG_7100
IMG_8233,-1.288025,36.95163333333333,2023,2,Used/,,Self,IMG_8233
IMG_7114,-1.2991499999999998,36.79626944444444,2023,2,Used/,,Self,IMG_7114
IMG_8227,-1.289097222222222,36.949930555555554,2023,2,Used/,,Self,IMG_8227
IMG_7672,-1.314952777777778,36.86317777777778,2023,2,Used/,,Self,IMG_7672
IMG_8541,-1.2664861111111112,36.98893611111111,2023,2,Used/,,Self,IMG_8541
IMG_8226,-1.2894638888888887,36.94933888888889,2023,2,Used/,,Self,IMG_8226
IMG_7115,-1.2990777777777776,36.79660833333333,2023,2,Used/,,Self,IMG_7115
IMG_8540,-1.2667722222222222,36.98941111111111,2023,2,Used/,,Self,IMG_8540
IMG_7673,-1.3147916666666668,36.86327777777778,2023,2,Used/,,Self,IMG_7673
IMG_8554,-1.2817444444444444,36.81472222222222,2023,2,Used/,,Self,IMG_8554
IMG_7667,-1.3153805555555556,36.86281111111112,2023,2,Used/,,Self,IMG_7667
IMG_6579,-1.2939027777777776,36.795475,2023,2,Used/,,Self,IMG_6579
IMG_8232,-1.2882527777777777,36.95126666666667,2023,2,Used/,,Self,IMG_8232
IMG_7101,-1.2993083333333333,36.79378055555556,2023,2,Used/,,Self,IMG_7101
IMG_6237,-1.2771777777777775,36.821622222222224,2023,2,Used/,,Self,IMG_6237
IMG_0646,-1.300475,36.77047777777778,2023,2,Used/,,Self,IMG_0646
IMG_7129,-1.2969055555555555,36.80260555555555,2023,2,Used/,,Self,IMG_7129
IMG_6551,-1.297897222222222,36.789325,2023,2,Used/,,Self,IMG_6551
IMG_6545,-1.2979444444444443,36.78844444444445,2023,2,Used/,,Self,IMG_6545
IMG_6223,-1.2807722222222222,36.81697777777778,2023,2,Used/,,Self,IMG_6223
IMG_0652,-1.2993805555555555,36.763466666666666,2023,2,Used/,,Self,IMG_0652
IMG_0861,-1.3422527777777775,36.76733888888889,2023,2,Used/,,Self,IMG_0861
IMG_7868,-1.3133194444444445,36.87177222222222,2023,2,Used/,,Self,IMG_7868
IMG_0875,-1.3120444444444446,36.80618333333333,2023,2,Used/,,Self,IMG_0875
IMG_0685,-1.311588888888889,36.7239,2023,2,Used/,,Self,IMG_0685
IMG_7854,-1.3130861111111112,36.87151111111111,2023,2,Used/,,Self,IMG_7854
IMG_6592,-1.2950722222222222,36.800330555555554,2023,2,Used/,,Self,IMG_6592
IMG_7840,-1.3127,36.870075,2023,2,Used/,,Self,IMG_7840
IMG_6586,-1.2948527777777776,36.798922222222224,2023,2,Used/,,Self,IMG_6586
IMG_7698,-1.3160972222222225,36.86807777777778,2023,2,Used/,,Self,IMG_7698
IMG_0691,-1.3155305555555556,36.71932777777778,2023,2,Used/,,Self,IMG_0691
IMG_0849,-1.380386111111111,36.77030277777778,2023,2,Used/,,Self,IMG_0849
IMG_7471,-1.2609805555555555,36.83825555555556,2023,2,Used/,,Self,IMG_7471
IMG_8742,-1.097986111111111,36.141102777777775,2023,2,Used/,,Self,IMG_8742
IMG_7317,-1.2870916666666663,36.800955555555554,2023,2,Used/,,Self,IMG_7317
IMG_7303,-1.2869,36.80363611111111,2023,2,Used/,,Self,IMG_7303
IMG_8030,-1.297561111111111,36.79597222222222,2023,2,Used/,,Self,IMG_8030
IMG_7465,-1.2656083333333332,36.8353,2023,2,Used/,,Self,IMG_7465
IMG_7459,-1.267236111111111,36.83397777777778,2023,2,Used/,,Self,IMG_7459
IMG_6974,-1.3534333333333337,36.74834444444445,2023,2,Used/,,Self,IMG_6974
IMG_6960,-1.370761111111111,36.74410555555556,2023,2,Used/,,Self,IMG_6960
IMG_6948,-1.3748194444444444,36.74619722222222,2023,2,Used/,,Self,IMG_6948
IMG_7505,-1.246033333333333,36.81533888888889,2023,2,Used/,,Self,IMG_7505
IMG_8636,-1.299511111111111,36.76423333333334,2023,2,Used/,,Self,IMG_8636
IMG_7263,-1.2784916666666666,36.80621666666666,2023,2,Used/,,Self,IMG_7263
IMG_8150,-1.3286722222222225,36.87898333333333,2023,2,Used/,,Self,IMG_8150
IMG_6169,-1.338411111111111,36.92206111111111,2023,2,Used/,,Self,IMG_6169
IMG_7277,-1.2821527777777777,36.80727777777778,2023,2,Used/,,Self,IMG_7277
IMG_8144,-1.3293305555555557,36.87412222222223,2023,2,Used/,,Self,IMG_8144
IMG_8622,-1.2996777777777777,36.78737777777778,2023,2,Used/,,Self,IMG_8622
IMG_6155,-1.3288666666666666,36.87763888888889,2023,2,Used/,,Self,IMG_6155
IMG_8178,-1.32005,36.90601111111111,2023,2,Used/,,Self,IMG_8178
IMG_8193,-1.3110027777777775,36.92798888888888,2023,2,Used/,,Self,IMG_8193
IMG_8187,-1.3139472222222222,36.92258888888889,2023,2,Used/,,Self,IMG_8187
IMG_6182,-1.310186111111111,36.82884166666667,2023,2,Used/,,Self,IMG_6182
IMG_7288,-1.284822222222222,36.80553055555555,2023,2,Used/,,Self,IMG_7288
IMG_6196,-1.296836111111111,36.81860555555556,2023,2,Used/,,Self,IMG_6196
IMG_8352,-1.2704527777777777,36.99556111111112,2023,2,Used/,,Self,IMG_8352
IMG_7061,-1.2995138888888889,36.78847777777778,2023,2,Used/,,Self,IMG_7061
IMG_8434,-1.278836111111111,37.04085555555555,2023,2,Used/,,Self,IMG_8434
IMG_7707,-1.3155527777777778,36.86921666666667,2023,2,Used/,,Self,IMG_7707
IMG_8420,-1.2779361111111112,37.03154722222222,2023,2,Used/,,Self,IMG_8420
IMG_7713,-1.3145777777777778,36.86955555555556,2023,2,Used/,,Self,IMG_7713
IMG_8346,-1.2691861111111111,36.99352777777778,2023,2,Used/,,Self,IMG_8346
IMG_7075,-1.2995305555555554,36.78957222222222,2023,2,Used/,,Self,IMG_7075
IMG_0732,-1.3374888888888887,36.72982777777778,2023,2,Used/,,Self,IMG_0732
IMG_6343,-1.225563888888889,36.78830555555555,2023,2,Used/,,Self,IMG_6343
IMG_8408,-1.2774388888888888,37.02626388888888,2023,2,Used/,,Self,IMG_8408
IMG_6431,-1.3186055555555556,36.79396944444444,2023,2,Used/,,Self,IMG_6431
IMG_7049,-1.3117416666666668,36.79134444444444,2023,2,Used/,,Self,IMG_7049
IMG_0726,-1.336938888888889,36.72603611111112,2023,2,Used/,,Self,IMG_0726
IMG_6357,-1.2713194444444444,36.76804444444444,2023,2,Used/,,Self,IMG_6357
IMG_0915,-1.2941916666666666,36.79636388888888,2023,2,Used/,,Self,IMG_0915
IMG_8391,-1.2766555555555554,37.01775833333333,2023,2,Used/,,Self,IMG_8391
IMG_0901,-1.293336111111111,36.79251388888888,2023,2,Used/,,Self,IMG_0901
IMG_8385,-1.2762361111111111,37.01322222222223,2023,2,Used/,,Self,IMG_8385
IMG_6380,-1.2927138888888887,36.77519722222222,2023,2,Used/,,Self,IMG_6380
IMG_8381,-1.2759944444444444,37.010577777777776,2023,2,Used/,,Self,IMG_8381
IMG_0905,-1.2935138888888889,36.79345277777777,2023,2,Used/,,Self,IMG_0905
IMG_8395,-1.277013888888889,37.02160277777778,2023,2,Used/,,Self,IMG_8395
IMG_0911,-1.293972222222222,36.795497222222224,2023,2,Used/,,Self,IMG_0911
IMG_6390,-1.296486111111111,36.79431388888889,2023,2,Used/,,Self,IMG_6390
IMG_6384,-1.2953472222222222,36.78398611111111,2023,2,Used/,,Self,IMG_6384
IMG_7071,-1.2995472222222222,36.789119444444445,2023,2,Used/,,Self,IMG_7071
IMG_8342,-1.268222222222222,36.99191666666667,2023,2,Used/,,Self,IMG_8342
IMG_7717,-1.3142722222222225,36.86964444444445,2023,2,Used/,,Self,IMG_7717
IMG_8424,-1.2782194444444444,37.034619444444445,2023,2,Used/,,Self,IMG_8424
IMG_7703,-1.3159944444444445,36.86910555555556,2023,2,Used/,,Self,IMG_7703
IMG_8430,-1.2787583333333332,37.04015833333333,2023,2,Used/,,Self,IMG_8430
IMG_7065,-1.2996055555555557,36.78828611111111,2023,2,Used/,,Self,IMG_7065
IMG_8356,-1.270836111111111,36.99619722222222,2023,2,Used/,,Self,IMG_8356
IMG_6353,-1.2621583333333333,36.77413611111111,2023,2,Used/,,Self,IMG_6353
IMG_0722,-1.3364583333333333,36.72251944444445,2023,2,Used/,,Self,IMG_0722
IMG_8418,-1.2778138888888888,37.03032777777778,2023,2,Used/,,Self,IMG_8418
IMG_6435,-1.3156527777777778,36.79025277777777,2023,2,Used/,,Self,IMG_6435
IMG_6347,-1.2502166666666668,36.77632777777778,2023,2,Used/,,Self,IMG_6347
IMG_7059,-1.2998638888888887,36.78818055555556,2023,2,Used/,,Self,IMG_7059
IMG_0736,-1.3379305555555554,36.73295555555556,2023,2,Used/,,Self,IMG_0736
IMG_8183,-1.3184277777777778,36.91105555555556,2023,2,Used/,,Self,IMG_8183
IMG_8197,-1.3082972222222222,36.93248055555555,2023,2,Used/,,Self,IMG_8197
IMG_6192,-1.2996166666666666,36.82211111111111,2023,2,Used/,,Self,IMG_6192
IMG_6186,-1.3004777777777778,36.82421111111111,2023,2,Used/,,Self,IMG_6186
IMG_7298,-1.2864805555555554,36.804316666666665,2023,2,Used/,,Self,IMG_7298
IMG_8626,-1.3000972222222222,36.77860277777778,2023,2,Used/,,Self,IMG_8626
IMG_7515,-1.2377805555555557,36.81076944444444,2023,2,Used/,,Self,IMG_7515
IMG_8140,-1.3295777777777775,36.87228055555556,2023,2,Used/,,Self,IMG_8140
IMG_7273,-1.2811333333333332,36.80724444444444,2023,2,Used/,,Self,IMG_7273
IMG_8154,-1.3283833333333332,36.88120277777778,2023,2,Used/,,Self,IMG_8154
IMG_7267,-1.2793583333333334,36.80689722222222,2023,2,Used/,,Self,IMG_7267
IMG_6179,-1.3297777777777775,36.85509444444445,2023,2,Used/,,Self,IMG_6179
IMG_8632,-1.300138888888889,36.76727777777778,2023,2,Used/,,Self,IMG_8632
IMG_7501,-1.2466861111111112,36.815597222222216,2023,2,Used/,,Self,IMG_7501
IMG_6151,-1.3293777777777778,36.874375,2023,2,Used/,,Self,IMG_6151
IMG_8168,-1.3273305555555557,36.89420277777778,2023,2,Used/,,Self,IMG_8168
IMG_6964,-1.3659444444444446,36.74363055555556,2023,2,Used/,,Self,IMG_6964
IMG_6970,-1.3568250000000002,36.74666111111111,2023,2,Used/,,Self,IMG_6970
IMG_6958,-1.3714861111111112,36.74418611111111,2023,2,Used/,,Self,IMG_6958
IMG_7461,-1.2665694444444444,36.834408333333336,2023,2,Used/,,Self,IMG_7461
IMG_8034,-1.2972777777777778,36.79708888888889,2023,2,Used/,,Self,IMG_8034
IMG_7307,-1.2875638888888887,36.80291111111111,2023,2,Used/,,Self,IMG_7307
IMG_7313,-1.2873,36.80181944444444,2023,2,Used/,,Self,IMG_7313
IMG_7475,-1.259747222222222,36.83630277777778,2023,2,Used/,,Self,IMG_7475
IMG_0871,-1.3127777777777778,36.815302777777774,2023,2,Used/,,Self,IMG_0871
IMG_7878,-1.3133777777777778,36.87139722222222,2023,2,Used/,,Self,IMG_7878
IScommercial,-1.3155777777777775,36.86261666666667,2023,2,Used/,,Self,IScommercial
IMG_0695,-1.3168305555555555,36.71879444444445,2023,2,Used/,,Self,IMG_0695
IMG_7844,-1.3128222222222223,36.87006944444445,2023,2,Used/,,Self,IMG_7844
IMG_6582,-1.2940944444444444,36.79584444444444,2023,2,Used/,,Self,IMG_6582
IMG_7688,-1.3159694444444443,36.86620277777778,2023,2,Used/,,Self,IMG_7688
IMG_7850,-1.3131694444444444,36.87131388888889,2023,2,Used/,,Self,IMG_7850
IMG_0859,-1.346386111111111,36.76501944444444,2023,2,Used/,,Self,IMG_0859
IMG_0681,-1.3093833333333331,36.72719166666667,2023,2,Used/,,Self,IMG_0681
IMG_7105,-1.2993027777777777,36.79441944444444,2023,2,Used/,,Self,IMG_7105
IMG_8236,-1.287522222222222,36.95245555555556,2023,2,Used/,,Self,IMG_8236
IMG_7663,-1.315763888888889,36.86244166666667,2023,2,Used/,,Self,IMG_7663
IMG_8550,-1.2824694444444444,36.81424722222222,2023,2,Used/,,Self,IMG_8550
IMG_6569,-1.296072222222222,36.79532222222222,2023,2,Used/,,Self,IMG_6569
IMG_7677,-1.3154527777777778,36.86435555555556,2023,2,Used/,,Self,IMG_7677
IMG_8544,-1.2636666666666667,36.98112777777778,2023,2,Used/,,Self,IMG_8544
IMG_7111,-1.299213888888889,36.795922222222224,2023,2,Used/,,Self,IMG_7111
IMG_8222,-1.2904027777777776,36.947827777777775,2023,2,Used/,,Self,IMG_8222
IMG_0656,-1.3061222222222222,36.7411,2023,2,Used/,,Self,IMG_0656
IMG_7139,-1.296361111111111,36.79534722222222,2023,2,Used/,,Self,IMG_7139
IMG_6227,-1.2796138888888888,36.81994166666667,2023,2,Used/,,Self,IMG_6227
IMG_6541,-1.297975,36.78811944444444,2023,2,Used/,,Self,IMG_6541
IMG_6555,-1.2977944444444445,36.79120277777778,2023,2,Used/,,Self,IMG_6555
IMG_0642,-1.300313888888889,36.77413055555555,2023,2,Used/,,Self,IMG_0642
IMG_6233,-1.2778138888888888,36.82091388888889,2023,2,Used/,,Self,IMG_6233
IMG_6554,-1.2978277777777776,36.79053888888889,2023,2,Used/,,Self,IMG_6554
IMG_6232,-1.277986111111111,36.82071388888889,2023,2,Used/,,Self,IMG_6232
IMG_0643,-1.3003333333333331,36.77340555555556,2023,2,Used/,,Self,IMG_0643
IMG_6226,-1.2799138888888888,36.81858055555556,2023,2,Used/,,Self,IMG_6226
IMG_0657,-1.306213888888889,36.74065,2023,2,Used/,,Self,IMG_0657
IMG_6540,-1.2980555555555555,36.788075,2023,2,Used/,,Self,IMG_6540
IMG_8545,-1.2636666666666667,36.98112777777778,2023,2,Used/,,Self,IMG_8545
IMG_7676,-1.3154777777777775,36.86430555555555,2023,2,Used/,,Self,IMG_7676
IMG_6568,-1.2967194444444443,36.79543333333333,2023,2,Used/,,Self,IMG_6568
IMG_8223,-1.2902833333333332,36.948025,2023,2,Used/,,Self,IMG_8223
IMG_7110,-1.299236111111111,36.795763888888885,2023,2,Used/,,Self,IMG_7110
IMG_8237,-1.2874472222222222,36.95257222222222,2023,2,Used/,,Self,IMG_8237
IMG_7104,-1.2993027777777777,36.79420277777778,2023,2,Used/,,Self,IMG_7104
IMG_8551,-1.2821583333333333,36.814322222222216,2023,2,Used/,,Self,IMG_8551
IMG_7662,-1.315838888888889,36.86235,2023,2,Used/,,Self,IMG_7662
IMG_7851,-1.313125,36.87136111111111,2023,2,Used/,,Self,IMG_7851
IMG_7689,-1.3159833333333333,36.86629444444445,2023,2,Used/,,Self,IMG_7689
IMG_0680,-1.3089555555555556,36.72767222222223,2023,2,Used/,,Self,IMG_0680
IMG_0858,-1.3584027777777778,36.76255,2023,2,Used/,,Self,IMG_0858
IMG_0694,-1.316438888888889,36.71885277777778,2023,2,Used/,,Self,IMG_0694
IMG_6583,-1.294097222222222,36.79586944444444,2023,2,Used/,,Self,IMG_6583
IMG_7845,-1.3128388888888889,36.870152777777776,2023,2,Used/,,Self,IMG_7845
IMG_0864,-1.3398,36.77118611111111,2023,2,Used/,,Self,IMG_0864
IMG_0870,-1.3136611111111112,36.81527222222222,2023,2,Used/,,Self,IMG_0870
IMG_7312,-1.2873472222222222,36.80204722222222,2023,2,Used/,,Self,IMG_7312
IMG_7474,-1.260238888888889,36.83707777777778,2023,2,Used/,,Self,IMG_7474
IMG_7460,-1.2671305555555554,36.83401944444444,2023,2,Used/,,Self,IMG_7460
IMG_7306,-1.2875527777777778,36.80308611111111,2023,2,Used/,,Self,IMG_7306
IMG_8035,-1.297197222222222,36.79741944444445,2023,2,Used/,,Self,IMG_8035
IMG_6959,-1.3714444444444445,36.74415555555556,2023,2,Used/,,Self,IMG_6959
IMG_6971,-1.3567805555555557,36.74666666666667,2023,2,Used/,,Self,IMG_6971
IMG_6965,-1.3644861111111113,36.74579722222222,2023,2,Used/,,Self,IMG_6965
river2,-1.3121027777777778,36.87036111111111,2023,2,Used/,,Self,river2
IMG_8169,-1.326922222222222,36.89486111111111,2023,2,Used/,,Self,IMG_8169
IMG_6150,-1.3294388888888888,36.87395277777778,2023,2,Used/,,Self,IMG_6150
IMG_6178,-1.3298555555555556,36.85524722222223,2023,2,Used/,,Self,IMG_6178
IMG_7266,-1.2791027777777777,36.80670555555555,2023,2,Used/,,Self,IMG_7266
IMG_8155,-1.328447222222222,36.883377777777774,2023,2,Used/,,Self,IMG_8155
IMG_7500,-1.2476277777777778,36.815952777777774,2023,2,Used/,,Self,IMG_7500
IMG_8633,-1.300013888888889,36.76679166666666,2023,2,Used/,,Self,IMG_8633
IMG_7514,-1.2378833333333334,36.81071388888888,2023,2,Used/,,Self,IMG_7514
IMG_8627,-1.3001166666666668,36.77807222222222,2023,2,Used/,,Self,IMG_8627
IMG_7272,-1.2804083333333334,36.80721666666666,2023,2,Used/,,Self,IMG_7272
IMG_8141,-1.3294805555555556,36.87306111111111,2023,2,Used/,,Self,IMG_8141
IMG_7299,-1.286411111111111,36.80418888888889,2023,2,Used/,,Self,IMG_7299
IMG_6187,-1.2998777777777777,36.82350555555556,2023,2,Used/,,Self,IMG_6187
IMG_6193,-1.299522222222222,36.82157777777778,2023,2,Used/,,Self,IMG_6193
IMG_8196,-1.3085916666666668,36.93223611111111,2023,2,Used/,,Self,IMG_8196
IMG_8182,-1.3184111111111112,36.91051111111111,2023,2,Used/,,Self,IMG_8182
IMG_0737,-1.337997222222222,36.73335277777778,2023,2,Used/,,Self,IMG_0737
IMG_7058,-1.2998638888888887,36.78818055555556,2023,2,Used/,,Self,IMG_7058
IMG_6346,-1.2472527777777778,36.77809722222222,2023,2,Used/,,Self,IMG_6346
IMG_0723,-1.3365555555555555,36.72318611111111,2023,2,Used/,,Self,IMG_0723
IMG_6352,-1.2572472222222222,36.77455277777778,2023,2,Used/,,Self,IMG_6352
IMG_6434,-1.3174222222222225,36.79191111111111,2023,2,Used/,,Self,IMG_6434
IMG_8419,-1.2778666666666667,37.03092222222222,2023,2,Used/,,Self,IMG_8419
IMG_8431,-1.2787722222222222,37.04029444444444,2023,2,Used/,,Self,IMG_8431
IMG_7702,-1.3162111111111112,36.86907222222222,2023,2,Used/,,Self,IMG_7702
IMG_8357,-1.2708833333333334,36.99628611111111,2023,2,Used/,,Self,IMG_8357
IMG_7064,-1.2996055555555557,36.78828611111111,2023,2,Used/,,Self,IMG_7064
IMG_8343,-1.26845,36.99231388888889,2023,2,Used/,,Self,IMG_8343
IMG_7070,-1.2995527777777776,36.78903611111111,2023,2,Used/,,Self,IMG_7070
IMG_8425,-1.278311111111111,37.035625,2023,2,Used/,,Self,IMG_8425
IMG_7716,-1.314352777777778,36.869625,2023,2,Used/,,Self,IMG_7716
IMG_6385,-1.2950277777777777,36.78758888888888,2023,2,Used/,,Self,IMG_6385
IMG_0910,-1.2939194444444444,36.795477777777776,2023,2,Used/,,Self,IMG_0910
IMG_8394,-1.2769861111111112,37.02131388888889,2023,2,Used/,,Self,IMG_8394
IMG_0904,-1.293497222222222,36.79335277777778,2023,2,Used/,,Self,IMG_0904
IMG_8380,-1.2759361111111112,37.00998611111111,2023,2,Used/,,Self,IMG_8380
IMG_8396,-1.2770277777777777,37.02175,2023,2,Used/,,Self,IMG_8396
IMG_0912,-1.2940277777777776,36.79561111111111,2023,2,Used/,,Self,IMG_0912
IMG_8382,-1.276061111111111,37.01135,2023,2,Used/,,Self,IMG_8382
IMG_0906,-1.2935833333333333,36.79382777777778,2023,2,Used/,,Self,IMG_0906
IMG_7099,-1.299322222222222,36.79358611111111,2023,2,Used/,,Self,IMG_7099
IMG_6387,-1.2951,36.78760277777778,2023,2,Used/,,Self,IMG_6387
IMG_6378,-1.2925972222222222,36.77473888888889,2023,2,Used/,,Self,IMG_6378
IMG_8355,-1.270697222222222,36.995975,2023,2,Used/,,Self,IMG_8355
IMG_7066,-1.2995861111111109,36.78833888888889,2023,2,Used/,,Self,IMG_7066
IMG_0709,-1.3310027777777778,36.71656388888889,2023,2,Used/,,Self,IMG_0709
IMG_8433,-1.2788027777777775,37.040572222222224,2023,2,Used/,,Self,IMG_8433
IMG_7700,-1.3161472222222224,36.86843611111111,2023,2,Used/,,Self,IMG_7700
IMG_8427,-1.2785305555555555,37.037997222222224,2023,2,Used/,,Self,IMG_8427
IMG_7714,-1.314452777777778,36.86959722222223,2023,2,Used/,,Self,IMG_7714
IMG_8341,-1.2680749999999998,36.99165555555555,2023,2,Used/,,Self,IMG_8341
IMG_7072,-1.2995388888888888,36.78923333333333,2023,2,Used/,,Self,IMG_7072
IMG_6344,-1.226563888888889,36.78726944444444,2023,2,Used/,,Self,IMG_6344
IMG_8369,-1.2743805555555554,37.00199166666667,2023,2,Used/,,Self,IMG_8369
IMG_0735,-1.3378305555555554,36.73213055555556,2023,2,Used/,,Self,IMG_0735
IMG_7728,-1.3142083333333334,36.87049444444445,2023,2,Used/,,Self,IMG_7728
IMG_6436,-1.31565,36.79024722222222,2023,2,Used/,,Self,IMG_6436
IMG_6350,-1.2531,36.77592222222222,2023,2,Used/,,Self,IMG_6350
IMG_0721,-1.3364277777777778,36.72195555555556,2023,2,Used/,,Self,IMG_0721
IMG_8194,-1.310533333333333,36.92952222222222,2023,2,Used/,,Self,IMG_8194
IMG_8180,-1.3185944444444444,36.908875,2023,2,Used/,,Self,IMG_8180
IMG_6185,-1.3004777777777778,36.82421111111111,2023,2,Used/,,Self,IMG_6185
IMG_6191,-1.2997638888888887,36.82260555555556,2023,2,Used/,,Self,IMG_6191
IMG_7502,-1.2466861111111112,36.815597222222216,2023,2,Used/,,Self,IMG_7502
IMG_8631,-1.3003694444444445,36.768388888888886,2023,2,Used/,,Self,IMG_8631
IMG_7264,-1.2787777777777778,36.80645277777778,2023,2,Used/,,Self,IMG_7264
IMG_8157,-1.3293666666666666,36.885438888888885,2023,2,Used/,,Self,IMG_8157
IMG_7270,-1.2799944444444444,36.80716388888889,2023,2,Used/,,Self,IMG_7270
IMG_8143,-1.329411111111111,36.87358888888889,2023,2,Used/,,Self,IMG_8143
IMG_7516,-1.2375861111111113,36.810825,2023,2,Used/,,Self,IMG_7516
IMG_8625,-1.299958333333333,36.7807,2023,2,Used/,,Self,IMG_8625
IMG_7258,-1.2777222222222222,36.80601388888888,2023,2,Used/,,Self,IMG_7258
IMG_6152,-1.3292027777777775,36.87561388888889,2023,2,Used/,,Self,IMG_6152
IMG_8619,-1.2995,36.79088888888889,2023,2,Used/,,Self,IMG_8619
IMG_6973,-1.354588888888889,36.746575,2023,2,Used/,,Self,IMG_6973
IMG_6967,-1.3642861111111113,36.74660277777778,2023,2,Used/,,Self,IMG_6967
IMG_7489,-1.2491805555555555,36.81965277777778,2023,2,Used/,,Self,IMG_7489
IMG_7476,-1.2597305555555556,36.83626111111112,2023,2,Used/,,Self,IMG_7476
IMG_7310,-1.28745,36.80244722222222,2023,2,Used/,,Self,IMG_7310
IMG_7304,-1.2873666666666663,36.803352777777775,2023,2,Used/,,Self,IMG_7304
IMG_8037,-1.2971277777777777,36.79786388888888,2023,2,Used/,,Self,IMG_8037
IMG_7462,-1.266475,36.83448333333334,2023,2,Used/,,Self,IMG_7462
IMG_7338,-1.2887277777777777,36.79835555555555,2023,2,Used/,,Self,IMG_7338
IMG_6998,-1.3488138888888888,36.76462222222222,2023,2,Used/,,Self,IMG_6998
IMG_0866,-1.3203305555555556,36.80848333333333,2023,2,Used/,,Self,IMG_0866
IMG_0872,-1.3135333333333334,36.81335833333333,2023,2,Used/,,Self,IMG_0872
IMG_0682,-1.3098694444444443,36.726552777777776,2023,2,Used/,,Self,IMG_0682
IMG_7853,-1.3130722222222222,36.87148888888889,2023,2,Used/,,Self,IMG_7853
IMG_6595,-1.2952055555555555,36.80058333333333,2023,2,Used/,,Self,IMG_6595
IMG_7847,-1.3128694444444444,36.87079166666667,2023,2,Used/,,Self,IMG_7847
IMG_6581,-1.2940805555555557,36.79577777777778,2023,2,Used/,,Self,IMG_6581
IMG_0696,-1.3175583333333334,36.71867777777778,2023,2,Used/,,Self,IMG_0696
IMG_8221,-1.2905138888888887,36.94754722222222,2023,2,Used/,,Self,IMG_8221
IMG_7112,-1.299211111111111,36.795963888888885,2023,2,Used/,,Self,IMG_7112
IMG_7674,-1.3148611111111113,36.86362777777778,2023,2,Used/,,Self,IMG_7674
IMG_8553,-1.281872222222222,36.814655555555554,2023,2,Used/,,Self,IMG_8553
IMG_7660,-1.3159555555555555,36.86220555555556,2023,2,Used/,,Self,IMG_7660
IMG_0669,-1.3077194444444444,36.73476111111111,2023,2,Used/,,Self,IMG_0669
IMG_8235,-1.2878138888888888,36.95198055555556,2023,2,Used/,,Self,IMG_8235
IMG_7106,-1.2993055555555555,36.79465277777778,2023,2,Used/,,Self,IMG_7106
IMG_6218,-1.2815416666666666,36.81502777777777,2023,2,Used/,,Self,IMG_6218
IMG_0641,-1.2999944444444442,36.77433888888888,2023,2,Used/,,Self,IMG_0641
IMG_6230,-1.2790777777777778,36.82060555555556,2023,2,Used/,,Self,IMG_6230
IMG_0899,-1.293222222222222,36.79212222222222,2023,2,Used/,,Self,IMG_0899
IMG_6556,-1.2977416666666666,36.79186666666666,2023,2,Used/,,Self,IMG_6556
IMG_7648,-1.314852777777778,36.85962222222222,2023,2,Used/,,Self,IMG_7648
IMG_6542,-1.2979694444444445,36.78813888888889,2023,2,Used/,,Self,IMG_6542
IMG_0655,-1.306058333333333,36.74140555555556,2023,2,Used/,,Self,IMG_0655
IMG_8209,-1.2924055555555554,36.94473611111111,2023,2,Used/,,Self,IMG_8209
IMG_6224,-1.2803,36.81789444444445,2023,2,Used/,,Self,IMG_6224
IMG_6543,-1.2979694444444445,36.78814444444444,2023,2,Used/,,Self,IMG_6543
IMG_6225,-1.2799777777777777,36.81846111111111,2023,2,Used/,,Self,IMG_6225
IMG_8208,-1.292422222222222,36.944716666666665,2023,2,Used/,,Self,IMG_8208
IMG_0654,-1.2990277777777777,36.761544444444446,2023,2,Used/,,Self,IMG_0654
IMG_0898,-1.2931805555555551,36.791777777777774,2023,2,Used/,,Self,IMG_0898
IMG_6231,-1.2789805555555556,36.82056111111111,2023,2,Used/,,Self,IMG_6231
IMG_0640,-1.2996305555555554,36.774344444444445,2023,2,Used/,,Self,IMG_0640
IMG_7649,-1.3150777777777778,36.86058611111111,2023,2,Used/,,Self,IMG_7649
IMG_6557,-1.297772222222222,36.79203888888889,2023,2,Used/,,Self,IMG_6557
IMG_7661,-1.315877777777778,36.86230555555556,2023,2,Used/,,Self,IMG_7661
IMG_8552,-1.2820916666666666,36.81442222222222,2023,2,Used/,,Self,IMG_8552
IMG_6219,-1.2814166666666666,36.81561944444445,2023,2,Used/,,Self,IMG_6219
IMG_7107,-1.2992777777777778,36.795338888888885,2023,2,Used/,,Self,IMG_7107
IMG_8234,-1.287886111111111,36.95186666666667,2023,2,Used/,,Self,IMG_8234
IMG_0668,-1.3075944444444445,36.73518333333333,2023,2,Used/,,Self,IMG_0668
IMG_7113,-1.2991777777777778,36.79612777777778,2023,2,Used/,,Self,IMG_7113
IMG_8220,-1.2904944444444444,36.94746944444445,2023,2,Used/,,Self,IMG_8220
IMG_7675,-1.314936111111111,36.863772222222224,2023,2,Used/,,Self,IMG_7675
IMG_6580,-1.2940194444444444,36.79554722222222,2023,2,Used/,,Self,IMG_6580
IMG_7846,-1.3128305555555555,36.87018888888889,2023,2,Used/,,Self,IMG_7846
IMG_0697,-1.3183805555555554,36.71853333333333,2023,2,Used/,,Self,IMG_0697
IMG_0683,-1.3101194444444444,36.72606388888889,2023,2,Used/,,Self,IMG_0683
IMG_6594,-1.295175,36.80056944444444,2023,2,Used/,,Self,IMG_6594
IMG_7852,-1.3130694444444444,36.87144166666667,2023,2,Used/,,Self,IMG_7852
IMG_0873,-1.3144583333333333,36.81083611111111,2023,2,Used/,,Self,IMG_0873
IMG_0867,-1.3176916666666667,36.81207777777777,2023,2,Used/,,Self,IMG_0867
IMG_7339,-1.289008333333333,36.79828611111111,2023,2,Used/,,Self,IMG_7339
IMG_6999,-1.346786111111111,36.76562777777778,2023,2,Used/,,Self,IMG_6999
IMG_8036,-1.2972,36.79753611111111,2023,2,Used/,,Self,IMG_8036
IMG_7305,-1.2874805555555555,36.803238888888885,2023,2,Used/,,Self,IMG_7305
IMG_7463,-1.2663916666666666,36.83455277777778,2023,2,Used/,,Self,IMG_7463
IMG_7477,-1.2581555555555557,36.83406388888889,2023,2,Used/,,Self,IMG_7477
IMG_7311,-1.2873916666666665,36.80225833333333,2023,2,Used/,,Self,IMG_7311
IMG_7488,-1.2516277777777778,36.82451944444445,2023,2,Used/,,Self,IMG_7488
IMG_6966,-1.3643083333333337,36.746525,2023,2,Used/,,Self,IMG_6966
IMG_6972,-1.3547444444444443,36.746475,2023,2,Used/,,Self,IMG_6972
IMG_6153,-1.3290277777777777,36.87668055555556,2023,2,Used/,,Self,IMG_6153
IMG_8618,-1.2995083333333333,36.79134722222222,2023,2,Used/,,Self,IMG_8618
IMG_7259,-1.2777888888888889,36.80604444444444,2023,2,Used/,,Self,IMG_7259
IMG_8142,-1.3294666666666666,36.87318888888889,2023,2,Used/,,Self,IMG_8142
IMG_7271,-1.2800972222222222,36.807175,2023,2,Used/,,Self,IMG_7271
IMG_8624,-1.2998777777777777,36.78256111111111,2023,2,Used/,,Self,IMG_8624
IMG_7517,-1.237463888888889,36.81086666666666,2023,2,Used/,,Self,IMG_7517
IMG_8630,-1.3005027777777778,36.76914722222222,2023,2,Used/,,Self,IMG_8630
IMG_7503,-1.2466055555555555,36.815577777777776,2023,2,Used/,,Self,IMG_7503
IMG_8156,-1.3285722222222225,36.884077777777776,2023,2,Used/,,Self,IMG_8156
IMG_7265,-1.2788555555555554,36.80651388888889,2023,2,Used/,,Self,IMG_7265
IMG_6190,-1.2998138888888888,36.82277222222223,2023,2,Used/,,Self,IMG_6190
IMG_6184,-1.3099722222222223,36.82873611111111,2023,2,Used/,,Self,IMG_6184
IMG_8181,-1.3184694444444445,36.90959166666666,2023,2,Used/,,Self,IMG_8181
IMG_8195,-1.3103944444444444,36.92984444444444,2023,2,Used/,,Self,IMG_8195
IMG_6437,-1.3155722222222224,36.78991388888889,2023,2,Used/,,Self,IMG_6437
IMG_7729,-1.3142194444444444,36.87057222222222,2023,2,Used/,,Self,IMG_7729
IMG_0720,-1.3363805555555557,36.72121111111111,2023,2,Used/,,Self,IMG_0720
IMG_6351,-1.253263888888889,36.775888888888886,2023,2,Used/,,Self,IMG_6351
IMG_0734,-1.3376416666666666,36.73085277777778,2023,2,Used/,,Self,IMG_0734
IMG_8368,-1.2741972222222222,37.00168611111111,2023,2,Used/,,Self,IMG_8368
IMG_6345,-1.2449944444444443,36.779377777777775,2023,2,Used/,,Self,IMG_6345
IMG_7715,-1.3143861111111113,36.869616666666666,2023,2,Used/,,Self,IMG_7715
IMG_8426,-1.2784555555555557,37.03714444444444,2023,2,Used/,,Self,IMG_8426
IMG_7073,-1.2995388888888888,36.78923333333333,2023,2,Used/,,Self,IMG_7073
IMG_8340,-1.2678527777777775,36.99131388888889,2023,2,Used/,,Self,IMG_8340
IMG_0708,-1.3293805555555556,36.71682777777778,2023,2,Used/,,Self,IMG_0708
IMG_7067,-1.2995777777777775,36.78839444444444,2023,2,Used/,,Self,IMG_7067
IMG_8354,-1.270697222222222,36.995975,2023,2,Used/,,Self,IMG_8354
IMG_6379,-1.2927138888888887,36.77512222222222,2023,2,Used/,,Self,IMG_6379
IMG_7701,-1.3162027777777778,36.86875833333333,2023,2,Used/,,Self,IMG_7701
IMG_8432,-1.278786111111111,37.04043611111111,2023,2,Used/,,Self,IMG_8432
IMG_6386,-1.295122222222222,36.78741111111111,2023,2,Used/,,Self,IMG_6386
IMG_7098,-1.2993472222222222,36.79330833333333,2023,2,Used/,,Self,IMG_7098
IMG_0907,-1.2939916666666669,36.79436944444444,2023,2,Used/,,Self,IMG_0907
IMG_8383,-1.2761027777777778,37.01179444444445,2023,2,Used/,,Self,IMG_8383
IMG_0913,-1.294063888888889,36.79586111111111,2023,2,Used/,,Self,IMG_0913
IMG_8397,-1.2770916666666663,37.02249166666667,2023,2,Used/,,Self,IMG_8397
IMG_0790,-1.3580361111111112,36.76255,2023,2,Used/,,Self,IMG_0790
IMG_6487,-1.3058444444444446,36.78559722222222,2023,2,Used/,,Self,IMG_6487
IMG_7799,-1.3131555555555556,36.872347222222224,2023,2,Used/,,Self,IMG_7799
IMG_6493,-1.3061111111111112,36.78634722222222,2023,2,Used/,,Self,IMG_6493
IMG_0784,-1.35495,36.76186388888889,2023,2,Used/,,Self,IMG_0784
IMG_8496,-1.2778055555555554,37.02956666666667,2023,2,Used/,,Self,IMG_8496
IMG_8482,-1.2791,37.04272777777778,2023,2,Used/,,Self,IMG_8482
IMG_6322,-1.2293583333333336,36.80428055555555,2023,2,Used/,,Self,IMG_6322
IMG_0753,-1.3414944444444443,36.75812777777778,2023,2,Used/,,Self,IMG_0753
IMG_8469,-1.280238888888889,37.053525,2023,2,Used/,,Self,IMG_8469
IMG_6444,-1.3147805555555556,36.78994444444445,2023,2,Used/,,Self,IMG_6444
IMG_6450,-1.3087694444444444,36.78278333333333,2023,2,Used/,,Self,IMG_6450
IMG_6336,-1.231177777777778,36.79866111111111,2023,2,Used/,,Self,IMG_6336
IMG_0747,-1.340961111111111,36.754327777777775,2023,2,Used/,,Self,IMG_0747
IMG_7028,-1.322538888888889,36.78355833333333,2023,2,Used/,,Self,IMG_7028
IMG_8333,-1.2665972222222222,36.9893,2023,2,Used/,,Self,IMG_8333
IMG_8455,-1.280411111111111,37.0545,2023,2,Used/,,Self,IMG_8455
IMG_6478,-1.3058888888888889,36.784663888888886,2023,2,Used/,,Self,IMG_6478
IMG_8441,-1.279311111111111,37.045475,2023,2,Used/,,Self,IMG_8441
IMG_7014,-1.3394444444444444,36.77055555555555,2023,2,Used/,,Self,IMG_7014
IMG_8327,-1.265877777777778,36.98798333333333,2023,2,Used/,,Self,IMG_8327
IMG_8694,-1.259411111111111,36.66159722222222,2023,2,Used/,,Self,IMG_8694
IMG_6875,-1.335161111111111,36.77775555555556,2023,2,Used/,,Self,IMG_6875
IMG_8680,-1.2849388888888889,36.67793333333333,2023,2,Used/,,Self,IMG_8680
IMG_6120,-1.2963305555555555,36.79536944444444,2023,1,Used/,,Self,IMG_6120
IMG_8119,-1.3271027777777775,36.85172222222222,2023,2,Used/,,Self,IMG_8119
IMG_8657,-1.308086111111111,36.72943055555556,2023,2,Used/,,Self,IMG_8657
IMG_7564,-1.2673527777777778,36.82248333333334,2023,2,Used/,,Self,IMG_7564
IMG_8131,-1.3303944444444444,36.86617222222223,2023,2,Used/,,Self,IMG_8131
IMG_7202,-1.2860944444444444,36.80481111111111,2023,2,Used/,,Self,IMG_7202
IMG_8125,-1.3307527777777777,36.85807777777778,2023,2,Used/,,Self,IMG_8125
IMG_7216,-1.2810055555555555,36.80719722222222,2023,2,Used/,,Self,IMG_7216
IMG_8643,-1.3019694444444443,36.75337222222223,2023,2,Used/,,Self,IMG_8643
IMG_7570,-1.2831472222222222,36.816875,2023,2,Used/,,Self,IMG_7570
IMG_7389,-1.2983583333333333,36.80288333333333,2023,2,Used/,,Self,IMG_7389
IMG_8086,-1.2993138888888889,36.824113888888895,2023,2,Used/,,Self,IMG_8086
IMG_8092,-1.3065222222222224,36.82733055555556,2023,2,Used/,,Self,IMG_8092
IMG_8079,-1.2926055555555551,36.82021666666667,2023,2,Used/,,Self,IMG_8079
IMG_8723,-1.0592722222222222,36.60246388888889,2023,2,Used/,,Self,IMG_8723
IMG_7410,-1.298986111111111,36.79763888888888,2023,2,Used/,,Self,IMG_7410
IMG_8045,-1.2986055555555551,36.798402777777774,2023,2,Used/,,Self,IMG_8045
IMG_7376,-1.2971444444444444,36.80274444444444,2023,2,Used/,,Self,IMG_7376
IMG_8051,-1.2980555555555555,36.801877777777776,2023,2,Used/,,Self,IMG_8051
IMG_7362,-1.2951722222222222,36.801963888888885,2023,2,Used/,,Self,IMG_7362
IMG_8737,-1.1069,36.23997777777778,2023,2,Used/,,Self,IMG_8737
IMG_7404,-1.2988277777777777,36.798519444444445,2023,2,Used/,,Self,IMG_7404
IMG_6295,-1.2573333333333334,36.83380277777778,2023,2,Used/,,Self,IMG_6295
IMG_7835,-1.3123861111111113,36.87035,2023,2,Used/,,Self,IMG_7835
IMG_7821,-1.312175,36.87031111111112,2023,2,Used/,,Self,IMG_7821
IMG_6281,-1.2621,36.83983888888889,2023,2,Used/,,Self,IMG_6281
IMG_0800,-1.3663305555555556,36.76705277777778,2023,2,Used/,,Self,IMG_0800
IMG_8284,-1.2737944444444445,36.97316111111111,2023,2,Used/,,Self,IMG_8284
IMG_7809,-1.3127805555555556,36.871658333333336,2023,2,Used/,,Self,IMG_7809
IMG_0814,-1.3785805555555557,36.77010277777778,2023,2,Used/,,Self,IMG_0814
IMG_8290,-1.270997222222222,36.97675277777778,2023,2,Used/,,Self,IMG_8290
IMG_7148,-1.2916305555555554,36.79555555555555,2023,2,Used/,,Self,IMG_7148
IMG_0627,-1.298897222222222,36.779555555555554,2023,2,Used/,,Self,IMG_0627
IMG_6256,-1.272675,36.82675555555556,2023,2,Used/,,Self,IMG_6256
IMG_6530,-1.30075,36.78820833333333,2023,2,Used/,,Self,IMG_6530
IMG_6524,-1.302661111111111,36.78819722222222,2023,2,Used/,,Self,IMG_6524
IMG_8509,-1.2756888888888889,37.00663055555555,2023,2,Used/,,Self,IMG_8509
IMG_0633,-1.2990944444444443,36.77553055555556,2023,2,Used/,,Self,IMG_0633
IMG_6242,-1.2760027777777778,36.82296111111111,2023,2,Used/,,Self,IMG_6242
IMG_7174,-1.2895055555555557,36.79810277777778,2023,2,Used/,,Self,IMG_7174
IMG_8247,-1.284913888888889,36.95657222222223,2023,2,Used/,,Self,IMG_8247
IMG_7612,-1.2848388888888889,36.8209,2023,2,Used/,,Self,IMG_7612
IMG_8521,-1.2715472222222222,36.9972,2023,2,Used/,,Self,IMG_8521
IMG_6518,-1.3042888888888888,36.78818611111111,2023,2,Used/,,Self,IMG_6518
IMG_7606,-1.28965,36.81059444444444,2023,2,Used/,,Self,IMG_7606
IMG_8535,-1.2677972222222222,36.99110833333334,2023,2,Used/,,Self,IMG_8535
IMG_7160,-1.2894277777777776,36.79669166666667,2023,2,Used/,,Self,IMG_7160
IMG_8253,-1.2833805555555555,36.95909166666667,2023,2,Used/,,Self,IMG_8253
IMG_8534,-1.2681027777777778,36.99162777777778,2023,2,Used/,,Self,IMG_8534
IMG_7607,-1.2890833333333331,36.81203611111111,2023,2,Used/,,Self,IMG_7607
IMG_6519,-1.3038944444444445,36.788130555555554,2023,2,Used/,,Self,IMG_6519
IMG_8252,-1.283522222222222,36.95887777777778,2023,2,Used/,,Self,IMG_8252
IMG_7161,-1.2894555555555554,36.796752777777776,2023,2,Used/,,Self,IMG_7161
IMG_8246,-1.2851638888888888,36.95617777777778,2023,2,Used/,,Self,IMG_8246
IMG_7175,-1.2893305555555554,36.798141666666666,2023,2,Used/,,Self,IMG_7175
IMG_8520,-1.2719527777777777,36.99788611111112,2023,2,Used/,,Self,IMG_8520
IMG_7613,-1.2847555555555554,36.821869444444445,2023,2,Used/,,Self,IMG_7613
IMG_8508,-1.2757777777777777,37.00751944444445,2023,2,Used/,,Self,IMG_8508
IMG_6525,-1.302366666666667,36.78821944444445,2023,2,Used/,,Self,IMG_6525
IMG_6243,-1.2758777777777777,36.82301111111112,2023,2,Used/,,Self,IMG_6243
IMG_0632,-1.2990805555555551,36.77623611111111,2023,2,Used/,,Self,IMG_0632
IMG_6257,-1.2723305555555555,36.82723055555556,2023,2,Used/,,Self,IMG_6257
IMG_0626,-1.2988694444444444,36.78025,2023,2,Used/,,Self,IMG_0626
IMG_7149,-1.2902583333333333,36.796013888888886,2023,2,Used/,,Self,IMG_7149
IMG_6531,-1.300425,36.78819444444444,2023,2,Used/,,Self,IMG_6531
IMG_8291,-1.2704055555555556,36.97736111111112,2023,2,Used/,,Self,IMG_8291
IMG_0815,-1.3800444444444444,36.77032222222222,2023,2,Used/,,Self,IMG_0815
IMG_8285,-1.2736777777777777,36.97331111111112,2023,2,Used/,,Self,IMG_8285
IMG_0801,-1.3669888888888888,36.76740555555556,2023,2,Used/,,Self,IMG_0801
IMG_7808,-1.3128083333333334,36.87176388888889,2023,2,Used/,,Self,IMG_7808
IMG_7820,-1.3121805555555557,36.87030277777778,2023,2,Used/,,Self,IMG_7820
IMG_6280,-1.2623444444444445,36.83970555555556,2023,2,Used/,,Self,IMG_6280
IMG_6294,-1.257663888888889,36.83390555555556,2023,2,Used/,,Self,IMG_6294
IMG_7834,-1.3122166666666668,36.87032777777778,2023,2,Used/,,Self,IMG_7834
IMG_7363,-1.2951388888888888,36.80223888888889,2023,2,Used/,,Self,IMG_7363
IMG_8050,-1.2981888888888888,36.80098611111111,2023,2,Used/,,Self,IMG_8050
IMG_7405,-1.298847222222222,36.79842222222222,2023,2,Used/,,Self,IMG_7405
IMG_8736,-1.101977777777778,36.26387222222223,2023,2,Used/,,Self,IMG_8736
IMG_7411,-1.2990333333333333,36.79730277777777,2023,2,Used/,,Self,IMG_7411
IMG_7377,-1.2973249999999998,36.80278055555555,2023,2,Used/,,Self,IMG_7377
IMG_8044,-1.298611111111111,36.798405555555554,2023,2,Used/,,Self,IMG_8044
IMG_8078,-1.292897222222222,36.81953055555556,2023,2,Used/,,Self,IMG_8078
IMG_8093,-1.3069472222222225,36.82752222222223,2023,2,Used/,,Self,IMG_8093
IMG_8087,-1.2997888888888889,36.82433888888889,2023,2,Used/,,Self,IMG_8087
IMG_7388,-1.2983638888888889,36.802952777777776,2023,2,Used/,,Self,IMG_7388
IMG_7217,-1.280861111111111,36.80718888888889,2023,2,Used/,,Self,IMG_7217
IMG_8124,-1.3305,36.8573,2023,2,Used/,,Self,IMG_8124
IMG_7571,-1.2839388888888887,36.81670833333334,2023,2,Used/,,Self,IMG_7571
IMG_8642,-1.301488888888889,36.75459444444444,2023,2,Used/,,Self,IMG_8642
IMG_7565,-1.2673222222222222,36.82233055555556,2023,2,Used/,,Self,IMG_7565
IMG_8656,-1.3083833333333337,36.73125555555556,2023,2,Used/,,Self,IMG_8656
IMG_7203,-1.2859305555555554,36.804852777777775,2023,2,Used/,,Self,IMG_7203
IMG_8130,-1.3306,36.864647222222224,2023,2,Used/,,Self,IMG_8130
IMG_8118,-1.326775,36.85121388888889,2023,2,Used/,,Self,IMG_8118
IMG_6121,-1.2963305555555555,36.79522222222222,2023,1,Used/,,Self,IMG_6121
IMG_8681,-1.2831694444444444,36.67559444444444,2023,2,Used/,,Self,IMG_8681
IMG_6874,-1.3350555555555554,36.77795,2023,2,Used/,,Self,IMG_6874
IMG_8695,-1.2574055555555557,36.66234722222222,2023,2,Used/,,Self,IMG_8695
IMG_8440,-1.2792916666666667,37.04524166666666,2023,2,Used/,,Self,IMG_8440
IMG_8326,-1.2658444444444443,36.98791111111111,2023,2,Used/,,Self,IMG_8326
IMG_7015,-1.339536111111111,36.771452777777775,2023,2,Used/,,Self,IMG_7015
IMG_8332,-1.2665388888888889,36.98920555555556,2023,2,Used/,,Self,IMG_8332
IMG_7001,-1.3462027777777776,36.76546388888889,2023,2,Used/,,Self,IMG_7001
IMG_6479,-1.305886111111111,36.78468055555555,2023,2,Used/,,Self,IMG_6479
IMG_8454,-1.2801194444444444,37.05295555555556,2023,2,Used/,,Self,IMG_8454
IMG_6451,-1.3087722222222222,36.78278333333333,2023,2,Used/,,Self,IMG_6451
IMG_7029,-1.322325,36.78362222222222,2023,2,Used/,,Self,IMG_7029
IMG_0746,-1.340911111111111,36.753933333333336,2023,2,Used/,,Self,IMG_0746
IMG_6337,-1.2309472222222224,36.798675,2023,2,Used/,,Self,IMG_6337
IMG_0752,-1.341422222222222,36.75776944444444,2023,2,Used/,,Self,IMG_0752
IMG_6323,-1.229713888888889,36.80415555555555,2023,2,Used/,,Self,IMG_6323
IMG_6445,-1.31545,36.78955833333333,2023,2,Used/,,Self,IMG_6445
IMG_8468,-1.280897222222222,37.05631944444444,2023,2,Used/,,Self,IMG_8468
IMG_8483,-1.278997222222222,37.041825,2023,2,Used/,,Self,IMG_8483
IMG_8497,-1.277736111111111,37.028777777777776,2023,2,Used/,,Self,IMG_8497
IMG_6492,-1.306075,36.78627222222222,2023,2,Used/,,Self,IMG_6492
IMG_0785,-1.3555555555555556,36.761975,2023,2,Used/,,Self,IMG_0785
IMG_0791,-1.3591000000000002,36.76262777777778,2023,2,Used/,,Self,IMG_0791
IMG_7798,-1.3131555555555556,36.872347222222224,2023,2,Used/,,Self,IMG_7798
IMG_6486,-1.3058222222222222,36.78551944444444,2023,2,Used/,,Self,IMG_6486
IMG_0787,-1.3563861111111113,36.76217222222222,2023,2,Used/,,Self,IMG_0787
IMG_6490,-1.3059888888888889,36.786,2023,2,Used/,,Self,IMG_6490
IMG_6484,-1.3057805555555555,36.78519444444444,2023,2,Used/,,Self,IMG_6484
IMG_0793,-1.360813888888889,36.76288888888889,2023,2,Used/,,Self,IMG_0793
IMG_8481,-1.2791805555555555,37.04351388888889,2023,2,Used/,,Self,IMG_8481
IMG_8495,-1.2779361111111112,37.03096388888889,2023,2,Used/,,Self,IMG_8495
IMG_6335,-1.2312305555555556,36.79871111111111,2023,2,Used/,,Self,IMG_6335
IMG_0744,-1.3407944444444444,36.752922222222224,2023,2,Used/,,Self,IMG_0744
IMG_8318,-1.264811111111111,36.98523333333333,2023,2,Used/,,Self,IMG_8318
IMG_6453,-1.308827777777778,36.78275277777778,2023,2,Used/,,Self,IMG_6453
IMG_6447,-1.3087611111111113,36.78274444444445,2023,2,Used/,,Self,IMG_6447
IMG_6321,-1.2286416666666669,36.804563888888886,2023,2,Used/,,Self,IMG_6321
IMG_0750,-1.3411888888888888,36.75593611111111,2023,2,Used/,,Self,IMG_0750
IMG_6309,-1.2486222222222223,36.81713055555556,2023,2,Used/,,Self,IMG_6309
IMG_0778,-1.350375,36.763669444444446,2023,2,Used/,,Self,IMG_0778
IMG_8324,-1.2656777777777777,36.98750555555556,2023,2,Used/,,Self,IMG_8324
IMG_7017,-1.3389166666666663,36.77233611111111,2023,2,Used/,,Self,IMG_7017
IMG_8442,-1.2793472222222222,37.045741666666665,2023,2,Used/,,Self,IMG_8442
IMG_8456,-1.2807805555555556,37.05603333333333,2023,2,Used/,,Self,IMG_8456
IMG_8330,-1.2663055555555556,36.98878055555556,2023,2,Used/,,Self,IMG_8330
IMG_7003,-1.3460555555555556,36.76556388888889,2023,2,Used/,,Self,IMG_7003
IMG_6876,-1.3374722222222222,36.77417777777778,2023,2,Used/,,Self,IMG_6876
IMG_8683,-1.2799388888888887,36.67237222222222,2023,2,Used/,,Self,IMG_8683
IMG_8697,-1.2513083333333332,36.664119444444445,2023,2,Used/,,Self,IMG_8697
IMG_7229,-1.2780972222222222,36.80521944444444,2023,2,Used/,,Self,IMG_7229
IMG_8668,-1.3035194444444445,36.70609722222223,2023,2,Used/,,Self,IMG_8668
IMG_8640,-1.3005166666666668,36.757019444444445,2023,2,Used/,,Self,IMG_8640
IMG_7215,-1.2811472222222222,36.80720555555556,2023,2,Used/,,Self,IMG_7215
IMG_8126,-1.3310805555555556,36.859775,2023,2,Used/,,Self,IMG_8126
IMG_7201,-1.286361111111111,36.80475555555555,2023,2,Used/,,Self,IMG_7201
IMG_8132,-1.3301944444444445,36.867713888888886,2023,2,Used/,,Self,IMG_8132
IMG_7567,-1.2676138888888888,36.82199444444445,2023,2,Used/,,Self,IMG_7567
IMG_8654,-1.3074722222222224,36.735508333333335,2023,2,Used/,,Self,IMG_8654
IMG_8091,-1.3056944444444445,36.82694166666667,2023,2,Used/,,Self,IMG_8091
IMG_8085,-1.2981999999999998,36.82372222222222,2023,2,Used/,,Self,IMG_8085
IMG_8708,-1.231552777777778,36.66806111111111,2023,2,Used/,,Self,IMG_8708
IMG_7349,-1.290522222222222,36.79846388888889,2023,2,Used/,,Self,IMG_7349
IMG_7407,-1.298911111111111,36.79806111111111,2023,2,Used/,,Self,IMG_7407
IMG_8734,-0.9967583333333332,36.60083333333333,2023,2,Used/,,Self,IMG_8734
IMG_7361,-1.2951777777777778,36.801405555555554,2023,2,Used/,,Self,IMG_7361
IMG_8052,-1.2978055555555554,36.80277777777778,2023,2,Used/,,Self,IMG_8052
IMG_7375,-1.2971416666666666,36.80274166666666,2023,2,Used/,,Self,IMG_7375
IMG_8046,-1.2986444444444445,36.79845833333333,2023,2,Used/,,Self,IMG_8046
IMG_8720,-1.2155166666666666,36.662327777777776,2023,2,Used/,,Self,IMG_8720
IMG_6282,-1.2615583333333331,36.83919166666667,2023,2,Used/,,Self,IMG_6282
IMG_7822,-1.312125,36.87033888888889,2023,2,Used/,,Self,IMG_7822
IMG_7836,-1.3124222222222222,36.870197222222224,2023,2,Used/,,Self,IMG_7836
IMG_6296,-1.2571944444444445,36.83373888888889,2023,2,Used/,,Self,IMG_6296
IMG_7188,-1.286536111111111,36.79889722222222,2023,2,Used/,,Self,IMG_7188
IMG_8293,-1.2686055555555555,36.978947222222224,2023,2,Used/,,Self,IMG_8293
IMG_0803,-1.3681555555555556,36.76763611111111,2023,2,Used/,,Self,IMG_0803
IMG_8287,-1.2727,36.97461111111112,2023,2,Used/,,Self,IMG_8287
IMG_0630,-1.2990138888888887,36.77727222222222,2023,2,Used/,,Self,IMG_0630
IMG_6241,-1.2766083333333331,36.822544444444446,2023,2,Used/,,Self,IMG_6241
IMG_6527,-1.3015916666666667,36.78825,2023,2,Used/,,Self,IMG_6527
IMG_7639,-1.3134861111111111,36.85600555555556,2023,2,Used/,,Self,IMG_7639
IMG_6533,-1.298822222222222,36.78802222222222,2023,2,Used/,,Self,IMG_6533
IMG_8278,-1.276675,36.97016388888889,2023,2,Used/,,Self,IMG_8278
IMG_0624,-1.2987916666666666,36.781102777777775,2023,2,Used/,,Self,IMG_0624
IMG_6255,-1.2729027777777775,36.82644444444445,2023,2,Used/,,Self,IMG_6255
IMG_8250,-1.284186111111111,36.95776388888889,2023,2,Used/,,Self,IMG_8250
IMG_7163,-1.2895277777777776,36.79702777777778,2023,2,Used/,,Self,IMG_7163
IMG_8536,-1.2675944444444445,36.99076388888889,2023,2,Used/,,Self,IMG_8536
IMG_7605,-1.2898305555555554,36.810025,2023,2,Used/,,Self,IMG_7605
IMG_8522,-1.2712805555555555,36.9968,2023,2,Used/,,Self,IMG_8522
IMG_7611,-1.285686111111111,36.81901388888889,2023,2,Used/,,Self,IMG_7611
IMG_8244,-1.285847222222222,36.95513888888889,2023,2,Used/,,Self,IMG_8244
IMG_7177,-1.2890333333333333,36.79823055555556,2023,2,Used/,,Self,IMG_7177
IMG_6269,-1.2690527777777778,36.83233333333334,2023,2,Used/,,Self,IMG_6269
IMG_7610,-1.286808333333333,36.81666944444445,2023,2,Used/,,Self,IMG_7610
IMG_8523,-1.2708888888888887,36.99616111111112,2023,2,Used/,,Self,IMG_8523
IMG_6268,-1.2693027777777777,36.83196666666667,2023,2,Used/,,Self,IMG_6268
IMG_7176,-1.289236111111111,36.79817222222222,2023,2,Used/,,Self,IMG_7176
IMG_8245,-1.2856249999999998,36.95545277777778,2023,2,Used/,,Self,IMG_8245
IMG_7162,-1.2895027777777777,36.79688611111111,2023,2,Used/,,Self,IMG_7162
IMG_8251,-1.2837805555555557,36.95840833333334,2023,2,Used/,,Self,IMG_8251
IMG_7604,-1.2899027777777776,36.80976944444444,2023,2,Used/,,Self,IMG_7604
IMG_8537,-1.2674777777777777,36.990569444444446,2023,2,Used/,,Self,IMG_8537
IMG_6532,-1.298997222222222,36.78818055555556,2023,2,Used/,,Self,IMG_6532
IMG_6254,-1.2731305555555554,36.82612777777778,2023,2,Used/,,Self,IMG_6254
IMG_0625,-1.2988666666666666,36.78068055555556,2023,2,Used/,,Self,IMG_0625
IMG_8279,-1.2756166666666666,36.97123055555556,2023,2,Used/,,Self,IMG_8279
IMG_6240,-1.2766944444444444,36.82239166666667,2023,2,Used/,,Self,IMG_6240
IMG_0631,-1.2990388888888889,36.77685555555556,2023,2,Used/,,Self,IMG_0631
IMG_7638,-1.3131111111111111,36.85501944444445,2023,2,Used/,,Self,IMG_7638
IMG_6526,-1.3020444444444446,36.78823888888888,2023,2,Used/,,Self,IMG_6526
IMG_8286,-1.2734527777777778,36.97360555555556,2023,2,Used/,,Self,IMG_8286
IMG_0802,-1.367727777777778,36.76765555555556,2023,2,Used/,,Self,IMG_0802
IMG_8292,-1.2691333333333332,36.97847222222222,2023,2,Used/,,Self,IMG_8292
IMG_0816,-1.380475,36.770577777777774,2023,2,Used/,,Self,IMG_0816
IMG_7837,-1.3126027777777778,36.87007222222222,2023,2,Used/,,Self,IMG_7837
IMG_7189,-1.2866166666666663,36.79908888888889,2023,2,Used/,,Self,IMG_7189
IMG_6297,-1.2568916666666667,36.83364722222223,2023,2,Used/,,Self,IMG_6297
IMG_6283,-1.2614277777777778,36.83899722222223,2023,2,Used/,,Self,IMG_6283
IMG_7823,-1.3121027777777778,36.87036111111111,2023,2,Used/,,Self,IMG_7823
IMG_8047,-1.2985749999999998,36.79873611111111,2023,2,Used/,,Self,IMG_8047
IMG_7374,-1.297011111111111,36.80271944444444,2023,2,Used/,,Self,IMG_7374
IMG_8721,-1.2139694444444444,36.661202777777774,2023,2,Used/,,Self,IMG_8721
IMG_7412,-1.2990638888888888,36.79723055555555,2023,2,Used/,,Self,IMG_7412
IMG_8735,-1.0765083333333334,36.32808888888889,2023,2,Used/,,Self,IMG_8735
IMG_7406,-1.2988805555555554,36.79823333333333,2023,2,Used/,,Self,IMG_7406
IMG_8053,-1.297811111111111,36.80339444444444,2023,2,Used/,,Self,IMG_8053
IMG_7360,-1.295222222222222,36.800777777777775,2023,2,Used/,,Self,IMG_7360
IMG_7348,-1.2901777777777776,36.79828888888888,2023,2,Used/,,Self,IMG_7348
IMG_8709,-1.230963888888889,36.66782222222222,2023,2,Used/,,Self,IMG_8709
IMG_8084,-1.2972166666666665,36.82315555555556,2023,2,Used/,,Self,IMG_8084
IMG_8090,-1.3049555555555556,36.826725,2023,2,Used/,,Self,IMG_8090
IMG_8133,-1.3299388888888888,36.86956944444445,2023,2,Used/,,Self,IMG_8133
IMG_7200,-1.2864583333333333,36.80472222222222,2023,2,Used/,,Self,IMG_7200
IMG_8655,-1.307975,36.73393888888889,2023,2,Used/,,Self,IMG_8655
IMG_7566,-1.2674277777777778,36.822208333333336,2023,2,Used/,,Self,IMG_7566
IMG_8641,-1.3011194444444445,36.75558888888889,2023,2,Used/,,Self,IMG_8641
IMG_8127,-1.331052777777778,36.86141666666667,2023,2,Used/,,Self,IMG_8127
IMG_7214,-1.2814333333333332,36.80721388888889,2023,2,Used/,,Self,IMG_7214
IMG_8669,-1.3033611111111112,36.70579444444445,2023,2,Used/,,Self,IMG_8669
IMG_7228,-1.2778194444444444,36.8055,2023,2,Used/,,Self,IMG_7228
IMG_8696,-1.2536944444444444,36.663525,2023,2,Used/,,Self,IMG_8696
IMG_8682,-1.2820361111111112,36.67445277777777,2023,2,Used/,,Self,IMG_8682
IMG_6877,-1.3373416666666669,36.77460555555555,2023,2,Used/,,Self,IMG_6877
IMG_8457,-1.2810055555555555,37.05704444444444,2023,2,Used/,,Self,IMG_8457
IMG_7002,-1.346097222222222,36.76553611111111,2023,2,Used/,,Self,IMG_7002
IMG_8331,-1.2664055555555556,36.98895555555556,2023,2,Used/,,Self,IMG_8331
IMG_7016,-1.3391583333333332,36.77204444444445,2023,2,Used/,,Self,IMG_7016
IMG_8325,-1.265825,36.98784722222222,2023,2,Used/,,Self,IMG_8325
IMG_0779,-1.351038888888889,36.763219444444445,2023,2,Used/,,Self,IMG_0779
IMG_6308,-1.2488194444444445,36.81786666666667,2023,2,Used/,,Self,IMG_6308
IMG_8443,-1.2793194444444445,37.04604722222222,2023,2,Used/,,Self,IMG_8443
IMG_6446,-1.3141055555555556,36.79049722222222,2023,2,Used/,,Self,IMG_6446
IMG_0751,-1.341411111111111,36.75757222222222,2023,2,Used/,,Self,IMG_0751
IMG_6320,-1.2286416666666669,36.804563888888886,2023,2,Used/,,Self,IMG_6320
IMG_8319,-1.264925,36.985594444444445,2023,2,Used/,,Self,IMG_8319
IMG_0745,-1.3408555555555557,36.75354444444445,2023,2,Used/,,Self,IMG_0745
IMG_6334,-1.2346694444444446,36.80338333333333,2023,2,Used/,,Self,IMG_6334
IMG_6452,-1.308836111111111,36.78277222222222,2023,2,Used/,,Self,IMG_6452
IMG_8494,-1.2780527777777777,37.03219166666666,2023,2,Used/,,Self,IMG_8494
IMG_8480,-1.2792222222222225,37.04405555555555,2023,2,Used/,,Self,IMG_8480
IMG_6485,-1.3057888888888889,36.78535,2023,2,Used/,,Self,IMG_6485
IMG_0792,-1.3597361111111113,36.76267222222222,2023,2,Used/,,Self,IMG_0792
IMG_0786,-1.3559583333333334,36.76206666666667,2023,2,Used/,,Self,IMG_0786
IMG_6491,-1.3060083333333334,36.78605555555556,2023,2,Used/,,Self,IMG_6491
IMG_8484,-1.2788694444444444,37.04059166666666,2023,2,Used/,,Self,IMG_8484
IMG_8490,-1.278338888888889,37.03517222222222,2023,2,Used/,,Self,IMG_8490
IMG_6495,-1.3061944444444444,36.78660555555555,2023,2,Used/,,Self,IMG_6495
IMG_0782,-1.352688888888889,36.76274444444445,2023,2,Used/,,Self,IMG_0782
IMG_0796,-1.3637694444444446,36.765502777777776,2023,2,Used/,,Self,IMG_0796
IMG_6481,-1.3058222222222222,36.78491666666667,2023,2,Used/,,Self,IMG_6481
IMG_8447,-1.2796694444444443,37.048763888888885,2023,2,Used/,,Self,IMG_8447
IMG_8321,-1.26515,36.98623888888889,2023,2,Used/,,Self,IMG_8321
IMG_7012,-1.3414166666666667,36.76893055555556,2023,2,Used/,,Self,IMG_7012
IMG_6318,-1.2280444444444445,36.80515277777778,2023,2,Used/,,Self,IMG_6318
IMG_8335,-1.2667777777777778,36.989577777777775,2023,2,Used/,,Self,IMG_8335
IMG_7006,-1.3423222222222222,36.76691944444444,2023,2,Used/,,Self,IMG_7006
IMG_0769,-1.3452166666666665,36.765927777777776,2023,2,Used/,,Self,IMG_0769
IMG_8453,-1.2799944444444444,37.05184166666666,2023,2,Used/,,Self,IMG_8453
IMG_6456,-1.3085777777777778,36.781844444444445,2023,2,Used/,,Self,IMG_6456
IMG_6330,-1.2333527777777775,36.80323055555555,2023,2,Used/,,Self,IMG_6330
IMG_0741,-1.3387944444444444,36.73910277777778,2023,2,Used/,,Self,IMG_0741
IMG_6324,-1.2317833333333337,36.803397222222216,2023,2,Used/,,Self,IMG_6324
IMG_8309,-1.2642583333333333,36.98334444444445,2023,2,Used/,,Self,IMG_8309
IMG_0755,-1.3416805555555555,36.759613888888886,2023,2,Used/,,Self,IMG_0755
IMG_6442,-1.3152722222222222,36.78973888888888,2023,2,Used/,,Self,IMG_6442
IMG_8686,-1.275025,36.667319444444445,2023,2,Used/,,Self,IMG_8686
IMG_6873,-1.3350027777777778,36.778055555555554,2023,2,Used/,,Self,IMG_6873
IMG_8692,-1.263402777777778,36.66011111111111,2023,2,Used/,,Self,IMG_8692
Animal,-1.3127027777777778,36.87007777777778,2023,2,Used/,,Self,Animal
IMG_7210,-1.2848805555555554,36.80544722222222,2023,2,Used/,,Self,IMG_7210
IMG_8123,-1.329772222222222,36.8559,2023,2,Used/,,Self,IMG_8123
IMG_7576,-1.289211111111111,36.81221388888888,2023,2,Used/,,Self,IMG_7576
IMG_8645,-1.3037805555555555,36.74833888888889,2023,2,Used/,,Self,IMG_8645
IMG_7562,-1.248352777777778,36.81652777777777,2023,2,Used/,,Self,IMG_7562
IMG_8651,-1.3064361111111111,36.73952222222222,2023,2,Used/,,Self,IMG_8651
IMG_7204,-1.2857944444444442,36.80490277777778,2023,2,Used/,,Self,IMG_7204
IMG_8137,-1.329688888888889,36.87135,2023,2,Used/,,Self,IMG_8137
IMG_8679,-1.2862888888888888,36.680455555555554,2023,2,Used/,,Self,IMG_8679
IMG_7238,-1.2786,36.803463888888885,2023,2,Used/,,Self,IMG_7238
IMG_8094,-1.3085194444444446,36.82826111111111,2023,2,Used/,,Self,IMG_8094
IMG_8080,-1.2926138888888887,36.820552777777785,2023,2,Used/,,Self,IMG_8080
IMG_7364,-1.295122222222222,36.80226388888889,2023,2,Used/,,Self,IMG_7364
IMG_8057,-1.2975055555555557,36.80486944444444,2023,2,Used/,,Self,IMG_8057
IMG_7402,-1.2987638888888888,36.798830555555554,2023,2,Used/,,Self,IMG_7402
IMG_8731,-1.0103722222222222,36.601680555555554,2023,2,Used/,,Self,IMG_8731
IMG_8725,-1.055938888888889,36.60271388888889,2023,2,Used/,,Self,IMG_8725
IMG_7370,-1.2953472222222222,36.80257222222222,2023,2,Used/,,Self,IMG_7370
IMG_8043,-1.2984555555555557,36.798344444444446,2023,2,Used/,,Self,IMG_8043
IMG_7358,-1.2944444444444445,36.80019444444444,2023,2,Used/,,Self,IMG_7358
IMG_8719,-1.216616666666667,36.66255555555556,2023,2,Used/,,Self,IMG_8719
IMG_0812,-1.375916666666667,36.76972222222222,2023,2,Used/,,Self,IMG_0812
IMG_8296,-1.2675694444444443,36.97989444444445,2023,2,Used/,,Self,IMG_8296
IMG_0806,-1.370625,36.767852777777776,2023,2,Used/,,Self,IMG_0806
IMG_8282,-1.274222222222222,36.97268611111112,2023,2,Used/,,Self,IMG_8282
IMG_7827,-1.3121027777777778,36.87036388888889,2023,2,Used/,,Self,IMG_7827
IMG_6287,-1.2600472222222223,36.83680277777778,2023,2,Used/,,Self,IMG_6287
IMG_7199,-1.2865555555555557,36.80467222222222,2023,2,Used/,,Self,IMG_7199
IMG_6293,-1.2592333333333334,36.83551944444445,2023,2,Used/,,Self,IMG_6293
IMG_7833,-1.312013888888889,36.87039444444444,2023,2,Used/,,Self,IMG_7833
IMG_8533,-1.2686527777777776,36.9925,2023,2,Used/,,Self,IMG_8533
IMG_8255,-1.282908333333333,36.95982222222222,2023,2,Used/,,Self,IMG_8255
IMG_7166,-1.2896249999999998,36.79740833333333,2023,2,Used/,,Self,IMG_7166
IMG_6278,-1.2626305555555557,36.839444444444446,2023,2,Used/,,Self,IMG_6278
IMG_8241,-1.2865888888888888,36.95395277777778,2023,2,Used/,,Self,IMG_8241
IMG_7172,-1.2896916666666665,36.798002777777775,2023,2,Used/,,Self,IMG_7172
IMG_8527,-1.2694055555555557,36.99372222222223,2023,2,Used/,,Self,IMG_8527
IMG_7614,-1.2856777777777777,36.82081111111111,2023,2,Used/,,Self,IMG_7614
IMG_6522,-1.303063888888889,36.78815555555556,2023,2,Used/,,Self,IMG_6522
IMG_0635,-1.2991277777777777,36.77508888888889,2023,2,Used/,,Self,IMG_0635
IMG_8269,-1.2796472222222222,36.966119444444445,2023,2,Used/,,Self,IMG_8269
IMG_6244,-1.275611111111111,36.82312777777778,2023,2,Used/,,Self,IMG_6244
IMG_6250,-1.2745805555555556,36.82420555555556,2023,2,Used/,,Self,IMG_6250
IMG_6536,-1.298447222222222,36.788069444444446,2023,2,Used/,,Self,IMG_6536
IMG_7628,-1.3012555555555556,36.83768055555556,2023,2,Used/,,Self,IMG_7628
IMG_6251,-1.2744666666666666,36.82435555555556,2023,2,Used/,,Self,IMG_6251
IMG_7629,-1.302538888888889,36.83831944444445,2023,2,Used/,,Self,IMG_7629
IMG_6537,-1.2983305555555555,36.788069444444446,2023,2,Used/,,Self,IMG_6537
IMG_6523,-1.3029222222222223,36.78817222222222,2023,2,Used/,,Self,IMG_6523
IMG_6245,-1.2754805555555555,36.8232,2023,2,Used/,,Self,IMG_6245
IMG_8268,-1.279875,36.96563055555556,2023,2,Used/,,Self,IMG_8268
IMG_0634,-1.299122222222222,36.77516944444445,2023,2,Used/,,Self,IMG_0634
IMG_7173,-1.289586111111111,36.79807777777778,2023,2,Used/,,Self,IMG_7173
IMG_8240,-1.2868805555555554,36.95347777777778,2023,2,Used/,,Self,IMG_8240
IMG_7615,-1.285197222222222,36.82051944444445,2023,2,Used/,,Self,IMG_7615
IMG_8526,-1.2694944444444445,36.99388611111111,2023,2,Used/,,Self,IMG_8526
IMG_8532,-1.2687305555555557,36.99264444444445,2023,2,Used/,,Self,IMG_8532
IMG_6279,-1.2625694444444444,36.83951388888889,2023,2,Used/,,Self,IMG_6279
IMG_7167,-1.2896444444444444,36.79752777777777,2023,2,Used/,,Self,IMG_7167
IMG_8254,-1.283111111111111,36.95951111111111,2023,2,Used/,,Self,IMG_8254
IMG_6292,-1.259311111111111,36.83565277777778,2023,2,Used/,,Self,IMG_6292
IMG_7832,-1.312013888888889,36.87039444444444,2023,2,Used/,,Self,IMG_7832
IMG_7826,-1.3121027777777778,36.87036388888889,2023,2,Used/,,Self,IMG_7826
IMG_7198,-1.2866444444444445,36.80463888888889,2023,2,Used/,,Self,IMG_7198
IMG_6286,-1.260113888888889,36.83690555555556,2023,2,Used/,,Self,IMG_6286
IMG_8283,-1.2741,36.97283611111112,2023,2,Used/,,Self,IMG_8283
IMG_0807,-1.3714055555555555,36.76824166666667,2023,2,Used/,,Self,IMG_0807
IMG_8297,-1.267097222222222,36.98031111111112,2023,2,Used/,,Self,IMG_8297
IMG_0813,-1.3775638888888888,36.76995555555556,2023,2,Used/,,Self,IMG_0813
IMG_8718,-1.2179805555555556,36.66274722222222,2023,2,Used/,,Self,IMG_8718
IMG_7359,-1.294925,36.80038888888889,2023,2,Used/,,Self,IMG_7359
IMG_8724,-1.0560888888888889,36.602647222222224,2023,2,Used/,,Self,IMG_8724
IMG_8042,-1.2981388888888887,36.79826666666666,2023,2,Used/,,Self,IMG_8042
IMG_7371,-1.295461111111111,36.80251666666666,2023,2,Used/,,Self,IMG_7371
IMG_8056,-1.2975833333333333,36.80418333333333,2023,2,Used/,,Self,IMG_8056
IMG_7365,-1.2950527777777776,36.802391666666665,2023,2,Used/,,Self,IMG_7365
IMG_8730,-1.0106666666666666,36.60147777777778,2023,2,Used/,,Self,IMG_8730
IMG_7403,-1.2988055555555555,36.79862222222222,2023,2,Used/,,Self,IMG_7403
IMG_8081,-1.2935777777777775,36.82098055555556,2023,2,Used/,,Self,IMG_8081
IMG_8095,-1.3092777777777778,36.828613888888896,2023,2,Used/,,Self,IMG_8095
IMG_7239,-1.278522222222222,36.80334722222222,2023,2,Used/,,Self,IMG_7239
IMG_8678,-1.287113888888889,36.68160555555556,2023,2,Used/,,Self,IMG_8678
IMG_8650,-1.3061027777777778,36.74114166666667,2023,2,Used/,,Self,IMG_8650
IMG_8136,-1.3296972222222223,36.87116111111112,2023,2,Used/,,Self,IMG_8136
IMG_7205,-1.2856527777777778,36.804944444444445,2023,2,Used/,,Self,IMG_7205
IMG_8122,-1.329288888888889,36.85506388888889,2023,2,Used/,,Self,IMG_8122
IMG_7211,-1.2820388888888887,36.80696944444444,2023,2,Used/,,Self,IMG_7211
IMG_8644,-1.3028666666666666,36.750972222222224,2023,2,Used/,,Self,IMG_8644
IMG_8693,-1.2612472222222222,36.66092777777778,2023,2,Used/,,Self,IMG_8693
IMG_6872,-1.3346888888888888,36.778675,2023,2,Used/,,Self,IMG_6872
IMG_8687,-1.2737611111111111,36.66573333333333,2023,2,Used/,,Self,IMG_8687
IMG_0754,-1.3415527777777776,36.75852777777778,2023,2,Used/,,Self,IMG_0754
IMG_8308,-1.264138888888889,36.98293055555556,2023,2,Used/,,Self,IMG_8308
IMG_6325,-1.2317972222222224,36.80337222222222,2023,2,Used/,,Self,IMG_6325
IMG_6443,-1.3147555555555557,36.78991944444444,2023,2,Used/,,Self,IMG_6443
IMG_6457,-1.3090805555555556,36.78264166666666,2023,2,Used/,,Self,IMG_6457
IMG_0740,-1.338666666666667,36.73812777777778,2023,2,Used/,,Self,IMG_0740
IMG_6331,-1.234688888888889,36.80383055555555,2023,2,Used/,,Self,IMG_6331
IMG_0768,-1.344486111111111,36.76620555555556,2023,2,Used/,,Self,IMG_0768
IMG_7007,-1.3423388888888887,36.76714444444444,2023,2,Used/,,Self,IMG_7007
IMG_8334,-1.2666388888888889,36.98936944444444,2023,2,Used/,,Self,IMG_8334
IMG_6319,-1.2283361111111113,36.804744444444445,2023,2,Used/,,Self,IMG_6319
IMG_8452,-1.279986111111111,37.05165555555556,2023,2,Used/,,Self,IMG_8452
IMG_8446,-1.2796083333333332,37.04815,2023,2,Used/,,Self,IMG_8446
IMG_7013,-1.3413305555555557,36.76905,2023,2,Used/,,Self,IMG_7013
IMG_8320,-1.2649972222222223,36.985819444444445,2023,2,Used/,,Self,IMG_8320
IMG_0797,-1.3646222222222224,36.76613055555556,2023,2,Used/,,Self,IMG_0797
IMG_6480,-1.3058444444444446,36.78479444444445,2023,2,Used/,,Self,IMG_6480
IMG_6494,-1.3061333333333334,36.786427777777774,2023,2,Used/,,Self,IMG_6494
IMG_0783,-1.353827777777778,36.76222777777778,2023,2,Used/,,Self,IMG_0783
IMG_8491,-1.2782444444444443,37.03423055555555,2023,2,Used/,,Self,IMG_8491
IMG_8485,-1.278736111111111,37.03936111111111,2023,2,Used/,,Self,IMG_8485
IMG_8493,-1.2781194444444444,37.03292222222222,2023,2,Used/,,Self,IMG_8493
IMG_8487,-1.2784694444444444,37.03665833333333,2023,2,Used/,,Self,IMG_8487
IMG_6482,-1.3058055555555557,36.78498055555556,2023,2,Used/,,Self,IMG_6482
IMG_0795,-1.3628555555555557,36.764675,2023,2,Used/,,Self,IMG_0795
IMG_0781,-1.3520194444444444,36.76290555555556,2023,2,Used/,,Self,IMG_0781
IMG_6496,-1.3062222222222222,36.78669444444444,2023,2,Used/,,Self,IMG_6496
IMG_7788,-1.3147111111111112,36.87216388888889,2023,2,Used/,,Self,IMG_7788
IMG_8450,-1.279886111111111,37.05073055555555,2023,2,Used/,,Self,IMG_8450
IMG_7005,-1.3423444444444443,36.76691111111111,2023,2,Used/,,Self,IMG_7005
IMG_8336,-1.266997222222222,36.98991388888889,2023,2,Used/,,Self,IMG_8336
IMG_7011,-1.3416027777777777,36.76869166666667,2023,2,Used/,,Self,IMG_7011
IMG_8322,-1.265363888888889,36.98677777777778,2023,2,Used/,,Self,IMG_8322
IMG_8444,-1.2800888888888888,37.04691388888889,2023,2,Used/,,Self,IMG_8444
IMG_6469,-1.3067222222222223,36.78318888888889,2023,2,Used/,,Self,IMG_6469
IMG_6441,-1.315463888888889,36.790255555555554,2023,2,Used/,,Self,IMG_6441
IMG_6327,-1.232677777777778,36.80315,2023,2,Used/,,Self,IMG_6327
IMG_7039,-1.3151111111111111,36.78948888888889,2023,2,Used/,,Self,IMG_7039
IMG_0756,-1.3417472222222222,36.76031944444444,2023,2,Used/,,Self,IMG_0756
IMG_6333,-1.2346666666666668,36.803425,2023,2,Used/,,Self,IMG_6333
IMG_0742,-1.339175,36.74164444444445,2023,2,Used/,,Self,IMG_0742
IMG_8478,-1.2793666666666663,37.045497222222224,2023,2,Used/,,Self,IMG_8478
IMG_6455,-1.308775,36.78276388888889,2023,2,Used/,,Self,IMG_6455
IMG_8691,-1.2650222222222225,36.65974722222222,2023,2,Used/,,Self,IMG_8691
IMG_8685,-1.2762944444444444,36.66874444444444,2023,2,Used/,,Self,IMG_8685
IMG_6870,-1.3344583333333333,36.77909722222222,2023,2,Used/,,Self,IMG_6870
IMG_8134,-1.329772222222222,36.87046111111111,2023,2,Used/,,Self,IMG_8134
IMG_7207,-1.2854444444444444,36.80506111111111,2023,2,Used/,,Self,IMG_7207
IMG_8652,-1.3067,36.73837222222223,2023,2,Used/,,Self,IMG_8652
IMG_7561,-1.2484444444444445,36.81662222222222,2023,2,Used/,,Self,IMG_7561
IMG_8646,-1.3043277777777778,36.74672222222223,2023,2,Used/,,Self,IMG_8646
IMG_7575,-1.289,36.81248055555555,2023,2,Used/,,Self,IMG_7575
IMG_8120,-1.3271777777777778,36.85179166666667,2023,2,Used/,,Self,IMG_8120
IMG_7213,-1.2817055555555554,36.80721944444444,2023,2,Used/,,Self,IMG_7213
IMG_8108,-1.3199277777777778,36.83914444444445,2023,2,Used/,,Self,IMG_8108
IMG_8083,-1.296486111111111,36.82271388888889,2023,2,Used/,,Self,IMG_8083
IMG_8097,-1.3105472222222223,36.82922222222223,2023,2,Used/,,Self,IMG_8097
IMG_7398,-1.2984638888888889,36.80029444444444,2023,2,Used/,,Self,IMG_7398
IMG_8040,-1.2973027777777777,36.79808055555555,2023,2,Used/,,Self,IMG_8040
IMG_7373,-1.296672222222222,36.80266111111111,2023,2,Used/,,Self,IMG_7373
IMG_8726,-1.0431916666666667,36.60279722222222,2023,2,Used/,,Self,IMG_8726
IMG_8732,-0.9971472222222222,36.60093611111111,2023,2,Used/,,Self,IMG_8732
IMG_7401,-1.2987416666666665,36.79893888888888,2023,2,Used/,,Self,IMG_7401
IMG_8054,-1.2976694444444443,36.80392777777777,2023,2,Used/,,Self,IMG_8054
IMG_7367,-1.2950555555555554,36.80246666666666,2023,2,Used/,,Self,IMG_7367
IMG_8068,-1.2939138888888888,36.81177777777778,2023,2,Used/,,Self,IMG_8068
IMG_0805,-1.3700777777777775,36.76758611111111,2023,2,Used/,,Self,IMG_0805
IMG_8281,-1.274922222222222,36.97194722222223,2023,2,Used/,,Self,IMG_8281
IMG_0811,-1.375133333333333,36.76961111111111,2023,2,Used/,,Self,IMG_0811
IMG_8295,-1.2678138888888888,36.97968333333333,2023,2,Used/,,Self,IMG_8295
IMG_7818,-1.3121833333333337,36.870266666666666,2023,2,Used/,,Self,IMG_7818
IMG_7830,-1.3121194444444444,36.87037222222222,2023,2,Used/,,Self,IMG_7830
IMG_6290,-1.2596916666666669,36.83623611111111,2023,2,Used/,,Self,IMG_6290
IMG_6284,-1.2602694444444444,36.83721388888889,2023,2,Used/,,Self,IMG_6284
IMG_7824,-1.3121027777777778,36.87036388888889,2023,2,Used/,,Self,IMG_7824
IMG_6509,-1.3051333333333337,36.78775,2023,2,Used/,,Self,IMG_6509
IMG_7617,-1.2891194444444445,36.82062777777778,2023,2,Used/,,Self,IMG_7617
IMG_8524,-1.270436111111111,36.99553888888889,2023,2,Used/,,Self,IMG_8524
IMG_7171,-1.289736111111111,36.797919444444446,2023,2,Used/,,Self,IMG_7171
IMG_8242,-1.286522222222222,36.95405555555556,2023,2,Used/,,Self,IMG_8242
IMG_7165,-1.289572222222222,36.79728055555555,2023,2,Used/,,Self,IMG_7165
IMG_8256,-1.282713888888889,36.96014722222223,2023,2,Used/,,Self,IMG_8256
IMG_7603,-1.2899027777777776,36.80976944444444,2023,2,Used/,,Self,IMG_7603
IMG_8530,-1.2689472222222222,36.99299166666667,2023,2,Used/,,Self,IMG_8530
IMG_6535,-1.2985972222222222,36.788069444444446,2023,2,Used/,,Self,IMG_6535
IMG_8518,-1.2729472222222222,36.99950833333333,2023,2,Used/,,Self,IMG_8518
IMG_6253,-1.2733472222222222,36.82582222222223,2023,2,Used/,,Self,IMG_6253
IMG_0636,-1.2991388888888888,36.774855555555554,2023,2,Used/,,Self,IMG_0636
IMG_7159,-1.2893694444444443,36.79656666666666,2023,2,Used/,,Self,IMG_7159
IMG_6247,-1.2751138888888889,36.82349444444445,2023,2,Used/,,Self,IMG_6247
IMG_6521,-1.3037444444444446,36.78812222222222,2023,2,Used/,,Self,IMG_6521
IMG_6246,-1.2752277777777776,36.82338055555556,2023,2,Used/,,Self,IMG_6246
IMG_7158,-1.2892944444444443,36.79645277777777,2023,2,Used/,,Self,IMG_7158
IMG_0637,-1.2991722222222222,36.77453055555556,2023,2,Used/,,Self,IMG_0637
IMG_6520,-1.3037444444444446,36.78812222222222,2023,2,Used/,,Self,IMG_6520
IMG_8519,-1.2725805555555556,36.99890555555556,2023,2,Used/,,Self,IMG_8519
IMG_6534,-1.2986972222222222,36.788069444444446,2023,2,Used/,,Self,IMG_6534
IMG_6252,-1.27435,36.82451666666667,2023,2,Used/,,Self,IMG_6252
IMG_8257,-1.2825777777777778,36.960369444444446,2023,2,Used/,,Self,IMG_8257
IMG_7164,-1.2895527777777778,36.79722777777778,2023,2,Used/,,Self,IMG_7164
IMG_8531,-1.2688472222222222,36.992825,2023,2,Used/,,Self,IMG_8531
IMG_7602,-1.2900666666666665,36.809530555555554,2023,2,Used/,,Self,IMG_7602
IMG_8525,-1.2701694444444445,36.99499444444445,2023,2,Used/,,Self,IMG_8525
IMG_7616,-1.2890388888888888,36.820569444444445,2023,2,Used/,,Self,IMG_7616
IMG_6508,-1.3052777777777778,36.787708333333335,2023,2,Used/,,Self,IMG_6508
IMG_8243,-1.2864583333333333,36.954169444444446,2023,2,Used/,,Self,IMG_8243
IMG_7170,-1.2897277777777776,36.797875,2023,2,Used/,,Self,IMG_7170
IMG_6285,-1.2602472222222223,36.837069444444445,2023,2,Used/,,Self,IMG_6285
IMG_7825,-1.3121027777777778,36.87036388888889,2023,2,Used/,,Self,IMG_7825
IMG_7831,-1.3121194444444444,36.870358333333336,2023,2,Used/,,Self,IMG_7831
IMG_6291,-1.2593472222222222,36.83571944444445,2023,2,Used/,,Self,IMG_6291
IMG_8294,-1.2680305555555555,36.97948611111112,2023,2,Used/,,Self,IMG_8294
IMG_0810,-1.3742444444444444,36.76944722222222,2023,2,Used/,,Self,IMG_0810
IMG_7819,-1.3121805555555557,36.870266666666666,2023,2,Used/,,Self,IMG_7819
IMG_8280,-1.2750694444444444,36.97178611111112,2023,2,Used/,,Self,IMG_8280
IMG_0804,-1.3689472222222223,36.76747777777778,2023,2,Used/,,Self,IMG_0804
IMG_8069,-1.2939222222222222,36.81205,2023,2,Used/,,Self,IMG_8069
IMG_7400,-1.2987027777777778,36.79914444444445,2023,2,Used/,,Self,IMG_7400
IMG_8733,-0.9968805555555555,36.60086111111112,2023,2,Used/,,Self,IMG_8733
IMG_7366,-1.2950499999999998,36.80243055555555,2023,2,Used/,,Self,IMG_7366
IMG_8055,-1.2976388888888888,36.80396944444444,2023,2,Used/,,Self,IMG_8055
IMG_7372,-1.296472222222222,36.80262222222222,2023,2,Used/,,Self,IMG_7372
IMG_8041,-1.2979027777777776,36.79821944444444,2023,2,Used/,,Self,IMG_8041
IMG_8727,-1.001363888888889,36.59317222222222,2023,2,Used/,,Self,IMG_8727
IMG_7399,-1.2986777777777776,36.79924722222222,2023,2,Used/,,Self,IMG_7399
IMG_8096,-1.3099055555555557,36.82893055555556,2023,2,Used/,,Self,IMG_8096
IMG_8082,-1.294922222222222,36.821738888888895,2023,2,Used/,,Self,IMG_8082
IMG_6124,-1.2964388888888887,36.79532777777778,2023,1,Used/,,Self,IMG_6124
IMG_8109,-1.3201972222222222,36.8396,2023,2,Used/,,Self,IMG_8109
IMG_8647,-1.3051527777777778,36.74452222222222,2023,2,Used/,,Self,IMG_8647
IMG_7212,-1.2818805555555557,36.80704444444444,2023,2,Used/,,Self,IMG_7212
IMG_8121,-1.328922222222222,36.85447222222222,2023,2,Used/,,Self,IMG_8121
IMG_7206,-1.2855916666666665,36.80497777777777,2023,2,Used/,,Self,IMG_7206
IMG_8135,-1.3297444444444444,36.87074722222222,2023,2,Used/,,Self,IMG_8135
IMG_8653,-1.3072222222222225,36.73646111111111,2023,2,Used/,,Self,IMG_8653
IMG_6871,-1.3346305555555555,36.77876666666666,2023,2,Used/,,Self,IMG_6871
IMG_8684,-1.2779166666666666,36.67038333333333,2023,2,Used/,,Self,IMG_8684
IMG_8690,-1.2667194444444445,36.65979444444445,2023,2,Used/,,Self,IMG_8690
IMG_0743,-1.3407055555555554,36.75248333333333,2023,2,Used/,,Self,IMG_0743
IMG_6332,-1.2346361111111113,36.80351944444444,2023,2,Used/,,Self,IMG_6332
IMG_6454,-1.3088333333333333,36.78275,2023,2,Used/,,Self,IMG_6454
IMG_8479,-1.2792805555555555,37.04469722222222,2023,2,Used/,,Self,IMG_8479
IMG_6440,-1.3154333333333337,36.79029722222222,2023,2,Used/,,Self,IMG_6440
IMG_0757,-1.3418444444444444,36.76108055555556,2023,2,Used/,,Self,IMG_0757
IMG_7038,-1.315208333333333,36.78941111111111,2023,2,Used/,,Self,IMG_7038
IMG_6326,-1.2323055555555558,36.8032,2023,2,Used/,,Self,IMG_6326
IMG_8323,-1.2655083333333332,36.98713333333333,2023,2,Used/,,Self,IMG_8323
IMG_7010,-1.3417694444444443,36.76844722222222,2023,2,Used/,,Self,IMG_7010
IMG_6468,-1.3067611111111113,36.78313055555555,2023,2,Used/,,Self,IMG_6468
IMG_8445,-1.2795416666666666,37.04765277777778,2023,2,Used/,,Self,IMG_8445
IMG_8451,-1.279986111111111,37.05165555555556,2023,2,Used/,,Self,IMG_8451
IMG_8337,-1.2671027777777777,36.99009722222223,2023,2,Used/,,Self,IMG_8337
IMG_7004,-1.3424055555555554,36.76673611111111,2023,2,Used/,,Self,IMG_7004
IMG_0780,-1.3513916666666668,36.76306111111112,2023,2,Used/,,Self,IMG_0780
IMG_7789,-1.3142416666666668,36.87220833333333,2023,2,Used/,,Self,IMG_7789
IMG_6497,-1.306238888888889,36.78677777777778,2023,2,Used/,,Self,IMG_6497
IMG_6483,-1.305791666666667,36.78505,2023,2,Used/,,Self,IMG_6483
IMG_0794,-1.3616194444444445,36.76356944444444,2023,2,Used/,,Self,IMG_0794
IMG_8486,-1.2786472222222225,37.038513888888886,2023,2,Used/,,Self,IMG_8486
IMG_8492,-1.2781833333333332,37.03363333333333,2023,2,Used/,,Self,IMG_8492
IMG_20230212_080700,-1.2992503641666666,36.762954711666666,2023,2,Used/,,Self,IMG_20230212_080700
IMG_20230212_082117,-1.2504570483333333,36.66455841055556,2023,2,Used/,,Self,IMG_20230212_082117
IMG_20230212_082103,-1.2560166119444445,36.66281890861111,2023,2,Used/,,Self,IMG_20230212_082103
IMG_20230212_081344,-1.3033380508333334,36.70571136472223,2023,2,Used/,,Self,IMG_20230212_081344
IMG_20230212_081350,-1.3033380508333334,36.70571136472223,2023,2,Used/,,Self,IMG_20230212_081350
IMG_20230212_080728,-1.3002673386111112,36.75717926,2023,2,Used/,,Self,IMG_20230212_080728
IMG_20230212_081218,-1.3051530122222224,36.71574783305556,2023,2,Used/,,Self,IMG_20230212_081218
IMG_20230212_081224,-1.3051530122222224,36.71574783305556,2023,2,Used/,,Self,IMG_20230212_081224
IMG_20230212_080847,-1.305370211388889,36.74350357055555,2023,2,Used/,,Self,IMG_20230212_080847
IMG_20230212_080852,-1.305370211388889,36.74350357055555,2023,2,Used/,,Self,IMG_20230212_080852
IMG_20230212_081231,-1.3051530122222224,36.71574783305556,2023,2,Used/,,Self,IMG_20230212_081231
IMG_20230212_080715,-1.3002673386111112,36.75717926,2023,2,Used/,,Self,IMG_20230212_080715
IMG_20230212_081147,-1.3052599427777778,36.71598052972222,2023,2,Used/,,Self,IMG_20230212_081147
IMG_20230212_081151,-1.3052599427777778,36.71598052972222,2023,2,Used/,,Self,IMG_20230212_081151
IMG_20230212_082128,-1.2504570483333333,36.66455841055556,2023,2,Used/,,Self,IMG_20230212_082128
IMG_20230212_080924,-1.306132793333333,36.73926162694445,2023,2,Used/,,Self,IMG_20230212_080924
IMG_20230212_081227,-1.3051530122222224,36.71574783305556,2023,2,Used/,,Self,IMG_20230212_081227
IMG_20230212_081019,-1.3075469730555556,36.73464965805556,2023,2,Used/,,Self,IMG_20230212_081019
IMG_20230212_081025,-1.3075469730555556,36.73464965805556,2023,2,Used/,,Self,IMG_20230212_081025
IMG_20230212_081958,-1.2605748175,36.661159515277774,2023,2,Used/,,Self,IMG_20230212_081958
IMG_20230212_080845,-1.305370211388889,36.74350357055555,2023,2,Used/,,Self,IMG_20230212_080845
IMG_20230212_081232,-1.3051530122222224,36.71574783305556,2023,2,Used/,,Self,IMG_20230212_081232
IMG_20230212_080931,-1.306132793333333,36.73926162694445,2023,2,Used/,,Self,IMG_20230212_080931
IMG_20230212_081346,-1.3033380508333334,36.70571136472223,2023,2,Used/,,Self,IMG_20230212_081346
IMG_20230212_080702,-1.2992503641666666,36.762954711666666,2023,2,Used/,,Self,IMG_20230212_080702
IMG_20230212_080716,-1.3002673386111112,36.75717926,2023,2,Used/,,Self,IMG_20230212_080716
IMG_20230212_080712,-1.3002673386111112,36.75717926,2023,2,Used/,,Self,IMG_20230212_080712
IMG_20230212_080706,-1.3002673386111112,36.75717926,2023,2,Used/,,Self,IMG_20230212_080706
IMG_20230212_081236,-1.3051530122222224,36.71574783305556,2023,2,Used/,,Self,IMG_20230212_081236
IMG_20230212_081034,-1.3075469730555556,36.73464965805556,2023,2,Used/,,Self,IMG_20230212_081034
IMG_20230212_081009,-1.3075469730555556,36.73464965805556,2023,2,Used/,,Self,IMG_20230212_081009
IMG_20230212_080908,-1.306132793333333,36.73926162694445,2023,2,Used/,,Self,IMG_20230212_080908
IMG_20230212_080934,-1.306132793333333,36.73926162694445,2023,2,Used/,,Self,IMG_20230212_080934
IMG_20230212_081343,-1.3033380508333334,36.70571136472223,2023,2,Used/,,Self,IMG_20230212_081343
IMG_20230212_082138,-1.244521021666667,36.665328979444446,2023,2,Used/,,Self,IMG_20230212_082138
IMG_20230212_081141,-1.3052599427777778,36.71598052972222,2023,2,Used/,,Self,IMG_20230212_081141
IMG_20230212_080711,-1.3002673386111112,36.75717926,2023,2,Used/,,Self,IMG_20230212_080711
IMG_20230212_081221,-1.3051530122222224,36.71574783305556,2023,2,Used/,,Self,IMG_20230212_081221
IMG_20230212_081037,-1.3103799819444444,36.72858047472222,2023,2,Used/,,Self,IMG_20230212_081037
IMG_20230212_081023,-1.3075469730555556,36.73464965805556,2023,2,Used/,,Self,IMG_20230212_081023
IMG_20230212_081022,-1.3075469730555556,36.73464965805556,2023,2,Used/,,Self,IMG_20230212_081022
IMG_20230212_080857,-1.305370211388889,36.74350357055555,2023,2,Used/,,Self,IMG_20230212_080857
IMG_20230212_080658,-1.2992503641666666,36.762954711666666,2023,2,Used/,,Self,IMG_20230212_080658
IMG_20230212_081234,-1.3051530122222224,36.71574783305556,2023,2,Used/,,Self,IMG_20230212_081234
IMG_20230212_080937,-1.3076189755555556,36.73464965805556,2023,2,Used/,,Self,IMG_20230212_080937
IMG_20230212_082113,-1.2504570483333333,36.66455841055556,2023,2,Used/,,Self,IMG_20230212_082113
IMG_20230212_080704,-1.2992503641666666,36.762954711666666,2023,2,Used/,,Self,IMG_20230212_080704
IMG_20230212_081354,-1.3033380508333334,36.70571136472223,2023,2,Used/,,Self,IMG_20230212_081354
IMG_20230212_081340,-1.3033380508333334,36.70571136472223,2023,2,Used/,,Self,IMG_20230212_081340
IMG_20230212_080738,-1.3015580175,36.75379180888889,2023,2,Used/,,Self,IMG_20230212_080738
IMG_20230212_081125,-1.3105809686111112,36.72499847388889,2023,2,Used/,,Self,IMG_20230212_081125
IMG_20230212_081333,-1.3051530122222224,36.71574783305556,2023,2,Used/,,Self,IMG_20230212_081333
IMG_20230212_080617,-1.2992503641666666,36.762954711666666,2023,2,Used/,,Self,IMG_20230212_080617
IMG_20230212_081247,-1.3051530122222224,36.71574783305556,2023,2,Used/,,Self,IMG_20230212_081247
IMG_20230212_080830,-1.3036500213888889,36.74822998027778,2023,2,Used/,,Self,IMG_20230212_080830
IMG_20230212_080824,-1.3036500213888889,36.74822998027778,2023,2,Used/,,Self,IMG_20230212_080824
IMG_20230212_081044,-1.3103799819444444,36.72858047472222,2023,2,Used/,,Self,IMG_20230212_081044
IMG_20230212_080819,-1.3036500213888889,36.74822998027778,2023,2,Used/,,Self,IMG_20230212_080819
IMG_20230212_081246,-1.3051530122222224,36.71574783305556,2023,2,Used/,,Self,IMG_20230212_081246
IMG_20230212_081252,-1.3051530122222224,36.71574783305556,2023,2,Used/,,Self,IMG_20230212_081252
IMG_20230212_080945,-1.3076189755555556,36.73464965805556,2023,2,Used/,,Self,IMG_20230212_080945
IMG_20230212_081326,-1.3051530122222224,36.71574783305556,2023,2,Used/,,Self,IMG_20230212_081326
IMG_20230212_081130,-1.3105809686111112,36.72499847388889,2023,2,Used/,,Self,IMG_20230212_081130
IMG_20230212_081118,-1.3105809686111112,36.72499847388889,2023,2,Used/,,Self,IMG_20230212_081118
IMG_20230212_080748,-1.3015580175,36.75379180888889,2023,2,Used/,,Self,IMG_20230212_080748
IMG_20230212_082017,-1.2605748175,36.661159515277774,2023,2,Used/,,Self,IMG_20230212_082017
IMG_20230212_082003,-1.2605748175,36.661159515277774,2023,2,Used/,,Self,IMG_20230212_082003
IMG_20230212_080614,-1.2992503641666666,36.762954711666666,2023,2,Used/,,Self,IMG_20230212_080614
IMG_20230212_081250,-1.3051530122222224,36.71574783305556,2023,2,Used/,,Self,IMG_20230212_081250
IMG_20230212_081046,-1.3103799819444444,36.72858047472222,2023,2,Used/,,Self,IMG_20230212_081046
IMG_20230212_081052,-1.3103799819444444,36.72858047472222,2023,2,Used/,,Self,IMG_20230212_081052
IMG_20230212_080832,-1.3036500213888889,36.74822998027778,2023,2,Used/,,Self,IMG_20230212_080832
IMG_20230212_080629,-1.2992503641666666,36.762954711666666,2023,2,Used/,,Self,IMG_20230212_080629
IMG_20230212_080952,-1.3076189755555556,36.73464965805556,2023,2,Used/,,Self,IMG_20230212_080952
IMG_20230212_081331,-1.3051530122222224,36.71574783305556,2023,2,Used/,,Self,IMG_20230212_081331
IMG_20230212_080749,-1.3015580175,36.75379180888889,2023,2,Used/,,Self,IMG_20230212_080749
IMG_20230212_081319,-1.3051530122222224,36.71574783305556,2023,2,Used/,,Self,IMG_20230212_081319
IMG_20230212_081133,-1.3105809686111112,36.72499847388889,2023,2,Used/,,Self,IMG_20230212_081133
IMG_20230212_081309,-1.3051530122222224,36.71574783305556,2023,2,Used/,,Self,IMG_20230212_081309
IMG_20230212_080956,-1.3076189755555556,36.73464965805556,2023,2,Used/,,Self,IMG_20230212_080956
IMG_20230212_080639,-1.2992503641666666,36.762954711666666,2023,2,Used/,,Self,IMG_20230212_080639
IMG_20230212_081057,-1.3103799819444444,36.72858047472222,2023,2,Used/,,Self,IMG_20230212_081057
IMG_20230212_081254,-1.3051530122222224,36.71574783305556,2023,2,Used/,,Self,IMG_20230212_081254
IMG_20230212_081240,-1.3051530122222224,36.71574783305556,2023,2,Used/,,Self,IMG_20230212_081240
IMG_20230212_080758,-1.3015580175,36.75379180888889,2023,2,Used/,,Self,IMG_20230212_080758
IMG_20230212_081122,-1.3105809686111112,36.72499847388889,2023,2,Used/,,Self,IMG_20230212_081122
IMG_20230212_081322,-1.3051530122222224,36.71574783305556,2023,2,Used/,,Self,IMG_20230212_081322
IMG_20230212_080941,-1.3076189755555556,36.73464965805556,2023,2,Used/,,Self,IMG_20230212_080941
IMG_20230212_080612,-1.2992503641666666,36.762954711666666,2023,2,Used/,,Self,IMG_20230212_080612
IMG_20230212_080835,-1.3036500213888889,36.74822998027778,2023,2,Used/,,Self,IMG_20230212_080835
IMG_20230212_081041,-1.3103799819444444,36.72858047472222,2023,2,Used/,,Self,IMG_20230212_081041
IMG_20230212_081055,-1.3103799819444444,36.72858047472222,2023,2,Used/,,Self,IMG_20230212_081055
IMG_20230212_080820,-1.3036500213888889,36.74822998027778,2023,2,Used/,,Self,IMG_20230212_080820
IMG_20230212_080607,-1.2992503641666666,36.762954711666666,2023,2,Used/,,Self,IMG_20230212_080607
IMG_20230212_081243,-1.3051530122222224,36.71574783305556,2023,2,Used/,,Self,IMG_20230212_081243
IMG_20230212_081257,-1.3051530122222224,36.71574783305556,2023,2,Used/,,Self,IMG_20230212_081257
IMG_20230212_080940,-1.3076189755555556,36.73464965805556,2023,2,Used/,,Self,IMG_20230212_080940
IMG_20230212_081337,-1.3051530122222224,36.71574783305556,2023,2,Used/,,Self,IMG_20230212_081337
IMG_20230212_081109,-1.3105809686111112,36.72499847388889,2023,2,Used/,,Self,IMG_20230212_081109
IMG_20230212_081135,-1.3105809686111112,36.72499847388889,2023,2,Used/,,Self,IMG_20230212_081135
IMG_20230212_081138,-1.3052599427777778,36.71598052972222,2023,2,Used/,,Self,IMG_20230212_081138
IMG_20230212_081104,-1.3103799819444444,36.72858047472222,2023,2,Used/,,Self,IMG_20230212_081104
IMG_20230212_080756,-1.3015580175,36.75379180888889,2023,2,Used/,,Self,IMG_20230212_080756
IMG_20230212_082035,-1.2560166119444445,36.66281890861111,2023,2,Used/,,Self,IMG_20230212_082035
IMG_20230212_080622,-1.2992503641666666,36.762954711666666,2023,2,Used/,,Self,IMG_20230212_080622
IMG_20230212_080839,-1.305370211388889,36.74350357055555,2023,2,Used/,,Self,IMG_20230212_080839
IMG_20230212_080805,-1.3015580175,36.75379180888889,2023,2,Used/,,Self,IMG_20230212_080805
IMG_20230212_081059,-1.3103799819444444,36.72858047472222,2023,2,Used/,,Self,IMG_20230212_081059
IMG_20230212_080958,-1.3076189755555556,36.73464965805556,2023,2,Used/,,Self,IMG_20230212_080958
IMG_20230212_080743,-1.3015580175,36.75379180888889,2023,2,Used/,,Self,IMG_20230212_080743
IMG_20230212_080755,-1.3015580175,36.75379180888889,2023,2,Used/,,Self,IMG_20230212_080755
IMG_20230212_080741,-1.3015580175,36.75379180888889,2023,2,Used/,,Self,IMG_20230212_080741
IMG_20230212_081305,-1.3051530122222224,36.71574783305556,2023,2,Used/,,Self,IMG_20230212_081305
IMG_20230212_080635,-1.2992503641666666,36.762954711666666,2023,2,Used/,,Self,IMG_20230212_080635
IMG_20230212_080609,-1.2992503641666666,36.762954711666666,2023,2,Used/,,Self,IMG_20230212_080609
IMG_20230212_080812,-1.3036500213888889,36.74822998027778,2023,2,Used/,,Self,IMG_20230212_080812
IMG_20230212_081933,-1.2605555555555557,36.66111111111111,2023,2,Used/,,Self,IMG_20230212_081933
IMG_20230212_080807,-1.3036500213888889,36.74822998027778,2023,2,Used/,,Self,IMG_20230212_080807
IMG_20230212_082037,-1.2560166119444445,36.66281890861111,2023,2,Used/,,Self,IMG_20230212_082037
IMG_20230212_082157,-1.244521021666667,36.665328979444446,2023,2,Used/,,Self,IMG_20230212_082157
IMG_20230212_080740,-1.3015580175,36.75379180888889,2023,2,Used/,,Self,IMG_20230212_080740
IMG_20230212_082143,-1.244521021666667,36.665328979444446,2023,2,Used/,,Self,IMG_20230212_082143
IMG_20230212_081106,-1.3103799819444444,36.72858047472222,2023,2,Used/,,Self,IMG_20230212_081106
IMG_20230212_081112,-1.3105809686111112,36.72499847388889,2023,2,Used/,,Self,IMG_20230212_081112
IMG_20230212_081116,-1.3105809686111112,36.72499847388889,2023,2,Used/,,Self,IMG_20230212_081116
IMG_20230212_080624,-1.2992503641666666,36.762954711666666,2023,2,Used/,,Self,IMG_20230212_080624
IMG_20230212_080630,-1.2992503641666666,36.762954711666666,2023,2,Used/,,Self,IMG_20230212_080630
IMG_20230212_080803,-1.3015580175,36.75379180888889,2023,2,Used/,,Self,IMG_20230212_080803
IMG_20230212_081936,-1.2605748175,36.661159515277774,2023,2,Used/,,Self,IMG_20230212_081936
IMG_20230212_080619,-1.2992503641666666,36.762954711666666,2023,2,Used/,,Self,IMG_20230212_080619
IMG_20230212_081329,-1.3051530122222224,36.71574783305556,2023,2,Used/,,Self,IMG_20230212_081329
IMG_20230212_081315,-1.3051530122222224,36.71574783305556,2023,2,Used/,,Self,IMG_20230212_081315
IMG_20230212_082150,-1.244521021666667,36.665328979444446,2023,2,Used/,,Self,IMG_20230212_082150
IMG_20230212_080753,-1.3015580175,36.75379180888889,2023,2,Used/,,Self,IMG_20230212_080753
IMG_20230212_080633,-1.2992503641666666,36.762954711666666,2023,2,Used/,,Self,IMG_20230212_080633
IMG_20230212_082024,-1.2605748175,36.661159515277774,2023,2,Used/,,Self,IMG_20230212_082024
IMG_20230212_080627,-1.2992503641666666,36.762954711666666,2023,2,Used/,,Self,IMG_20230212_080627
IMG_20230212_080800,-1.3015580175,36.75379180888889,2023,2,Used/,,Self,IMG_20230212_080800
IMG_20230212_081049,-1.3103799819444444,36.72858047472222,2023,2,Used/,,Self,IMG_20230212_081049
IMG_20230212_080815,-1.3036500213888889,36.74822998027778,2023,2,Used/,,Self,IMG_20230212_080815
IMG_20230212_080949,-1.3076189755555556,36.73464965805556,2023,2,Used/,,Self,IMG_20230212_080949
IMG_20230212_080752,-1.3015580175,36.75379180888889,2023,2,Used/,,Self,IMG_20230212_080752
IMG_20230212_080746,-1.3015580175,36.75379180888889,2023,2,Used/,,Self,IMG_20230212_080746
IMG_20230212_081302,-1.3051530122222224,36.71574783305556,2023,2,Used/,,Self,IMG_20230212_081302
IMG_20230212_081114,-1.3105809686111112,36.72499847388889,2023,2,Used/,,Self,IMG_20230212_081114
IMG_20230212_081239,-1.3051530122222224,36.71574783305556,2023,2,Used/,,Self,IMG_20230212_081239
IMG_20230212_080641,-1.2992503641666666,36.762954711666666,2023,2,Used/,,Self,IMG_20230212_080641
IMG_20230212_081211,-1.3051530122222224,36.71574783305556,2023,2,Used/,,Self,IMG_20230212_081211
IMG_20230212_081013,-1.3075469730555556,36.73464965805556,2023,2,Used/,,Self,IMG_20230212_081013
IMG_20230212_081007,-1.3076189755555556,36.73464965805556,2023,2,Used/,,Self,IMG_20230212_081007
IMG_20230212_081947,-1.2605748175,36.661159515277774,2023,2,Used/,,Self,IMG_20230212_081947
IMG_20230212_081953,-1.2605748175,36.661159515277774,2023,2,Used/,,Self,IMG_20230212_081953
IMG_20230212_080654,-1.2992503641666666,36.762954711666666,2023,2,Used/,,Self,IMG_20230212_080654
IMG_20230212_080913,-1.306132793333333,36.73926162694445,2023,2,Used/,,Self,IMG_20230212_080913
IMG_20230212_080708,-1.3002673386111112,36.75717926,2023,2,Used/,,Self,IMG_20230212_080708
IMG_20230212_080720,-1.3002673386111112,36.75717926,2023,2,Used/,,Self,IMG_20230212_080720
IMG_20230212_081158,-1.3052599427777778,36.71598052972222,2023,2,Used/,,Self,IMG_20230212_081158
IMG_20230212_080736,-1.3002673386111112,36.75717926,2023,2,Used/,,Self,IMG_20230212_080736
IMG_20230212_080722,-1.3002673386111112,36.75717926,2023,2,Used/,,Self,IMG_20230212_080722
IMG_20230212_080905,-1.305370211388889,36.74350357055555,2023,2,Used/,,Self,IMG_20230212_080905
IMG_20230212_080642,-1.2992503641666666,36.762954711666666,2023,2,Used/,,Self,IMG_20230212_080642
IMG_20230212_080656,-1.2992503641666666,36.762954711666666,2023,2,Used/,,Self,IMG_20230212_080656
IMG_20230212_081945,-1.2605748175,36.661159515277774,2023,2,Used/,,Self,IMG_20230212_081945
IMG_20230212_081011,-1.3075469730555556,36.73464965805556,2023,2,Used/,,Self,IMG_20230212_081011
IMG_20230212_081039,-1.3103799819444444,36.72858047472222,2023,2,Used/,,Self,IMG_20230212_081039
IMG_20230212_080910,-1.306132793333333,36.73926162694445,2023,2,Used/,,Self,IMG_20230212_080910
IMG_20230212_082108,-1.2504570483333333,36.66455841055556,2023,2,Used/,,Self,IMG_20230212_082108
IMG_20230212_082124,-1.2504570483333333,36.66455841055556,2023,2,Used/,,Self,IMG_20230212_082124
IMG_20230212_081217,-1.3051530122222224,36.71574783305556,2023,2,Used/,,Self,IMG_20230212_081217
IMG_20230212_080647,-1.2992503641666666,36.762954711666666,2023,2,Used/,,Self,IMG_20230212_080647
IMG_20230212_081015,-1.3075469730555556,36.73464965805556,2023,2,Used/,,Self,IMG_20230212_081015
IMG_20230212_081029,-1.3075469730555556,36.73464965805556,2023,2,Used/,,Self,IMG_20230212_081029
IMG_20230212_081028,-1.3075469730555556,36.73464965805556,2023,2,Used/,,Self,IMG_20230212_081028
IMG_20230212_081000,-1.3076189755555556,36.73464965805556,2023,2,Used/,,Self,IMG_20230212_081000
IMG_20230212_080652,-1.2992503641666666,36.762954711666666,2023,2,Used/,,Self,IMG_20230212_080652
IMG_20230212_080646,-1.2992503641666666,36.762954711666666,2023,2,Used/,,Self,IMG_20230212_080646
IMG_20230212_080929,-1.306132793333333,36.73926162694445,2023,2,Used/,,Self,IMG_20230212_080929
IMG_20230212_080726,-1.3002673386111112,36.75717926,2023,2,Used/,,Self,IMG_20230212_080726
IMG_20230212_082119,-1.2504570483333333,36.66455841055556,2023,2,Used/,,Self,IMG_20230212_082119
IMG_20230212_080730,-1.3002673386111112,36.75717926,2023,2,Used/,,Self,IMG_20230212_080730
IMG_20230212_080917,-1.306132793333333,36.73926162694445,2023,2,Used/,,Self,IMG_20230212_080917
IMG_20230212_081214,-1.3051530122222224,36.71574783305556,2023,2,Used/,,Self,IMG_20230212_081214
IMG_20230212_081228,-1.3051530122222224,36.71574783305556,2023,2,Used/,,Self,IMG_20230212_081228
IMG_20230212_080650,-1.2992503641666666,36.762954711666666,2023,2,Used/,,Self,IMG_20230212_080650
IMG_20230212_081016,-1.3075469730555556,36.73464965805556,2023,2,Used/,,Self,IMG_20230212_081016
IMG_20230212_081003,-1.3076189755555556,36.73464965805556,2023,2,Used/,,Self,IMG_20230212_081003
IMG_20230212_081017,-1.3075469730555556,36.73464965805556,2023,2,Used/,,Self,IMG_20230212_081017
IMG_20230212_082052,-1.2560166119444445,36.66281890861111,2023,2,Used/,,Self,IMG_20230212_082052
IMG_20230212_080902,-1.305370211388889,36.74350357055555,2023,2,Used/,,Self,IMG_20230212_080902
