ID,PicID,Time,Latitude,Longitude
0,IMG_7790.JPG,2023:02:09 12:21:54,-1.3140888888888889,36.87233055555556
1,IMG_0799.JPG,2023:02:20 11:04:27,-1.3660222222222222,36.76688333333333
2,IMG_6303.JPG,2023:02:01 14:22:01,-1.2518972222222222,36.825386111111115
3,IMG_0772.JPG,2023:02:20 11:01:03,-1.3467583333333333,36.765344444444445
4,IMG_8448.JPG,2023:02:11 11:42:30,-1.2797305555555556,37.04933611111111
5,IMG_6465.JPG,2023:02:03 13:43:44,-1.3069388888888889,36.78382222222222
6,IMG_6471.JPG,2023:02:03 13:43:55,-1.3064944444444444,36.78350833333333
7,IMG_6317.JPG,2023:02:01 17:07:08,-1.2280444444444445,36.80515277777778
8,IMG_0766.JPG,2023:02:20 11:00:24,-1.3427749999999998,36.76687222222222
9,IMG_7009.JPG,2023:02:04 15:11:10,-1.3421194444444444,36.767719444444445
10,IMG_7021.JPG,2023:02:04 15:12:48,-1.3370583333333332,36.77475277777778
11,IMG_8312.JPG,2023:02:11 11:18:50,-1.2645194444444445,36.98424166666667
12,IMG_7747.JPG,2023:02:09 09:50:03,-1.3150722222222222,36.87216111111111
13,IMG_8474.JPG,2023:02:11 11:55:11,-1.279736111111111,37.048788888888886
14,IMG_6459.JPG,2023:02:03 13:18:21,-1.309036111111111,36.78270555555555
15,IMG_8460.JPG,2023:02:11 11:44:39,-1.281863888888889,37.06008611111111
16,IMG_7035.JPG,2023:02:04 15:17:34,-1.3156861111111111,36.78896666666667
17,IMG_8306.JPG,2023:02:11 11:17:47,-1.2641694444444445,36.982483333333334
18,IMG_8689.JPG,2023:02:12 08:18:46,-1.2690027777777777,36.66056111111111
19,IMG_8138.JPG,2023:02:11 10:46:37,-1.3296805555555555,36.87144722222222
20,IMG_8676.JPG,2023:02:12 08:15:39,-1.2896027777777777,36.68384444444444
21,IMG_8110.JPG,2023:02:11 10:42:09,-1.321161111111111,36.84127777777778
22,IMG_7223.JPG,2023:02:05 10:38:30,-1.279288888888889,36.80681666666666
23,IMG_8104.JPG,2023:02:11 10:41:21,-1.3173638888888888,36.83488888888889
24,IMG_7237.JPG,2023:02:05 10:39:32,-1.278725,36.80363611111111
25,IMG_8662.JPG,2023:02:12 08:10:29,-1.3094222222222223,36.72746388888889
26,IMG_7394.JPG,2023:02:05 12:02:22,-1.2982333333333331,36.80170833333333
27,IMG_7380.JPG,2023:02:05 12:01:49,-1.297711111111111,36.802994444444444
28,IMG_8058.JPG,2023:02:11 10:33:05,-1.2973277777777776,36.80565555555555
29,IMG_8702.JPG,2023:02:12 08:21:29,-1.2401777777777778,36.66569444444444
30,IMG_8064.JPG,2023:02:11 10:33:58,-1.2960083333333332,36.808727777777776
31,IMG_7357.JPG,2023:02:05 11:59:57,-1.294311111111111,36.80016388888889
32,IMG_8070.JPG,2023:02:11 10:35:00,-1.2950722222222222,36.81259166666666
33,IMG_7343.JPG,2023:02:05 11:59:06,-1.2896416666666666,36.7981
34,IMG_8716.JPG,2023:02:12 08:23:54,-1.2214250000000002,36.66322777777778
35,IMG_8299.JPG,2023:02:11 11:07:50,-1.2657027777777778,36.98136111111111
36,IMG_7814.JPG,2023:02:09 12:35:18,-1.3126277777777777,36.87094444444445
37,IMG_7800.JPG,2023:02:09 12:27:52,-1.312913888888889,36.87211666666667
38,IMG_0809.JPG,2023:02:20 11:05:28,-1.3735444444444445,36.769213888888885
39,IMG_6288.JPG,2023:02:01 14:18:21,-1.259961111111111,36.836666666666666
40,IMG_7196.JPG,2023:02:05 10:36:06,-1.2869555555555554,36.800605555555556
41,IMG_7828.JPG,2023:02:09 12:39:03,-1.3121055555555556,36.87036111111111
42,IMG_7182.JPG,2023:02:05 10:35:23,-1.288333333333333,36.79842222222222
43,IMG_7169.JPG,2023:02:05 10:35:03,-1.2897055555555554,36.79776388888889
44,IMG_6277.JPG,2023:02:01 14:16:59,-1.2632555555555556,36.83839444444445
45,IMG_6511.JPG,2023:02:03 13:45:17,-1.304936111111111,36.7878
46,IMG_6505.JPG,2023:02:03 13:45:05,-1.3055361111111112,36.787619444444445
47,IMG_8528.JPG,2023:02:11 12:08:38,-1.2693055555555555,36.99356111111111
48,IMG_6263.JPG,2023:02:01 14:15:53,-1.2710055555555555,36.829261111111116
49,IMG_7155.JPG,2023:02:05 10:34:22,-1.2896555555555553,36.79624166666667
50,IMG_8266.JPG,2023:02:11 11:03:06,-1.2802361111111111,36.964775
51,IMG_7633.JPG,2023:02:09 09:39:48,-1.3119583333333333,36.85140555555556
52,IMG_8500.JPG,2023:02:11 12:00:21,-1.2772416666666666,37.02365555555556
53,IMG_6539.JPG,2023:02:03 13:49:00,-1.2980944444444442,36.788075
54,IMG_7627.JPG,2023:02:09 09:36:59,-1.3003472222222223,36.83722777777778
55,IMG_8514.JPG,2023:02:11 12:04:01,-1.2752833333333333,37.003875
56,IMG_7141.JPG,2023:02:05 10:31:35,-1.2960027777777776,36.79541111111111
57,IMG_8272.JPG,2023:02:11 11:03:32,-1.2789638888888888,36.96742777777778
58,IMG_8515.JPG,2023:02:11 12:04:58,-1.2740361111111111,37.00127777777778
59,IMG_7626.JPG,2023:02:09 09:36:52,-1.299811111111111,36.83710833333333
60,IMG_6538.JPG,2023:02:03 13:48:57,-1.2982777777777776,36.788066666666666
61,IMG_8273.JPG,2023:02:11 11:03:34,-1.278761111111111,36.967761111111116
62,IMG_7140.JPG,2023:02:05 10:31:32,-1.296086111111111,36.79543333333333
63,IMG_8267.JPG,2023:02:11 11:03:13,-1.2799222222222222,36.96553611111111
64,IMG_7154.JPG,2023:02:05 10:34:20,-1.2897888888888889,36.796188888888885
65,IMG_8501.JPG,2023:02:11 12:00:55,-1.2769388888888888,37.02003055555556
66,IMG_7632.JPG,2023:02:09 09:39:48,-1.3119166666666666,36.85130277777778
67,IMG_8529.JPG,2023:02:11 12:08:44,-1.2691722222222221,36.99336944444445
68,IMG_6504.JPG,2023:02:03 13:45:02,-1.305725,36.78754444444444
69,IMG_6262.JPG,2023:02:01 14:15:51,-1.2712222222222223,36.828919444444445
70,IMG_6276.JPG,2023:02:01 14:16:56,-1.2635722222222223,36.837872222222224
71,IMG_7168.JPG,2023:02:05 10:35:00,-1.289672222222222,36.79765277777778
72,IMG_6510.JPG,2023:02:03 13:45:15,-1.3050388888888889,36.78776388888889
73,IMG_7183.JPG,2023:02:05 10:35:29,-1.2876138888888888,36.79861388888889
74,IMG_7197.JPG,2023:02:05 10:37:14,-1.28755,36.80258055555555
75,IMG_6289.JPG,2023:02:01 14:18:30,-1.2597138888888888,36.836288888888895
76,IMG_7829.JPG,2023:02:09 12:39:08,-1.3121222222222222,36.87036111111111
77,IMG_7801.JPG,2023:02:09 12:30:21,-1.31275,36.87213611111111
78,IMG_0808.JPG,2023:02:20 11:05:24,-1.3727222222222222,36.76889722222222
79,IMG_8298.JPG,2023:02:11 11:06:38,-1.2662166666666668,36.98101388888889
80,IMG_7815.JPG,2023:02:09 12:35:55,-1.3127305555555555,36.870697222222226
81,IMG_7342.JPG,2023:02:05 11:59:05,-1.289597222222222,36.79810555555555
82,IMG_8071.JPG,2023:02:11 10:35:17,-1.2948694444444444,36.813538888888885
83,IMG_8717.JPG,2023:02:12 08:24:08,-1.2192833333333335,36.662952777777775
84,IMG_8703.JPG,2023:02:12 08:21:31,-1.239988888888889,36.665725
85,IMG_7356.JPG,2023:02:05 11:59:56,-1.2939305555555554,36.79987222222222
86,IMG_8065.JPG,2023:02:11 10:34:07,-1.295436111111111,36.80943611111111
87,IMG_8059.JPG,2023:02:11 10:33:16,-1.2970805555555553,36.80679444444444
88,IMG_7381.JPG,2023:02:05 12:01:51,-1.2977638888888887,36.80304444444444
89,IMG_7395.JPG,2023:02:05 12:02:28,-1.2983333333333331,36.801111111111105
90,IMG_7236.JPG,2023:02:05 10:39:29,-1.2787694444444444,36.803824999999996
91,IMG_8105.JPG,2023:02:11 10:41:30,-1.3179277777777778,36.835794444444446
92,IMG_8663.JPG,2023:02:12 08:10:37,-1.3086527777777779,36.72634722222222
93,IMG_8677.JPG,2023:02:12 08:15:51,-1.288186111111111,36.68273611111111
94,IMG_7222.JPG,2023:02:05 10:38:28,-1.2795138888888888,36.806955555555554
95,IMG_8111.JPG,2023:02:11 10:42:14,-1.3215472222222222,36.84203611111111
96,IMG_8139.JPG,2023:02:11 10:46:43,-1.3296083333333333,36.87215555555556
97,IMG_6869.JPG,2023:02:04 11:51:31,-1.3343972222222222,36.77933055555555
98,IMG_8688.JPG,2023:02:12 08:18:28,-1.2714694444444443,36.662752777777776
99,IMG_8461.JPG,2023:02:11 11:44:52,-1.2822055555555556,37.06131388888888
100,IMG_8307.JPG,2023:02:11 11:18:16,-1.264113888888889,36.982594444444445
101,IMG_7034.JPG,2023:02:04 15:17:32,-1.3159361111111112,36.788783333333335
102,IMG_8313.JPG,2023:02:11 11:18:52,-1.2645277777777777,36.98430555555556
103,IMG_7020.JPG,2023:02:04 15:12:43,-1.3374194444444443,36.77393611111111
104,IMG_6458.JPG,2023:02:03 13:17:57,-1.3090416666666667,36.782694444444445
105,IMG_8475.JPG,2023:02:11 11:55:17,-1.2796999999999998,37.04845833333333
106,IMG_7746.JPG,2023:02:09 09:49:55,-1.3149111111111111,36.872080555555556
107,IMG_6470.JPG,2023:02:03 13:43:54,-1.3066111111111112,36.78337222222222
108,IMG_7008.JPG,2023:02:04 15:11:06,-1.3422749999999999,36.76730555555555
109,IMG_0767.JPG,2023:02:20 11:00:31,-1.343511111111111,36.766533333333335
110,IMG_6316.JPG,2023:02:01 14:26:50,-1.2336583333333333,36.80325277777777
111,IMG_0773.JPG,2023:02:20 11:01:11,-1.347247222222222,36.76517222222222
112,IMG_6302.JPG,2023:02:01 14:21:04,-1.2522055555555556,36.82864722222222
113,IMG_6464.JPG,2023:02:03 13:43:43,-1.3069388888888889,36.78382222222222
114,IMG_8449.JPG,2023:02:11 11:42:33,-1.2797611111111111,37.04963611111111
115,IMG_7791.JPG,2023:02:09 12:23:36,-1.3132666666666668,36.87263611111111
116,IMG_0798.JPG,2023:02:20 11:04:20,-1.365313888888889,36.76649722222222
117,IMG_8488.JPG,2023:02:11 11:57:46,-1.2784555555555555,37.036544444444445
118,IMG_7793.JPG,2023:02:09 12:23:38,-1.3132555555555556,36.8726
119,IMG_6499.JPG,2023:02:03 13:44:48,-1.3062027777777778,36.787052777777774
120,IMG_6314.JPG,2023:02:01 14:25:10,-1.2404611111111112,36.81297222222222
121,IMG_0765.JPG,2023:02:20 11:00:20,-1.3425333333333334,36.76698611111111
122,IMG_8339.JPG,2023:02:11 11:22:41,-1.2676888888888889,36.99104444444445
123,IMG_6472.JPG,2023:02:03 13:43:57,-1.3064,36.78366388888889
124,IMG_6466.JPG,2023:02:03 13:43:47,-1.3068222222222223,36.78303888888889
125,IMG_6300.JPG,2023:02:01 14:19:49,-1.2555305555555556,36.83241944444445
126,IMG_0771.JPG,2023:02:20 11:00:53,-1.3460527777777778,36.76558888888889
127,IMG_6328.JPG,2023:02:01 17:08:37,-1.2329305555555556,36.80314722222222
128,IMG_0759.JPG,2023:02:20 10:59:49,-1.3420555555555556,36.762997222222225
129,IMG_8305.JPG,2023:02:11 11:16:41,-1.264775,36.982108333333336
130,IMG_7036.JPG,2023:02:04 15:17:37,-1.3155444444444444,36.789094444444444
131,IMG_8463.JPG,2023:02:11 11:45:11,-1.2825305555555555,37.062977777777775
132,IMG_8477.JPG,2023:02:11 11:56:00,-1.2794027777777777,37.045833333333334
133,IMG_7744.JPG,2023:02:09 09:49:49,-1.314661111111111,36.87193611111111
134,IMG_8311.JPG,2023:02:11 11:18:42,-1.2643694444444444,36.98368611111111
135,IMG_7022.JPG,2023:02:04 15:12:51,-1.3368222222222221,36.775055555555554
136,IMG_7208.JPG,2023:02:05 10:37:37,-1.285147222222222,36.805213888888886
137,IMG_8649.JPG,2023:02:12 08:08:18,-1.305913888888889,36.74205277777778
138,IMG_8661.JPG,2023:02:12 08:10:20,-1.3103694444444445,36.72813055555556
139,IMG_7234.JPG,2023:02:05 10:39:23,-1.2787694444444444,36.80396944444444
140,IMG_8107.JPG,2023:02:11 10:41:44,-1.3190222222222223,36.83763611111112
141,IMG_7220.JPG,2023:02:05 10:38:23,-1.2800194444444444,36.80713333333333
142,IMG_8113.JPG,2023:02:11 10:42:30,-1.3226222222222221,36.84410277777778
143,IMG_6880.JPG,2023:02:04 12:23:13,-1.3644,36.746205555555555
144,IMG_8675.JPG,2023:02:12 08:15:27,-1.2915027777777777,36.68499444444444
145,IMG_8098.JPG,2023:02:11 10:40:31,-1.312561111111111,36.83015833333334
146,IMG_7383.JPG,2023:02:05 12:01:56,-1.2980833333333333,36.803177777777776
147,IMG_7397.JPG,2023:02:05 12:02:33,-1.2984499999999999,36.80040555555555
148,IMG_8729.JPG,2023:02:12 09:22:57,-1.0141583333333333,36.60085277777778
149,IMG_7368.JPG,2023:02:05 12:00:40,-1.2951388888888888,36.80258611111111
150,IMG_8715.JPG,2023:02:12 08:23:30,-1.2254083333333334,36.66381944444444
151,IMG_7340.JPG,2023:02:05 11:58:55,-1.2892944444444443,36.79821111111111
152,IMG_8073.JPG,2023:02:11 10:35:33,-1.294336111111111,36.814433333333334
153,IMG_7354.JPG,2023:02:05 11:59:34,-1.2918888888888889,36.799163888888884
154,IMG_8067.JPG,2023:02:11 10:34:26,-1.2945555555555555,36.811049999999994
155,IMG_8701.JPG,2023:02:12 08:21:23,-1.2413277777777778,36.66553611111111
156,IMG_7803.JPG,2023:02:09 12:30:33,-1.312738888888889,36.87212777777778
157,IMG_7817.JPG,2023:02:09 12:38:15,-1.3121833333333335,36.87025555555556
158,IMG_7181.JPG,2023:02:05 10:35:22,-1.288333333333333,36.79842222222222
159,IMG_7195.JPG,2023:02:05 10:36:05,-1.2869138888888887,36.800441666666664
160,IMG_6260.JPG,2023:02:01 14:15:47,-1.2716444444444444,36.828227777777784
161,IMG_6506.JPG,2023:02:03 13:45:05,-1.3054666666666668,36.787638888888885
162,IMG_7618.JPG,2023:02:09 09:26:11,-1.2911833333333331,36.81981666666667
163,IMG_6512.JPG,2023:02:03 13:45:21,-1.3047777777777778,36.78789722222222
164,IMG_8259.JPG,2023:02:11 11:02:36,-1.2822194444444444,36.96094166666667
165,IMG_6274.JPG,2023:02:01 14:16:45,-1.2644194444444445,36.83669444444445
166,IMG_8271.JPG,2023:02:11 11:03:28,-1.2791527777777778,36.967105555555555
167,IMG_7142.JPG,2023:02:05 10:31:38,-1.295811111111111,36.795361111111106
168,IMG_8517.JPG,2023:02:11 12:05:19,-1.2733805555555555,37.000236111111114
169,IMG_7624.JPG,2023:02:09 09:36:46,-1.299786111111111,36.83690555555556
170,IMG_8503.JPG,2023:02:11 12:01:36,-1.276536111111111,37.01580833333333
171,IMG_7630.JPG,2023:02:09 09:39:42,-1.3120805555555557,36.850947222222224
172,IMG_8265.JPG,2023:02:11 11:03:03,-1.280461111111111,36.964288888888895
173,IMG_7156.JPG,2023:02:05 10:34:29,-1.2894277777777776,36.79624166666667
174,IMG_0639.JPG,2023:02:20 10:40:55,-1.2992638888888888,36.774338888888884
175,IMG_6248.JPG,2023:02:01 14:15:19,-1.2750055555555555,36.82363055555556
176,IMG_7631.JPG,2023:02:09 09:39:44,-1.3117138888888888,36.85075
177,IMG_8502.JPG,2023:02:11 12:01:25,-1.2766388888888889,37.01695
178,IMG_6249.JPG,2023:02:01 14:15:20,-1.2749055555555555,36.823772222222225
179,IMG_0638.JPG,2023:02:20 10:40:52,-1.2991722222222222,36.774391666666666
180,IMG_7157.JPG,2023:02:05 10:34:31,-1.2893999999999999,36.79625
181,IMG_8264.JPG,2023:02:11 11:03:00,-1.2806472222222223,36.963905555555556
182,IMG_7143.JPG,2023:02:05 10:31:40,-1.2957638888888887,36.79535555555555
183,IMG_8270.JPG,2023:02:11 11:03:24,-1.279388888888889,36.96666388888889
184,IMG_7625.JPG,2023:02:09 09:36:47,-1.2996888888888887,36.836936111111115
185,IMG_8516.JPG,2023:02:11 12:05:04,-1.273863888888889,37.00098333333333
186,IMG_6513.JPG,2023:02:03 13:45:23,-1.3047555555555557,36.78793611111111
187,IMG_6275.JPG,2023:02:01 14:16:51,-1.2638666666666667,36.837447222222224
188,IMG_8258.JPG,2023:02:11 11:02:34,-1.2824333333333333,36.96058888888889
189,IMG_6261.JPG,2023:02:01 14:15:49,-1.271536111111111,36.8284
190,IMG_7619.JPG,2023:02:09 09:34:09,-1.2977277777777776,36.82960833333334
191,IMG_6507.JPG,2023:02:03 13:45:07,-1.3053333333333335,36.78768611111111
192,IMG_7194.JPG,2023:02:05 10:36:02,-1.2868638888888888,36.800244444444445
193,IMG_7180.JPG,2023:02:05 10:35:21,-1.288436111111111,36.79839722222222
194,IMG_7816.JPG,2023:02:09 12:38:08,-1.312186111111111,36.87022777777778
195,IMG_7802.JPG,2023:02:09 12:30:23,-1.3127472222222223,36.87213055555556
196,IMG_8066.JPG,2023:02:11 10:34:17,-1.2950277777777777,36.810294444444445
197,IMG_7355.JPG,2023:02:05 11:59:36,-1.2921944444444444,36.79931666666666
198,IMG_8700.JPG,2023:02:12 08:21:18,-1.2424222222222223,36.66532222222222
199,IMG_8714.JPG,2023:02:12 08:23:22,-1.2265444444444447,36.663980555555554
200,IMG_8072.JPG,2023:02:11 10:35:24,-1.2947277777777777,36.81386388888889
201,IMG_7341.JPG,2023:02:05 11:59:03,-1.289561111111111,36.79811111111111
202,IMG_7369.JPG,2023:02:05 12:00:42,-1.2952388888888888,36.802611111111105
203,IMG_8728.JPG,2023:02:12 09:22:57,-1.0142083333333334,36.60087777777778
204,IMG_7396.JPG,2023:02:05 12:02:30,-1.2983694444444442,36.800863888888884
205,IMG_7382.JPG,2023:02:05 12:01:54,-1.2979833333333333,36.803177777777776
206,IMG_8099.JPG,2023:02:11 10:40:53,-1.3151555555555556,36.83177222222223
207,IMG_8112.JPG,2023:02:11 10:42:20,-1.3219944444444445,36.84287777777778
208,IMG_7221.JPG,2023:02:05 10:38:25,-1.2797583333333333,36.807063888888884
209,IMG_8674.JPG,2023:02:12 08:15:08,-1.2940277777777776,36.68714722222222
210,IMG_8660.JPG,2023:02:12 08:10:03,-1.3099694444444445,36.72677222222222
211,IMG_8106.JPG,2023:02:11 10:41:34,-1.3182055555555556,36.83624722222223
212,IMG_7235.JPG,2023:02:05 10:39:26,-1.2787722222222222,36.80389722222222
213,IMG_8648.JPG,2023:02:12 08:08:08,-1.3055694444444446,36.74336944444445
214,IMG_7209.JPG,2023:02:05 10:37:39,-1.2850555555555554,36.80528888888889
215,IMG_7745.JPG,2023:02:09 09:49:52,-1.3147777777777778,36.87201944444445
216,IMG_8476.JPG,2023:02:11 11:55:33,-1.2795944444444445,37.04749722222222
217,IMG_7023.JPG,2023:02:04 15:15:00,-1.3294638888888888,36.78012222222222
218,IMG_8310.JPG,2023:02:11 11:18:40,-1.264325,36.983561111111115
219,IMG_7037.JPG,2023:02:04 15:17:40,-1.3153472222222222,36.78927222222222
220,IMG_8304.JPG,2023:02:11 11:16:05,-1.2649694444444444,36.98187222222222
221,IMG_0758.JPG,2023:02:20 10:59:41,-1.3419166666666666,36.761744444444446
222,IMG_6329.JPG,2023:02:01 17:08:48,-1.2333527777777777,36.80323055555555
223,IMG_8462.JPG,2023:02:11 11:45:00,-1.2824027777777778,37.062172222222216
224,IMG_6467.JPG,2023:02:03 13:43:48,-1.3067944444444446,36.78308055555556
225,IMG_0770.JPG,2023:02:20 11:00:47,-1.345636111111111,36.76572777777778
226,IMG_6301.JPG,2023:02:01 14:21:04,-1.2523944444444444,36.82873611111111
227,IMG_8338.JPG,2023:02:11 11:22:32,-1.2674527777777778,36.99066111111111
228,IMG_0764.JPG,2023:02:20 11:00:18,-1.3423749999999999,36.76694444444444
229,IMG_6315.JPG,2023:02:01 14:26:46,-1.2343055555555555,36.803475
230,IMG_6473.JPG,2023:02:03 13:43:59,-1.306361111111111,36.783763888888885
231,IMG_6498.JPG,2023:02:03 13:44:47,-1.3062305555555556,36.786963888888884
232,IMG_7792.JPG,2023:02:09 12:23:37,-1.3132666666666668,36.87263611111111
233,IMG_8489.JPG,2023:02:11 11:57:51,-1.2784027777777778,37.035980555555554
234,IMG_6488.JPG,2023:02:03 13:44:27,-1.305863888888889,36.785675
235,IMG_7796.JPG,2023:02:09 12:24:22,-1.3132805555555556,36.87255277777778
236,IMG_8499.JPG,2023:02:11 12:00:06,-1.277425,37.025241666666666
237,IMG_8466.JPG,2023:02:11 11:45:42,-1.282722222222222,37.06497222222222
238,IMG_8300.JPG,2023:02:11 11:07:51,-1.2657027777777778,36.98136388888889
239,IMG_7033.JPG,2023:02:04 15:17:27,-1.316838888888889,36.788802777777775
240,IMG_6339.JPG,2023:02:01 17:15:48,-1.225552777777778,36.79038055555555
241,IMG_8314.JPG,2023:02:11 11:19:06,-1.2646277777777777,36.984611111111114
242,IMG_7027.JPG,2023:02:04 15:15:21,-1.3267361111111111,36.78028888888889
243,IMG_0748.JPG,2023:02:20 10:58:26,-1.3410444444444443,36.754925
244,IMG_8472.JPG,2023:02:11 11:54:49,-1.279972222222222,37.05097222222222
245,IMG_7741.JPG,2023:02:09 09:49:42,-1.314488888888889,36.871608333333334
246,IMG_6477.JPG,2023:02:03 13:44:04,-1.306075,36.78434722222222
247,IMG_6311.JPG,2023:02:01 14:25:02,,
248,IMG_0760.JPG,2023:02:20 10:59:50,-1.3420999999999998,36.763375
249,IMG_6305.JPG,2023:02:01 14:22:57,-1.2498361111111111,36.82121388888889
250,IMG_8328.JPG,2023:02:11 11:21:05,-1.2659277777777778,36.98807777777778
251,IMG_0774.JPG,2023:02:20 11:01:16,-1.3478638888888888,36.76494722222222
252,IMG_6463.JPG,2023:02:03 13:43:42,-1.3074055555555557,36.78304444444444
253,IMG_7231.JPG,2023:02:05 10:39:10,-1.2783555555555555,36.80484722222222
254,IMG_8102.JPG,2023:02:11 10:41:13,-1.316813888888889,36.83394166666667
255,IMG_8664.JPG,2023:02:12 08:10:45,-1.3079222222222222,36.7252
256,IMG_8670.JPG,2023:02:12 08:13:30,-1.2998027777777776,36.70173888888889
257,IMG_7225.JPG,2023:02:05 10:38:35,-1.2787777777777778,36.806441666666665
258,IMG_8116.JPG,2023:02:11 10:43:04,-1.3251638888888888,36.848086111111115
259,IMG_8658.JPG,2023:02:12 08:09:52,-1.308836111111111,36.727811111111116
260,IMG_7219.JPG,2023:02:05 10:38:21,-1.2802805555555554,36.80716388888889
261,IMG_7386.JPG,2023:02:05 12:02:03,-1.2982527777777777,36.80309444444444
262,river.JPG,2023:02:03 12:05:53,-1.3186027777777778,36.793952777777776
263,IMG_7392.JPG,2023:02:05 12:02:15,-1.2981222222222222,36.80245277777777
264,IMG_8089.JPG,2023:02:11 10:39:04,-1.3039944444444445,36.82613888888889
265,IMG_7345.JPG,2023:02:05 11:59:10,-1.289786111111111,36.79810555555555
266,IMG_8076.JPG,2023:02:11 10:36:10,-1.2934527777777776,36.81672777777778
267,IMG_8710.JPG,2023:02:12 08:22:47,-1.2301972222222224,36.66744722222222
268,IMG_8704.JPG,2023:02:12 08:21:41,-1.2381583333333335,36.66619166666666
269,IMG_7351.JPG,2023:02:05 11:59:24,-1.2908972222222221,36.79866388888889
270,IMG_8062.JPG,2023:02:11 10:33:43,-1.2965888888888888,36.80793333333333
271,IMG_7379.JPG,2023:02:05 12:01:46,-1.297522222222222,36.802841666666666
272,IMG_8738.JPG,2023:02:12 10:12:23,-1.106938888888889,36.23973055555555
273,IMG_7184.JPG,2023:02:05 10:35:31,-1.2873888888888887,36.79866944444444
274,IMG_7190.JPG,2023:02:05 10:35:53,-1.2866972222222222,36.79933611111111
275,IMG_7806.JPG,2023:02:09 12:30:46,-1.3127833333333334,36.87211666666667
276,IMG_7812.JPG,2023:02:09 12:32:47,-1.3127472222222223,36.87166666666667
277,IMG_8512.JPG,2023:02:11 12:03:41,-1.2755388888888888,37.00505555555556
278,IMG_7621.JPG,2023:02:09 09:34:16,-1.297261111111111,36.83006666666667
279,IMG_0628.JPG,2023:02:20 10:39:39,-1.2989416666666664,36.778822222222225
280,IMG_8274.JPG,2023:02:11 11:03:37,-1.2785722222222222,36.968075
281,IMG_7147.JPG,2023:02:05 10:31:52,-1.294961111111111,36.795319444444445
282,IMG_6259.JPG,2023:02:01 14:15:46,-1.271861111111111,36.82788888888889
283,IMG_8260.JPG,2023:02:11 11:02:42,-1.2818583333333333,36.96154722222222
284,IMG_7153.JPG,2023:02:05 10:34:18,-1.2899166666666666,36.79614722222222
285,IMG_8506.JPG,2023:02:11 12:02:17,-1.2761194444444444,37.01128333333333
286,IMG_7635.JPG,2023:02:09 09:39:54,-1.3121972222222222,36.85215
287,IMG_6503.JPG,2023:02:03 13:44:59,-1.3058444444444446,36.787475
288,IMG_8248.JPG,2023:02:11 11:02:01,-1.2846638888888888,36.95699444444445
289,IMG_6265.JPG,2023:02:01 14:15:58,-1.2705638888888888,36.829972222222224
290,IMG_6271.JPG,2023:02:01 14:16:15,-1.2684638888888888,36.83298055555556
291,IMG_6517.JPG,2023:02:03 13:45:40,-1.3043472222222223,36.78820555555556
292,IMG_7609.JPG,2023:02:09 09:11:35,-1.286947222222222,36.81626111111111
293,IMG_6270.JPG,2023:02:01 14:16:12,-1.2687777777777778,36.83268055555556
294,IMG_7608.JPG,2023:02:09 09:11:33,-1.2870527777777776,36.81603611111111
295,IMG_6516.JPG,2023:02:03 13:45:37,-1.3044944444444444,36.788219444444444
296,IMG_6502.JPG,2023:02:03 13:44:58,-1.3059555555555555,36.78738055555555
297,IMG_6264.JPG,2023:02:01 14:15:55,-1.2708888888888887,36.82944166666667
298,IMG_8249.JPG,2023:02:11 11:02:04,-1.2844972222222222,36.95726944444445
299,IMG_7152.JPG,2023:02:05 10:34:17,-1.290036111111111,36.796105555555556
300,IMG_8261.JPG,2023:02:11 11:02:46,-1.281575,36.962047222222225
301,IMG_7634.JPG,2023:02:09 09:39:50,-1.3120305555555556,36.85166111111111
302,IMG_8507.JPG,2023:02:11 12:02:32,-1.2759472222222221,37.009455555555554
303,IMG_7620.JPG,2023:02:09 09:34:10,-1.2976333333333332,36.829686111111116
304,IMG_8513.JPG,2023:02:11 12:03:52,-1.2754222222222222,37.00441388888889
305,IMG_6258.JPG,2023:02:01 14:15:44,-1.2720916666666666,36.827561111111116
306,IMG_7146.JPG,2023:02:05 10:31:50,-1.295086111111111,36.79533333333333
307,IMG_8275.JPG,2023:02:11 11:03:42,-1.2782416666666665,36.968497222222226
308,IMG_0629.JPG,2023:02:20 10:39:50,-1.2989527777777776,36.778124999999996
309,IMG_7813.JPG,2023:02:09 12:35:17,-1.31265,36.870936111111114
310,IMG_7807.JPG,2023:02:09 12:32:21,-1.3128083333333334,36.87176388888889
311,IMG_7191.JPG,2023:02:05 10:35:56,-1.2867722222222222,36.79961111111111
312,IMG_7185.JPG,2023:02:05 10:35:35,-1.2871194444444443,36.79873333333333
313,IMG_8739.JPG,2023:02:12 10:12:34,-1.107036111111111,36.238391666666665
314,IMG_7378.JPG,2023:02:05 12:01:44,-1.2974138888888889,36.802794444444444
315,IMG_8705.JPG,2023:02:12 08:21:55,-1.2356444444444445,36.66750555555555
316,IMG_8063.JPG,2023:02:11 10:33:54,-1.2962972222222222,36.80835555555555
317,IMG_7350.JPG,2023:02:05 11:59:22,-1.2907027777777778,36.79855
318,IMG_8077.JPG,2023:02:11 10:36:24,-1.2932249999999998,36.81790555555556
319,IMG_7344.JPG,2023:02:05 11:59:08,-1.2897194444444444,36.798091666666664
320,IMG_8711.JPG,2023:02:12 08:22:56,-1.2294250000000002,36.666711111111105
321,IMG_8088.JPG,2023:02:11 10:38:35,-1.3008694444444444,36.82468055555556
322,IMG_7393.JPG,2023:02:05 12:02:19,-1.2981694444444443,36.802055555555555
323,IMG_7387.JPG,2023:02:05 12:02:06,-1.2983138888888888,36.80305277777777
324,IMG_7218.JPG,2023:02:05 10:38:18,-1.2807194444444443,36.807180555555554
325,IMG_8659.JPG,2023:02:12 08:09:58,-1.3094972222222223,36.72711944444445
326,IMG_8671.JPG,2023:02:12 08:13:36,-1.2991944444444443,36.70093055555556
327,IMG_8117.JPG,2023:02:11 10:43:12,-1.3255972222222223,36.84895277777778
328,IMG_7224.JPG,2023:02:05 10:38:32,-1.2789833333333334,36.80659166666666
329,IMG_8103.JPG,2023:02:11 10:41:17,-1.3170861111111112,36.83441388888889
330,IMG_7230.JPG,2023:02:05 10:39:07,-1.2782777777777776,36.80495
331,IMG_8665.JPG,2023:02:12 08:11:04,-1.306561111111111,36.722183333333334
332,IMG_0775.JPG,2023:02:20 11:01:24,-1.3486138888888888,36.764722222222225
333,IMG_8329.JPG,2023:02:11 11:21:15,-1.2660833333333332,36.988369444444444
334,IMG_6304.JPG,2023:02:01 14:22:02,-1.2518916666666666,36.82528333333334
335,IMG_6462.JPG,2023:02:03 13:43:41,-1.3083916666666666,36.782025
336,IMG_6476.JPG,2023:02:03 13:44:02,-1.3061722222222223,36.78414166666666
337,IMG_0761.JPG,2023:02:20 10:59:57,-1.3422222222222222,36.76454444444445
338,IMG_6310.JPG,2023:02:01 14:23:33,-1.2485472222222223,36.81687222222222
339,IMG_0749.JPG,2023:02:20 10:58:31,-1.3411305555555555,36.75548888888889
340,IMG_7026.JPG,2023:02:04 15:15:19,-1.3269527777777779,36.780208333333334
341,IMG_8315.JPG,2023:02:11 11:19:08,-1.264636111111111,36.98465
342,IMG_6338.JPG,2023:02:01 17:15:46,-1.225538888888889,36.79045277777777
343,IMG_7740.JPG,2023:02:09 09:49:41,-1.3144722222222223,36.871566666666666
344,IMG_8473.JPG,2023:02:11 11:55:00,-1.2798416666666665,37.04991666666667
345,IMG_8467.JPG,2023:02:11 11:53:44,-1.2810861111111111,37.05710555555555
346,IMG_7032.JPG,2023:02:04 15:16:30,-1.3215194444444445,36.78421111111111
347,IMG_8301.JPG,2023:02:11 11:15:04,-1.2653388888888888,36.98166666666667
348,IMG_8498.JPG,2023:02:11 12:00:04,-1.2774305555555554,37.0255
349,IMG_7797.JPG,2023:02:09 12:24:44,-1.3131777777777778,36.872413888888886
350,IMG_6489.JPG,2023:02:03 13:44:34,-1.3059611111111111,36.78592222222222
351,IMG_0788.JPG,2023:02:20 11:02:53,-1.3566416666666667,36.76223888888889
352,IMG_7795.JPG,2023:02:09 12:24:22,-1.313288888888889,36.87255555555556
353,IMG_7742.JPG,2023:02:09 09:49:44,-1.3145194444444446,36.8717
354,IMG_8471.JPG,2023:02:11 11:54:40,-1.2800555555555555,37.05181944444444
355,IMG_7024.JPG,2023:02:04 15:15:02,-1.3293305555555555,36.78007777777778
356,IMG_8317.JPG,2023:02:11 11:19:19,-1.2647583333333334,36.98506944444445
357,IMG_7030.JPG,2023:02:04 15:16:23,-1.3221083333333332,36.783763888888885
358,IMG_8303.JPG,2023:02:11 11:15:58,-1.2649972222222223,36.98180833333333
359,IMG_8465.JPG,2023:02:11 11:45:34,-1.2827,37.06463888888889
360,IMG_6460.JPG,2023:02:03 13:43:40,-1.308452777777778,36.78158888888889
361,IMG_6306.JPG,2023:02:01 14:22:58,-1.2497027777777778,36.821125
362,IMG_7018.JPG,2023:02:04 15:12:13,-1.3387666666666667,36.77252222222222
363,IMG_0777.JPG,2023:02:20 11:01:36,-1.3497999999999999,36.76405555555556
364,IMG_6312.JPG,2023:02:01 14:25:04,-1.241011111111111,36.81336666666667
365,IMG_0763.JPG,2023:02:20 11:00:12,-1.3423916666666666,36.766575
366,IMG_8459.JPG,2023:02:11 11:44:21,-1.2813999999999999,37.05839444444444
367,IMG_6474.JPG,2023:02:03 13:44:00,-1.306263888888889,36.78395
368,IMG_6879.JPG,2023:02:04 12:23:11,-1.364325,36.746405555555555
369,IMG_8698.JPG,2023:02:12 08:20:45,-1.247952777777778,36.664627777777774
370,IMG_8115.JPG,2023:02:11 10:42:54,-1.3244194444444444,36.84681388888889
371,IMG_7226.JPG,2023:02:05 10:38:53,-1.2777888888888889,36.806
372,IMG_8673.JPG,2023:02:12 08:14:54,-1.2953916666666665,36.68908055555555
373,IMG_8667.JPG,2023:02:12 08:12:09,-1.304688888888889,36.71347777777778
374,IMG_8101.JPG,2023:02:11 10:41:11,-1.3166805555555556,36.83368333333333
375,IMG_7232.JPG,2023:02:05 10:39:12,-1.2784694444444444,36.80469444444444
376,IMG_8129.JPG,2023:02:11 10:45:18,-1.330761111111111,36.863455555555554
377,IMG_7568.JPG,2023:02:08 13:09:09,-1.2676749999999999,36.82191111111111
378,IMG_7391.JPG,2023:02:05 12:02:13,-1.2982055555555554,36.80265555555555
379,IMG_7385.JPG,2023:02:05 12:02:02,-1.2982138888888888,36.80311111111111
380,IMG_8061.JPG,2023:02:11 10:33:29,-1.2966833333333332,36.80777222222222
381,IMG_7352.JPG,2023:02:05 11:59:28,-1.2913138888888889,36.79887222222222
382,IMG_8707.JPG,2023:02:12 08:22:24,-1.2322611111111113,36.66841111111111
383,IMG_8713.JPG,2023:02:12 08:23:09,-1.228388888888889,36.665058333333334
384,IMG_8075.JPG,2023:02:11 10:35:54,-1.293597222222222,36.815977777777775
385,IMG_7346.JPG,2023:02:05 11:59:11,-1.2898944444444442,36.79816944444444
386,IMG_7408.JPG,2023:02:05 12:02:59,-1.298936111111111,36.797977777777774
387,IMG_8049.JPG,2023:02:11 10:31:30,-1.2982388888888887,36.800686111111105
388,IMG_7193.JPG,2023:02:05 10:36:00,-1.2868444444444442,36.79991944444444
389,IMG_6299.JPG,2023:02:01 14:19:48,-1.2555305555555556,36.83241944444445
390,IMG_7187.JPG,2023:02:05 10:35:44,-1.2866527777777776,36.798827777777774
391,IMG_7839.JPG,2023:02:09 12:41:49,-1.3127027777777778,36.87007777777778
392,IMG_7811.JPG,2023:02:09 12:32:46,-1.3127527777777779,36.87166111111111
393,IMG_8288.JPG,2023:02:11 11:05:10,-1.2721888888888888,36.97529166666667
394,IMG_7805.JPG,2023:02:09 12:30:45,-1.312775,36.87210833333334
395,IMG_6528.JPG,2023:02:03 13:46:18,-1.3013555555555556,36.788241666666664
396,IMG_7636.JPG,2023:02:09 09:40:05,-1.3125916666666666,36.85341944444445
397,IMG_8505.JPG,2023:02:11 12:02:01,-1.2762888888888888,37.013061111111114
398,IMG_7150.JPG,2023:02:05 10:34:13,-1.2901944444444444,36.796052777777774
399,IMG_8263.JPG,2023:02:11 11:02:56,-1.2809083333333333,36.96335277777778
400,IMG_7144.JPG,2023:02:05 10:31:43,-1.2955083333333333,36.7953
401,IMG_8277.JPG,2023:02:11 11:03:56,-1.2770194444444445,36.96982222222223
402,IMG_7622.JPG,2023:02:09 09:35:54,-1.2985,36.836666666666666
403,IMG_8511.JPG,2023:02:11 12:03:29,-1.2755944444444445,37.00561944444444
404,IMG_6514.JPG,2023:02:03 13:45:32,-1.3046638888888888,36.788199999999996
405,IMG_8539.JPG,2023:02:11 12:10:14,-1.2670249999999998,36.98982222222222
406,IMG_6272.JPG,2023:02:01 14:16:17,-1.2681194444444444,36.83324722222223
407,IMG_7178.JPG,2023:02:05 10:35:18,-1.2887333333333333,36.798313888888885
408,IMG_6266.JPG,2023:02:01 14:16:00,-1.270338888888889,36.83032777777778
409,IMG_6500.JPG,2023:02:03 13:44:55,-1.306038888888889,36.78728611111111
410,IMG_6267.JPG,2023:02:01 14:16:04,-1.269886111111111,36.83105555555556
411,IMG_7179.JPG,2023:02:05 10:35:20,-1.2885361111111109,36.798366666666666
412,IMG_6501.JPG,2023:02:03 13:44:56,-1.306,36.78733611111111
413,IMG_8538.JPG,2023:02:11 12:10:02,-1.2673138888888889,36.9903
414,IMG_6515.JPG,2023:02:03 13:45:36,-1.304538888888889,36.78822777777778
415,IMG_6273.JPG,2023:02:01 14:16:43,-1.2647444444444444,36.836263888888894
416,IMG_8276.JPG,2023:02:11 11:03:46,-1.277872222222222,36.96896111111111
417,IMG_7145.JPG,2023:02:05 10:31:49,-1.2952083333333333,36.795319444444445
418,IMG_8510.JPG,2023:02:11 12:03:21,-1.2756277777777778,37.006030555555554
419,IMG_7623.JPG,2023:02:09 09:35:55,-1.2984805555555554,36.83671944444445
420,IMG_8504.JPG,2023:02:11 12:01:50,-1.2764027777777778,37.014358333333334
421,IMG_7637.JPG,2023:02:09 09:40:06,-1.3125916666666666,36.85341944444445
422,IMG_6529.JPG,2023:02:03 13:46:20,-1.301,36.78823055555555
423,IMG_8262.JPG,2023:02:11 11:02:51,-1.2811638888888888,36.96282222222222
424,IMG_7151.JPG,2023:02:05 10:34:15,-1.290125,36.79606944444444
425,IMG_8289.JPG,2023:02:11 11:05:18,-1.2715694444444443,36.97608888888889
426,IMG_7804.JPG,2023:02:09 12:30:34,-1.3127527777777779,36.87211666666667
427,IMG_7810.JPG,2023:02:09 12:32:41,-1.3127722222222222,36.871655555555556
428,IMG_7186.JPG,2023:02:05 10:35:42,-1.286761111111111,36.798830555555554
429,IMG_6298.JPG,2023:02:01 14:19:47,-1.2558694444444445,36.83245277777778
430,IMG_7838.JPG,2023:02:09 12:41:42,-1.3126944444444444,36.870075
431,IMG_7192.JPG,2023:02:05 10:35:58,-1.2867972222222221,36.79971111111111
432,IMG_8048.JPG,2023:02:11 10:31:18,-1.2984694444444442,36.79923888888889
433,IMG_7409.JPG,2023:02:05 12:03:00,-1.2989694444444444,36.79783611111111
434,IMG_8712.JPG,2023:02:12 08:23:02,-1.2289555555555556,36.66593611111111
435,IMG_7347.JPG,2023:02:05 11:59:14,-1.2901083333333332,36.798255555555556
436,IMG_8074.JPG,2023:02:11 10:35:38,-1.293897222222222,36.814899999999994
437,IMG_7353.JPG,2023:02:05 11:59:30,-1.291497222222222,36.79897777777778
438,IMG_8060.JPG,2023:02:11 10:33:24,-1.296886111111111,36.80743888888889
439,IMG_8706.JPG,2023:02:12 08:22:20,-1.2325277777777779,36.66854444444444
440,IMG_7384.JPG,2023:02:05 12:01:58,-1.2981305555555553,36.80316944444444
441,IMG_7390.JPG,2023:02:05 12:02:11,-1.298286111111111,36.80276111111111
442,IMG_8128.JPG,2023:02:11 10:45:13,-1.3308666666666666,36.86270833333334
443,IMG_8666.JPG,2023:02:12 08:11:05,-1.3065055555555556,36.72202777777778
444,IMG_7233.JPG,2023:02:05 10:39:22,-1.2787944444444443,36.80409722222222
445,IMG_8100.JPG,2023:02:11 10:40:54,-1.3152583333333334,36.83185277777778
446,IMG_7227.JPG,2023:02:05 10:38:54,-1.2776527777777777,36.80565555555555
447,IMG_8114.JPG,2023:02:11 10:42:36,-1.3231,36.84476111111111
448,IMG_8672.JPG,2023:02:12 08:14:16,-1.2970444444444442,36.69491111111111
449,IMG_8699.JPG,2023:02:12 08:21:09,-1.243938888888889,36.66512222222222
450,IMG_6878.JPG,2023:02:04 12:23:09,-1.3584361111111112,36.74720277777778
451,IMG_0762.JPG,2023:02:20 11:00:05,-1.3424222222222222,36.76618888888889
452,IMG_6313.JPG,2023:02:01 14:25:06,-1.2407472222222222,36.81323611111111
453,IMG_6475.JPG,2023:02:03 13:44:01,-1.3062194444444446,36.78404166666667
454,IMG_8458.JPG,2023:02:11 11:44:14,-1.2812083333333333,37.05772777777778
455,IMG_6461.JPG,2023:02:03 13:43:40,-1.308452777777778,36.78158888888889
456,IMG_0776.JPG,2023:02:20 11:01:30,-1.3493027777777777,36.76438888888889
457,IMG_7019.JPG,2023:02:04 15:12:42,-1.3374527777777776,36.77390555555556
458,IMG_6307.JPG,2023:02:01 14:22:58,-1.2496361111111112,36.82105277777778
459,IMG_8302.JPG,2023:02:11 11:15:05,-1.2653361111111112,36.98166666666667
460,IMG_7031.JPG,2023:02:04 15:16:26,-1.3218694444444443,36.78394722222222
461,IMG_6449.JPG,2023:02:03 13:08:29,-1.3087861111111112,36.78276111111111
462,IMG_8464.JPG,2023:02:11 11:45:29,-1.2826777777777778,37.06425833333333
463,IMG_8470.JPG,2023:02:11 11:54:31,-1.2801749999999998,37.05281944444444
464,IMG_7743.JPG,2023:02:09 09:49:46,-1.3145694444444445,36.87182777777778
465,IMG_8316.JPG,2023:02:11 11:19:15,-1.2647111111111111,36.98489722222222
466,IMG_7025.JPG,2023:02:04 15:15:15,-1.3275972222222223,36.780055555555556
467,IMG_7794.JPG,2023:02:09 12:23:40,-1.3132472222222222,36.87257777777778
468,IMG_0789.JPG,2023:02:20 11:03:00,-1.3572305555555557,36.762375
469,IMG_7081.JPG,2023:02:04 15:23:08,-1.2995027777777777,36.790394444444445
470,IMG_7095.JPG,2023:02:04 15:23:33,-1.2993444444444444,36.79288611111111
471,IMG_0922.JPG,2023:02:20 16:15:32,-1.294725,36.79841944444444
472,IMG_7718.JPG,2023:02:09 09:48:13,-1.3142055555555556,36.86966666666667
473,IMG_6360.JPG,2023:02:01 17:27:02,-1.271772222222222,36.76784166666667
474,IMG_0711.JPG,2023:02:20 10:51:08,-1.3321555555555555,36.716369444444446
475,IMG_6374.JPG,2023:02:01 17:34:13,-1.2833333333333332,36.76981111111111
476,IMG_0705.JPG,2023:02:20 10:50:20,-1.3258777777777777,36.71735833333334
477,IMG_8359.JPG,2023:02:11 11:25:50,-1.2714638888888887,36.997236111111114
478,IMG_6412.JPG,2023:02:02 11:40:10,-1.2919833333333333,36.82458888888889
479,IMG_8417.JPG,2023:02:11 11:32:26,-1.2777805555555555,37.02990833333333
480,IMG_7724.JPG,2023:02:09 09:48:59,-1.314175,36.87009722222222
481,IMG_8371.JPG,2023:02:11 11:27:13,-1.2751194444444445,37.003575
482,IMG_7042.JPG,2023:02:04 15:17:52,-1.3147722222222222,36.789744444444445
483,IMG_6348.JPG,2023:02:01 17:19:15,-1.2505055555555555,36.77630277777778
484,IMG_0739.JPG,2023:02:20 10:54:39,-1.3383805555555555,36.73627777777778
485,IMG_8365.JPG,2023:02:11 11:26:38,-1.2733527777777778,37.00028888888889
486,IMG_7056.JPG,2023:02:04 15:20:40,-1.2998777777777777,36.78816944444444
487,IMG_8403.JPG,2023:02:11 11:30:18,-1.2773444444444444,37.02518333333333
488,IMG_7730.JPG,2023:02:09 09:49:13,-1.314238888888889,36.87070833333333
489,IMG_8198.JPG,2023:02:11 10:56:08,-1.3054083333333333,36.93461111111111
490,IMG_7283.JPG,2023:02:05 11:56:02,-1.2835638888888887,36.806752777777774
491,IMG_6189.JPG,2023:02:01 08:58:22,-1.2998694444444443,36.823080555555556
492,IMG_7297.JPG,2023:02:05 11:56:52,-1.2865833333333332,36.8045
493,IMG_6162.JPG,2023:02:01 07:19:18,-1.328411111111111,36.88341944444444
494,IMG_8629.JPG,2023:02:12 08:04:51,-1.3003555555555557,36.77294166666667
495,IMG_7268.JPG,2023:02:05 11:55:25,-1.2794388888888888,36.80694166666667
496,IMG_6176.JPG,2023:02:01 08:20:09,-1.3303055555555556,36.85617777777778
497,IMG_7240.JPG,2023:02:05 10:39:41,-1.2784194444444443,36.80319722222222
498,IMG_8173.JPG,2023:02:11 10:50:48,-1.3249055555555556,36.898152777777774
499,IMG_8615.JPG,2023:02:12 08:01:51,-1.2990944444444443,36.7967
500,IMG_7254.JPG,2023:02:05 11:54:36,-1.2778138888888888,36.80551944444444
501,IMG_8167.JPG,2023:02:11 10:50:08,-1.3281583333333333,36.892925
502,IMG_7491.JPG,2023:02:08 09:18:29,-1.2490972222222223,36.81923888888889
503,IMG_6957.JPG,2023:02:04 14:58:55,-1.3715583333333334,36.744172222222225
504,IMG_7485.JPG,2023:02:08 09:15:28,-1.25545,36.832211111111114
505,IMG_7308.JPG,2023:02:05 11:57:20,-1.2875527777777778,36.80282222222222
506,IMG_7334.JPG,2023:02:05 11:58:35,-1.2880749999999999,36.79853611111111
507,IMG_6994.JPG,2023:02:04 15:08:54,-1.351136111111111,36.76311388888889
508,IMG_6980.JPG,2023:02:04 15:07:45,-1.3525972222222222,36.75815277777778
509,IMG_7320.JPG,2023:02:05 11:58:08,-1.2866749999999998,36.79908888888889
510,IMG_7877.JPG,2023:02:09 13:01:49,-1.3132833333333334,36.87144444444444
511,IMG_7863.JPG,2023:02:09 12:52:10,-1.3132222222222223,36.871769444444446
512,IMG_7693.JPG,2023:02:09 09:46:01,-1.3159833333333333,36.86685277777778
513,IMG_0856.JPG,2023:02:20 12:55:07,-1.3611027777777778,36.76306388888889
514,IMG_7687.JPG,2023:02:09 09:45:33,-1.3159888888888889,36.86615277777778
515,IMG_6572.JPG,2023:02:03 13:52:50,-1.2956944444444443,36.79527222222222
516,IMG_8239.JPG,2023:02:11 11:01:29,-1.2869583333333332,36.95334722222223
517,IMG_0665.JPG,2023:02:20 10:47:09,-1.3072277777777779,36.736497222222226
518,IMG_6214.JPG,2023:02:01 14:04:40,-1.2934444444444444,36.80322777777778
519,IMG_0671.JPG,2023:02:20 10:47:26,-1.3080055555555556,36.733872222222224
520,IMG_6200.JPG,2023:02:01 09:01:12,-1.2954055555555555,36.810630555555555
521,IMG_6566.JPG,2023:02:03 13:52:29,-1.2970083333333333,36.79543333333333
522,IMG_7678.JPG,2023:02:09 09:44:24,-1.3154305555555557,36.86439444444444
523,IMG_8563.JPG,2023:02:11 18:53:24,-1.279,36.816836111111115
524,IMG_7650.JPG,2023:02:09 09:42:05,-1.3151222222222223,36.86060555555556
525,IMG_8205.JPG,2023:02:11 10:57:19,-1.2947694444444444,36.94243611111111
526,IMG_7136.JPG,2023:02:04 15:26:03,-1.2953305555555554,36.8022
527,IMG_0659.JPG,2023:02:20 10:46:49,-1.306413888888889,36.73970277777778
528,IMG_6228.JPG,2023:02:01 14:11:21,-1.2794222222222222,36.820280555555556
529,IMG_8211.JPG,2023:02:11 10:58:01,-1.2918444444444444,36.945544444444444
530,IMG_7122.JPG,2023:02:04 15:24:42,-1.2987583333333332,36.79790555555555
531,IMG_0895.JPG,2023:02:20 16:09:46,-1.2929888888888887,36.791266666666665
532,IMG_7644.JPG,2023:02:09 09:41:20,-1.3139722222222223,36.857305555555556
533,IMG_0894.JPG,2023:02:20 16:09:17,-1.2929194444444443,36.79077777777778
534,IMG_7123.JPG,2023:02:04 15:24:52,-1.2986027777777776,36.79879722222222
535,IMG_8210.JPG,2023:02:11 10:57:51,-1.2923499999999999,36.944805555555554
536,IMG_7645.JPG,2023:02:09 09:41:40,-1.3144083333333334,36.85858888888889
537,IMG_7651.JPG,2023:02:09 09:42:21,-1.3156527777777778,36.86133888888889
538,IMG_8562.JPG,2023:02:11 18:53:08,-1.2793777777777777,36.817705555555555
539,IMG_6229.JPG,2023:02:01 14:11:23,-1.279311111111111,36.82044722222223
540,IMG_0880.JPG,2023:02:20 13:16:33,-1.2993,36.79533055555555
541,IMG_0658.JPG,2023:02:20 10:46:47,-1.3063083333333334,36.74018888888889
542,IMG_7137.JPG,2023:02:04 15:26:04,-1.2953055555555555,36.802144444444444
543,IMG_8204.JPG,2023:02:11 10:57:13,-1.2955777777777777,36.94183611111111
544,IMG_6201.JPG,2023:02:01 09:01:13,-1.295411111111111,36.81027777777778
545,IMG_0670.JPG,2023:02:20 10:47:24,-1.3078555555555555,36.734325
546,IMG_7679.JPG,2023:02:09 09:44:25,-1.3154222222222223,36.86441111111111
547,IMG_6567.JPG,2023:02:03 13:52:32,-1.2967722222222222,36.79543611111111
548,IMG_6573.JPG,2023:02:03 13:52:54,-1.2953777777777777,36.795252777777776
549,IMG_6215.JPG,2023:02:01 14:04:44,-1.2931444444444444,36.80376944444444
550,IMG_0664.JPG,2023:02:20 10:47:04,-1.3070416666666667,36.73713333333333
551,IMG_8238.JPG,2023:02:11 11:01:28,-1.287122222222222,36.95308333333334
552,IMG_0857.JPG,2023:02:20 12:55:26,-1.3591000000000002,36.762591666666665
553,IMG_7686.JPG,2023:02:09 09:45:29,-1.3159805555555557,36.865994444444446
554,IMG_7692.JPG,2023:02:09 09:45:56,-1.3159722222222223,36.866702777777775
555,IMG_7862.JPG,2023:02:09 12:52:06,-1.3132805555555556,36.87183888888889
556,IMG_7876.JPG,2023:02:09 12:58:15,-1.3132277777777779,36.87170277777778
557,IMG_6981.JPG,2023:02:04 15:07:46,-1.3525694444444445,36.7583
558,IMG_7321.JPG,2023:02:05 11:58:08,-1.2866749999999998,36.79908888888889
559,IMG_7335.JPG,2023:02:05 11:58:36,-1.2881805555555554,36.79850833333333
560,IMG_6995.JPG,2023:02:04 15:09:20,-1.3491777777777778,36.76436944444445
561,IMG_7309.JPG,2023:02:05 11:57:22,-1.2874805555555555,36.802530555555556
562,IMG_7484.JPG,2023:02:08 09:15:26,-1.2555222222222222,36.83230555555556
563,IMG_6956.JPG,2023:02:04 14:57:49,-1.374577777777778,36.74443888888889
564,IMG_7490.JPG,2023:02:08 09:18:26,-1.2491583333333334,36.81953611111111
565,IMG_8166.JPG,2023:02:11 10:50:02,-1.3286694444444445,36.89218611111111
566,IMG_7255.JPG,2023:02:05 11:54:39,-1.2777555555555555,36.8056
567,IMG_8172.JPG,2023:02:11 10:50:33,-1.326011111111111,36.896319444444444
568,IMG_7241.JPG,2023:02:05 11:53:59,-1.278836111111111,36.80376111111111
569,IMG_8614.JPG,2023:02:12 08:01:48,-1.299061111111111,36.796883333333334
570,IMG_6177.JPG,2023:02:01 08:20:11,-1.33025,36.85600277777778
571,IMG_7269.JPG,2023:02:05 11:55:26,-1.2795138888888888,36.806999999999995
572,IMG_6163.JPG,2023:02:01 07:19:21,-1.328461111111111,36.88377222222222
573,IMG_8628.JPG,2023:02:12 08:04:46,-1.3003333333333333,36.77374722222222
574,IMG_7296.JPG,2023:02:05 11:56:50,-1.286611111111111,36.80455833333333
575,IMG_6188.JPG,2023:02:01 08:58:18,-1.2998777777777777,36.823505555555556
576,IMG_7282.JPG,2023:02:05 11:56:00,-1.2833888888888887,36.806869444444445
577,IMG_8199.JPG,2023:02:11 10:56:19,-1.303663888888889,36.935897222222216
578,IMG_7057.JPG,2023:02:04 15:20:41,-1.2998444444444444,36.788177777777776
579,IMG_8364.JPG,2023:02:11 11:26:26,-1.2729888888888887,36.99970277777778
580,IMG_0738.JPG,2023:02:20 10:54:10,-1.3380472222222222,36.73373333333333
581,IMG_6349.JPG,2023:02:01 17:19:17,-1.2506638888888888,36.77627222222222
582,IMG_7731.JPG,2023:02:09 09:49:15,-1.3142444444444445,36.870761111111115
583,IMG_8402.JPG,2023:02:11 11:30:16,-1.2773333333333332,37.02509166666667
584,IMG_7725.JPG,2023:02:09 09:49:01,-1.3141805555555557,36.870175
585,IMG_8416.JPG,2023:02:11 11:32:15,-1.2777444444444443,37.02955277777777
586,IMG_7043.JPG,2023:02:04 15:17:54,-1.3147027777777778,36.78980555555555
587,IMG_8370.JPG,2023:02:11 11:27:04,-1.274636111111111,37.00245
588,IMG_8358.JPG,2023:02:11 11:25:43,-1.2712138888888889,36.99684722222222
589,IMG_0704.JPG,2023:02:20 10:50:13,-1.3247805555555556,36.717525
590,IMG_6375.JPG,2023:02:01 17:34:35,-1.284572222222222,36.76999444444444
591,IMG_6413.JPG,2023:02:02 11:40:11,-1.2919833333333333,36.82458888888889
592,IMG_7719.JPG,2023:02:09 09:48:18,-1.314125,36.86969444444445
593,IMG_0710.JPG,2023:02:20 10:51:00,-1.331736111111111,36.71645277777778
594,IMG_6361.JPG,2023:02:01 17:28:16,-1.2738194444444444,36.76772777777778
595,IMG_0923.JPG,2023:02:20 16:15:35,-1.2947499999999998,36.798563888888886
596,IMG_7094.JPG,2023:02:04 15:23:31,-1.2993472222222222,36.79278055555555
597,IMG_7080.JPG,2023:02:04 15:23:07,-1.2995027777777777,36.790394444444445
598,IMG_8399.JPG,2023:02:11 11:30:06,-1.2772277777777776,37.023872222222224
599,IMG_0909.JPG,2023:02:20 16:13:45,-1.2938138888888888,36.79479166666666
600,IMG_7096.JPG,2023:02:04 15:23:34,-1.299336111111111,36.79309722222222
601,IMG_6388.JPG,2023:02:01 17:49:22,-1.295136111111111,36.787619444444445
602,IMG_0921.JPG,2023:02:20 16:15:27,-1.2946222222222221,36.79808055555555
603,IMG_7082.JPG,2023:02:04 15:23:10,-1.2994944444444443,36.79055833333333
604,IMG_6411.JPG,2023:02:02 11:40:05,-1.2918138888888888,36.82467777777778
605,IMG_6377.JPG,2023:02:01 17:42:14,-1.2925972222222222,36.77473888888889
606,IMG_0706.JPG,2023:02:20 10:50:25,-1.326875,36.717222222222226
607,IMG_7069.JPG,2023:02:04 15:22:55,-1.299561111111111,36.78894444444444
608,IMG_6363.JPG,2023:02:01 17:31:12,-1.2771055555555555,36.765005555555554
609,IMG_0712.JPG,2023:02:20 10:51:14,-1.3325805555555554,36.71631111111111
610,IMG_8428.JPG,2023:02:11 11:33:49,-1.2785444444444445,37.038130555555554
611,IMG_7733.JPG,2023:02:09 09:49:22,-1.3142944444444444,36.871027777777776
612,IMG_8400.JPG,2023:02:11 11:30:10,-1.2772722222222221,37.02443611111111
613,IMG_7055.JPG,2023:02:04 15:20:37,-1.3001361111111112,36.788180555555556
614,IMG_8366.JPG,2023:02:11 11:26:44,-1.2735527777777778,37.00063611111111
615,IMG_7041.JPG,2023:02:04 15:17:50,-1.3148472222222223,36.78968888888889
616,IMG_8372.JPG,2023:02:11 11:27:18,-1.2753138888888889,37.00423888888889
617,IMG_7727.JPG,2023:02:09 09:49:05,-1.3141944444444444,36.870380555555556
618,IMG_8414.JPG,2023:02:11 11:31:50,-1.2777027777777776,37.02914166666667
619,IMG_6439.JPG,2023:02:03 12:42:21,-1.3159222222222222,36.789944444444444
620,IMG_7294.JPG,2023:02:05 11:56:48,-1.2865777777777776,36.80467222222222
621,IMG_7280.JPG,2023:02:05 11:55:55,-1.2829722222222222,36.80708055555555
622,IMG_8158.JPG,2023:02:11 10:49:10,-1.3298722222222221,36.88638888888889
623,IMG_6175.JPG,2023:02:01 08:20:08,-1.3304777777777779,36.85650277777778
624,IMG_7519.JPG,2023:02:08 09:35:04,-1.2357166666666668,36.81168611111111
625,IMG_6161.JPG,2023:02:01 07:19:11,-1.3283694444444445,36.88245277777778
626,IMG_8164.JPG,2023:02:11 10:49:48,-1.3297388888888888,36.89062222222222
627,IMG_7257.JPG,2023:02:05 11:54:46,-1.277575,36.80584722222222
628,IMG_6149.JPG,2023:02:01 07:18:12,-1.329536111111111,36.87340555555556
629,IMG_8616.JPG,2023:02:12 08:02:13,-1.2994499999999998,36.79399166666666
630,IMG_8170.JPG,2023:02:11 10:50:26,-1.3265833333333332,36.895380555555555
631,IMG_7243.JPG,2023:02:05 11:54:04,-1.2787638888888888,36.803925
632,IMG_6968.JPG,2023:02:04 15:03:38,-1.357138888888889,36.74661388888889
633,IMG_7486.JPG,2023:02:08 09:17:21,-1.2517722222222223,36.82479722222222
634,IMG_7492.JPG,2023:02:08 09:18:31,-1.2490444444444444,36.81903611111112
635,IMG_6954.JPG,2023:02:04 14:57:42,-1.3748638888888889,36.744530555555556
636,IMG_7479.JPG,2023:02:08 09:15:06,-1.2565694444444444,36.8335
637,IMG_8038.JPG,2023:02:11 10:30:18,-1.2970944444444443,36.79797222222222
638,IMG_7323.JPG,2023:02:05 11:58:11,-1.2866833333333332,36.79893611111111
639,IMG_6983.JPG,2023:02:04 15:07:49,-1.352538888888889,36.75856111111111
640,IMG_6997.JPG,2023:02:04 15:09:23,-1.3488888888888888,36.76459722222222
641,IMG_7337.JPG,2023:02:05 11:58:39,-1.2885138888888887,36.79841666666667
642,IMG_7860.JPG,2023:02:09 12:48:54,-1.3134000000000001,36.87139722222222
643,IMG_0869.JPG,2023:02:20 13:09:19,-1.3136611111111112,36.81527222222222
644,IMG_7874.JPG,2023:02:09 12:58:08,-1.3132222222222223,36.871697222222224
645,IMG_7684.JPG,2023:02:09 09:45:12,-1.3159972222222223,36.86577777777778
646,IMG_0855.JPG,2023:02:20 12:54:50,-1.362513888888889,36.764325
647,IMG_0699.JPG,2023:02:20 10:49:39,-1.3203305555555556,36.7182
648,IMG_7690.JPG,2023:02:09 09:45:51,-1.3159750000000001,36.86654722222222
649,IMG_7848.JPG,2023:02:09 12:44:35,-1.3127972222222222,36.871075
650,IMG_6565.JPG,2023:02:03 13:52:27,-1.2971638888888888,36.795363888888886
651,IMG_0672.JPG,2023:02:20 10:47:28,-1.3081055555555556,36.733561111111115
652,IMG_7109.JPG,2023:02:04 15:23:59,-1.299247222222222,36.79559722222222
653,IMG_0666.JPG,2023:02:20 10:47:11,-1.3073611111111112,36.73605
654,IMG_6217.JPG,2023:02:01 14:09:13,-1.282936111111111,36.81553611111111
655,IMG_6571.JPG,2023:02:03 13:52:49,-1.295811111111111,36.79530277777778
656,IMG_6559.JPG,2023:02:03 13:50:40,-1.2978027777777776,36.79248888888889
657,IMG_7647.JPG,2023:02:09 09:41:48,-1.3148527777777779,36.85962222222222
658,IMG_7121.JPG,2023:02:04 15:24:41,-1.2987694444444444,36.79783055555556
659,IMG_8212.JPG,2023:02:11 10:58:11,-1.291275,36.946413888888884
660,IMG_0896.JPG,2023:02:20 16:09:47,-1.2929388888888889,36.79098055555556
661,IMG_7135.JPG,2023:02:04 15:26:02,-1.2953527777777776,36.80226388888889
662,IMG_8206.JPG,2023:02:11 10:57:25,-1.29395,36.943102777777774
663,IMG_7653.JPG,2023:02:09 09:42:28,-1.3159527777777777,36.86167777777778
664,IMG_8560.JPG,2023:02:11 18:52:48,-1.2802972222222222,36.81769444444445
665,IMG_8207.JPG,2023:02:11 10:57:33,-1.2932027777777777,36.94381111111111
666,IMG_7134.JPG,2023:02:04 15:25:46,-1.2959277777777776,36.80243888888889
667,IMG_8561.JPG,2023:02:11 18:52:51,-1.280161111111111,36.817936111111116
668,IMG_7652.JPG,2023:02:09 09:42:21,-1.3156944444444445,36.86139444444444
669,IMG_7646.JPG,2023:02:09 09:41:40,-1.3144555555555555,36.85874444444445
670,IMG_6558.JPG,2023:02:03 13:50:26,-1.2977638888888887,36.792072222222224
671,IMG_0897.JPG,2023:02:20 16:09:54,-1.2930527777777776,36.79131388888889
672,IMG_8213.JPG,2023:02:11 10:58:12,-1.291161111111111,36.946574999999996
673,IMG_7120.JPG,2023:02:04 15:24:40,-1.2987916666666666,36.797777777777775
674,IMG_6216.JPG,2023:02:01 14:09:05,-1.2830055555555555,36.815555555555555
675,IMG_0667.JPG,2023:02:20 10:47:14,-1.3074722222222224,36.735619444444445
676,IMG_7108.JPG,2023:02:04 15:23:57,-1.2992722222222222,36.79543333333333
677,IMG_6570.JPG,2023:02:03 13:52:47,-1.2960027777777776,36.79530277777778
678,IMG_6564.JPG,2023:02:03 13:52:28,-1.2971138888888887,36.79537222222222
679,IMG_6202.JPG,2023:02:01 09:01:15,-1.2954138888888889,36.81016111111111
680,IMG_0673.JPG,2023:02:20 10:47:32,-1.308263888888889,36.73308055555556
681,IMG_0698.JPG,2023:02:20 10:49:35,-1.3197194444444444,36.71828888888889
682,IMG_7849.JPG,2023:02:09 12:45:13,-1.3130083333333333,36.87141388888889
683,IMG_7691.JPG,2023:02:09 09:45:54,-1.3159666666666667,36.86661111111111
684,IMG_7685.JPG,2023:02:09 09:45:28,-1.3159805555555557,36.865994444444446
685,IMG_0854.JPG,2023:02:20 12:54:30,-1.3639750000000002,36.76562222222222
686,IMG_7875.JPG,2023:02:09 12:58:14,-1.3132277777777779,36.87170277777778
687,IMG_7861.JPG,2023:02:09 12:50:23,-1.3133555555555556,36.87147777777778
688,IMG_0868.JPG,2023:02:20 13:09:09,-1.3146083333333334,36.814813888888885
689,IMG_6996.JPG,2023:02:04 15:09:22,-1.348961111111111,36.76459166666667
690,IMG_7336.JPG,2023:02:05 11:58:38,-1.2884027777777776,36.79844722222222
691,IMG_7322.JPG,2023:02:05 11:58:09,-1.2866694444444444,36.79898611111111
692,IMG_6982.JPG,2023:02:04 15:07:48,-1.352561111111111,36.75839166666667
693,IMG_8039.JPG,2023:02:11 10:30:21,-1.2972444444444444,36.79806111111111
694,IMG_7478.JPG,2023:02:08 09:14:53,-1.2578722222222223,36.833958333333335
695,IMG_6955.JPG,2023:02:04 14:57:48,-1.3746277777777778,36.74445
696,IMG_7493.JPG,2023:02:08 09:18:50,-1.2486416666666666,36.81710555555556
697,IMG_7487.JPG,2023:02:08 09:17:22,-1.2516944444444444,36.82463611111111
698,IMG_6969.JPG,2023:02:04 15:03:40,-1.3568833333333334,36.74666944444444
699,IMG_8617.JPG,2023:02:12 08:02:26,-1.2994805555555555,36.79192777777778
700,IMG_7242.JPG,2023:02:05 11:54:01,-1.2788472222222222,36.80386111111111
701,IMG_8171.JPG,2023:02:11 10:50:32,-1.3260944444444445,36.89618611111111
702,IMG_7256.JPG,2023:02:05 11:54:42,-1.2776527777777777,36.80572222222222
703,IMG_8165.JPG,2023:02:11 10:49:57,-1.3289888888888888,36.89169444444445
704,IMG_7518.JPG,2023:02:08 09:35:03,-1.2358416666666667,36.81162222222222
705,IMG_6160.JPG,2023:02:01 07:19:08,-1.3283694444444445,36.88218611111111
706,IMG_6174.JPG,2023:02:01 08:20:06,-1.3306222222222222,36.856811111111114
707,IMG_8159.JPG,2023:02:11 10:49:18,-1.3303361111111112,36.887147222222225
708,IMG_7281.JPG,2023:02:05 11:55:57,-1.2830805555555556,36.80703333333333
709,IMG_7295.JPG,2023:02:05 11:56:49,-1.2866027777777778,36.804605555555554
710,IMG_8373.JPG,2023:02:11 11:27:26,-1.27545,37.00501388888889
711,IMG_7040.JPG,2023:02:04 15:17:49,-1.3149194444444445,36.78963888888889
712,IMG_6438.JPG,2023:02:03 12:39:03,-1.3155722222222224,36.78991388888889
713,IMG_8415.JPG,2023:02:11 11:31:59,-1.2777222222222222,37.02933055555555
714,IMG_7726.JPG,2023:02:09 09:49:02,-1.3141888888888889,36.87025555555556
715,IMG_8401.JPG,2023:02:11 11:30:13,-1.277297222222222,37.024769444444445
716,IMG_7732.JPG,2023:02:09 09:49:18,-1.314286111111111,36.87094722222222
717,IMG_8367.JPG,2023:02:11 11:26:50,-1.2737944444444445,37.00103333333333
718,IMG_7054.JPG,2023:02:04 15:20:33,-1.3003722222222223,36.78819444444444
719,IMG_0713.JPG,2023:02:20 10:51:21,-1.3330666666666666,36.71636388888889
720,IMG_6362.JPG,2023:02:01 17:28:21,-1.2736611111111111,36.76748611111111
721,IMG_8429.JPG,2023:02:11 11:33:55,-1.2786472222222223,37.039088888888884
722,IMG_7068.JPG,2023:02:04 15:22:51,-1.2995833333333333,36.788602777777776
723,IMG_0707.JPG,2023:02:20 10:50:32,-1.3279888888888889,36.71705277777778
724,IMG_6376.JPG,2023:02:01 17:36:49,-1.289497222222222,36.77151111111111
725,IMG_7083.JPG,2023:02:04 15:23:12,-1.2994833333333333,36.79073611111111
726,IMG_0920.JPG,2023:02:20 16:15:24,-1.294561111111111,36.797866666666664
727,IMG_6389.JPG,2023:02:01 17:57:50,-1.2963638888888889,36.79445277777778
728,IMG_7097.JPG,2023:02:04 15:23:36,-1.2993416666666666,36.79320555555555
729,IMG_0908.JPG,2023:02:20 16:13:25,-1.293775,36.79453888888889
730,IMG_8398.JPG,2023:02:11 11:30:03,-1.277188888888889,37.02352777777778
731,IMG_7093.JPG,2023:02:04 15:23:30,-1.299361111111111,36.792569444444446
732,IMG_0924.JPG,2023:02:20 16:15:41,-1.2948555555555554,36.79901388888889
733,IMG_7087.JPG,2023:02:04 15:23:20,-1.299411111111111,36.7915
734,IMG_0918.JPG,2023:02:20 16:15:16,-1.2944305555555555,36.797352777777775
735,IMG_8388.JPG,2023:02:11 11:29:04,-1.2764916666666666,37.016
736,IMG_7050.JPG,2023:02:04 15:18:28,-1.3115527777777778,36.791352777777774
737,IMG_8363.JPG,2023:02:11 11:26:18,-1.2725944444444444,36.99906388888889
738,IMG_7736.JPG,2023:02:09 09:49:26,-1.314313888888889,36.8712
739,IMG_8405.JPG,2023:02:11 11:30:23,-1.2774055555555555,37.02569444444444
740,IMG_6428.JPG,2023:02:03 11:25:33,-1.3169111111111111,36.80070277777777
741,IMG_7722.JPG,2023:02:09 09:48:51,-1.3141194444444444,36.86987222222222
742,IMG_8411.JPG,2023:02:11 11:31:06,-1.2776416666666666,37.02854166666667
743,IMG_7044.JPG,2023:02:04 15:17:56,-1.3145472222222223,36.78993611111111
744,IMG_8377.JPG,2023:02:11 11:27:51,-1.275611111111111,37.0065
745,IMG_6372.JPG,2023:02:01 17:33:55,-1.2818888888888889,36.769927777777774
746,IMG_0703.JPG,2023:02:20 10:50:04,-1.3237777777777777,36.717675
747,IMG_8439.JPG,2023:02:11 11:34:41,-1.279261111111111,37.044863888888884
748,IMG_6366.JPG,2023:02:01 17:31:31,-1.277675,36.764472222222224
749,IMG_7078.JPG,2023:02:04 15:23:05,-1.299511111111111,36.79005
750,IMG_0717.JPG,2023:02:20 10:51:48,-1.3358305555555554,36.718538888888894
751,IMG_7291.JPG,2023:02:05 11:56:33,-1.2858138888888888,36.80490833333333
752,IMG_7285.JPG,2023:02:05 11:56:13,-1.284311111111111,36.806041666666665
753,IMG_8161.JPG,2023:02:11 10:49:29,-1.3309305555555555,36.88840277777778
754,IMG_7252.JPG,2023:02:05 11:54:28,-1.2780972222222222,36.805169444444445
755,IMG_8175.JPG,2023:02:11 10:50:58,-1.3242694444444445,36.89917222222222
756,IMG_7246.JPG,2023:02:05 11:54:10,-1.2787305555555555,36.80411944444444
757,IMG_6158.JPG,2023:02:01 07:18:54,-1.3284527777777777,36.88048055555556
758,IMG_8613.JPG,2023:02:12 08:01:44,-1.2989916666666665,36.79719444444444
759,IMG_7520.JPG,2023:02:08 09:35:06,-1.2356555555555555,36.811724999999996
760,IMG_7508.JPG,2023:02:08 09:21:22,-1.240611111111111,36.81309722222222
761,IMG_6170.JPG,2023:02:01 07:27:38,-1.3382277777777778,36.92231388888889
762,IMG_8149.JPG,2023:02:11 10:47:32,-1.3287305555555555,36.878569444444445
763,IMG_6164.JPG,2023:02:01 07:19:33,-1.3288777777777778,36.884677777777775
764,IMG_6945.JPG,2023:02:04 14:56:46,-1.37545,36.74631111111111
765,IMG_7483.JPG,2023:02:08 09:15:15,-1.2559527777777777,36.83282777777778
766,IMG_6951.JPG,2023:02:04 14:57:24,-1.374761111111111,36.745419444444444
767,IMG_7497.JPG,2023:02:08 09:19:03,-1.2481722222222222,36.81628611111111
768,IMG_6979.JPG,2023:02:04 15:07:40,-1.352588888888889,36.75788055555556
769,IMG_6986.JPG,2023:02:04 15:07:55,-1.3524555555555557,36.75910277777778
770,IMG_7326.JPG,2023:02:05 11:58:19,-1.2870027777777777,36.798788888888886
771,IMG_7332.JPG,2023:02:05 11:58:33,-1.2878777777777777,36.79856944444444
772,IMG_6992.JPG,2023:02:04 15:08:46,-1.3516416666666669,36.76303611111111
773,IMG_7454.JPG,2023:02:08 09:10:13,-1.2775305555555554,36.82118055555556
774,IMG_8029.JPG,2023:02:11 10:29:33,-1.2975944444444443,36.79583611111111
775,IMG_7468.JPG,2023:02:08 09:13:12,-1.2629416666666666,36.83891666666667
776,IMG_0850.JPG,2023:02:20 12:53:13,-1.3715222222222223,36.768252777777775
777,IMG_0688.JPG,2023:02:20 10:48:40,-1.3133416666666666,36.72196944444445
778,IMG_7681.JPG,2023:02:09 09:44:54,-1.3159583333333333,36.86526944444444
779,IMG_7859.JPG,2023:02:09 12:47:33,-1.313363888888889,36.871430555555555
780,IMG_7695.JPG,2023:02:09 09:46:18,-1.3160416666666668,36.86736388888889
781,IMG_7871.JPG,2023:02:09 12:57:55,-1.3132388888888888,36.87166111111111
782,IMG_0878.JPG,2023:02:20 13:16:06,-1.2991444444444444,36.79691666666667
783,IMG_7124.JPG,2023:02:04 15:24:59,-1.298411111111111,36.79974444444444
784,IMG_8217.JPG,2023:02:11 11:00:12,-1.290561111111111,36.94719444444444
785,IMG_0893.JPG,2023:02:20 16:08:55,-1.2927416666666665,36.789963888888884
786,IMG_7642.JPG,2023:02:09 09:41:09,-1.3136277777777778,36.85638055555556
787,IMG_6548.JPG,2023:02:03 13:49:27,-1.2979222222222222,36.78876944444444
788,IMG_7656.JPG,2023:02:09 09:42:40,-1.3161694444444445,36.86193888888889
789,IMG_7130.JPG,2023:02:04 15:25:36,-1.2967499999999998,36.80258055555555
790,IMG_8203.JPG,2023:02:11 10:57:04,-1.2967527777777776,36.94098333333333
791,IMG_0677.JPG,2023:02:20 10:47:45,-1.3082694444444445,36.730941666666666
792,IMG_7118.JPG,2023:02:04 15:24:25,-1.298936111111111,36.797241666666665
793,IMG_6206.JPG,2023:02:01 14:03:03,-1.2950722222222222,36.79931388888889
794,IMG_6560.JPG,2023:02:03 13:50:41,-1.2978027777777776,36.79252222222222
795,IMG_6574.JPG,2023:02:03 13:52:56,-1.295211111111111,36.795230555555555
796,IMG_8559.JPG,2023:02:11 18:52:42,-1.2806166666666665,36.81708611111112
797,IMG_0663.JPG,2023:02:20 10:47:01,-1.306913888888889,36.73764722222222
798,IMG_6212.JPG,2023:02:01 14:04:32,-1.2940166666666666,36.802749999999996
799,IMG_8558.JPG,2023:02:11 18:52:34,-1.2810416666666666,36.816247222222216
800,IMG_6575.JPG,2023:02:03 13:53:13,-1.2945305555555555,36.79515555555555
801,IMG_6213.JPG,2023:02:01 14:04:37,-1.2935805555555555,36.80305277777777
802,IMG_0662.JPG,2023:02:20 10:46:59,-1.306775,36.73817777777778
803,IMG_6207.JPG,2023:02:01 14:03:40,-1.2950888888888887,36.800377777777776
804,IMG_7119.JPG,2023:02:04 15:24:28,-1.298922222222222,36.79731111111111
805,IMG_0676.JPG,2023:02:20 10:47:42,-1.3084861111111112,36.731575
806,IMG_6561.JPG,2023:02:03 13:51:35,-1.2975277777777776,36.79533333333333
807,IMG_8564.JPG,2023:02:11 18:53:44,-1.2786027777777778,36.81607777777778
808,IMG_7657.JPG,2023:02:09 09:42:42,-1.3161583333333333,36.86196388888889
809,IMG_6549.JPG,2023:02:03 13:49:29,-1.2979138888888888,36.78894444444444
810,IMG_8202.JPG,2023:02:11 10:56:54,-1.2983888888888888,36.93978611111111
811,IMG_7131.JPG,2023:02:04 15:25:39,-1.296586111111111,36.80254444444444
812,IMG_0892.JPG,2023:02:20 16:08:51,-1.2927027777777778,36.789741666666664
813,IMG_8216.JPG,2023:02:11 10:58:23,-1.2907944444444444,36.947063888888884
814,IMG_7125.JPG,2023:02:04 15:25:02,-1.2983638888888889,36.80002777777778
815,IMG_7643.JPG,2023:02:09 09:41:13,-1.3137138888888888,36.85661944444445
816,IMG_7870.JPG,2023:02:09 12:57:53,-1.3132166666666667,36.87168888888889
817,IMG_0879.JPG,2023:02:20 13:16:32,-1.2993,36.79533055555555
818,IMG_7864.JPG,2023:02:09 12:52:12,-1.3132194444444445,36.87175833333333
819,IMG_7694.JPG,2023:02:09 09:46:07,-1.3159888888888889,36.86689722222222
820,IMG_0689.JPG,2023:02:20 10:48:45,-1.3138611111111111,36.72127777777778
821,IMG_0851.JPG,2023:02:20 12:53:39,-1.3684888888888889,36.767538888888886
822,IMG_7858.JPG,2023:02:09 12:47:30,-1.3133722222222222,36.87142222222222
823,IMG_7680.JPG,2023:02:09 09:44:43,-1.3156833333333333,36.86483888888889
824,IMG_7469.JPG,2023:02:08 09:13:30,-1.2618222222222222,36.839619444444445
825,IMG_8028.JPG,2023:02:11 10:29:30,-1.2976027777777777,36.79566111111111
826,IMG_7333.JPG,2023:02:05 11:58:34,-1.287972222222222,36.79854722222222
827,IMG_7455.JPG,2023:02:08 09:10:14,-1.2775027777777777,36.82118055555556
828,IMG_6993.JPG,2023:02:04 15:08:49,-1.3514722222222224,36.76302222222222
829,IMG_6987.JPG,2023:02:04 15:07:57,-1.3524444444444446,36.75928611111111
830,IMG_7327.JPG,2023:02:05 11:58:23,-1.2870888888888887,36.798766666666666
831,IMG_6978.JPG,2023:02:04 15:07:38,-1.352752777777778,36.75738611111111
832,IMG_7496.JPG,2023:02:08 09:19:02,-1.248213888888889,36.81631944444444
833,IMG_6950.JPG,2023:02:04 14:57:14,-1.3746944444444444,36.74591111111111
834,IMG_7482.JPG,2023:02:08 09:15:12,-1.2561555555555555,36.833088888888895
835,IMG_6944.JPG,2023:02:04 14:56:45,-1.3754861111111112,36.746322222222226
836,IMG_6165.JPG,2023:02:01 07:20:24,-1.3329555555555554,36.88986111111111
837,IMG_8148.JPG,2023:02:11 10:47:22,-1.3289055555555556,36.87738888888889
838,IMG_7509.JPG,2023:02:08 09:21:24,-1.2404833333333334,36.812980555555555
839,IMG_6171.JPG,2023:02:01 07:37:05,-1.3307583333333333,36.924105555555556
840,IMG_6159.JPG,2023:02:01 07:19:00,-1.3283694444444445,36.88115
841,IMG_7247.JPG,2023:02:05 11:54:15,-1.2785888888888888,36.80444722222222
842,IMG_8174.JPG,2023:02:11 10:50:50,-1.3247638888888889,36.898380555555555
843,IMG_8612.JPG,2023:02:12 08:01:40,-1.2988138888888887,36.79754444444444
844,IMG_7253.JPG,2023:02:05 11:54:34,-1.2778444444444443,36.805499999999995
845,IMG_8160.JPG,2023:02:11 10:49:23,-1.3307444444444445,36.88778888888889
846,IMG_7284.JPG,2023:02:05 11:56:12,-1.2842527777777777,36.806105555555554
847,IMG_7290.JPG,2023:02:05 11:56:30,-1.2856138888888888,36.80499444444444
848,IMG_0716.JPG,2023:02:20 10:51:37,-1.3345083333333332,36.71747222222223
849,IMG_7079.JPG,2023:02:04 15:23:06,-1.2995055555555555,36.790163888888884
850,IMG_6367.JPG,2023:02:01 17:31:33,-1.2777694444444443,36.76468611111111
851,IMG_0702.JPG,2023:02:20 10:49:57,-1.3229166666666667,36.71780833333334
852,IMG_6373.JPG,2023:02:01 17:33:59,-1.2822027777777778,36.76986111111111
853,IMG_8438.JPG,2023:02:11 11:34:36,-1.2792166666666667,37.044511111111106
854,IMG_8410.JPG,2023:02:11 11:30:55,-1.2775527777777778,37.02778333333333
855,IMG_7723.JPG,2023:02:09 09:48:55,-1.3141527777777777,36.86996388888889
856,IMG_8376.JPG,2023:02:11 11:27:44,-1.2755527777777778,37.005925
857,IMG_7045.JPG,2023:02:04 15:17:58,-1.3144638888888889,36.79000277777778
858,InBridge.JPG,2023:02:03 12:48:37,-1.3147805555555556,36.789944444444444
859,IMG_8362.JPG,2023:02:11 11:26:07,-1.2720027777777778,36.99811944444445
860,IMG_7051.JPG,2023:02:04 15:18:30,-1.3114444444444444,36.791352777777774
861,IMG_6429.JPG,2023:02:03 12:05:48,-1.3191194444444445,36.79295277777778
862,IMG_8404.JPG,2023:02:11 11:30:20,-1.2773666666666665,37.02536111111111
863,IMG_7737.JPG,2023:02:09 09:49:30,-1.3143694444444445,36.87133888888889
864,IMG_8389.JPG,2023:02:11 11:29:07,-1.2765138888888887,37.01629166666667
865,IMG_0919.JPG,2023:02:20 16:15:20,-1.2944805555555554,36.79752777777777
866,IMG_7086.JPG,2023:02:04 15:23:18,-1.2994388888888888,36.79129444444444
867,IMG_0925.JPG,2023:02:20 16:15:47,-1.2949638888888888,36.799502777777775
868,IMG_7092.JPG,2023:02:04 15:23:28,-1.2993638888888888,36.79245833333333
869,IMG_7084.JPG,2023:02:04 15:23:14,-1.2994638888888888,36.79100555555555
870,IMG_7090.JPG,2023:02:04 15:23:25,-1.2993805555555555,36.792125
871,IMG_0927.JPG,2023:02:20 16:15:54,-1.2950694444444444,36.799955555555556
872,IMG_6359.JPG,2023:02:01 17:27:01,-1.2717083333333332,36.76784722222222
873,IMG_8374.JPG,2023:02:11 11:27:32,-1.2755027777777777,37.00551111111111
874,IMG_7047.JPG,2023:02:04 15:18:22,-1.3119722222222223,36.79141944444444
875,IMG_0728.JPG,2023:02:20 10:53:09,-1.3371,36.72715277777778
876,IMG_8412.JPG,2023:02:11 11:31:15,-1.277663888888889,37.02869722222222
877,IMG_7721.JPG,2023:02:09 09:48:49,-1.3141027777777778,36.86975277777778
878,IMG_8406.JPG,2023:02:11 11:30:26,-1.2774222222222222,37.025955555555555
879,IMG_7735.JPG,2023:02:09 09:49:24,-1.3143,36.871119444444446
880,IMG_8360.JPG,2023:02:11 11:25:59,-1.271686111111111,36.997594444444445
881,IMG_7053.JPG,2023:02:04 15:20:31,-1.3005555555555557,36.78819444444444
882,IMG_6365.JPG,2023:02:01 17:31:15,-1.2773055555555555,36.76470277777778
883,IMG_8348.JPG,2023:02:11 11:24:14,-1.269572222222222,36.99416388888889
884,IMG_0714.JPG,2023:02:20 10:51:27,-1.333461111111111,36.71669444444445
885,IMG_7709.JPG,2023:02:09 09:47:43,-1.315263888888889,36.86928888888889
886,IMG_6371.JPG,2023:02:01 17:33:49,-1.2817194444444444,36.76993888888889
887,IMG_0700.JPG,2023:02:20 10:49:43,-1.321113888888889,36.71808055555556
888,IMG_6198.JPG,2023:02:01 09:00:30,-1.2947166666666665,36.814280555555555
889,IMG_7286.JPG,2023:02:05 11:56:15,-1.2843777777777776,36.80596944444444
890,IMG_7292.JPG,2023:02:05 11:56:38,-1.2861027777777776,36.804827777777774
891,IMG_8189.JPG,2023:02:11 10:54:16,-1.3134833333333333,36.922866666666664
892,IMG_7245.JPG,2023:02:05 11:54:08,-1.2787416666666667,36.804047222222216
893,IMG_8176.JPG,2023:02:11 10:51:04,-1.3238444444444444,36.899852777777774
894,IMG_7251.JPG,2023:02:05 11:54:26,-1.2781722222222223,36.80506111111111
895,IMG_8162.JPG,2023:02:11 10:49:36,-1.3307472222222223,36.889175
896,IMG_7279.JPG,2023:02:05 11:55:52,-1.2826305555555555,36.80719722222222
897,IMG_6167.JPG,2023:02:01 07:27:30,-1.3389555555555555,36.921330555555556
898,IMG_6173.JPG,2023:02:01 08:20:05,-1.3307472222222223,36.857086111111116
899,IMG_8638.JPG,2023:02:12 08:06:15,-1.2990388888888889,36.761383333333335
900,IMG_6952.JPG,2023:02:04 14:57:33,-1.3748194444444444,36.74497777777778
901,IMG_7494.JPG,2023:02:08 09:18:53,-1.248588888888889,36.81682222222223
902,IMG_6946.JPG,2023:02:04 14:56:54,-1.3751361111111111,36.74625
903,IMG_7480.JPG,2023:02:08 09:15:07,-1.2564972222222222,36.83343888888889
904,IMG_6991.JPG,2023:02:04 15:08:44,-1.3517083333333335,36.762875
905,IMG_7457.JPG,2023:02:08 09:10:33,-1.277061111111111,36.821758333333335
906,IMG_7331.JPG,2023:02:05 11:58:31,-1.287597222222222,36.798630555555555
907,IMG_7325.JPG,2023:02:05 11:58:14,-1.2868138888888887,36.79883888888889
908,IMG_6985.JPG,2023:02:04 15:07:53,-1.3524916666666666,36.75882222222222
909,IMG_7319.JPG,2023:02:05 11:58:07,-1.2866888888888888,36.799169444444445
910,IMG_0847.JPG,2023:02:20 12:51:31,-1.3805722222222223,36.77034444444444
911,IMG_7696.JPG,2023:02:09 09:46:25,-1.3160805555555557,36.867694444444446
912,IMG_6588.JPG,2023:02:03 13:58:33,-1.2950444444444442,36.799752777777776
913,IMG_7682.JPG,2023:02:09 09:45:02,-1.31605,36.86548888888889
914,IMG_0853.JPG,2023:02:20 12:54:08,-1.3656611111111112,36.76663611111111
915,IMG_7872.JPG,2023:02:09 12:58:06,-1.3132222222222223,36.871694444444444
916,IMG_8200.JPG,2023:02:11 10:56:38,-1.3008222222222223,36.93799722222222
917,IMG_7133.JPG,2023:02:04 15:25:45,-1.2960083333333332,36.80245277777777
918,IMG_7655.JPG,2023:02:09 09:42:31,-1.3160361111111112,36.861755555555554
919,IMG_7641.JPG,2023:02:09 09:41:08,-1.313563888888889,36.85619722222222
920,IMG_0648.JPG,2023:02:20 10:42:54,-1.3002638888888889,36.767963888888886
921,IMG_8214.JPG,2023:02:11 10:58:15,-1.2910583333333332,36.94674444444444
922,IMG_7127.JPG,2023:02:04 15:25:31,-1.2971305555555555,36.80263055555555
923,IMG_6239.JPG,2023:02:01 14:14:54,-1.276922222222222,36.82198055555556
924,IMG_0660.JPG,2023:02:20 10:46:52,-1.3065333333333333,36.73921111111111
925,IMG_6211.JPG,2023:02:01 14:04:30,-1.2943222222222222,36.80265833333333
926,IMG_6577.JPG,2023:02:03 13:53:28,-1.294336111111111,36.79509722222222
927,IMG_7669.JPG,2023:02:09 09:43:28,-1.315113888888889,36.86304722222222
928,IMG_6563.JPG,2023:02:03 13:51:40,-1.297575,36.79537222222222
929,IMG_0674.JPG,2023:02:20 10:47:37,-1.3084861111111112,36.73232222222222
930,IMG_8228.JPG,2023:02:11 11:01:04,-1.2889444444444442,36.950180555555555
931,IMG_6205.JPG,2023:02:01 14:02:53,-1.2951944444444443,36.79955277777778
932,IMG_6562.JPG,2023:02:03 13:51:37,-1.2975805555555555,36.79527222222222
933,IMG_8229.JPG,2023:02:11 11:01:07,-1.2886444444444443,36.95066944444445
934,IMG_0675.JPG,2023:02:20 10:47:39,-1.3085361111111111,36.731883333333336
935,IMG_6210.JPG,2023:02:01 14:04:29,-1.2939055555555554,36.80311111111111
936,IMG_0661.JPG,2023:02:20 10:46:55,-1.3066444444444445,36.73869722222222
937,IMG_7668.JPG,2023:02:09 09:43:21,-1.315263888888889,36.862922222222224
938,IMG_6576.JPG,2023:02:03 13:53:20,-1.2944555555555555,36.79515555555555
939,IMG_7640.JPG,2023:02:09 09:41:06,-1.313525,36.856097222222225
940,IMG_6238.JPG,2023:02:01 14:14:52,-1.2769972222222221,36.821872222222225
941,IMG_0891.JPG,2023:02:20 16:08:41,-1.292686111111111,36.78938888888889
942,IMG_7126.JPG,2023:02:04 15:25:29,-1.2972916666666665,36.80266111111111
943,IMG_8215.JPG,2023:02:11 10:58:18,-1.2909249999999999,36.94693333333333
944,IMG_0649.JPG,2023:02:20 10:43:03,-1.3000361111111112,36.766752777777775
945,IMG_7132.JPG,2023:02:04 15:25:40,-1.2964972222222222,36.802527777777776
946,IMG_8201.JPG,2023:02:11 10:56:51,-1.2988444444444442,36.939455555555554
947,IMG_7654.JPG,2023:02:09 09:42:31,-1.3160361111111112,36.861755555555554
948,IMG_7867.JPG,2023:02:09 12:57:14,-1.3133361111111113,36.87177222222222
949,IMG_7873.JPG,2023:02:09 12:58:07,-1.3132222222222223,36.871697222222224
950,IMG_7683.JPG,2023:02:09 09:45:03,-1.3160527777777777,36.86550555555556
951,IMG_0852.JPG,2023:02:20 12:53:45,-1.3676416666666666,36.76761944444444
952,IMG_0846.JPG,2023:02:20 12:50:24,-1.3802444444444444,36.77351111111111
953,IMG_6589.JPG,2023:02:03 13:58:37,-1.2950916666666665,36.79998888888889
954,IMG_7697.JPG,2023:02:09 09:46:40,-1.3161,36.86796388888889
955,IMG_7318.JPG,2023:02:05 11:57:39,-1.2870527777777776,36.80084166666666
956,IMG_7324.JPG,2023:02:05 11:58:12,-1.2867388888888889,36.79887222222222
957,IMG_6984.JPG,2023:02:04 15:07:51,-1.3525222222222224,36.758652777777776
958,IMG_7456.JPG,2023:02:08 09:10:24,-1.2773388888888888,36.82135
959,IMG_6990.JPG,2023:02:04 15:08:05,-1.352352777777778,36.75996111111111
960,IMG_7330.JPG,2023:02:05 11:58:29,-1.2874472222222222,36.79867222222222
961,IMG_7481.JPG,2023:02:08 09:15:09,-1.2563527777777779,36.83331666666667
962,IMG_6947.JPG,2023:02:04 14:56:57,-1.3750555555555555,36.746230555555556
963,IMG_7495.JPG,2023:02:08 09:18:54,-1.2485388888888889,36.816655555555556
964,IMG_6953.JPG,2023:02:04 14:57:34,-1.3748194444444444,36.74492222222222
965,IMG_6172.JPG,2023:02:01 07:50:22,-1.3309055555555556,36.92409722222222
966,IMG_8639.JPG,2023:02:12 08:06:31,-1.2998166666666666,36.75877777777778
967,IMG_6166.JPG,2023:02:01 07:22:44,-1.346111111111111,36.906730555555555
968,IMG_7278.JPG,2023:02:05 11:55:50,-1.2823916666666666,36.807247222222216
969,IMG_8163.JPG,2023:02:11 10:49:40,-1.3304138888888888,36.88970277777778
970,IMG_7250.JPG,2023:02:05 11:54:23,-1.2782833333333332,36.80490833333333
971,IMG_8177.JPG,2023:02:11 10:51:46,-1.3204527777777777,36.90539444444444
972,IMG_7244.JPG,2023:02:05 11:54:05,-1.2787555555555554,36.80394444444444
973,IMG_8188.JPG,2023:02:11 10:54:14,-1.3136138888888889,36.92278888888889
974,IMG_7293.JPG,2023:02:05 11:56:42,-1.2863555555555555,36.80475555555555
975,IMG_7287.JPG,2023:02:05 11:56:17,-1.2845166666666665,36.80583055555555
976,IMG_6199.JPG,2023:02:01 09:00:32,-1.2948194444444443,36.81411388888888
977,IMG_7708.JPG,2023:02:09 09:47:38,-1.3154666666666668,36.869225
978,IMG_0701.JPG,2023:02:20 10:49:49,-1.3219222222222222,36.71795277777778
979,IMG_6370.JPG,2023:02:01 17:33:49,-1.281711111111111,36.769927777777774
980,IMG_0715.JPG,2023:02:20 10:51:34,-1.3340222222222222,36.71714722222222
981,IMG_8349.JPG,2023:02:11 11:24:31,-1.2698388888888887,36.99456388888889
982,IMG_6364.JPG,2023:02:01 17:31:14,-1.2771777777777777,36.76493888888889
983,IMG_7734.JPG,2023:02:09 09:49:22,-1.3143,36.87106111111111
984,IMG_8407.JPG,2023:02:11 11:30:28,-1.2774333333333332,37.02603055555556
985,IMG_7052.JPG,2023:02:04 15:20:30,-1.300636111111111,36.78818888888889
986,IMG_8361.JPG,2023:02:11 11:26:00,-1.2717138888888888,36.99764444444445
987,IMG_0729.JPG,2023:02:20 10:53:19,-1.337261111111111,36.72821388888889
988,IMG_7046.JPG,2023:02:04 15:17:58,-1.3143805555555557,36.79006111111111
989,IMG_8375.JPG,2023:02:11 11:27:39,-1.275536111111111,37.00573611111111
990,IMG_6358.JPG,2023:02:01 17:26:59,-1.2713194444444444,36.76804444444444
991,IMG_7720.JPG,2023:02:09 09:48:19,-1.3141111111111112,36.86969722222222
992,IMG_8413.JPG,2023:02:11 11:31:35,-1.2776805555555555,37.028927777777774
993,IMG_0926.JPG,2023:02:20 16:15:50,-1.2950138888888887,36.79971666666666
994,IMG_7091.JPG,2023:02:04 15:23:26,-1.2993722222222222,36.79223333333333
995,IMG_7085.JPG,2023:02:04 15:23:15,-1.2994638888888888,36.79110277777777
996,IMG_6382.JPG,2023:02:01 17:42:34,-1.2926555555555554,36.77658888888889
997,IMG_7088.JPG,2023:02:04 15:23:22,-1.2993888888888887,36.79170277777778
998,IMG_8393.JPG,2023:02:11 11:29:38,-1.2768888888888887,37.02019166666667
999,IMG_0917.JPG,2023:02:20 16:15:08,-1.294286111111111,36.79683055555555
1000,IMG_8387.JPG,2023:02:11 11:28:56,-1.2764277777777777,37.01523611111111
1001,IMG_0903.JPG,2023:02:20 16:11:01,-1.293522222222222,36.79326666666667
1002,IMG_7739.JPG,2023:02:09 09:49:37,-1.3144277777777778,36.871452777777776
1003,IMG_6427.JPG,2023:02:03 11:25:25,-1.3169694444444444,36.800755555555554
1004,IMG_6341.JPG,2023:02:01 17:15:54,-1.2255555555555557,36.789513888888884
1005,IMG_0730.JPG,2023:02:20 10:53:23,-1.3373333333333333,36.72871388888889
1006,IMG_6355.JPG,2023:02:01 17:26:07,-1.2687944444444443,36.76914722222222
1007,IMG_0724.JPG,2023:02:20 10:52:37,-1.3368083333333332,36.72504722222222
1008,IMG_8378.JPG,2023:02:11 11:28:00,-1.275686111111111,37.007305555555554
1009,IMG_6433.JPG,2023:02:03 12:24:08,-1.3181444444444443,36.79146111111111
1010,IMG_8436.JPG,2023:02:11 11:34:21,-1.2790277777777777,37.042716666666664
1011,IMG_7705.JPG,2023:02:09 09:47:32,-1.3159305555555556,36.869122222222224
1012,IMG_8350.JPG,2023:02:11 11:24:43,-1.2700777777777776,36.99496111111111
1013,IMG_7063.JPG,2023:02:04 15:22:44,-1.299611111111111,36.78824722222222
1014,IMG_6369.JPG,2023:02:01 17:33:40,-1.2814388888888888,36.76956388888889
1015,IMG_0718.JPG,2023:02:20 10:51:56,-1.3362833333333333,36.71981944444445
1016,IMG_8344.JPG,2023:02:11 11:23:46,-1.2686944444444443,36.99271388888889
1017,IMG_7077.JPG,2023:02:04 15:23:03,-1.2995138888888889,36.789811111111106
1018,IMG_8422.JPG,2023:02:11 11:33:07,-1.2781277777777778,37.03363888888889
1019,IMG_7711.JPG,2023:02:09 09:47:50,-1.3150305555555557,36.869397222222226
1020,IMG_6180.JPG,2023:02:01 08:20:18,-1.3296222222222223,36.85480555555556
1021,IMG_6194.JPG,2023:02:01 08:58:49,-1.2994638888888888,36.820972222222224
1022,IMG_8191.JPG,2023:02:11 10:54:29,-1.312827777777778,36.92308611111111
1023,IMG_8185.JPG,2023:02:11 10:52:48,-1.3187638888888888,36.913444444444444
1024,IMG_7249.JPG,2023:02:05 11:54:20,-1.2784055555555556,36.804741666666665
1025,IMG_6157.JPG,2023:02:01 07:18:49,-1.3285888888888888,36.87954444444445
1026,IMG_7261.JPG,2023:02:05 11:55:10,-1.2783527777777777,36.80614444444444
1027,IMG_8152.JPG,2023:02:11 10:47:56,-1.3285416666666667,36.87979722222222
1028,IMG_7507.JPG,2023:02:08 09:19:52,-1.2458694444444445,36.81527222222222
1029,IMG_8634.JPG,2023:02:12 08:05:44,-1.2998527777777777,36.76589166666667
1030,IMG_7513.JPG,2023:02:08 09:34:30,-1.2379250000000002,36.8107
1031,IMG_8620.JPG,2023:02:12 08:02:42,-1.299561111111111,36.78963888888889
1032,IMG_7275.JPG,2023:02:05 11:55:44,-1.2816527777777778,36.80727222222222
1033,IMG_8146.JPG,2023:02:11 10:47:15,-1.3290444444444445,36.87629444444445
1034,IMG_7498.JPG,2023:02:08 09:19:04,-1.2481333333333333,36.81625277777778
1035,IMG_6976.JPG,2023:02:04 15:05:12,-1.3537805555555555,36.74856388888889
1036,IMG_6962.JPG,2023:02:04 14:59:11,-1.3705944444444444,36.74410555555556
1037,IMG_7329.JPG,2023:02:05 11:58:28,-1.2873722222222221,36.79868888888889
1038,IMG_6989.JPG,2023:02:04 15:08:01,-1.3524027777777778,36.75966666666667
1039,IMG_7315.JPG,2023:02:05 11:57:34,-1.2871777777777778,36.80137222222222
1040,IMG_8026.JPG,2023:02:11 10:29:21,-1.2976055555555555,36.795341666666666
1041,IMG_7473.JPG,2023:02:08 09:13:58,-1.2605472222222223,36.837563888888894
1042,IMG_8740.JPG,2023:02:12 10:13:12,-1.1073222222222223,36.23527777777778
1043,IMG_7467.JPG,2023:02:08 09:12:59,-1.2638972222222222,36.83736944444445
1044,IMG_7301.JPG,2023:02:05 11:57:02,-1.286636111111111,36.803863888888884
1045,IMG_8032.JPG,2023:02:11 10:29:47,-1.2973888888888887,36.79660833333333
1046,IMG_6590.JPG,2023:02:03 13:58:41,-1.2951416666666666,36.800286111111106
1047,IMG_7856.JPG,2023:02:09 12:47:25,-1.3133972222222223,36.87140277777778
1048,IMG_0687.JPG,2023:02:20 10:48:36,-1.312827777777778,36.72262222222223
1049,IMG_0693.JPG,2023:02:20 10:49:05,-1.3161583333333333,36.71886111111111
1050,IMG_6584.JPG,2023:02:03 13:58:15,-1.2948916666666666,36.79901388888889
1051,IMG_7842.JPG,2023:02:09 12:42:28,-1.312827777777778,36.87006944444445
1052,IMG_0863.JPG,2023:02:20 13:01:20,-1.3403944444444444,36.770375
1053,IMG_6553.JPG,2023:02:03 13:49:45,-1.2978666666666665,36.789963888888884
1054,IMG_8218.JPG,2023:02:11 11:00:17,-1.290447222222222,36.94735
1055,IMG_0644.JPG,2023:02:20 10:42:24,-1.3003805555555557,36.77246111111111
1056,IMG_6235.JPG,2023:02:01 14:14:41,-1.277411111111111,36.82137777777778
1057,IMG_0650.JPG,2023:02:20 10:43:10,-1.29995,36.76597777777778
1058,IMG_6221.JPG,2023:02:01 14:10:52,-1.2809972222222221,36.816538888888886
1059,IMG_6547.JPG,2023:02:03 13:49:25,-1.2979222222222222,36.78871111111111
1060,IMG_7659.JPG,2023:02:09 09:42:47,-1.3160361111111112,36.86210555555556
1061,IMG_8542.JPG,2023:02:11 12:11:05,-1.2662305555555555,36.98844722222222
1062,IMG_7671.JPG,2023:02:09 09:43:36,-1.3150194444444445,36.863125000000004
1063,IMG_8224.JPG,2023:02:11 11:00:45,-1.29015,36.94827222222222
1064,IMG_7117.JPG,2023:02:04 15:24:22,-1.2990027777777777,36.79697777777778
1065,IMG_0678.JPG,2023:02:20 10:47:47,-1.3081805555555557,36.73058888888889
1066,IMG_6209.JPG,2023:02:01 14:03:46,-1.295147222222222,36.80054722222222
1067,IMG_8230.JPG,2023:02:11 11:01:08,-1.2885666666666666,36.950783333333334
1068,IMG_7103.JPG,2023:02:04 15:23:43,-1.2993,36.79398611111111
1069,IMG_8556.JPG,2023:02:11 18:52:28,-1.281311111111111,36.815661111111105
1070,IMG_7665.JPG,2023:02:09 09:43:07,-1.3155777777777777,36.86261666666667
1071,IMG_7102.JPG,2023:02:04 15:23:42,-1.2993027777777777,36.79388055555555
1072,IMG_8231.JPG,2023:02:11 11:01:11,-1.288411111111111,36.95101944444445
1073,IMG_7664.JPG,2023:02:09 09:43:03,-1.3157166666666666,36.86248888888889
1074,IMG_8557.JPG,2023:02:11 18:52:32,-1.2811305555555554,36.816044444444444
1075,IMG_7670.JPG,2023:02:09 09:43:32,-1.3150555555555556,36.86308888888889
1076,IMG_8543.JPG,2023:02:11 12:11:30,-1.2659138888888888,36.987944444444445
1077,IMG_6208.JPG,2023:02:01 14:03:44,-1.2950916666666665,36.800488888888886
1078,IMG_0679.JPG,2023:02:20 10:48:02,-1.3088083333333334,36.72783611111111
1079,IMG_7116.JPG,2023:02:04 15:24:20,-1.299022222222222,36.79688611111111
1080,IMG_8225.JPG,2023:02:11 11:00:55,-1.2895333333333332,36.94923055555555
1081,IMG_6220.JPG,2023:02:01 14:10:46,-1.2813583333333334,36.81573888888889
1082,IMG_0651.JPG,2023:02:20 10:43:19,-1.2996888888888887,36.76494722222222
1083,IMG_7658.JPG,2023:02:09 09:42:45,-1.3161027777777778,36.862033333333336
1084,IMG_6546.JPG,2023:02:03 13:49:24,-1.2979222222222222,36.78861111111111
1085,IMG_6552.JPG,2023:02:03 13:49:42,-1.2978777777777777,36.78971388888889
1086,IMG_6234.JPG,2023:02:01 14:11:56,-1.2776999999999998,36.821088888888895
1087,IMG_0645.JPG,2023:02:20 10:42:33,-1.3004361111111111,36.771225
1088,IMG_8219.JPG,2023:02:11 11:00:21,-1.2904805555555554,36.947402777777775
1089,IMG_0876.JPG,2023:02:20 13:11:31,-1.3118305555555556,36.80605277777777
1090,IMG_0862.JPG,2023:02:20 13:01:08,-1.3408916666666666,36.76969166666667
1091,IMG_0692.JPG,2023:02:20 10:49:01,-1.3158694444444445,36.71896666666667
1092,IMG_7843.JPG,2023:02:09 12:42:29,-1.3128250000000001,36.870063888888886
1093,IMG_6585.JPG,2023:02:03 13:58:20,-1.2948388888888889,36.798877777777776
1094,IMG_7857.JPG,2023:02:09 12:47:29,-1.3133722222222222,36.87142222222222
1095,IMG_6591.JPG,2023:02:03 13:58:51,-1.2950888888888887,36.8003
1096,IMG_0686.JPG,2023:02:20 10:48:31,-1.3119972222222223,36.723480555555554
1097,IMG_7466.JPG,2023:02:08 09:12:56,-1.2641555555555555,36.83703611111111
1098,IMG_8033.JPG,2023:02:11 10:29:50,-1.2973555555555554,36.79673888888889
1099,IMG_7300.JPG,2023:02:05 11:57:00,-1.2865194444444443,36.80397222222222
1100,IMG_8027.JPG,2023:02:11 10:29:27,-1.2976027777777777,36.795538888888885
1101,IMG_7314.JPG,2023:02:05 11:57:32,-1.287236111111111,36.80157777777777
1102,IMG_8741.JPG,2023:02:12 10:16:00,-1.1048583333333335,36.21118055555556
1103,IMG_7472.JPG,2023:02:08 09:13:55,-1.2605944444444444,36.83763888888889
1104,IMG_7328.JPG,2023:02:05 11:58:23,-1.2871333333333332,36.79876111111111
1105,IMG_6988.JPG,2023:02:04 15:07:59,-1.3524194444444446,36.759475
1106,IMG_6963.JPG,2023:02:04 15:00:08,-1.3663055555555557,36.74359166666667
1107,IMG_6977.JPG,2023:02:04 15:05:13,-1.3537611111111112,36.748641666666664
1108,IMG_7499.JPG,2023:02:08 09:19:23,-1.247661111111111,36.81596944444444
1109,IMG_8621.JPG,2023:02:12 08:02:51,-1.2996555555555553,36.78816944444444
1110,IMG_7512.JPG,2023:02:08 09:34:29,-1.238013888888889,36.810672222222216
1111,IMG_8147.JPG,2023:02:11 10:47:18,-1.3290111111111111,36.87670833333333
1112,IMG_7274.JPG,2023:02:05 11:55:42,-1.2813861111111111,36.80725555555555
1113,IMG_8153.JPG,2023:02:11 10:48:04,-1.3284527777777777,36.88048611111111
1114,IMG_7260.JPG,2023:02:05 11:55:05,-1.278,36.806063888888886
1115,IMG_8635.JPG,2023:02:12 08:05:52,-1.2996638888888887,36.765075
1116,IMG_7506.JPG,2023:02:08 09:19:49,-1.2459416666666667,36.81529722222222
1117,IMG_6156.JPG,2023:02:01 07:18:40,-1.3288111111111112,36.87801388888889
1118,IMG_7248.JPG,2023:02:05 11:54:18,-1.2785194444444443,36.80457222222222
1119,IMG_8184.JPG,2023:02:11 10:52:39,-1.3185694444444445,36.912258333333334
1120,IMG_8190.JPG,2023:02:11 10:54:20,-1.3132722222222222,36.92301111111111
1121,IMG_6195.JPG,2023:02:01 08:58:51,-1.2994416666666666,36.82087777777778
1122,IMG_6181.JPG,2023:02:01 08:34:49,-1.3101888888888888,36.82884166666667
1123,IMG_7076.JPG,2023:02:04 15:23:01,-1.2995277777777776,36.78969166666666
1124,IMG_8345.JPG,2023:02:11 11:23:53,-1.268913888888889,36.99308055555556
1125,IMG_0719.JPG,2023:02:20 10:51:59,-1.336311111111111,36.720263888888894
1126,IMG_6368.JPG,2023:02:01 17:33:40,-1.2813833333333333,36.76958055555556
1127,IMG_7710.JPG,2023:02:09 09:47:46,-1.3151472222222222,36.86933888888889
1128,IMG_8423.JPG,2023:02:11 11:33:12,-1.2781722222222223,37.034099999999995
1129,IMG_7704.JPG,2023:02:09 09:47:29,-1.3159750000000001,36.86911111111111
1130,IMG_8437.JPG,2023:02:11 11:34:30,-1.2791472222222222,37.04378611111111
1131,IMG_7062.JPG,2023:02:04 15:22:44,-1.2995944444444443,36.788263888888885
1132,IMG_8351.JPG,2023:02:11 11:24:58,-1.270361111111111,36.99541388888889
1133,IMG_8379.JPG,2023:02:11 11:28:10,-1.2758055555555554,37.0085
1134,IMG_0725.JPG,2023:02:20 10:52:46,-1.3368694444444444,36.725525000000005
1135,IMG_6354.JPG,2023:02:01 17:26:05,-1.268561111111111,36.769169444444444
1136,IMG_6432.JPG,2023:02:03 12:05:56,-1.3186083333333334,36.79396944444444
1137,IMG_6426.JPG,2023:02:03 11:25:24,-1.3208305555555555,36.800605555555556
1138,IMG_7738.JPG,2023:02:09 09:49:31,-1.3143861111111113,36.87137222222222
1139,IMG_0731.JPG,2023:02:20 10:53:29,-1.3373972222222221,36.72922777777778
1140,IMG_6340.JPG,2023:02:01 17:15:49,-1.225538888888889,36.79026944444444
1141,IMG_0902.JPG,2023:02:20 16:10:43,-1.2934194444444442,36.793052777777774
1142,IMG_8386.JPG,2023:02:11 11:28:52,-1.276361111111111,37.014525
1143,IMG_0916.JPG,2023:02:20 16:15:02,-1.2942166666666666,36.796594444444445
1144,IMG_8392.JPG,2023:02:11 11:29:29,-1.2767805555555556,37.01900555555555
1145,IMG_7089.JPG,2023:02:04 15:23:23,-1.2993833333333331,36.79191111111111
1146,IMG_6383.JPG,2023:02:01 17:45:52,-1.2953888888888887,36.78398611111111
1147,IMG_6381.JPG,2023:02:01 17:42:33,-1.2926749999999998,36.776516666666666
1148,IMG_8384.JPG,2023:02:11 11:28:37,-1.276161111111111,37.012505555555556
1149,IMG_0900.JPG,2023:02:20 16:10:17,-1.2932888888888887,36.79230833333333
1150,IMG_8390.JPG,2023:02:11 11:29:13,-1.2765805555555554,37.016930555555554
1151,IMG_0914.JPG,2023:02:20 16:14:53,-1.2941194444444444,36.796105555555556
1152,IMG_6430.JPG,2023:02:03 12:05:53,-1.3186027777777778,36.793952777777776
1153,IMG_6356.JPG,2023:02:01 17:26:09,-1.2689583333333332,36.76903055555555
1154,IMG_0727.JPG,2023:02:20 10:53:00,-1.337011111111111,36.726480555555554
1155,IMG_7048.JPG,2023:02:04 15:18:23,-1.3118138888888888,36.79136944444444
1156,IMG_6342.JPG,2023:02:01 17:16:03,-1.2255611111111113,36.78843055555556
1157,IMG_0733.JPG,2023:02:20 10:53:38,-1.3375777777777778,36.7304
1158,IMG_8409.JPG,2023:02:11 11:30:34,-1.2774722222222221,37.0266
1159,IMG_7712.JPG,2023:02:09 09:47:54,-1.3148861111111112,36.86943055555555
1160,IMG_8421.JPG,2023:02:11 11:32:58,-1.2780305555555556,37.032575
1161,IMG_7074.JPG,2023:02:04 15:22:59,-1.29955,36.78935277777778
1162,IMG_8347.JPG,2023:02:11 11:24:04,-1.2692388888888888,36.993633333333335
1163,IMG_8353.JPG,2023:02:11 11:25:12,-1.2705527777777776,36.995730555555554
1164,IMG_7706.JPG,2023:02:09 09:47:36,-1.3156277777777778,36.869194444444446
1165,IMG_8435.JPG,2023:02:11 11:34:12,-1.2789,37.04141944444444
1166,IMG_6197.JPG,2023:02:01 09:00:22,-1.2940611111111109,36.81502777777777
1167,IMG_7289.JPG,2023:02:05 11:56:27,-1.2853138888888889,36.805141666666664
1168,IMG_6183.JPG,2023:02:01 08:35:04,-1.3100888888888889,36.828813888888895
1169,IMG_8186.JPG,2023:02:11 10:52:50,-1.3187805555555556,36.91372777777778
1170,IMG_8192.JPG,2023:02:11 10:54:33,-1.3127222222222223,36.92312777777777
1171,IMG_8179.JPG,2023:02:11 10:51:58,-1.3194944444444445,36.90694722222222
1172,IMG_6154.JPG,2023:02:01 07:18:37,-1.3288666666666666,36.87763888888889
1173,IMG_8145.JPG,2023:02:11 10:47:04,-1.3292166666666667,36.87493611111111
1174,IMG_7276.JPG,2023:02:05 11:55:46,-1.2819027777777776,36.80727777777778
1175,IMG_6168.JPG,2023:02:01 07:27:32,-1.3387777777777776,36.92157222222222
1176,IMG_8623.JPG,2023:02:12 08:03:22,-1.299811111111111,36.78384722222222
1177,IMG_7510.JPG,2023:02:08 09:33:27,-1.2384611111111112,36.81036944444444
1178,IMG_8637.JPG,2023:02:12 08:06:06,-1.2992638888888888,36.762969444444444
1179,IMG_7504.JPG,2023:02:08 09:19:45,-1.2461722222222222,36.81539166666666
1180,IMG_8151.JPG,2023:02:11 10:47:49,-1.3286055555555556,36.87936111111111
1181,IMG_7262.JPG,2023:02:05 11:55:11,-1.2784222222222221,36.80618333333333
1182,IMG_6949.JPG,2023:02:04 14:57:04,-1.3747694444444445,36.74618888888889
1183,IMG_6961.JPG,2023:02:04 14:59:10,-1.3706833333333333,36.744102777777776
1184,IMG_6975.JPG,2023:02:04 15:05:11,-1.3537750000000002,36.7485
1185,IMG_7458.JPG,2023:02:08 09:10:49,-1.2763694444444444,36.822722222222225
1186,IMG_8031.JPG,2023:02:11 10:29:45,-1.297411111111111,36.79656666666666
1187,IMG_7302.JPG,2023:02:05 11:57:05,-1.2867555555555554,36.80374444444444
1188,IMG_7464.JPG,2023:02:08 09:12:38,-1.2656944444444445,36.83522777777778
1189,IMG_8743.JPG,2023:02:12 10:26:32,-1.097986111111111,36.141102777777775
1190,IMG_7470.JPG,2023:02:08 09:13:43,-1.2610472222222222,36.83836388888889
1191,IMG_8025.JPG,2023:02:11 10:29:20,-1.2976055555555555,36.795341666666666
1192,IMG_7316.JPG,2023:02:05 11:57:35,-1.2871305555555554,36.80114444444444
1193,IMG_7699.JPG,2023:02:09 09:46:57,-1.3161333333333334,36.868319444444445
1194,IMG_6587.JPG,2023:02:03 13:58:25,-1.2948972222222221,36.79917222222222
1195,IMG_7841.JPG,2023:02:09 12:41:54,-1.3127,36.87007777777778
1196,IMG_0848.JPG,2023:02:20 12:51:32,-1.3805444444444446,36.770358333333334
1197,IMG_0690.JPG,2023:02:20 10:48:50,-1.3146944444444444,36.72027222222222
1198,IMG_0684.JPG,2023:02:20 10:48:20,-1.3106472222222223,36.725011111111115
1199,IMG_6593.JPG,2023:02:03 13:58:54,-1.2950416666666666,36.800441666666664
1200,IMG_7855.JPG,2023:02:09 12:47:21,-1.3134305555555557,36.87139444444445
1201,IMG_0874.JPG,2023:02:20 13:10:32,-1.3147805555555556,36.80941111111111
1202,IMG_0860.JPG,2023:02:20 13:00:15,-1.3437805555555555,36.76633888888889
1203,IMG_7869.JPG,2023:02:09 12:57:16,-1.313325,36.87177222222222
1204,IMG_6544.JPG,2023:02:03 13:49:15,-1.2979472222222221,36.78839166666666
1205,IMG_0653.JPG,2023:02:20 10:43:37,-1.2991083333333333,36.762077777777776
1206,IMG_6222.JPG,2023:02:01 14:10:54,-1.280861111111111,36.816833333333335
1207,IMG_7128.JPG,2023:02:04 15:25:33,-1.2970583333333332,36.80261944444444
1208,IMG_0647.JPG,2023:02:20 10:42:44,-1.3005111111111112,36.76968333333333
1209,IMG_6236.JPG,2023:02:01 14:14:42,-1.2773722222222221,36.82141111111112
1210,IMG_6550.JPG,2023:02:03 13:49:31,-1.2979083333333332,36.78906944444444
1211,IMG_6578.JPG,2023:02:03 13:54:30,-1.2939527777777777,36.79514722222222
1212,IMG_7666.JPG,2023:02:09 09:43:09,-1.3155527777777778,36.86264722222222
1213,IMG_8555.JPG,2023:02:11 18:52:25,-1.2814333333333332,36.81540555555555
1214,IMG_7100.JPG,2023:02:04 15:23:40,-1.299311111111111,36.793680555555554
1215,IMG_8233.JPG,2023:02:11 11:01:15,-1.288025,36.951633333333334
1216,IMG_7114.JPG,2023:02:04 15:24:13,-1.2991499999999998,36.79626944444444
1217,IMG_8227.JPG,2023:02:11 11:01:02,-1.2890972222222221,36.949930555555554
1218,IMG_7672.JPG,2023:02:09 09:43:38,-1.3149527777777779,36.86317777777778
1219,IMG_8541.JPG,2023:02:11 12:10:44,-1.2664861111111112,36.98893611111111
1220,IMG_8226.JPG,2023:02:11 11:00:56,-1.2894638888888887,36.94933888888889
1221,IMG_7115.JPG,2023:02:04 15:24:17,-1.2990777777777776,36.79660833333333
1222,IMG_8540.JPG,2023:02:11 12:10:29,-1.2667722222222222,36.98941111111111
1223,IMG_7673.JPG,2023:02:09 09:43:42,-1.3147916666666668,36.86327777777778
1224,IMG_8554.JPG,2023:02:11 18:51:47,-1.2817444444444444,36.81472222222222
1225,IMG_7667.JPG,2023:02:09 09:43:18,-1.3153805555555556,36.862811111111114
1226,IMG_6579.JPG,2023:02:03 13:54:31,-1.2939027777777776,36.795474999999996
1227,IMG_8232.JPG,2023:02:11 11:01:12,-1.2882527777777777,36.95126666666667
1228,IMG_7101.JPG,2023:02:04 15:23:41,-1.2993083333333333,36.79378055555556
1229,IMG_6237.JPG,2023:02:01 14:14:47,-1.2771777777777777,36.821622222222224
1230,IMG_0646.JPG,2023:02:20 10:42:38,-1.300475,36.77047777777778
1231,IMG_7129.JPG,2023:02:04 15:25:34,-1.2969055555555555,36.80260555555555
1232,IMG_6551.JPG,2023:02:03 13:49:36,-1.297897222222222,36.789325
1233,IMG_6545.JPG,2023:02:03 13:49:16,-1.2979444444444443,36.788444444444444
1234,IMG_6223.JPG,2023:02:01 14:10:56,-1.2807722222222222,36.81697777777778
1235,IMG_0652.JPG,2023:02:20 10:43:29,-1.2993805555555555,36.763466666666666
1236,IMG_0861.JPG,2023:02:20 13:00:42,-1.3422527777777777,36.76733888888889
1237,IMG_7868.JPG,2023:02:09 12:57:16,-1.3133194444444445,36.87177222222222
1238,IMG_0875.JPG,2023:02:20 13:11:30,-1.3120444444444446,36.80618333333333
1239,IMG_0685.JPG,2023:02:20 10:48:27,-1.311588888888889,36.7239
1240,IMG_7854.JPG,2023:02:09 12:46:36,-1.3130861111111112,36.87151111111111
1241,IMG_6592.JPG,2023:02:03 13:58:53,-1.2950722222222222,36.800330555555554
1242,IMG_7840.JPG,2023:02:09 12:41:51,-1.3127,36.870075
1243,IMG_6586.JPG,2023:02:03 13:58:21,-1.2948527777777776,36.798922222222224
1244,IMG_7698.JPG,2023:02:09 09:46:44,-1.3160972222222223,36.86807777777778
1245,IMG_0691.JPG,2023:02:20 10:48:58,-1.3155305555555556,36.71932777777778
1246,IMG_0849.JPG,2023:02:20 12:51:35,-1.380386111111111,36.77030277777778
1247,IMG_7471.JPG,2023:02:08 09:13:45,-1.2609805555555555,36.838255555555556
1248,IMG_8742.JPG,2023:02:12 10:26:31,-1.097986111111111,36.141102777777775
1249,IMG_7317.JPG,2023:02:05 11:57:37,-1.2870916666666665,36.800955555555554
1250,IMG_7303.JPG,2023:02:05 11:57:06,-1.2869,36.80363611111111
1251,IMG_8030.JPG,2023:02:11 10:29:35,-1.297561111111111,36.79597222222222
1252,IMG_7465.JPG,2023:02:08 09:12:40,-1.2656083333333332,36.835300000000004
1253,IMG_7459.JPG,2023:02:08 09:12:18,-1.267236111111111,36.83397777777778
1254,IMG_6974.JPG,2023:02:04 15:05:09,-1.3534333333333335,36.74834444444445
1255,IMG_6960.JPG,2023:02:04 14:59:09,-1.370761111111111,36.74410555555556
1256,IMG_6948.JPG,2023:02:04 14:57:04,-1.3748194444444444,36.74619722222222
1257,IMG_7505.JPG,2023:02:08 09:19:48,-1.2460333333333333,36.81533888888889
1258,IMG_8636.JPG,2023:02:12 08:05:58,-1.299511111111111,36.76423333333334
1259,IMG_7263.JPG,2023:02:05 11:55:13,-1.2784916666666666,36.806216666666664
1260,IMG_8150.JPG,2023:02:11 10:47:39,-1.3286722222222223,36.87898333333333
1261,IMG_6169.JPG,2023:02:01 07:27:35,-1.338411111111111,36.922061111111105
1262,IMG_7277.JPG,2023:02:05 11:55:48,-1.2821527777777777,36.80727777777778
1263,IMG_8144.JPG,2023:02:11 10:46:59,-1.3293305555555555,36.874122222222226
1264,IMG_8622.JPG,2023:02:12 08:02:57,-1.2996777777777777,36.78737777777778
1265,IMG_6155.JPG,2023:02:01 07:18:38,-1.3288666666666666,36.87763888888889
1266,IMG_8178.JPG,2023:02:11 10:51:50,-1.32005,36.90601111111111
1267,IMG_8193.JPG,2023:02:11 10:55:19,-1.3110027777777777,36.92798888888888
1268,IMG_8187.JPG,2023:02:11 10:54:10,-1.3139472222222222,36.92258888888889
1269,IMG_6182.JPG,2023:02:01 08:34:50,-1.310186111111111,36.82884166666667
1270,IMG_7288.JPG,2023:02:05 11:56:21,-1.284822222222222,36.80553055555555
1271,IMG_6196.JPG,2023:02:01 08:59:27,-1.296836111111111,36.81860555555556
1272,IMG_8352.JPG,2023:02:11 11:25:07,-1.2704527777777777,36.995561111111115
1273,IMG_7061.JPG,2023:02:04 15:22:42,-1.2995138888888889,36.78847777777778
1274,IMG_8434.JPG,2023:02:11 11:34:08,-1.278836111111111,37.04085555555555
1275,IMG_7707.JPG,2023:02:09 09:47:37,-1.3155527777777778,36.86921666666667
1276,IMG_8420.JPG,2023:02:11 11:32:49,-1.2779361111111112,37.03154722222222
1277,IMG_7713.JPG,2023:02:09 09:48:01,-1.3145777777777778,36.86955555555556
1278,IMG_8346.JPG,2023:02:11 11:24:02,-1.2691861111111111,36.99352777777778
1279,IMG_7075.JPG,2023:02:04 15:23:00,-1.2995305555555554,36.78957222222222
1280,IMG_0732.JPG,2023:02:20 10:53:34,-1.3374888888888887,36.72982777777778
1281,IMG_6343.JPG,2023:02:01 17:16:03,-1.225563888888889,36.78830555555555
1282,IMG_8408.JPG,2023:02:11 11:30:30,-1.2774388888888888,37.026263888888884
1283,IMG_6431.JPG,2023:02:03 12:05:55,-1.3186055555555556,36.79396944444444
1284,IMG_7049.JPG,2023:02:04 15:18:25,-1.3117416666666668,36.79134444444444
1285,IMG_0726.JPG,2023:02:20 10:52:53,-1.336938888888889,36.726036111111114
1286,IMG_6357.JPG,2023:02:01 17:26:59,-1.2713194444444444,36.76804444444444
1287,IMG_0915.JPG,2023:02:20 16:14:58,-1.2941916666666666,36.796363888888884
1288,IMG_8391.JPG,2023:02:11 11:29:19,-1.2766555555555554,37.01775833333333
1289,IMG_0901.JPG,2023:02:20 16:10:26,-1.293336111111111,36.792513888888884
1290,IMG_8385.JPG,2023:02:11 11:28:42,-1.2762361111111111,37.013222222222225
1291,IMG_6380.JPG,2023:02:01 17:42:19,-1.2927138888888887,36.77519722222222
1292,IMG_8381.JPG,2023:02:11 11:28:24,-1.2759944444444444,37.010577777777776
1293,IMG_0905.JPG,2023:02:20 16:11:24,-1.2935138888888889,36.79345277777777
1294,IMG_8395.JPG,2023:02:11 11:29:48,-1.277013888888889,37.02160277777778
1295,IMG_0911.JPG,2023:02:20 16:14:35,-1.293972222222222,36.795497222222224
1296,IMG_6390.JPG,2023:02:01 17:57:51,-1.296486111111111,36.79431388888889
1297,IMG_6384.JPG,2023:02:01 17:45:54,-1.2953472222222222,36.78398611111111
1298,IMG_7071.JPG,2023:02:04 15:22:56,-1.2995472222222222,36.789119444444445
1299,IMG_8342.JPG,2023:02:11 11:23:23,-1.2682222222222221,36.99191666666667
1300,IMG_7717.JPG,2023:02:09 09:48:11,-1.3142722222222223,36.86964444444445
1301,IMG_8424.JPG,2023:02:11 11:33:19,-1.2782194444444444,37.034619444444445
1302,IMG_7703.JPG,2023:02:09 09:47:27,-1.3159944444444445,36.86910555555556
1303,IMG_8430.JPG,2023:02:11 11:34:03,-1.2787583333333332,37.04015833333333
1304,IMG_7065.JPG,2023:02:04 15:22:46,-1.2996055555555555,36.78828611111111
1305,IMG_8356.JPG,2023:02:11 11:25:27,-1.270836111111111,36.99619722222222
1306,IMG_6353.JPG,2023:02:01 17:23:34,-1.2621583333333333,36.77413611111111
1307,IMG_0722.JPG,2023:02:20 10:52:16,-1.3364583333333333,36.722519444444444
1308,IMG_8418.JPG,2023:02:11 11:32:35,-1.2778138888888888,37.03032777777778
1309,IMG_6435.JPG,2023:02:03 12:32:19,-1.3156527777777778,36.79025277777777
1310,IMG_6347.JPG,2023:02:01 17:19:14,-1.2502166666666668,36.77632777777778
1311,IMG_7059.JPG,2023:02:04 15:21:32,-1.2998638888888887,36.788180555555556
1312,IMG_0736.JPG,2023:02:20 10:53:59,-1.3379305555555554,36.732955555555556
1313,IMG_8183.JPG,2023:02:11 10:52:30,-1.3184277777777778,36.911055555555556
1314,IMG_8197.JPG,2023:02:11 10:55:50,-1.3082972222222222,36.93248055555555
1315,IMG_6192.JPG,2023:02:01 08:58:34,-1.2996166666666666,36.82211111111111
1316,IMG_6186.JPG,2023:02:01 08:53:26,-1.3004777777777778,36.82421111111111
1317,IMG_7298.JPG,2023:02:05 11:56:55,-1.2864805555555554,36.804316666666665
1318,IMG_8626.JPG,2023:02:12 08:04:11,-1.3000972222222222,36.77860277777778
1319,IMG_7515.JPG,2023:02:08 09:34:33,-1.2377805555555557,36.81076944444444
1320,0FD7388B-AD74-4B8E-A0BF-6DD3DD5AEF9C.JPG,2023:01:29 23:20:30,,
1321,IMG_8140.JPG,2023:02:11 10:46:44,-1.3295777777777777,36.872280555555555
1322,IMG_7273.JPG,2023:02:05 11:55:41,-1.2811333333333332,36.80724444444444
1323,IMG_8154.JPG,2023:02:11 10:48:12,-1.3283833333333332,36.88120277777778
1324,IMG_7267.JPG,2023:02:05 11:55:24,-1.2793583333333334,36.80689722222222
1325,IMG_6179.JPG,2023:02:01 08:20:17,-1.3297777777777777,36.85509444444445
1326,IMG_8632.JPG,2023:02:12 08:05:28,-1.300138888888889,36.76727777777778
1327,IMG_7501.JPG,2023:02:08 09:19:38,-1.2466861111111112,36.815597222222216
1328,IMG_6151.JPG,2023:02:01 07:18:19,-1.3293777777777778,36.874375
1329,IMG_8168.JPG,2023:02:11 10:50:17,-1.3273305555555555,36.89420277777778
1330,IMG_6964.JPG,2023:02:04 15:00:10,-1.3659444444444446,36.743630555555555
1331,IMG_6970.JPG,2023:02:04 15:03:41,-1.3568250000000002,36.74666111111111
1332,IMG_6958.JPG,2023:02:04 14:58:56,-1.3714861111111112,36.74418611111111
1333,IMG_7461.JPG,2023:02:08 09:12:25,-1.2665694444444444,36.834408333333336
1334,IMG_8034.JPG,2023:02:11 10:29:55,-1.2972777777777778,36.79708888888889
1335,IMG_7307.JPG,2023:02:05 11:57:19,-1.2875638888888887,36.80291111111111
1336,IMG_7313.JPG,2023:02:05 11:57:29,-1.2872999999999999,36.80181944444444
1337,IMG_7475.JPG,2023:02:08 09:14:21,-1.2597472222222221,36.83630277777778
1338,IMG_0871.JPG,2023:02:20 13:09:36,-1.3127777777777778,36.815302777777774
1339,IMG_7878.JPG,2023:02:09 13:01:52,-1.3133777777777778,36.87139722222222
1340,IScommercial.JPG,2023:02:09 09:43:07,-1.3155777777777777,36.86261666666667
1341,IMG_0695.JPG,2023:02:20 10:49:13,-1.3168305555555555,36.71879444444445
1342,IMG_7844.JPG,2023:02:09 12:42:30,-1.3128222222222223,36.87006944444445
1343,IMG_6582.JPG,2023:02:03 13:54:52,-1.2940944444444444,36.79584444444444
1344,IMG_7688.JPG,2023:02:09 09:45:36,-1.3159694444444445,36.86620277777778
1345,IMG_7850.JPG,2023:02:09 12:45:44,-1.3131694444444444,36.87131388888889
1346,IMG_0859.JPG,2023:02:20 12:59:21,-1.346386111111111,36.76501944444444
1347,IMG_0681.JPG,2023:02:20 10:48:05,-1.3093833333333333,36.72719166666667
1348,IMG_7105.JPG,2023:02:04 15:23:47,-1.2993027777777777,36.79441944444444
1349,IMG_8236.JPG,2023:02:11 11:01:23,-1.287522222222222,36.95245555555556
1350,IMG_7663.JPG,2023:02:09 09:43:01,-1.315763888888889,36.86244166666667
1351,IMG_8550.JPG,2023:02:11 18:51:26,-1.2824694444444444,36.81424722222222
1352,IMG_6569.JPG,2023:02:03 13:52:46,-1.296072222222222,36.79532222222222
1353,IMG_7677.JPG,2023:02:09 09:44:23,-1.3154527777777778,36.864355555555555
1354,IMG_8544.JPG,2023:02:11 12:19:53,-1.2636666666666667,36.98112777777778
1355,IMG_7111.JPG,2023:02:04 15:24:08,-1.2992138888888887,36.795922222222224
1356,IMG_8222.JPG,2023:02:11 11:00:34,-1.2904027777777776,36.947827777777775
1357,IMG_0656.JPG,2023:02:20 10:46:41,-1.3061222222222222,36.7411
1358,IMG_7139.JPG,2023:02:05 10:31:26,-1.296361111111111,36.79534722222222
1359,IMG_6227.JPG,2023:02:01 14:11:19,-1.2796138888888888,36.81994166666667
1360,IMG_6541.JPG,2023:02:03 13:49:05,-1.2979749999999999,36.78811944444444
1361,IMG_6555.JPG,2023:02:03 13:50:05,-1.2977944444444443,36.79120277777778
1362,IMG_0642.JPG,2023:02:20 10:42:08,-1.300313888888889,36.77413055555555
1363,IMG_6233.JPG,2023:02:01 14:11:51,-1.2778138888888888,36.82091388888889
1364,IMG_6554.JPG,2023:02:03 13:49:55,-1.2978277777777776,36.79053888888889
1365,IMG_6232.JPG,2023:02:01 14:11:48,-1.277986111111111,36.82071388888889
1366,IMG_0643.JPG,2023:02:20 10:42:16,-1.3003333333333333,36.773405555555556
1367,IMG_6226.JPG,2023:02:01 14:11:06,-1.2799138888888888,36.818580555555556
1368,IMG_0657.JPG,2023:02:20 10:46:43,-1.306213888888889,36.74065
1369,IMG_6540.JPG,2023:02:03 13:49:02,-1.2980555555555555,36.788075
1370,IMG_8545.JPG,2023:02:11 12:19:54,-1.2636666666666667,36.98112777777778
1371,IMG_7676.JPG,2023:02:09 09:44:20,-1.3154777777777777,36.86430555555555
1372,IMG_6568.JPG,2023:02:03 13:52:34,-1.2967194444444443,36.79543333333333
1373,IMG_8223.JPG,2023:02:11 11:00:41,-1.2902833333333332,36.948024999999994
1374,IMG_7110.JPG,2023:02:04 15:24:01,-1.299236111111111,36.795763888888885
1375,IMG_8237.JPG,2023:02:11 11:01:24,-1.2874472222222222,36.95257222222222
1376,IMG_7104.JPG,2023:02:04 15:23:45,-1.2993027777777777,36.79420277777778
1377,IMG_8551.JPG,2023:02:11 18:51:29,-1.2821583333333333,36.814322222222216
1378,IMG_7662.JPG,2023:02:09 09:42:58,-1.315838888888889,36.86235
1379,IMG_7851.JPG,2023:02:09 12:45:46,-1.313125,36.87136111111111
1380,IMG_7689.JPG,2023:02:09 09:45:47,-1.3159833333333333,36.86629444444445
1381,IMG_0680.JPG,2023:02:20 10:48:02,-1.3089555555555556,36.727672222222225
1382,IMG_0858.JPG,2023:02:20 12:55:32,-1.3584027777777778,36.76255
1383,IMG_0694.JPG,2023:02:20 10:49:09,-1.316438888888889,36.71885277777778
1384,IMG_6583.JPG,2023:02:03 13:54:52,-1.294097222222222,36.79586944444444
1385,IMG_7845.JPG,2023:02:09 12:42:52,-1.3128388888888889,36.870152777777776
1386,IMG_0864.JPG,2023:02:20 13:01:36,-1.3397999999999999,36.77118611111111
1387,IMG_0870.JPG,2023:02:20 13:09:20,-1.3136611111111112,36.81527222222222
1388,IMG_7312.JPG,2023:02:05 11:57:27,-1.2873472222222222,36.80204722222222
1389,IMG_7474.JPG,2023:02:08 09:14:09,-1.260238888888889,36.83707777777778
1390,IMG_7460.JPG,2023:02:08 09:12:20,-1.2671305555555554,36.83401944444444
1391,IMG_7306.JPG,2023:02:05 11:57:16,-1.2875527777777778,36.80308611111111
1392,IMG_8035.JPG,2023:02:11 10:30:03,-1.2971972222222221,36.797419444444444
1393,IMG_6959.JPG,2023:02:04 14:58:56,-1.3714444444444445,36.74415555555556
1394,IMG_6971.JPG,2023:02:04 15:03:42,-1.3567805555555557,36.74666666666667
1395,IMG_6965.JPG,2023:02:04 15:01:19,-1.3644861111111113,36.74579722222222
1396,river2.JPG,2023:02:09 12:38:45,-1.3121027777777778,36.87036111111111
1397,IMG_8169.JPG,2023:02:11 10:50:22,-1.3269222222222221,36.89486111111111
1398,IMG_6150.JPG,2023:02:01 07:18:16,-1.3294388888888888,36.87395277777778
1399,IMG_6178.JPG,2023:02:01 08:20:16,-1.3298555555555556,36.855247222222225
1400,IMG_7266.JPG,2023:02:05 11:55:20,-1.2791027777777777,36.80670555555555
1401,IMG_8155.JPG,2023:02:11 10:48:34,-1.3284472222222221,36.883377777777774
1402,IMG_7500.JPG,2023:02:08 09:19:24,-1.2476277777777778,36.815952777777774
1403,IMG_8633.JPG,2023:02:12 08:05:35,-1.300013888888889,36.76679166666666
1404,IMG_7514.JPG,2023:02:08 09:34:32,-1.2378833333333334,36.810713888888884
1405,IMG_8627.JPG,2023:02:12 08:04:17,-1.3001166666666668,36.77807222222222
1406,IMG_7272.JPG,2023:02:05 11:55:35,-1.2804083333333334,36.80721666666666
1407,IMG_8141.JPG,2023:02:11 10:46:50,-1.3294805555555556,36.87306111111111
1408,IMG_7299.JPG,2023:02:05 11:56:56,-1.286411111111111,36.80418888888889
1409,IMG_6187.JPG,2023:02:01 08:58:17,-1.2998777777777777,36.823505555555556
1410,IMG_6193.JPG,2023:02:01 08:58:41,-1.299522222222222,36.82157777777778
1411,IMG_8196.JPG,2023:02:11 10:55:49,-1.3085916666666668,36.93223611111111
1412,IMG_8182.JPG,2023:02:11 10:52:27,-1.3184111111111112,36.91051111111111
1413,IMG_0737.JPG,2023:02:20 10:54:03,-1.337997222222222,36.73335277777778
1414,IMG_7058.JPG,2023:02:04 15:21:31,-1.2998638888888887,36.788180555555556
1415,IMG_6346.JPG,2023:02:01 17:18:50,-1.2472527777777778,36.77809722222222
1416,IMG_0723.JPG,2023:02:20 10:52:21,-1.3365555555555555,36.72318611111111
1417,IMG_6352.JPG,2023:02:01 17:20:12,-1.2572472222222222,36.77455277777778
1418,IMG_6434.JPG,2023:02:03 12:24:10,-1.3174222222222223,36.79191111111111
1419,IMG_8419.JPG,2023:02:11 11:32:42,-1.2778666666666667,37.03092222222222
1420,IMG_8431.JPG,2023:02:11 11:34:04,-1.2787722222222222,37.04029444444444
1421,IMG_7702.JPG,2023:02:09 09:47:20,-1.3162111111111112,36.86907222222222
1422,IMG_8357.JPG,2023:02:11 11:25:30,-1.2708833333333334,36.99628611111111
1423,IMG_7064.JPG,2023:02:04 15:22:45,-1.2996055555555555,36.78828611111111
1424,IMG_8343.JPG,2023:02:11 11:23:35,-1.2684499999999999,36.99231388888889
1425,IMG_7070.JPG,2023:02:04 15:22:56,-1.2995527777777776,36.78903611111111
1426,IMG_8425.JPG,2023:02:11 11:33:30,-1.278311111111111,37.035624999999996
1427,IMG_7716.JPG,2023:02:09 09:48:10,-1.314352777777778,36.869625
1428,IMG_6385.JPG,2023:02:01 17:48:52,-1.2950277777777777,36.787588888888884
1429,IMG_0910.JPG,2023:02:20 16:14:31,-1.2939194444444444,36.795477777777776
1430,IMG_8394.JPG,2023:02:11 11:29:46,-1.2769861111111112,37.02131388888889
1431,IMG_0904.JPG,2023:02:20 16:11:20,-1.293497222222222,36.79335277777778
1432,IMG_8380.JPG,2023:02:11 11:28:20,-1.2759361111111112,37.00998611111111
1433,IMG_8396.JPG,2023:02:11 11:29:50,-1.2770277777777777,37.02175
1434,IMG_0912.JPG,2023:02:20 16:14:39,-1.2940277777777776,36.79561111111111
1435,IMG_8382.JPG,2023:02:11 11:28:29,-1.276061111111111,37.01135
1436,IMG_0906.JPG,2023:02:20 16:11:42,-1.2935833333333333,36.79382777777778
1437,IMG_7099.JPG,2023:02:04 15:23:39,-1.299322222222222,36.79358611111111
1438,IMG_6387.JPG,2023:02:01 17:49:21,-1.2951,36.78760277777778
1439,IMG_6378.JPG,2023:02:01 17:42:15,-1.2925972222222222,36.77473888888889
1440,IMG_8355.JPG,2023:02:11 11:25:23,-1.2706972222222221,36.995975
1441,IMG_7066.JPG,2023:02:04 15:22:47,-1.2995861111111109,36.78833888888889
1442,IMG_0709.JPG,2023:02:20 10:50:53,-1.3310027777777778,36.71656388888889
1443,IMG_8433.JPG,2023:02:11 11:34:06,-1.2788027777777777,37.040572222222224
1444,IMG_7700.JPG,2023:02:09 09:46:59,-1.3161472222222224,36.86843611111111
1445,IMG_8427.JPG,2023:02:11 11:33:47,-1.2785305555555555,37.037997222222224
1446,IMG_7714.JPG,2023:02:09 09:48:06,-1.314452777777778,36.869597222222225
1447,IMG_8341.JPG,2023:02:11 11:23:11,-1.2680749999999998,36.99165555555555
1448,IMG_7072.JPG,2023:02:04 15:22:57,-1.2995388888888888,36.78923333333333
1449,IMG_6344.JPG,2023:02:01 17:16:17,-1.226563888888889,36.78726944444444
1450,IMG_8369.JPG,2023:02:11 11:26:59,-1.2743805555555554,37.00199166666667
1451,IMG_0735.JPG,2023:02:20 10:53:51,-1.3378305555555554,36.73213055555556
1452,IMG_7728.JPG,2023:02:09 09:49:09,-1.3142083333333334,36.87049444444445
1453,IMG_6436.JPG,2023:02:03 12:32:19,-1.31565,36.79024722222222
1454,IMG_6350.JPG,2023:02:01 17:19:31,-1.2531,36.77592222222222
1455,IMG_0721.JPG,2023:02:20 10:52:11,-1.3364277777777778,36.72195555555556
1456,IMG_8194.JPG,2023:02:11 10:55:29,-1.3105333333333333,36.92952222222222
1457,IMG_8180.JPG,2023:02:11 10:52:13,-1.3185944444444444,36.908875
1458,IMG_6185.JPG,2023:02:01 08:53:25,-1.3004777777777778,36.82421111111111
1459,IMG_6191.JPG,2023:02:01 08:58:28,-1.2997638888888887,36.82260555555556
1460,IMG_7502.JPG,2023:02:08 09:19:39,-1.2466861111111112,36.815597222222216
1461,IMG_8631.JPG,2023:02:12 08:05:19,-1.3003694444444445,36.768388888888886
1462,IMG_7264.JPG,2023:02:05 11:55:16,-1.2787777777777778,36.80645277777778
1463,IMG_8157.JPG,2023:02:11 10:49:02,-1.3293666666666666,36.885438888888885
1464,IMG_7270.JPG,2023:02:05 11:55:30,-1.2799944444444444,36.80716388888889
1465,IMG_8143.JPG,2023:02:11 10:46:55,-1.329411111111111,36.87358888888889
1466,IMG_7516.JPG,2023:02:08 09:34:37,-1.2375861111111113,36.810824999999994
1467,IMG_8625.JPG,2023:02:12 08:03:40,-1.299958333333333,36.780699999999996
1468,IMG_7258.JPG,2023:02:05 11:55:00,-1.2777222222222222,36.806013888888884
1469,IMG_6152.JPG,2023:02:01 07:18:26,-1.3292027777777777,36.87561388888889
1470,IMG_8619.JPG,2023:02:12 08:02:34,-1.2994999999999999,36.79088888888889
1471,IMG_6973.JPG,2023:02:04 15:04:13,-1.354588888888889,36.746575
1472,IMG_6967.JPG,2023:02:04 15:01:28,-1.3642861111111113,36.74660277777778
1473,IMG_7489.JPG,2023:02:08 09:18:25,-1.2491805555555555,36.81965277777778
1474,IMG_7476.JPG,2023:02:08 09:14:23,-1.2597305555555556,36.836261111111114
1475,IMG_7310.JPG,2023:02:05 11:57:23,-1.28745,36.80244722222222
1476,IMG_7304.JPG,2023:02:05 11:57:12,-1.2873666666666665,36.803352777777775
1477,IMG_8037.JPG,2023:02:11 10:30:15,-1.2971277777777777,36.797863888888884
1478,IMG_7462.JPG,2023:02:08 09:12:26,-1.266475,36.83448333333334
1479,IMG_7338.JPG,2023:02:05 11:58:41,-1.2887277777777777,36.79835555555555
1480,IMG_6998.JPG,2023:02:04 15:09:24,-1.3488138888888888,36.76462222222222
1481,IMG_0866.JPG,2023:02:20 13:08:05,-1.3203305555555556,36.80848333333333
1482,IMG_0872.JPG,2023:02:20 13:09:57,-1.3135333333333334,36.81335833333333
1483,IMG_0682.JPG,2023:02:20 10:48:10,-1.3098694444444445,36.726552777777776
1484,IMG_7853.JPG,2023:02:09 12:46:04,-1.3130722222222222,36.87148888888889
1485,IMG_6595.JPG,2023:02:03 13:58:59,-1.2952055555555555,36.80058333333333
1486,IMG_7847.JPG,2023:02:09 12:44:09,-1.3128694444444444,36.87079166666667
1487,IMG_6581.JPG,2023:02:03 13:54:49,-1.2940805555555555,36.79577777777778
1488,IMG_0696.JPG,2023:02:20 10:49:18,-1.3175583333333334,36.71867777777778
1489,IMG_8221.JPG,2023:02:11 11:00:29,-1.2905138888888887,36.94754722222222
1490,IMG_7112.JPG,2023:02:04 15:24:09,-1.299211111111111,36.795963888888885
1491,IMG_7674.JPG,2023:02:09 09:43:54,-1.3148611111111113,36.86362777777778
1492,IMG_8553.JPG,2023:02:11 18:51:37,-1.281872222222222,36.814655555555554
1493,IMG_7660.JPG,2023:02:09 09:42:51,-1.3159555555555555,36.862205555555555
1494,IMG_0669.JPG,2023:02:20 10:47:21,-1.3077194444444444,36.73476111111111
1495,IMG_8235.JPG,2023:02:11 11:01:18,-1.2878138888888888,36.95198055555556
1496,IMG_7106.JPG,2023:02:04 15:23:50,-1.2993055555555555,36.79465277777778
1497,IMG_6218.JPG,2023:02:01 14:10:40,-1.2815416666666666,36.81502777777777
1498,IMG_0641.JPG,2023:02:20 10:42:01,-1.2999944444444442,36.774338888888884
1499,IMG_6230.JPG,2023:02:01 14:11:33,-1.2790777777777778,36.82060555555556
1500,IMG_0899.JPG,2023:02:20 16:10:09,-1.293222222222222,36.79212222222222
1501,IMG_6556.JPG,2023:02:03 13:50:22,-1.2977416666666666,36.791866666666664
1502,IMG_7648.JPG,2023:02:09 09:41:49,-1.3148527777777779,36.85962222222222
1503,IMG_6542.JPG,2023:02:03 13:49:07,-1.2979694444444443,36.78813888888889
1504,IMG_0655.JPG,2023:02:20 10:46:38,-1.3060583333333333,36.74140555555556
1505,IMG_8209.JPG,2023:02:11 10:57:50,-1.2924055555555554,36.944736111111105
1506,IMG_6224.JPG,2023:02:01 14:11:01,-1.2803,36.81789444444445
1507,IMG_6543.JPG,2023:02:03 13:49:08,-1.2979694444444443,36.78814444444444
1508,IMG_6225.JPG,2023:02:01 14:11:06,-1.2799777777777777,36.81846111111111
1509,IMG_8208.JPG,2023:02:11 10:57:49,-1.2924222222222221,36.944716666666665
1510,IMG_0654.JPG,2023:02:20 10:43:45,-1.2990277777777777,36.761544444444446
1511,IMG_0898.JPG,2023:02:20 16:10:01,-1.2931805555555553,36.791777777777774
1512,IMG_6231.JPG,2023:02:01 14:11:35,-1.2789805555555556,36.82056111111111
1513,IMG_0640.JPG,2023:02:20 10:41:05,-1.2996305555555554,36.774344444444445
1514,IMG_7649.JPG,2023:02:09 09:42:04,-1.3150777777777778,36.86058611111111
1515,IMG_6557.JPG,2023:02:03 13:50:25,-1.297772222222222,36.79203888888889
1516,IMG_7661.JPG,2023:02:09 09:42:56,-1.315877777777778,36.86230555555556
1517,IMG_8552.JPG,2023:02:11 18:51:30,-1.2820916666666666,36.81442222222222
1518,IMG_6219.JPG,2023:02:01 14:10:45,-1.2814166666666666,36.815619444444444
1519,IMG_7107.JPG,2023:02:04 15:23:55,-1.2992777777777778,36.795338888888885
1520,IMG_8234.JPG,2023:02:11 11:01:17,-1.287886111111111,36.95186666666667
1521,IMG_0668.JPG,2023:02:20 10:47:17,-1.3075944444444445,36.73518333333333
1522,IMG_7113.JPG,2023:02:04 15:24:11,-1.2991777777777778,36.79612777777778
1523,IMG_8220.JPG,2023:02:11 11:00:24,-1.2904944444444444,36.947469444444444
1524,IMG_7675.JPG,2023:02:09 09:43:57,-1.314936111111111,36.863772222222224
1525,IMG_6580.JPG,2023:02:03 13:54:38,-1.2940194444444444,36.79554722222222
1526,IMG_7846.JPG,2023:02:09 12:42:57,-1.3128305555555555,36.87018888888889
1527,IMG_0697.JPG,2023:02:20 10:49:24,-1.3183805555555554,36.71853333333333
1528,IMG_0683.JPG,2023:02:20 10:48:13,-1.3101194444444444,36.72606388888889
1529,IMG_6594.JPG,2023:02:03 13:58:57,-1.295175,36.80056944444444
1530,IMG_7852.JPG,2023:02:09 12:45:51,-1.3130694444444444,36.87144166666667
1531,IMG_0873.JPG,2023:02:20 13:10:20,-1.3144583333333333,36.81083611111111
1532,IMG_0867.JPG,2023:02:20 13:08:33,-1.3176916666666667,36.81207777777777
1533,IMG_7339.JPG,2023:02:05 11:58:45,-1.2890083333333333,36.79828611111111
1534,IMG_6999.JPG,2023:02:04 15:10:03,-1.346786111111111,36.76562777777778
1535,IMG_8036.JPG,2023:02:11 10:30:06,-1.2972,36.79753611111111
1536,IMG_7305.JPG,2023:02:05 11:57:15,-1.2874805555555555,36.803238888888885
1537,IMG_7463.JPG,2023:02:08 09:12:27,-1.2663916666666666,36.83455277777778
1538,IMG_7477.JPG,2023:02:08 09:14:50,-1.2581555555555555,36.83406388888889
1539,IMG_7311.JPG,2023:02:05 11:57:25,-1.2873916666666665,36.80225833333333
1540,IMG_7488.JPG,2023:02:08 09:17:23,-1.2516277777777778,36.82451944444445
1541,IMG_6966.JPG,2023:02:04 15:01:28,-1.3643083333333335,36.746525
1542,IMG_6972.JPG,2023:02:04 15:04:11,-1.3547444444444445,36.746475000000004
1543,IMG_6153.JPG,2023:02:01 07:18:33,-1.3290277777777777,36.87668055555556
1544,IMG_8618.JPG,2023:02:12 08:02:31,-1.2995083333333333,36.79134722222222
1545,IMG_7259.JPG,2023:02:05 11:55:02,-1.2777888888888889,36.80604444444444
1546,IMG_8142.JPG,2023:02:11 10:46:52,-1.3294666666666666,36.87318888888889
1547,IMG_7271.JPG,2023:02:05 11:55:32,-1.2800972222222222,36.807174999999994
1548,IMG_8624.JPG,2023:02:12 08:03:29,-1.2998777777777777,36.78256111111111
1549,IMG_7517.JPG,2023:02:08 09:34:38,-1.237463888888889,36.81086666666666
1550,IMG_8630.JPG,2023:02:12 08:05:14,-1.3005027777777778,36.76914722222222
1551,IMG_7503.JPG,2023:02:08 09:19:40,-1.2466055555555555,36.815577777777776
1552,IMG_8156.JPG,2023:02:11 10:48:45,-1.3285722222222223,36.884077777777776
1553,IMG_7265.JPG,2023:02:05 11:55:17,-1.2788555555555554,36.80651388888889
1554,IMG_6190.JPG,2023:02:01 08:58:26,-1.2998138888888888,36.82277222222223
1555,IMG_6184.JPG,2023:02:01 08:35:20,-1.3099722222222223,36.82873611111111
1556,IMG_8181.JPG,2023:02:11 10:52:20,-1.3184694444444445,36.909591666666664
1557,IMG_8195.JPG,2023:02:11 10:55:31,-1.3103944444444444,36.92984444444444
1558,IMG_6437.JPG,2023:02:03 12:39:02,-1.3155722222222224,36.78991388888889
1559,IMG_7729.JPG,2023:02:09 09:49:10,-1.3142194444444444,36.87057222222222
1560,IMG_0720.JPG,2023:02:20 10:52:06,-1.3363805555555555,36.72121111111111
1561,IMG_6351.JPG,2023:02:01 17:19:32,-1.253263888888889,36.775888888888886
1562,IMG_0734.JPG,2023:02:20 10:53:42,-1.3376416666666666,36.73085277777778
1563,IMG_8368.JPG,2023:02:11 11:26:56,-1.2741972222222222,37.00168611111111
1564,IMG_6345.JPG,2023:02:01 17:18:46,-1.2449944444444445,36.779377777777775
1565,IMG_7715.JPG,2023:02:09 09:48:09,-1.3143861111111113,36.869616666666666
1566,IMG_8426.JPG,2023:02:11 11:33:41,-1.2784555555555555,37.03714444444444
1567,IMG_7073.JPG,2023:02:04 15:22:58,-1.2995388888888888,36.78923333333333
1568,IMG_8340.JPG,2023:02:11 11:22:45,-1.2678527777777777,36.99131388888889
1569,IMG_0708.JPG,2023:02:20 10:50:41,-1.3293805555555556,36.71682777777778
1570,IMG_7067.JPG,2023:02:04 15:22:48,-1.2995777777777777,36.78839444444444
1571,IMG_8354.JPG,2023:02:11 11:25:22,-1.2706972222222221,36.995975
1572,IMG_6379.JPG,2023:02:01 17:42:18,-1.2927138888888887,36.77512222222222
1573,IMG_7701.JPG,2023:02:09 09:47:09,-1.3162027777777778,36.86875833333333
1574,IMG_8432.JPG,2023:02:11 11:34:06,-1.278786111111111,37.040436111111106
1575,IMG_6386.JPG,2023:02:01 17:48:52,-1.295122222222222,36.78741111111111
1576,IMG_7098.JPG,2023:02:04 15:23:37,-1.2993472222222222,36.79330833333333
1577,IMG_0907.JPG,2023:02:20 16:12:13,-1.2939916666666667,36.79436944444444
1578,IMG_8383.JPG,2023:02:11 11:28:33,-1.2761027777777778,37.01179444444445
1579,IMG_0913.JPG,2023:02:20 16:14:44,-1.2940638888888887,36.79586111111111
1580,IMG_8397.JPG,2023:02:11 11:29:55,-1.2770916666666665,37.02249166666667
1581,IMG_0790.JPG,2023:02:20 11:03:08,-1.3580361111111112,36.76255
1582,IMG_6487.JPG,2023:02:03 13:44:26,-1.3058444444444446,36.78559722222222
1583,IMG_7799.JPG,2023:02:09 12:26:52,-1.3131555555555556,36.872347222222224
1584,IMG_6493.JPG,2023:02:03 13:44:40,-1.3061111111111112,36.78634722222222
1585,IMG_0784.JPG,2023:02:20 11:02:26,-1.35495,36.76186388888889
1586,IMG_8496.JPG,2023:02:11 11:59:09,-1.2778055555555554,37.02956666666667
1587,IMG_8482.JPG,2023:02:11 11:56:36,-1.2791,37.04272777777778
1588,IMG_6322.JPG,2023:02:01 17:07:31,-1.2293583333333336,36.80428055555555
1589,IMG_0753.JPG,2023:02:20 10:59:10,-1.3414944444444443,36.75812777777778
1590,IMG_8469.JPG,2023:02:11 11:54:24,-1.280238888888889,37.053525
1591,IMG_6444.JPG,2023:02:03 12:48:37,-1.3147805555555556,36.789944444444444
1592,IMG_6450.JPG,2023:02:03 13:09:26,-1.3087694444444444,36.782783333333334
1593,IMG_6336.JPG,2023:02:01 17:11:46,-1.231177777777778,36.79866111111111
1594,IMG_0747.JPG,2023:02:20 10:58:18,-1.340961111111111,36.754327777777775
1595,IMG_7028.JPG,2023:02:04 15:16:18,-1.322538888888889,36.78355833333333
1596,IMG_8333.JPG,2023:02:11 11:21:46,-1.2665972222222222,36.9893
1597,IMG_8455.JPG,2023:02:11 11:43:28,-1.280411111111111,37.0545
1598,IMG_6478.JPG,2023:02:03 13:44:10,-1.3058888888888889,36.784663888888886
1599,IMG_8441.JPG,2023:02:11 11:34:51,-1.279311111111111,37.045474999999996
1600,IMG_7014.JPG,2023:02:04 15:12:01,-1.3394444444444444,36.77055555555555
1601,IMG_8327.JPG,2023:02:11 11:21:01,-1.2658777777777779,36.98798333333333
1602,IMG_8694.JPG,2023:02:12 08:19:40,-1.259411111111111,36.66159722222222
1603,IMG_6875.JPG,2023:02:04 11:51:54,-1.335161111111111,36.77775555555556
1604,IMG_8680.JPG,2023:02:12 08:16:32,-1.2849388888888889,36.67793333333333
1605,IMG_6120.JPG,2023:01:30 08:44:11,-1.2963305555555555,36.79536944444444
1606,IMG_8119.JPG,2023:02:11 10:43:40,-1.3271027777777777,36.85172222222222
1607,IMG_8657.JPG,2023:02:12 08:09:42,-1.308086111111111,36.72943055555556
1608,IMG_7564.JPG,2023:02:08 13:09:04,-1.2673527777777778,36.82248333333334
1609,IMG_8131.JPG,2023:02:11 10:45:36,-1.3303944444444444,36.866172222222225
1610,IMG_7202.JPG,2023:02:05 10:37:24,-1.2860944444444444,36.80481111111111
1611,IMG_8125.JPG,2023:02:11 10:44:38,-1.3307527777777777,36.85807777777778
1612,IMG_7216.JPG,2023:02:05 10:38:16,-1.2810055555555555,36.80719722222222
1613,IMG_8643.JPG,2023:02:12 08:07:05,-1.3019694444444445,36.753372222222225
1614,IMG_7570.JPG,2023:02:08 13:18:47,-1.2831472222222222,36.816875
1615,IMG_7389.JPG,2023:02:05 12:02:09,-1.2983583333333333,36.802883333333334
1616,IMG_8086.JPG,2023:02:11 10:38:15,-1.2993138888888889,36.824113888888895
1617,IMG_8092.JPG,2023:02:11 10:39:50,-1.3065222222222224,36.82733055555556
1618,IMG_8079.JPG,2023:02:11 10:37:00,-1.2926055555555553,36.82021666666667
1619,IMG_8723.JPG,2023:02:12 09:13:47,-1.0592722222222222,36.60246388888889
1620,IMG_7410.JPG,2023:02:05 12:03:06,-1.298986111111111,36.79763888888888
1621,IMG_8045.JPG,2023:02:11 10:31:01,-1.2986055555555553,36.798402777777774
1622,IMG_7376.JPG,2023:02:05 12:01:11,-1.2971444444444444,36.80274444444444
1623,IMG_8051.JPG,2023:02:11 10:31:44,-1.2980555555555555,36.801877777777776
1624,IMG_7362.JPG,2023:02:05 12:00:25,-1.2951722222222222,36.801963888888885
1625,IMG_8737.JPG,2023:02:12 10:12:19,-1.1069,36.23997777777778
1626,IMG_7404.JPG,2023:02:05 12:02:53,-1.2988277777777777,36.798519444444445
1627,IMG_6295.JPG,2023:02:01 14:19:13,-1.2573333333333334,36.83380277777778
1628,IMG_7835.JPG,2023:02:09 12:40:49,-1.3123861111111113,36.87035
1629,IMG_7821.JPG,2023:02:09 12:38:34,-1.312175,36.870311111111114
1630,IMG_6281.JPG,2023:02:01 14:17:22,-1.2621,36.83983888888889
1631,IMG_0800.JPG,2023:02:20 11:04:34,-1.3663305555555556,36.76705277777778
1632,IMG_8284.JPG,2023:02:11 11:04:44,-1.2737944444444445,36.97316111111111
1633,IMG_7809.JPG,2023:02:09 12:32:41,-1.3127805555555556,36.871658333333336
1634,IMG_0814.JPG,2023:02:20 11:06:03,-1.3785805555555555,36.77010277777778
1635,IMG_8290.JPG,2023:02:11 11:05:25,-1.2709972222222221,36.97675277777778
1636,IMG_7148.JPG,2023:02:05 10:34:07,-1.2916305555555554,36.79555555555555
1637,IMG_0627.JPG,2023:02:20 10:39:24,-1.2988972222222221,36.779555555555554
1638,IMG_6256.JPG,2023:02:01 14:15:39,-1.272675,36.82675555555556
1639,IMG_6530.JPG,2023:02:03 13:46:22,-1.30075,36.78820833333333
1640,IMG_6524.JPG,2023:02:03 13:46:05,-1.302661111111111,36.78819722222222
1641,IMG_8509.JPG,2023:02:11 12:03:03,-1.2756888888888889,37.00663055555555
1642,IMG_0633.JPG,2023:02:20 10:40:36,-1.2990944444444443,36.775530555555555
1643,IMG_6242.JPG,2023:02:01 14:15:10,-1.2760027777777778,36.82296111111111
1644,IMG_7174.JPG,2023:02:05 10:35:10,-1.2895055555555555,36.79810277777778
1645,IMG_8247.JPG,2023:02:11 11:01:58,-1.2849138888888887,36.95657222222223
1646,IMG_7612.JPG,2023:02:09 09:17:16,-1.2848388888888889,36.8209
1647,IMG_8521.JPG,2023:02:11 12:06:15,-1.2715472222222222,36.9972
1648,IMG_6518.JPG,2023:02:03 13:45:42,-1.3042888888888888,36.78818611111111
1649,IMG_7606.JPG,2023:02:09 09:10:39,-1.28965,36.81059444444444
1650,IMG_8535.JPG,2023:02:11 12:09:41,-1.2677972222222222,36.99110833333334
1651,IMG_7160.JPG,2023:02:05 10:34:45,-1.2894277777777776,36.79669166666667
1652,IMG_8253.JPG,2023:02:11 11:02:19,-1.2833805555555555,36.95909166666667
1653,IMG_8534.JPG,2023:02:11 12:09:29,-1.2681027777777778,36.99162777777778
1654,IMG_7607.JPG,2023:02:09 09:11:00,-1.2890833333333331,36.812036111111105
1655,IMG_6519.JPG,2023:02:03 13:45:47,-1.3038944444444445,36.788130555555554
1656,IMG_8252.JPG,2023:02:11 11:02:17,-1.283522222222222,36.95887777777778
1657,IMG_7161.JPG,2023:02:05 10:34:47,-1.2894555555555554,36.796752777777776
1658,IMG_8246.JPG,2023:02:11 11:01:56,-1.2851638888888888,36.95617777777778
1659,IMG_7175.JPG,2023:02:05 10:35:12,-1.2893305555555554,36.798141666666666
1660,IMG_8520.JPG,2023:02:11 12:05:56,-1.2719527777777777,36.997886111111114
1661,IMG_7613.JPG,2023:02:09 09:17:49,-1.2847555555555554,36.821869444444445
1662,IMG_8508.JPG,2023:02:11 12:02:51,-1.2757777777777777,37.00751944444445
1663,IMG_6525.JPG,2023:02:03 13:46:08,-1.3023666666666667,36.788219444444444
1664,IMG_6243.JPG,2023:02:01 14:15:11,-1.2758777777777777,36.823011111111114
1665,IMG_0632.JPG,2023:02:20 10:40:25,-1.2990805555555553,36.77623611111111
1666,IMG_6257.JPG,2023:02:01 14:15:41,-1.2723305555555555,36.82723055555556
1667,IMG_0626.JPG,2023:02:20 10:39:11,-1.2988694444444444,36.78025
1668,IMG_7149.JPG,2023:02:05 10:34:09,-1.2902583333333333,36.796013888888886
1669,IMG_6531.JPG,2023:02:03 13:46:26,-1.300425,36.78819444444444
1670,IMG_8291.JPG,2023:02:11 11:05:34,-1.2704055555555556,36.977361111111115
1671,IMG_0815.JPG,2023:02:20 11:06:16,-1.3800444444444444,36.77032222222222
1672,IMG_8285.JPG,2023:02:11 11:04:46,-1.2736777777777777,36.973311111111116
1673,IMG_0801.JPG,2023:02:20 11:04:43,-1.3669888888888888,36.767405555555555
1674,IMG_7808.JPG,2023:02:09 12:32:22,-1.3128083333333334,36.87176388888889
1675,IMG_7820.JPG,2023:02:09 12:38:33,-1.3121805555555557,36.87030277777778
1676,IMG_6280.JPG,2023:02:01 14:17:13,-1.2623444444444445,36.83970555555556
1677,IMG_6294.JPG,2023:02:01 14:19:11,-1.257663888888889,36.83390555555556
1678,IMG_7834.JPG,2023:02:09 12:40:28,-1.3122166666666668,36.87032777777778
1679,IMG_7363.JPG,2023:02:05 12:00:30,-1.2951388888888888,36.80223888888889
1680,IMG_8050.JPG,2023:02:11 10:31:33,-1.2981888888888888,36.80098611111111
1681,IMG_7405.JPG,2023:02:05 12:02:54,-1.298847222222222,36.79842222222222
1682,IMG_8736.JPG,2023:02:12 10:12:18,-1.101977777777778,36.263872222222226
1683,IMG_7411.JPG,2023:02:05 12:03:12,-1.2990333333333333,36.79730277777777
1684,IMG_7377.JPG,2023:02:05 12:01:42,-1.2973249999999998,36.80278055555555
1685,IMG_8044.JPG,2023:02:11 10:31:00,-1.298611111111111,36.798405555555554
1686,IMG_8078.JPG,2023:02:11 10:36:38,-1.2928972222222221,36.81953055555556
1687,IMG_8093.JPG,2023:02:11 10:39:54,-1.3069472222222223,36.82752222222223
1688,IMG_8087.JPG,2023:02:11 10:38:23,-1.2997888888888887,36.82433888888889
1689,IMG_7388.JPG,2023:02:05 12:02:07,-1.2983638888888889,36.802952777777776
1690,IMG_7217.JPG,2023:02:05 10:38:17,-1.280861111111111,36.80718888888889
1691,IMG_8124.JPG,2023:02:11 10:44:31,-1.3305,36.8573
1692,IMG_7571.JPG,2023:02:08 13:18:47,-1.2839388888888887,36.81670833333334
1693,IMG_8642.JPG,2023:02:12 08:06:57,-1.301488888888889,36.75459444444444
1694,IMG_7565.JPG,2023:02:08 13:09:05,-1.2673222222222222,36.82233055555556
1695,IMG_8656.JPG,2023:02:12 08:09:29,-1.3083833333333335,36.731255555555556
1696,IMG_7203.JPG,2023:02:05 10:37:26,-1.2859305555555554,36.804852777777775
1697,IMG_8130.JPG,2023:02:11 10:45:26,-1.3306,36.864647222222224
1698,IMG_8118.JPG,2023:02:11 10:43:35,-1.326775,36.85121388888889
1699,IMG_6121.JPG,2023:01:30 08:44:15,-1.2963305555555555,36.79522222222222
1700,IMG_8681.JPG,2023:02:12 08:16:52,-1.2831694444444444,36.67559444444444
1701,IMG_6874.JPG,2023:02:04 11:51:53,-1.3350555555555554,36.77795
1702,IMG_8695.JPG,2023:02:12 08:19:53,-1.2574055555555557,36.66234722222222
1703,IMG_8440.JPG,2023:02:11 11:34:47,-1.2792916666666667,37.04524166666666
1704,IMG_8326.JPG,2023:02:11 11:20:58,-1.2658444444444445,36.98791111111111
1705,IMG_7015.JPG,2023:02:04 15:12:04,-1.339536111111111,36.771452777777775
1706,IMG_8332.JPG,2023:02:11 11:21:42,-1.2665388888888889,36.98920555555556
1707,IMG_7001.JPG,2023:02:04 15:10:03,-1.3462027777777776,36.76546388888889
1708,IMG_6479.JPG,2023:02:03 13:44:13,-1.305886111111111,36.78468055555555
1709,IMG_8454.JPG,2023:02:11 11:43:15,-1.2801194444444444,37.052955555555556
1710,IMG_6451.JPG,2023:02:03 13:09:28,-1.3087722222222222,36.782783333333334
1711,IMG_7029.JPG,2023:02:04 15:16:19,-1.322325,36.78362222222222
1712,IMG_0746.JPG,2023:02:20 10:58:11,-1.340911111111111,36.753933333333336
1713,IMG_6337.JPG,2023:02:01 17:11:52,-1.2309472222222224,36.798674999999996
1714,IMG_0752.JPG,2023:02:20 10:59:05,-1.341422222222222,36.75776944444444
1715,IMG_6323.JPG,2023:02:01 17:07:38,-1.229713888888889,36.80415555555555
1716,IMG_6445.JPG,2023:02:03 12:51:21,-1.31545,36.78955833333333
1717,IMG_8468.JPG,2023:02:11 11:53:52,-1.2808972222222221,37.05631944444444
1718,IMG_8483.JPG,2023:02:11 11:56:46,-1.2789972222222221,37.041824999999996
1719,IMG_8497.JPG,2023:02:11 11:59:25,-1.277736111111111,37.028777777777776
1720,IMG_6492.JPG,2023:02:03 13:44:39,-1.306075,36.78627222222222
1721,IMG_0785.JPG,2023:02:20 11:02:35,-1.3555555555555556,36.761975
1722,IMG_0791.JPG,2023:02:20 11:03:17,-1.3591000000000002,36.76262777777778
1723,IMG_7798.JPG,2023:02:09 12:26:51,-1.3131555555555556,36.872347222222224
1724,IMG_6486.JPG,2023:02:03 13:44:25,-1.3058222222222222,36.78551944444444
1725,IMG_0787.JPG,2023:02:20 11:02:46,-1.3563861111111113,36.76217222222222
1726,IMG_6490.JPG,2023:02:03 13:44:35,-1.3059888888888889,36.786
1727,IMG_6484.JPG,2023:02:03 13:44:21,-1.3057805555555555,36.78519444444444
1728,IMG_0793.JPG,2023:02:20 11:03:32,-1.360813888888889,36.76288888888889
1729,IMG_8481.JPG,2023:02:11 11:56:28,-1.2791805555555555,37.04351388888889
1730,IMG_8495.JPG,2023:02:11 11:58:33,-1.2779361111111112,37.03096388888889
1731,IMG_6335.JPG,2023:02:01 17:11:43,-1.2312305555555556,36.79871111111111
1732,IMG_0744.JPG,2023:02:20 10:58:00,-1.3407944444444444,36.752922222222224
1733,IMG_8318.JPG,2023:02:11 11:19:26,-1.264811111111111,36.98523333333333
1734,IMG_6453.JPG,2023:02:03 13:11:05,-1.308827777777778,36.78275277777778
1735,IMG_6447.JPG,2023:02:03 13:08:16,-1.3087611111111113,36.78274444444445
1736,IMG_6321.JPG,2023:02:01 17:07:15,-1.2286416666666669,36.804563888888886
1737,IMG_0750.JPG,2023:02:20 10:58:37,-1.3411888888888888,36.75593611111111
1738,IMG_6309.JPG,2023:02:01 14:23:32,-1.2486222222222223,36.81713055555556
1739,IMG_0778.JPG,2023:02:20 11:01:41,-1.350375,36.763669444444446
1740,IMG_8324.JPG,2023:02:11 11:20:44,-1.2656777777777777,36.98750555555556
1741,IMG_7017.JPG,2023:02:04 15:12:11,-1.3389166666666665,36.77233611111111
1742,IMG_8442.JPG,2023:02:11 11:35:00,-1.2793472222222222,37.045741666666665
1743,IMG_8456.JPG,2023:02:11 11:43:42,-1.2807805555555556,37.05603333333333
1744,IMG_8330.JPG,2023:02:11 11:21:28,-1.2663055555555556,36.98878055555556
1745,IMG_7003.JPG,2023:02:04 15:10:06,-1.3460555555555556,36.76556388888889
1746,IMG_6876.JPG,2023:02:04 11:52:21,-1.3374722222222222,36.77417777777778
1747,IMG_8683.JPG,2023:02:12 08:17:19,-1.2799388888888887,36.67237222222222
1748,IMG_8697.JPG,2023:02:12 08:20:26,-1.2513083333333332,36.664119444444445
1749,IMG_7229.JPG,2023:02:05 10:39:04,-1.2780972222222222,36.80521944444444
1750,IMG_8668.JPG,2023:02:12 08:12:58,-1.3035194444444445,36.706097222222226
1751,IMG_8640.JPG,2023:02:12 08:06:42,-1.3005166666666668,36.757019444444445
1752,IMG_7215.JPG,2023:02:05 10:38:15,-1.2811472222222222,36.807205555555555
1753,IMG_8126.JPG,2023:02:11 10:44:52,-1.3310805555555556,36.859775
1754,IMG_7201.JPG,2023:02:05 10:37:22,-1.286361111111111,36.80475555555555
1755,IMG_8132.JPG,2023:02:11 10:45:47,-1.3301944444444445,36.867713888888886
1756,IMG_7567.JPG,2023:02:08 13:09:08,-1.2676138888888888,36.82199444444445
1757,IMG_8654.JPG,2023:02:12 08:09:01,-1.3074722222222224,36.735508333333335
1758,IMG_8091.JPG,2023:02:11 10:39:40,-1.3056944444444445,36.82694166666667
1759,IMG_8085.JPG,2023:02:11 10:38:07,-1.2981999999999998,36.82372222222222
1760,IMG_8708.JPG,2023:02:12 08:22:34,-1.231552777777778,36.66806111111111
1761,IMG_7349.JPG,2023:02:05 11:59:19,-1.2905222222222221,36.79846388888889
1762,IMG_7407.JPG,2023:02:05 12:02:57,-1.298911111111111,36.79806111111111
1763,IMG_8734.JPG,2023:02:12 09:27:03,-0.9967583333333333,36.600833333333334
1764,IMG_7361.JPG,2023:02:05 12:00:19,-1.2951777777777778,36.801405555555554
1765,IMG_8052.JPG,2023:02:11 10:31:59,-1.2978055555555554,36.80277777777778
1766,IMG_7375.JPG,2023:02:05 12:01:09,-1.2971416666666666,36.80274166666666
1767,IMG_8046.JPG,2023:02:11 10:31:09,-1.2986444444444443,36.79845833333333
1768,IMG_8720.JPG,2023:02:12 08:24:30,-1.2155166666666666,36.662327777777776
1769,IMG_6282.JPG,2023:02:01 14:17:35,-1.2615583333333333,36.83919166666667
1770,IMG_7822.JPG,2023:02:09 12:38:39,-1.312125,36.87033888888889
1771,IMG_7836.JPG,2023:02:09 12:41:05,-1.3124222222222222,36.870197222222224
1772,IMG_6296.JPG,2023:02:01 14:19:15,-1.2571944444444445,36.83373888888889
1773,IMG_7188.JPG,2023:02:05 10:35:48,-1.286536111111111,36.79889722222222
1774,IMG_8293.JPG,2023:02:11 11:05:55,-1.2686055555555555,36.978947222222224
1775,IMG_0803.JPG,2023:02:20 11:04:52,-1.3681555555555556,36.76763611111111
1776,IMG_8287.JPG,2023:02:11 11:05:02,-1.2727,36.974611111111116
1777,IMG_0630.JPG,2023:02:20 10:40:05,-1.2990138888888887,36.77727222222222
1778,IMG_6241.JPG,2023:02:01 14:15:03,-1.2766083333333333,36.822544444444446
1779,IMG_6527.JPG,2023:02:03 13:46:15,-1.3015916666666667,36.78825
1780,IMG_7639.JPG,2023:02:09 09:41:05,-1.3134861111111111,36.856005555555555
1781,IMG_6533.JPG,2023:02:03 13:48:48,-1.298822222222222,36.78802222222222
1782,IMG_8278.JPG,2023:02:11 11:04:02,-1.276675,36.97016388888889
1783,IMG_0624.JPG,2023:02:20 10:38:58,-1.2987916666666666,36.781102777777775
1784,IMG_6255.JPG,2023:02:01 14:15:37,-1.2729027777777777,36.82644444444445
1785,IMG_8250.JPG,2023:02:11 11:02:07,-1.284186111111111,36.95776388888889
1786,IMG_7163.JPG,2023:02:05 10:34:50,-1.2895277777777776,36.79702777777778
1787,IMG_8536.JPG,2023:02:11 12:09:49,-1.2675944444444445,36.99076388888889
1788,IMG_7605.JPG,2023:02:09 09:10:37,-1.2898305555555554,36.810024999999996
1789,IMG_8522.JPG,2023:02:11 12:06:27,-1.2712805555555555,36.9968
1790,IMG_7611.JPG,2023:02:09 09:15:29,-1.285686111111111,36.81901388888889
1791,IMG_8244.JPG,2023:02:11 11:01:47,-1.2858472222222221,36.95513888888889
1792,IMG_7177.JPG,2023:02:05 10:35:15,-1.2890333333333333,36.798230555555556
1793,IMG_6269.JPG,2023:02:01 14:16:10,-1.2690527777777778,36.83233333333334
1794,IMG_7610.JPG,2023:02:09 09:12:55,-1.286808333333333,36.81666944444445
1795,IMG_8523.JPG,2023:02:11 12:07:17,-1.2708888888888887,36.996161111111114
1796,IMG_6268.JPG,2023:02:01 14:16:09,-1.2693027777777777,36.83196666666667
1797,IMG_7176.JPG,2023:02:05 10:35:14,-1.289236111111111,36.79817222222222
1798,IMG_8245.JPG,2023:02:11 11:01:49,-1.2856249999999998,36.95545277777778
1799,IMG_7162.JPG,2023:02:05 10:34:48,-1.2895027777777777,36.79688611111111
1800,IMG_8251.JPG,2023:02:11 11:02:13,-1.2837805555555555,36.95840833333334
1801,IMG_7604.JPG,2023:02:09 09:10:28,-1.2899027777777776,36.80976944444444
1802,IMG_8537.JPG,2023:02:11 12:09:57,-1.2674777777777777,36.990569444444446
1803,IMG_6532.JPG,2023:02:03 13:48:47,-1.2989972222222221,36.788180555555556
1804,IMG_6254.JPG,2023:02:01 14:15:35,-1.2731305555555554,36.82612777777778
1805,IMG_0625.JPG,2023:02:20 10:39:03,-1.2988666666666666,36.780680555555556
1806,IMG_8279.JPG,2023:02:11 11:04:16,-1.2756166666666666,36.97123055555556
1807,IMG_6240.JPG,2023:02:01 14:15:01,-1.2766944444444444,36.82239166666667
1808,IMG_0631.JPG,2023:02:20 10:40:15,-1.2990388888888889,36.77685555555556
1809,IMG_7638.JPG,2023:02:09 09:40:43,-1.3131111111111111,36.855019444444444
1810,IMG_6526.JPG,2023:02:03 13:46:12,-1.3020444444444446,36.788238888888884
1811,IMG_8286.JPG,2023:02:11 11:04:51,-1.2734527777777778,36.97360555555556
1812,IMG_0802.JPG,2023:02:20 11:04:50,-1.3677277777777779,36.76765555555556
1813,IMG_8292.JPG,2023:02:11 11:05:49,-1.2691333333333332,36.97847222222222
1814,IMG_0816.JPG,2023:02:20 11:06:34,-1.3804750000000001,36.770577777777774
1815,IMG_7837.JPG,2023:02:09 12:41:32,-1.3126027777777778,36.87007222222222
1816,IMG_7189.JPG,2023:02:05 10:35:50,-1.2866166666666665,36.79908888888889
1817,IMG_6297.JPG,2023:02:01 14:19:21,-1.2568916666666667,36.833647222222226
1818,IMG_6283.JPG,2023:02:01 14:17:38,-1.2614277777777778,36.838997222222226
1819,IMG_7823.JPG,2023:02:09 12:38:45,-1.3121027777777778,36.87036111111111
1820,IMG_8047.JPG,2023:02:11 10:31:14,-1.2985749999999998,36.79873611111111
1821,IMG_7374.JPG,2023:02:05 12:01:04,-1.297011111111111,36.80271944444444
1822,IMG_8721.JPG,2023:02:12 08:24:40,-1.2139694444444444,36.661202777777774
1823,IMG_7412.JPG,2023:02:05 12:03:14,-1.2990638888888888,36.79723055555555
1824,IMG_8735.JPG,2023:02:12 10:08:45,-1.0765083333333334,36.32808888888889
1825,IMG_7406.JPG,2023:02:05 12:02:55,-1.2988805555555554,36.79823333333333
1826,IMG_8053.JPG,2023:02:11 10:32:11,-1.297811111111111,36.80339444444444
1827,IMG_7360.JPG,2023:02:05 12:00:12,-1.295222222222222,36.800777777777775
1828,IMG_7348.JPG,2023:02:05 11:59:16,-1.2901777777777776,36.798288888888884
1829,IMG_8709.JPG,2023:02:12 08:22:39,-1.230963888888889,36.66782222222222
1830,IMG_8084.JPG,2023:02:11 10:38:00,-1.2972166666666665,36.82315555555556
1831,IMG_8090.JPG,2023:02:11 10:39:28,-1.3049555555555556,36.826725
1832,IMG_8133.JPG,2023:02:11 10:46:02,-1.3299388888888888,36.869569444444444
1833,IMG_7200.JPG,2023:02:05 10:37:19,-1.2864583333333333,36.80472222222222
1834,IMG_8655.JPG,2023:02:12 08:09:12,-1.307975,36.73393888888889
1835,IMG_7566.JPG,2023:02:08 13:09:06,-1.2674277777777778,36.822208333333336
1836,IMG_8641.JPG,2023:02:12 08:06:51,-1.3011194444444445,36.75558888888889
1837,IMG_8127.JPG,2023:02:11 10:45:04,-1.3310527777777779,36.86141666666667
1838,IMG_7214.JPG,2023:02:05 10:38:13,-1.2814333333333332,36.80721388888889
1839,IMG_8669.JPG,2023:02:12 08:13:00,-1.3033611111111112,36.70579444444445
1840,IMG_7228.JPG,2023:02:05 10:38:59,-1.2778194444444444,36.805499999999995
1841,IMG_8696.JPG,2023:02:12 08:20:14,-1.2536944444444444,36.663525
1842,IMG_8682.JPG,2023:02:12 08:17:02,-1.2820361111111112,36.67445277777777
1843,IMG_6877.JPG,2023:02:04 11:52:22,-1.3373416666666667,36.77460555555555
1844,IMG_8457.JPG,2023:02:11 11:44:07,-1.2810055555555555,37.05704444444444
1845,IMG_7002.JPG,2023:02:04 15:10:05,-1.346097222222222,36.76553611111111
1846,IMG_8331.JPG,2023:02:11 11:21:35,-1.2664055555555556,36.988955555555556
1847,IMG_7016.JPG,2023:02:04 15:12:08,-1.3391583333333332,36.77204444444445
1848,IMG_8325.JPG,2023:02:11 11:20:56,-1.265825,36.98784722222222
1849,IMG_0779.JPG,2023:02:20 11:01:48,-1.351038888888889,36.763219444444445
1850,IMG_6308.JPG,2023:02:01 14:23:26,-1.2488194444444445,36.81786666666667
1851,IMG_8443.JPG,2023:02:11 11:41:32,-1.2793194444444445,37.04604722222222
1852,IMG_6446.JPG,2023:02:03 12:51:22,-1.3141055555555556,36.79049722222222
1853,IMG_0751.JPG,2023:02:20 10:59:00,-1.341411111111111,36.75757222222222
1854,IMG_6320.JPG,2023:02:01 17:07:14,-1.2286416666666669,36.804563888888886
1855,IMG_8319.JPG,2023:02:11 11:19:39,-1.264925,36.985594444444445
1856,IMG_0745.JPG,2023:02:20 10:58:05,-1.3408555555555555,36.753544444444444
1857,IMG_6334.JPG,2023:02:01 17:09:35,-1.2346694444444446,36.80338333333333
1858,IMG_6452.JPG,2023:02:03 13:11:01,-1.308836111111111,36.78277222222222
1859,IMG_8494.JPG,2023:02:11 11:58:22,-1.2780527777777777,37.03219166666666
1860,IMG_8480.JPG,2023:02:11 11:56:22,-1.2792222222222223,37.04405555555555
1861,IMG_6485.JPG,2023:02:03 13:44:23,-1.3057888888888889,36.78535
1862,IMG_0792.JPG,2023:02:20 11:03:23,-1.3597361111111113,36.76267222222222
1863,IMG_0786.JPG,2023:02:20 11:02:41,-1.3559583333333334,36.76206666666667
1864,IMG_6491.JPG,2023:02:03 13:44:37,-1.3060083333333334,36.786055555555556
1865,IMG_8484.JPG,2023:02:11 11:56:56,-1.2788694444444444,37.040591666666664
1866,IMG_8490.JPG,2023:02:11 11:57:57,-1.278338888888889,37.03517222222222
1867,IMG_6495.JPG,2023:02:03 13:44:44,-1.3061944444444444,36.78660555555555
1868,IMG_0782.JPG,2023:02:20 11:02:06,-1.352688888888889,36.762744444444444
1869,IMG_0796.JPG,2023:02:20 11:03:59,-1.3637694444444446,36.765502777777776
1870,IMG_6481.JPG,2023:02:03 13:44:17,-1.3058222222222222,36.78491666666667
1871,IMG_8447.JPG,2023:02:11 11:42:22,-1.2796694444444443,37.048763888888885
1872,IMG_8321.JPG,2023:02:11 11:20:00,-1.26515,36.98623888888889
1873,IMG_7012.JPG,2023:02:04 15:11:20,-1.3414166666666667,36.768930555555556
1874,IMG_6318.JPG,2023:02:01 17:07:09,-1.2280444444444445,36.80515277777778
1875,IMG_8335.JPG,2023:02:11 11:21:58,-1.2667777777777778,36.989577777777775
1876,IMG_7006.JPG,2023:02:04 15:11:02,-1.3423222222222222,36.76691944444444
1877,IMG_0769.JPG,2023:02:20 11:00:42,-1.3452166666666665,36.765927777777776
1878,IMG_8453.JPG,2023:02:11 11:43:04,-1.2799944444444444,37.05184166666666
1879,IMG_6456.JPG,2023:02:03 13:17:16,-1.3085777777777778,36.781844444444445
1880,IMG_6330.JPG,2023:02:01 17:08:48,-1.2333527777777777,36.80323055555555
1881,IMG_0741.JPG,2023:02:20 10:55:10,-1.3387944444444444,36.73910277777778
1882,IMG_6324.JPG,2023:02:01 17:08:18,-1.2317833333333335,36.803397222222216
1883,IMG_8309.JPG,2023:02:11 11:18:34,-1.2642583333333333,36.98334444444445
1884,IMG_0755.JPG,2023:02:20 10:59:27,-1.3416805555555555,36.759613888888886
1885,IMG_6442.JPG,2023:02:03 12:48:31,-1.3152722222222222,36.789738888888884
1886,IMG_8686.JPG,2023:02:12 08:17:59,-1.2750249999999999,36.667319444444445
1887,IMG_6873.JPG,2023:02:04 11:51:52,-1.3350027777777778,36.778055555555554
1888,IMG_8692.JPG,2023:02:12 08:19:16,-1.2634027777777779,36.66011111111111
1889,Animal.JPG,2023:02:09 12:41:49,-1.3127027777777778,36.87007777777778
1890,IMG_7210.JPG,2023:02:05 10:37:41,-1.2848805555555554,36.80544722222222
1891,IMG_8123.JPG,2023:02:11 10:44:19,-1.3297722222222221,36.8559
1892,IMG_7576.JPG,2023:02:08 13:21:44,-1.289211111111111,36.812213888888884
1893,IMG_8645.JPG,2023:02:12 08:07:36,-1.3037805555555555,36.74833888888889
1894,IMG_7562.JPG,2023:02:08 13:01:31,-1.2483527777777779,36.81652777777777
1895,IMG_8651.JPG,2023:02:12 08:08:35,-1.3064361111111111,36.73952222222222
1896,IMG_7204.JPG,2023:02:05 10:37:28,-1.2857944444444442,36.80490277777778
1897,IMG_8137.JPG,2023:02:11 10:46:36,-1.329688888888889,36.87135
1898,IMG_8679.JPG,2023:02:12 08:16:13,-1.2862888888888888,36.680455555555554
1899,IMG_7238.JPG,2023:02:05 10:39:35,-1.2786,36.803463888888885
1900,IMG_8094.JPG,2023:02:11 10:40:05,-1.3085194444444446,36.82826111111111
1901,IMG_8080.JPG,2023:02:11 10:37:14,-1.2926138888888887,36.820552777777785
1902,IMG_7364.JPG,2023:02:05 12:00:31,-1.295122222222222,36.80226388888889
1903,IMG_8057.JPG,2023:02:11 10:32:57,-1.2975055555555555,36.80486944444444
1904,IMG_7402.JPG,2023:02:05 12:02:50,-1.2987638888888888,36.798830555555554
1905,IMG_8731.JPG,2023:02:12 09:23:47,-1.0103722222222222,36.601680555555554
1906,IMG_8725.JPG,2023:02:12 09:13:50,-1.055938888888889,36.60271388888889
1907,IMG_7370.JPG,2023:02:05 12:00:44,-1.2953472222222222,36.80257222222222
1908,IMG_8043.JPG,2023:02:11 10:30:40,-1.2984555555555555,36.798344444444446
1909,IMG_7358.JPG,2023:02:05 11:59:58,-1.2944444444444443,36.80019444444444
1910,IMG_8719.JPG,2023:02:12 08:24:25,-1.2166166666666667,36.66255555555556
1911,IMG_0812.JPG,2023:02:20 11:05:43,-1.3759166666666667,36.76972222222222
1912,IMG_8296.JPG,2023:02:11 11:06:19,-1.2675694444444443,36.97989444444445
1913,IMG_0806.JPG,2023:02:20 11:05:09,-1.370625,36.767852777777776
1914,IMG_8282.JPG,2023:02:11 11:04:36,-1.2742222222222221,36.972686111111116
1915,IMG_7827.JPG,2023:02:09 12:39:01,-1.3121027777777778,36.87036388888889
1916,IMG_6287.JPG,2023:02:01 14:18:18,-1.2600472222222223,36.83680277777778
1917,IMG_7199.JPG,2023:02:05 10:37:17,-1.2865555555555555,36.80467222222222
1918,IMG_6293.JPG,2023:02:01 14:18:42,-1.2592333333333334,36.835519444444444
1919,IMG_7833.JPG,2023:02:09 12:40:27,-1.312013888888889,36.87039444444444
1920,IMG_8533.JPG,2023:02:11 12:09:06,-1.2686527777777776,36.9925
1921,IMG_8255.JPG,2023:02:11 11:02:27,-1.2829083333333333,36.95982222222222
1922,IMG_7166.JPG,2023:02:05 10:34:56,-1.2896249999999998,36.79740833333333
1923,IMG_6278.JPG,2023:02:01 14:17:08,-1.2626305555555555,36.839444444444446
1924,IMG_8241.JPG,2023:02:11 11:01:34,-1.2865888888888888,36.95395277777778
1925,IMG_7172.JPG,2023:02:05 10:35:07,-1.2896916666666665,36.798002777777775
1926,IMG_8527.JPG,2023:02:11 12:08:35,-1.2694055555555555,36.993722222222225
1927,IMG_7614.JPG,2023:02:09 09:20:02,-1.2856777777777777,36.82081111111111
1928,IMG_6522.JPG,2023:02:03 13:46:00,-1.303063888888889,36.788155555555555
1929,IMG_0635.JPG,2023:02:20 10:40:40,-1.2991277777777777,36.77508888888889
1930,IMG_8269.JPG,2023:02:11 11:03:19,-1.2796472222222222,36.966119444444445
1931,IMG_6244.JPG,2023:02:01 14:15:13,-1.275611111111111,36.82312777777778
1932,IMG_6250.JPG,2023:02:01 14:15:23,-1.2745805555555556,36.82420555555556
1933,IMG_6536.JPG,2023:02:03 13:48:54,-1.298447222222222,36.788069444444446
1934,IMG_7628.JPG,2023:02:09 09:37:08,-1.3012555555555556,36.83768055555556
1935,IMG_6251.JPG,2023:02:01 14:15:24,-1.2744666666666666,36.824355555555556
1936,IMG_7629.JPG,2023:02:09 09:37:18,-1.302538888888889,36.838319444444444
1937,IMG_6537.JPG,2023:02:03 13:48:56,-1.2983305555555555,36.788069444444446
1938,IMG_6523.JPG,2023:02:03 13:46:02,-1.3029222222222223,36.78817222222222
1939,IMG_6245.JPG,2023:02:01 14:15:15,-1.2754805555555555,36.8232
1940,IMG_8268.JPG,2023:02:11 11:03:14,-1.2798749999999999,36.965630555555556
1941,IMG_0634.JPG,2023:02:20 10:40:40,-1.299122222222222,36.775169444444444
1942,IMG_7173.JPG,2023:02:05 10:35:09,-1.289586111111111,36.79807777777778
1943,IMG_8240.JPG,2023:02:11 11:01:30,-1.2868805555555554,36.95347777777778
1944,IMG_7615.JPG,2023:02:09 09:20:19,-1.285197222222222,36.82051944444445
1945,IMG_8526.JPG,2023:02:11 12:08:31,-1.2694944444444445,36.99388611111111
1946,IMG_8532.JPG,2023:02:11 12:09:02,-1.2687305555555555,36.992644444444444
1947,IMG_6279.JPG,2023:02:01 14:17:10,-1.2625694444444444,36.83951388888889
1948,IMG_7167.JPG,2023:02:05 10:34:58,-1.2896444444444444,36.79752777777777
1949,IMG_8254.JPG,2023:02:11 11:02:23,-1.283111111111111,36.95951111111111
1950,IMG_6292.JPG,2023:02:01 14:18:41,-1.259311111111111,36.83565277777778
1951,IMG_7832.JPG,2023:02:09 12:40:26,-1.312013888888889,36.87039444444444
1952,IMG_7826.JPG,2023:02:09 12:38:59,-1.3121027777777778,36.87036388888889
1953,IMG_7198.JPG,2023:02:05 10:37:15,-1.2866444444444443,36.80463888888889
1954,IMG_6286.JPG,2023:02:01 14:18:16,-1.260113888888889,36.83690555555556
1955,IMG_8283.JPG,2023:02:11 11:04:39,-1.2741,36.972836111111114
1956,IMG_0807.JPG,2023:02:20 11:05:15,-1.3714055555555555,36.76824166666667
1957,IMG_8297.JPG,2023:02:11 11:06:28,-1.267097222222222,36.980311111111114
1958,IMG_0813.JPG,2023:02:20 11:05:55,-1.3775638888888888,36.769955555555555
1959,IMG_8718.JPG,2023:02:12 08:24:16,-1.2179805555555556,36.66274722222222
1960,IMG_7359.JPG,2023:02:05 12:00:04,-1.2949249999999999,36.80038888888889
1961,IMG_8724.JPG,2023:02:12 09:13:49,-1.0560888888888889,36.602647222222224
1962,IMG_8042.JPG,2023:02:11 10:30:34,-1.2981388888888887,36.79826666666666
1963,IMG_7371.JPG,2023:02:05 12:00:47,-1.295461111111111,36.80251666666666
1964,IMG_8056.JPG,2023:02:11 10:32:30,-1.2975833333333333,36.80418333333333
1965,IMG_7365.JPG,2023:02:05 12:00:35,-1.2950527777777776,36.802391666666665
1966,IMG_8730.JPG,2023:02:12 09:23:43,-1.0106666666666666,36.60147777777778
1967,IMG_7403.JPG,2023:02:05 12:02:51,-1.2988055555555555,36.79862222222222
1968,IMG_8081.JPG,2023:02:11 10:37:30,-1.2935777777777777,36.82098055555556
1969,IMG_8095.JPG,2023:02:11 10:40:10,-1.3092777777777778,36.828613888888896
1970,IMG_7239.JPG,2023:02:05 10:39:38,-1.2785222222222221,36.80334722222222
1971,IMG_8678.JPG,2023:02:12 08:16:02,-1.2871138888888887,36.68160555555556
1972,IMG_8650.JPG,2023:02:12 08:08:24,-1.3061027777777778,36.74114166666667
1973,IMG_8136.JPG,2023:02:11 10:46:34,-1.3296972222222223,36.871161111111114
1974,IMG_7205.JPG,2023:02:05 10:37:31,-1.2856527777777778,36.804944444444445
1975,IMG_8122.JPG,2023:02:11 10:44:13,-1.329288888888889,36.85506388888889
1976,IMG_7211.JPG,2023:02:05 10:38:08,-1.2820388888888887,36.80696944444444
1977,IMG_8644.JPG,2023:02:12 08:07:20,-1.3028666666666666,36.750972222222224
1978,IMG_8693.JPG,2023:02:12 08:19:29,-1.2612472222222222,36.66092777777778
1979,IMG_6872.JPG,2023:02:04 11:51:38,-1.3346888888888888,36.778675
1980,IMG_8687.JPG,2023:02:12 08:18:11,-1.2737611111111111,36.66573333333333
1981,IMG_0754.JPG,2023:02:20 10:59:18,-1.3415527777777776,36.75852777777778
1982,IMG_8308.JPG,2023:02:11 11:18:21,-1.264138888888889,36.982930555555555
1983,IMG_6325.JPG,2023:02:01 17:08:19,-1.2317972222222224,36.80337222222222
1984,IMG_6443.JPG,2023:02:03 12:48:35,-1.3147555555555557,36.78991944444444
1985,IMG_6457.JPG,2023:02:03 13:17:26,-1.3090805555555556,36.78264166666666
1986,IMG_0740.JPG,2023:02:20 10:55:02,-1.3386666666666667,36.73812777777778
1987,IMG_6331.JPG,2023:02:01 17:09:31,-1.234688888888889,36.80383055555555
1988,IMG_0768.JPG,2023:02:20 11:00:38,-1.344486111111111,36.76620555555556
1989,IMG_7007.JPG,2023:02:04 15:11:03,-1.3423388888888887,36.76714444444444
1990,IMG_8334.JPG,2023:02:11 11:21:48,-1.2666388888888889,36.98936944444444
1991,IMG_6319.JPG,2023:02:01 17:07:09,-1.2283361111111113,36.804744444444445
1992,IMG_8452.JPG,2023:02:11 11:43:03,-1.279986111111111,37.051655555555556
1993,IMG_8446.JPG,2023:02:11 11:42:13,-1.2796083333333332,37.04815
1994,IMG_7013.JPG,2023:02:04 15:11:21,-1.3413305555555555,36.76905
1995,IMG_8320.JPG,2023:02:11 11:19:47,-1.2649972222222223,36.985819444444445
1996,IMG_0797.JPG,2023:02:20 11:04:13,-1.3646222222222224,36.766130555555556
1997,IMG_6480.JPG,2023:02:03 13:44:16,-1.3058444444444446,36.784794444444444
1998,IMG_6494.JPG,2023:02:03 13:44:42,-1.3061333333333334,36.786427777777774
1999,IMG_0783.JPG,2023:02:20 11:02:14,-1.3538277777777779,36.76222777777778
2000,IMG_8491.JPG,2023:02:11 11:58:05,-1.2782444444444443,37.03423055555555
2001,IMG_8485.JPG,2023:02:11 11:57:13,-1.278736111111111,37.03936111111111
2002,IMG_8493.JPG,2023:02:11 11:58:16,-1.2781194444444444,37.03292222222222
2003,IMG_8487.JPG,2023:02:11 11:57:45,-1.2784694444444444,37.03665833333333
2004,IMG_6482.JPG,2023:02:03 13:44:18,-1.3058055555555557,36.784980555555556
2005,IMG_0795.JPG,2023:02:20 11:03:50,-1.3628555555555557,36.764675
2006,IMG_0781.JPG,2023:02:20 11:01:59,-1.3520194444444444,36.762905555555555
2007,IMG_6496.JPG,2023:02:03 13:44:44,-1.3062222222222222,36.78669444444444
2008,IMG_7788.JPG,2023:02:09 12:20:44,-1.3147111111111112,36.87216388888889
2009,IMG_8450.JPG,2023:02:11 11:42:47,-1.279886111111111,37.05073055555555
2010,IMG_7005.JPG,2023:02:04 15:11:01,-1.3423444444444443,36.76691111111111
2011,IMG_8336.JPG,2023:02:11 11:22:12,-1.266997222222222,36.98991388888889
2012,IMG_7011.JPG,2023:02:04 15:11:18,-1.3416027777777777,36.76869166666667
2013,IMG_8322.JPG,2023:02:11 11:20:18,-1.265363888888889,36.98677777777778
2014,IMG_8444.JPG,2023:02:11 11:41:59,-1.2800888888888888,37.04691388888889
2015,IMG_6469.JPG,2023:02:03 13:43:51,-1.3067222222222223,36.78318888888889
2016,IMG_6441.JPG,2023:02:03 12:42:26,-1.315463888888889,36.790255555555554
2017,IMG_6327.JPG,2023:02:01 17:08:33,-1.232677777777778,36.803149999999995
2018,IMG_7039.JPG,2023:02:04 15:17:45,-1.3151111111111111,36.78948888888889
2019,IMG_0756.JPG,2023:02:20 10:59:32,-1.3417472222222222,36.76031944444444
2020,IMG_6333.JPG,2023:02:01 17:09:34,-1.2346666666666668,36.803425
2021,IMG_0742.JPG,2023:02:20 10:55:33,-1.339175,36.74164444444445
2022,IMG_8478.JPG,2023:02:11 11:56:05,-1.2793666666666665,37.045497222222224
2023,IMG_6455.JPG,2023:02:03 13:11:19,-1.308775,36.78276388888889
2024,IMG_8691.JPG,2023:02:12 08:19:08,-1.2650222222222223,36.65974722222222
2025,IMG_8685.JPG,2023:02:12 08:17:49,-1.2762944444444444,36.66874444444444
2026,IMG_6870.JPG,2023:02:04 11:51:33,-1.3344583333333333,36.77909722222222
2027,IMG_8134.JPG,2023:02:11 10:46:24,-1.3297722222222221,36.87046111111111
2028,IMG_7207.JPG,2023:02:05 10:37:34,-1.2854444444444444,36.80506111111111
2029,IMG_8652.JPG,2023:02:12 08:08:42,-1.3067,36.738372222222225
2030,IMG_7561.JPG,2023:02:08 13:01:32,-1.2484444444444445,36.81662222222222
2031,IMG_8646.JPG,2023:02:12 08:07:47,-1.3043277777777778,36.746722222222225
2032,IMG_7575.JPG,2023:02:08 13:21:44,-1.289,36.81248055555555
2033,IMG_8120.JPG,2023:02:11 10:43:42,-1.3271777777777778,36.85179166666667
2034,IMG_7213.JPG,2023:02:05 10:38:11,-1.2817055555555554,36.80721944444444
2035,IMG_8108.JPG,2023:02:11 10:41:56,-1.3199277777777778,36.83914444444445
2036,IMG_8083.JPG,2023:02:11 10:37:54,-1.296486111111111,36.82271388888889
2037,IMG_8097.JPG,2023:02:11 10:40:18,-1.3105472222222223,36.82922222222223
2038,IMG_7398.JPG,2023:02:05 12:02:35,-1.2984638888888889,36.80029444444444
2039,IMG_8040.JPG,2023:02:11 10:30:23,-1.2973027777777777,36.79808055555555
2040,IMG_7373.JPG,2023:02:05 12:01:01,-1.296672222222222,36.80266111111111
2041,IMG_8726.JPG,2023:02:12 09:17:12,-1.0431916666666667,36.60279722222222
2042,IMG_8732.JPG,2023:02:12 09:26:56,-0.9971472222222222,36.60093611111111
2043,IMG_7401.JPG,2023:02:05 12:02:48,-1.2987416666666665,36.798938888888884
2044,IMG_8054.JPG,2023:02:11 10:32:18,-1.2976694444444443,36.80392777777777
2045,IMG_7367.JPG,2023:02:05 12:00:38,-1.2950555555555554,36.80246666666666
2046,IMG_8068.JPG,2023:02:11 10:34:37,-1.2939138888888888,36.81177777777778
2047,IMG_0805.JPG,2023:02:20 11:05:04,-1.3700777777777777,36.76758611111111
2048,IMG_8281.JPG,2023:02:11 11:04:26,-1.274922222222222,36.97194722222223
2049,IMG_0811.JPG,2023:02:20 11:05:38,-1.3751333333333333,36.76961111111111
2050,IMG_8295.JPG,2023:02:11 11:06:14,-1.2678138888888888,36.979683333333334
2051,IMG_7818.JPG,2023:02:09 12:38:18,-1.3121833333333335,36.870266666666666
2052,IMG_7830.JPG,2023:02:09 12:39:09,-1.3121194444444444,36.87037222222222
2053,IMG_6290.JPG,2023:02:01 14:18:31,-1.2596916666666667,36.83623611111111
2054,IMG_6284.JPG,2023:02:01 14:18:12,-1.2602694444444444,36.83721388888889
2055,IMG_7824.JPG,2023:02:09 12:38:51,-1.3121027777777778,36.87036388888889
2056,IMG_6509.JPG,2023:02:03 13:45:13,-1.3051333333333335,36.787749999999996
2057,IMG_7617.JPG,2023:02:09 09:24:23,-1.2891194444444443,36.82062777777778
2058,IMG_8524.JPG,2023:02:11 12:07:44,-1.270436111111111,36.99553888888889
2059,IMG_7171.JPG,2023:02:05 10:35:05,-1.289736111111111,36.797919444444446
2060,IMG_8242.JPG,2023:02:11 11:01:36,-1.2865222222222221,36.954055555555556
2061,IMG_7165.JPG,2023:02:05 10:34:55,-1.2895722222222221,36.79728055555555
2062,IMG_8256.JPG,2023:02:11 11:02:29,-1.282713888888889,36.960147222222226
2063,IMG_7603.JPG,2023:02:09 09:10:27,-1.2899027777777776,36.80976944444444
2064,IMG_8530.JPG,2023:02:11 12:08:53,-1.2689472222222222,36.99299166666667
2065,IMG_6535.JPG,2023:02:03 13:48:50,-1.2985972222222222,36.788069444444446
2066,IMG_8518.JPG,2023:02:11 12:05:31,-1.2729472222222222,36.99950833333333
2067,IMG_6253.JPG,2023:02:01 14:15:33,-1.2733472222222222,36.82582222222223
2068,IMG_0636.JPG,2023:02:20 10:40:44,-1.2991388888888888,36.774855555555554
2069,IMG_7159.JPG,2023:02:05 10:34:43,-1.2893694444444443,36.79656666666666
2070,IMG_6247.JPG,2023:02:01 14:15:17,-1.2751138888888889,36.82349444444445
2071,IMG_6521.JPG,2023:02:03 13:45:50,-1.3037444444444446,36.78812222222222
2072,IMG_6246.JPG,2023:02:01 14:15:16,-1.2752277777777776,36.82338055555556
2073,IMG_7158.JPG,2023:02:05 10:34:42,-1.2892944444444443,36.79645277777777
2074,IMG_0637.JPG,2023:02:20 10:40:49,-1.2991722222222222,36.77453055555556
2075,IMG_6520.JPG,2023:02:03 13:45:49,-1.3037444444444446,36.78812222222222
2076,IMG_8519.JPG,2023:02:11 12:05:41,-1.2725805555555556,36.99890555555556
2077,IMG_6534.JPG,2023:02:03 13:48:49,-1.2986972222222222,36.788069444444446
2078,IMG_6252.JPG,2023:02:01 14:15:25,-1.2743499999999999,36.82451666666667
2079,IMG_8257.JPG,2023:02:11 11:02:32,-1.2825777777777778,36.960369444444446
2080,IMG_7164.JPG,2023:02:05 10:34:53,-1.2895527777777778,36.79722777777778
2081,IMG_8531.JPG,2023:02:11 12:08:56,-1.2688472222222222,36.992825
2082,IMG_7602.JPG,2023:02:09 09:10:26,-1.2900666666666665,36.809530555555554
2083,IMG_8525.JPG,2023:02:11 12:08:01,-1.2701694444444445,36.994994444444444
2084,IMG_7616.JPG,2023:02:09 09:24:23,-1.2890388888888888,36.820569444444445
2085,IMG_6508.JPG,2023:02:03 13:45:09,-1.3052777777777778,36.787708333333335
2086,IMG_8243.JPG,2023:02:11 11:01:37,-1.2864583333333333,36.954169444444446
2087,IMG_7170.JPG,2023:02:05 10:35:04,-1.2897277777777776,36.797875
2088,IMG_6285.JPG,2023:02:01 14:18:13,-1.2602472222222223,36.837069444444445
2089,IMG_7825.JPG,2023:02:09 12:38:58,-1.3121027777777778,36.87036388888889
2090,IMG_7831.JPG,2023:02:09 12:39:57,-1.3121194444444444,36.870358333333336
2091,IMG_6291.JPG,2023:02:01 14:18:39,-1.2593472222222222,36.83571944444445
2092,IMG_8294.JPG,2023:02:11 11:06:07,-1.2680305555555555,36.979486111111115
2093,IMG_0810.JPG,2023:02:20 11:05:33,-1.3742444444444444,36.76944722222222
2094,IMG_7819.JPG,2023:02:09 12:38:20,-1.3121805555555557,36.870266666666666
2095,IMG_8280.JPG,2023:02:11 11:04:24,-1.2750694444444444,36.971786111111115
2096,IMG_0804.JPG,2023:02:20 11:04:57,-1.3689472222222223,36.76747777777778
2097,IMG_8069.JPG,2023:02:11 10:34:41,-1.2939222222222222,36.81205
2098,IMG_7400.JPG,2023:02:05 12:02:46,-1.2987027777777778,36.799144444444444
2099,IMG_8733.JPG,2023:02:12 09:27:01,-0.9968805555555555,36.600861111111115
2100,IMG_7366.JPG,2023:02:05 12:00:36,-1.2950499999999998,36.80243055555555
2101,IMG_8055.JPG,2023:02:11 10:32:19,-1.2976388888888888,36.80396944444444
2102,IMG_7372.JPG,2023:02:05 12:00:59,-1.296472222222222,36.80262222222222
2103,IMG_8041.JPG,2023:02:11 10:30:32,-1.2979027777777776,36.79821944444444
2104,IMG_8727.JPG,2023:02:12 09:22:53,-1.001363888888889,36.59317222222222
2105,IMG_7399.JPG,2023:02:05 12:02:45,-1.2986777777777776,36.79924722222222
2106,IMG_8096.JPG,2023:02:11 10:40:15,-1.3099055555555557,36.82893055555556
2107,IMG_8082.JPG,2023:02:11 10:37:42,-1.294922222222222,36.821738888888895
2108,IMG_6124.JPG,2023:01:30 10:32:56,-1.2964388888888887,36.79532777777778
2109,IMG_8109.JPG,2023:02:11 10:41:58,-1.3201972222222222,36.839600000000004
2110,IMG_8647.JPG,2023:02:12 08:08:00,-1.3051527777777778,36.74452222222222
2111,IMG_7212.JPG,2023:02:05 10:38:09,-1.2818805555555555,36.80704444444444
2112,IMG_8121.JPG,2023:02:11 10:44:07,-1.3289222222222221,36.85447222222222
2113,IMG_7206.JPG,2023:02:05 10:37:32,-1.2855916666666665,36.80497777777777
2114,IMG_8135.JPG,2023:02:11 10:46:29,-1.3297444444444444,36.87074722222222
2115,IMG_8653.JPG,2023:02:12 08:08:55,-1.3072222222222223,36.73646111111111
2116,IMG_6871.JPG,2023:02:04 11:51:37,-1.3346305555555555,36.77876666666666
2117,IMG_8684.JPG,2023:02:12 08:17:35,-1.2779166666666666,36.670383333333334
2118,IMG_8690.JPG,2023:02:12 08:18:58,-1.2667194444444443,36.659794444444444
2119,IMG_0743.JPG,2023:02:20 10:57:55,-1.3407055555555554,36.75248333333333
2120,IMG_6332.JPG,2023:02:01 17:09:33,-1.2346361111111113,36.80351944444444
2121,IMG_6454.JPG,2023:02:03 13:11:05,-1.3088333333333333,36.78275
2122,IMG_8479.JPG,2023:02:11 11:56:14,-1.2792805555555555,37.04469722222222
2123,IMG_6440.JPG,2023:02:03 12:42:23,-1.3154333333333335,36.79029722222222
2124,IMG_0757.JPG,2023:02:20 10:59:37,-1.3418444444444444,36.76108055555556
2125,IMG_7038.JPG,2023:02:04 15:17:43,-1.3152083333333333,36.78941111111111
2126,IMG_6326.JPG,2023:02:01 17:08:26,-1.2323055555555558,36.8032
2127,IMG_8323.JPG,2023:02:11 11:20:32,-1.2655083333333332,36.98713333333333
2128,IMG_7010.JPG,2023:02:04 15:11:16,-1.3417694444444443,36.76844722222222
2129,IMG_6468.JPG,2023:02:03 13:43:49,-1.3067611111111113,36.78313055555555
2130,IMG_8445.JPG,2023:02:11 11:42:07,-1.2795416666666666,37.04765277777778
2131,IMG_8451.JPG,2023:02:11 11:43:02,-1.279986111111111,37.051655555555556
2132,IMG_8337.JPG,2023:02:11 11:22:22,-1.2671027777777777,36.990097222222225
2133,IMG_7004.JPG,2023:02:04 15:11:00,-1.3424055555555554,36.76673611111111
2134,IMG_0780.JPG,2023:02:20 11:01:52,-1.3513916666666668,36.763061111111114
2135,IMG_7789.JPG,2023:02:09 12:21:32,-1.3142416666666668,36.87220833333333
2136,IMG_6497.JPG,2023:02:03 13:44:46,-1.306238888888889,36.78677777777778
2137,IMG_6483.JPG,2023:02:03 13:44:19,-1.3057916666666667,36.78505
2138,IMG_0794.JPG,2023:02:20 11:03:40,-1.3616194444444445,36.76356944444444
2139,IMG_8486.JPG,2023:02:11 11:57:24,-1.2786472222222223,37.038513888888886
2140,IMG_8492.JPG,2023:02:11 11:58:11,-1.2781833333333332,37.033633333333334
2141,IMG_20230211_121103.jpg,2023:02:11 12:11:03,,
2142,IMG_20230211_130032.jpg,2023:02:11 13:00:32,,
2143,IMG_20230211_130754.jpg,2023:02:11 13:07:55,,
2144,IMG_20230211_124735.jpg,2023:02:11 12:47:35,,
2145,IMG_20230211_122422.jpg,2023:02:11 12:24:22,,
2146,IMG_20230212_080700.jpg,2023:02:12 08:07:00,-1.2992503641666666,36.762954711666666
2147,IMG_20230212_082117.jpg,2023:02:12 08:21:17,-1.2504570483333333,36.66455841055556
2148,IMG_20230211_122608.jpg,2023:02:11 12:26:09,,
2149,IMG_20230212_082103.jpg,2023:02:12 08:21:04,-1.2560166119444445,36.66281890861111
2150,IMG_20230212_081344.jpg,2023:02:12 08:13:44,-1.3033380508333334,36.70571136472223
2151,IMG_20230211_124245.jpg,2023:02:11 12:42:45,,
2152,IMG_20230211_130224.jpg,2023:02:11 13:02:24,,
2153,IMG_20230212_081350.jpg,2023:02:12 08:13:50,-1.3033380508333334,36.70571136472223
2154,IMG_20230212_080728.jpg,2023:02:12 08:07:29,-1.3002673386111112,36.75717926
2155,IMG_20230212_081218.jpg,2023:02:12 08:12:18,-1.3051530122222224,36.71574783305556
2156,IMG_20230211_124457.jpg,2023:02:11 12:44:57,,
2157,IMG_20230211_130344.jpg,2023:02:11 13:03:45,,
2158,IMG_20230212_081224.jpg,2023:02:12 08:12:24,-1.3051530122222224,36.71574783305556
2159,IMG_20230211_122754.jpg,2023:02:11 12:27:55,,
2160,IMG_20230211_115649.jpg,2023:02:11 11:56:50,,
2161,IMG_20230212_080847.jpg,2023:02:12 08:08:48,-1.305370211388889,36.74350357055555
2162,IMG_20230211_120427.jpg,2023:02:11 12:04:27,,
2163,IMG_20230211_130152.jpg,2023:02:11 13:01:52,,
2164,IMG_20230211_112324.jpg,2023:02:11 11:23:24,,
2165,IMG_20230211_123853.jpg,2023:02:11 12:38:53,,
2166,IMG_20230211_130806.jpg,2023:02:11 13:08:07,,
2167,IMG_20230211_122225.jpg,2023:02:11 12:22:25,,
2168,IMG_20230211_125204.jpg,2023:02:11 12:52:05,,
2169,IMG_20230211_122219.jpg,2023:02:11 12:22:20,,
2170,IMG_20230211_105329.jpg,2023:02:11 10:53:29,,
2171,IMG_20230212_080852.jpg,2023:02:12 08:08:52,-1.305370211388889,36.74350357055555
2172,IMG_20230211_112641.jpg,2023:02:11 11:26:41,,
2173,IMG_20230211_120817.jpg,2023:02:11 12:08:18,,
2174,IMG_20230211_122741.jpg,2023:02:11 12:27:42,,
2175,IMG_20230212_081231.jpg,2023:02:12 08:12:31,-1.3051530122222224,36.71574783305556
2176,IMG_20230211_125012.jpg,2023:02:11 12:50:12,,
2177,IMG_20230211_122621.jpg,2023:02:11 12:26:21,,
2178,IMG_20230211_125614.jpg,2023:02:11 12:56:14,,
2179,IMG_20230212_080715.jpg,2023:02:12 08:07:15,-1.3002673386111112,36.75717926
2180,IMG_20230211_113629.jpg,2023:02:11 11:36:29,,
2181,IMG_20230211_130027.jpg,2023:02:11 13:00:28,,
2182,IMG_20230211_122437.jpg,2023:02:11 12:24:37,,
2183,IMG_20230212_081147.jpg,2023:02:12 08:11:47,-1.3052599427777778,36.71598052972222
2184,IMG_20230211_125416.jpg,2023:02:11 12:54:16,,
2185,IMG_20230211_121102.jpg,2023:02:11 12:11:02,,
2186,IMG_20230211_123703.jpg,2023:02:11 12:37:03,,
2187,IMG_20230212_081151.jpg,2023:02:12 08:11:51,-1.3052599427777778,36.71598052972222
2188,IMG_20230211_130743.jpg,2023:02:11 13:07:43,,
2189,IMG_20230211_124736.jpg,2023:02:11 12:47:37,,
2190,IMG_20230211_115514.jpg,2023:02:11 11:55:15,,
2191,IMG_20230211_112509.jpg,2023:02:11 11:25:10,,
2192,IMG_20230211_123924.jpg,2023:02:11 12:39:24,,
2193,IMG_20230211_123501.jpg,2023:02:11 12:35:02,,
2194,IMG_20230211_123515.jpg,2023:02:11 12:35:15,,
2195,IMG_20230211_130233.jpg,2023:02:11 13:02:33,,
2196,IMG_20230211_120020.jpg,2023:02:11 12:00:20,,
2197,IMG_20230212_082128.jpg,2023:02:12 08:21:29,-1.2504570483333333,36.66455841055556
2198,IMG_20230211_124520.jpg,2023:02:11 12:45:20,,
2199,IMG_20230211_122151.jpg,2023:02:11 12:21:51,,
2200,IMG_20230211_122810.jpg,2023:02:11 12:28:10,,
2201,IMG_20230212_080924.jpg,2023:02:12 08:09:24,-1.3061327933333333,36.73926162694445
2202,IMG_20230211_125004.jpg,2023:02:11 12:50:05,,
2203,IMG_20230212_081227.jpg,2023:02:12 08:12:27,-1.3051530122222224,36.71574783305556
2204,IMG_20230211_130421.jpg,2023:02:11 13:04:21,,
2205,IMG_20230211_104753.jpg,2023:02:11 10:47:53,,
2206,IMG_20230211_114554.jpg,2023:02:11 11:45:55,,
2207,IMG_20230212_081019.jpg,2023:02:12 08:10:19,-1.3075469730555556,36.73464965805556
2208,IMG_20230211_120418.jpg,2023:02:11 12:04:19,,
2209,IMG_20230211_122555.jpg,2023:02:11 12:25:55,,
2210,IMG_20230212_081025.jpg,2023:02:12 08:10:25,-1.3075469730555556,36.73464965805556
2211,IMG_20230211_130151.jpg,2023:02:11 13:01:52,,
2212,IMG_20230211_122227.jpg,2023:02:11 12:22:28,,
2213,IMG_20230211_120356.jpg,2023:02:11 12:03:56,,
2214,IMG_20230211_113011.jpg,2023:02:11 11:30:11,,
2215,IMG_20230211_105101.jpg,2023:02:11 10:51:01,,
2216,IMG_20230211_112455.jpg,2023:02:11 11:24:56,,
2217,IMG_20230212_081958.jpg,2023:02:12 08:19:58,-1.2605748175,36.661159515277774
2218,IMG_20230211_112440.jpg,2023:02:11 11:24:41,,
2219,IMG_20230211_124657.jpg,2023:02:11 12:46:57,,
2220,IMG_20230211_123110.jpg,2023:02:11 12:31:10,,
2221,IMG_20230212_080845.jpg,2023:02:12 08:08:45,-1.305370211388889,36.74350357055555
2222,IMG_20230211_113548.jpg,2023:02:11 11:35:48,,
2223,IMG_20230212_081232.jpg,2023:02:12 08:12:33,-1.3051530122222224,36.71574783305556
2224,IMG_20230211_124333.jpg,2023:02:11 12:43:33,,
2225,IMG_20230211_130352.jpg,2023:02:11 13:03:53,,
2226,IMG_20230211_123306.jpg,2023:02:11 12:33:06,,
2227,IMG_20230211_112736.jpg,2023:02:11 11:27:36,,
2228,IMG_20230211_125824.jpg,2023:02:11 12:58:24,,
2229,IMG_20230212_080931.jpg,2023:02:12 08:09:32,-1.3061327933333333,36.73926162694445
2230,IMG_20230211_122811.jpg,2023:02:11 12:28:11,,
2231,IMG_20230211_113400.jpg,2023:02:11 11:34:00,,
2232,IMG_20230211_124247.jpg,2023:02:11 12:42:48,,
2233,IMG_20230211_123528.jpg,2023:02:11 12:35:28,,
2234,IMG_20230212_081346.jpg,2023:02:12 08:13:46,-1.3033380508333334,36.70571136472223
2235,IMG_20230211_115930.jpg,2023:02:11 11:59:31,,
2236,IMG_20230212_080702.jpg,2023:02:12 08:07:02,-1.2992503641666666,36.762954711666666
2237,IMG_20230212_080716.jpg,2023:02:12 08:07:17,-1.3002673386111112,36.75717926
2238,IMG_20230211_110445.jpg,2023:02:11 11:04:45,,
2239,IMG_20230211_104356.jpg,2023:02:11 10:43:57,,
2240,IMG_20230211_124045.jpg,2023:02:11 12:40:46,,
2241,IMG_20230211_130030.jpg,2023:02:11 13:00:30,,
2242,IMG_20230211_130742.jpg,2023:02:11 13:07:42,,
2243,IMG_20230211_123716.jpg,2023:02:11 12:37:16,,
2244,IMG_20230211_124041.jpg,2023:02:11 12:40:42,,
2245,IMG_20230211_150717.jpg,2023:02:11 15:07:17,,
2246,IMG_20230211_124914.jpg,2023:02:11 12:49:14,,
2247,IMG_20230211_122626.jpg,2023:02:11 12:26:26,,
2248,IMG_20230211_123538.jpg,2023:02:11 12:35:39,,
2249,IMG_20230211_130544.jpg,2023:02:11 13:05:44,,
2250,IMG_20230211_130550.jpg,2023:02:11 13:05:51,,
2251,IMG_20230211_123504.jpg,2023:02:11 12:35:04,,
2252,IMG_20230212_080712.jpg,2023:02:12 08:07:13,-1.3002673386111112,36.75717926
2253,IMG_20230212_080706.jpg,2023:02:12 08:07:07,-1.3002673386111112,36.75717926
2254,IMG_20230211_115707.jpg,2023:02:11 11:57:07,,
2255,IMG_20230211_130430.jpg,2023:02:11 13:04:31,,
2256,IMG_20230211_130424.jpg,2023:02:11 13:04:24,,
2257,IMG_20230212_081236.jpg,2023:02:12 08:12:36,-1.3051530122222224,36.71574783305556
2258,IMG_20230211_122008.jpg,2023:02:11 12:20:08,,
2259,IMG_20230211_130418.jpg,2023:02:11 13:04:19,,
2260,IMG_20230211_124121.jpg,2023:02:11 12:41:22,,
2261,IMG_20230212_081034.jpg,2023:02:12 08:10:34,-1.3075469730555556,36.73464965805556
2262,IMG_20230211_105845.jpg,2023:02:11 10:58:45,,
2263,IMG_20230211_124653.jpg,2023:02:11 12:46:54,,
2264,IMG_20230212_081009.jpg,2023:02:12 08:10:09,-1.3075469730555556,36.73464965805556
2265,IMG_20230211_123101.jpg,2023:02:11 12:31:02,,
2266,IMG_20230211_124134.jpg,2023:02:11 12:41:34,,
2267,IMG_20230211_122223.jpg,2023:02:11 12:22:23,,
2268,IMG_20230211_124646.jpg,2023:02:11 12:46:47,,
2269,IMG_20230211_130633.jpg,2023:02:11 13:06:33,,
2270,IMG_20230211_130155.jpg,2023:02:11 13:01:55,,
2271,IMG_20230211_125028.jpg,2023:02:11 12:50:28,,
2272,IMG_20230211_103945.jpg,2023:02:11 10:39:45,,
2273,IMG_20230211_124322.jpg,2023:02:11 12:43:22,,
2274,IMG_20230212_080908.jpg,2023:02:12 08:09:09,-1.3061327933333333,36.73926162694445
2275,IMG_20230211_112733.jpg,2023:02:11 11:27:33,,
2276,IMG_20230211_104151.jpg,2023:02:11 10:41:51,,
2277,IMG_20230212_080934.jpg,2023:02:12 08:09:34,-1.3061327933333333,36.73926162694445
2278,IMG_20230211_112928.jpg,2023:02:11 11:29:28,,
2279,IMG_20230212_081343.jpg,2023:02:12 08:13:43,-1.3033380508333334,36.70571136472223
2280,IMG_20230211_123539.jpg,2023:02:11 12:35:39,,
2281,IMG_20230212_082138.jpg,2023:02:12 08:21:38,-1.2445210216666667,36.665328979444446
2282,IMG_20230211_115504.jpg,2023:02:11 11:55:05,,
2283,IMG_20230211_112519.jpg,2023:02:11 11:25:20,,
2284,IMG_20230211_125404.jpg,2023:02:11 12:54:04,,
2285,IMG_20230212_081141.jpg,2023:02:12 08:11:41,-1.3052599427777778,36.71598052972222
2286,IMG_20230211_130753.jpg,2023:02:11 13:07:53,,
2287,IMG_20230211_111945.jpg,2023:02:11 11:19:46,,
2288,IMG_20230211_122355.jpg,2023:02:11 12:23:55,,
2289,IMG_20230211_130751.jpg,2023:02:11 13:07:52,,
2290,IMG_20230211_123739.jpg,2023:02:11 12:37:40,,
2291,IMG_20230211_125348.jpg,2023:02:11 12:53:49,,
2292,IMG_20230211_120556.jpg,2023:02:11 12:05:57,,
2293,IMG_20230211_122341.jpg,2023:02:11 12:23:41,,
2294,IMG_20230211_124730.jpg,2023:02:11 12:47:31,,
2295,IMG_20230211_123922.jpg,2023:02:11 12:39:22,,
2296,IMG_20230211_112241.jpg,2023:02:11 11:22:41,,
2297,IMG_20230211_122631.jpg,2023:02:11 12:26:31,,
2298,IMG_20230211_124526.jpg,2023:02:11 12:45:27,,
2299,IMG_20230211_122143.jpg,2023:02:11 12:21:43,,
2300,IMG_20230211_124254.jpg,2023:02:11 12:42:54,,
2301,IMG_20230211_125604.jpg,2023:02:11 12:56:04,,
2302,IMG_20230212_080711.jpg,2023:02:12 08:07:11,-1.3002673386111112,36.75717926
2303,IMG_20230211_115738.jpg,2023:02:11 11:57:39,,
2304,IMG_20230211_112719.jpg,2023:02:11 11:27:19,,
2305,IMG_20230211_130355.jpg,2023:02:11 13:03:56,,
2306,IMG_20230212_081221.jpg,2023:02:12 08:12:21,-1.3051530122222224,36.71574783305556
2307,IMG_20230211_124308.jpg,2023:02:11 12:43:08,,
2308,IMG_20230211_105339.jpg,2023:02:11 10:53:40,,
2309,IMG_20230211_113215.jpg,2023:02:11 11:32:15,,
2310,IMG_20230211_130143.jpg,2023:02:11 13:01:43,,
2311,IMG_20230212_081037.jpg,2023:02:12 08:10:38,-1.3103799819444444,36.72858047472222
2312,IMG_20230212_081023.jpg,2023:02:12 08:10:23,-1.3075469730555556,36.73464965805556
2313,IMG_20230211_130631.jpg,2023:02:11 13:06:31,,
2314,IMG_20230211_124644.jpg,2023:02:11 12:46:44,,
2315,IMG_20230211_123117.jpg,2023:02:11 12:31:18,,
2316,IMG_20230211_123842.jpg,2023:02:11 12:38:42,,
2317,IMG_20230211_105112.jpg,2023:02:11 10:51:12,,
2318,IMG_20230211_123857.jpg,2023:02:11 12:38:57,,
2319,IMG_20230211_104542.jpg,2023:02:11 10:45:42,,
2320,IMG_20230211_112320.jpg,2023:02:11 11:23:20,,
2321,IMG_20230211_123843.jpg,2023:02:11 12:38:43,,
2322,IMG_20230211_130618.jpg,2023:02:11 13:06:18,,
2323,IMG_20230212_081022.jpg,2023:02:12 08:10:22,-1.3075469730555556,36.73464965805556
2324,IMG_20230211_130624.jpg,2023:02:11 13:06:24,,
2325,IMG_20230211_124651.jpg,2023:02:11 12:46:51,,
2326,IMG_20230211_110709.jpg,2023:02:11 11:07:10,,
2327,IMG_20230211_114547.jpg,2023:02:11 11:45:48,,
2328,IMG_20230212_080857.jpg,2023:02:12 08:08:57,-1.305370211388889,36.74350357055555
2329,IMG_20230211_124309.jpg,2023:02:11 12:43:09,,
2330,IMG_20230212_080658.jpg,2023:02:12 08:06:58,-1.2992503641666666,36.762954711666666
2331,IMG_20230212_081234.jpg,2023:02:12 08:12:35,-1.3051530122222224,36.71574783305556
2332,IMG_20230211_103615.jpg,2023:02:11 10:36:15,,
2333,IMG_20230211_122803.jpg,2023:02:11 12:28:03,,
2334,IMG_20230212_080937.jpg,2023:02:12 08:09:38,-1.3076189755555556,36.73464965805556
2335,IMG_20230211_114341.jpg,2023:02:11 11:43:41,,
2336,IMG_20230212_082113.jpg,2023:02:12 08:21:14,-1.2504570483333333,36.66455841055556
2337,IMG_20230212_080704.jpg,2023:02:12 08:07:05,-1.2992503641666666,36.762954711666666
2338,IMG_20230212_081354.jpg,2023:02:12 08:13:54,-1.3033380508333334,36.70571136472223
2339,IMG_20230211_122624.jpg,2023:02:11 12:26:25,,
2340,IMG_20230212_081340.jpg,2023:02:12 08:13:41,-1.3033380508333334,36.70571136472223
2341,IMG_20230212_080738.jpg,2023:02:12 08:07:38,-1.3015580175,36.75379180888889
2342,IMG_20230211_123248.jpg,2023:02:11 12:32:48,,
2343,IMG_20230211_114631.jpg,2023:02:11 11:46:32,,
2344,IMG_20230211_123937.jpg,2023:02:11 12:39:38,,
2345,IMG_20230211_112532.jpg,2023:02:11 11:25:32,,
2346,IMG_20230211_120543.jpg,2023:02:11 12:05:44,,
2347,IMG_20230212_081125.jpg,2023:02:12 08:11:25,-1.3105809686111112,36.72499847388889
2348,IMG_20230211_122327.jpg,2023:02:11 12:23:28,,
2349,IMG_20230211_130723.jpg,2023:02:11 13:07:23,,
2350,IMG_20230211_113111.jpg,2023:02:11 11:31:11,,
2351,IMG_20230211_124540.jpg,2023:02:11 12:45:41,,
2352,IMG_20230211_122643.jpg,2023:02:11 12:26:44,,
2353,IMG_20230212_081333.jpg,2023:02:12 08:13:34,-1.3051530122222224,36.71574783305556
2354,IMG_20230211_130247.jpg,2023:02:11 13:02:47,,
2355,IMG_20230211_125851.jpg,2023:02:11 12:58:51,,
2356,IMG_20230211_125716.jpg,2023:02:11 12:57:17,,
2357,IMG_20230212_080617.jpg,2023:02:12 08:06:17,-1.2992503641666666,36.762954711666666
2358,IMG_20230211_122723.jpg,2023:02:11 12:27:23,,
2359,IMG_20230212_081247.jpg,2023:02:12 08:12:47,-1.3051530122222224,36.71574783305556
2360,IMG_20230212_080830.jpg,2023:02:12 08:08:31,-1.3036500213888889,36.74822998027778
2361,IMG_20230212_080824.jpg,2023:02:12 08:08:24,-1.3036500213888889,36.74822998027778
2362,IMG_20230211_130643.jpg,2023:02:11 13:06:44,,
2363,IMG_20230211_130125.jpg,2023:02:11 13:01:25,,
2364,IMG_20230211_122253.jpg,2023:02:11 12:22:54,,
2365,IMG_20230211_123818.jpg,2023:02:11 12:38:18,,
2366,IMG_20230211_112347.jpg,2023:02:11 11:23:47,,
2367,IMG_20230211_104257.jpg,2023:02:11 10:42:58,,
2368,IMG_20230211_112352.jpg,2023:02:11 11:23:52,,
2369,IMG_20230212_081044.jpg,2023:02:12 08:10:44,-1.3103799819444444,36.72858047472222
2370,IMG_20230211_130124.jpg,2023:02:11 13:01:25,,
2371,IMG_20230211_125924.jpg,2023:02:11 12:59:24,,
2372,IMG_20230212_080819.jpg,2023:02:12 08:08:19,-1.3036500213888889,36.74822998027778
2373,IMG_20230211_113500.jpg,2023:02:11 11:35:01,,
2374,IMG_20230211_105404.jpg,2023:02:11 10:54:04,,
2375,IMG_20230211_115824.jpg,2023:02:11 11:58:24,,
2376,IMG_20230211_122050.jpg,2023:02:11 12:20:51,,
2377,IMG_20230211_120647.jpg,2023:02:11 12:06:47,,
2378,IMG_20230212_081246.jpg,2023:02:12 08:12:46,-1.3051530122222224,36.71574783305556
2379,IMG_20230211_124347.jpg,2023:02:11 12:43:47,,
2380,IMG_20230212_081252.jpg,2023:02:12 08:12:53,-1.3051530122222224,36.71574783305556
2381,IMG_20230211_114455.jpg,2023:02:11 11:44:56,,
2382,IMG_20230212_080945.jpg,2023:02:12 08:09:45,-1.3076189755555556,36.73464965805556
2383,IMG_20230211_104108.jpg,2023:02:11 10:41:08,,
2384,IMG_20230211_122642.jpg,2023:02:11 12:26:43,,
2385,IMG_20230211_123548.jpg,2023:02:11 12:35:48,,
2386,IMG_20230212_081326.jpg,2023:02:12 08:13:26,-1.3051530122222224,36.71574783305556
2387,IMG_20230211_122130.jpg,2023:02:11 12:21:30,,
2388,IMG_20230211_124541.jpg,2023:02:11 12:45:42,,
2389,IMG_20230211_124958.jpg,2023:02:11 12:49:59,,
2390,IMG_20230212_081130.jpg,2023:02:12 08:11:30,-1.3105809686111112,36.72499847388889
2391,IMG_20230211_123010.jpg,2023:02:11 12:30:10,,
2392,IMG_20230212_081118.jpg,2023:02:12 08:11:18,-1.3105809686111112,36.72499847388889
2393,IMG_20230211_124755.jpg,2023:02:11 12:47:55,,
2394,IMG_20230211_124033.jpg,2023:02:11 12:40:33,,
2395,IMG_20230211_122456.jpg,2023:02:11 12:24:56,,
2396,IMG_20230211_110341.jpg,2023:02:11 11:03:41,,
2397,IMG_20230211_104334.jpg,2023:02:11 10:43:35,,
2398,IMG_20230211_130244.jpg,2023:02:11 13:02:44,,
2399,IMG_20230212_080748.jpg,2023:02:12 08:07:48,-1.3015580175,36.75379180888889
2400,IMG_20230211_125649.jpg,2023:02:11 12:56:49,,
2401,IMG_20230211_122132.jpg,2023:02:11 12:21:32,,
2402,IMG_20230211_113310.jpg,2023:02:11 11:33:10,,
2403,IMG_20230211_110625.jpg,2023:02:11 11:06:26,,
2404,IMG_20230211_103659.jpg,2023:02:11 10:37:00,,
2405,IMG_20230211_121201.jpg,2023:02:11 12:12:01,,
2406,IMG_20230212_082017.jpg,2023:02:12 08:20:17,-1.2605748175,36.661159515277774
2407,IMG_20230212_082003.jpg,2023:02:12 08:20:04,-1.2605748175,36.661159515277774
2408,IMG_20230212_080614.jpg,2023:02:12 08:06:15,-1.2992503641666666,36.762954711666666
2409,IMG_20230211_122734.jpg,2023:02:11 12:27:34,,
2410,IMG_20230212_081250.jpg,2023:02:12 08:12:50,-1.3051530122222224,36.71574783305556
2411,IMG_20230211_122913.jpg,2023:02:11 12:29:14,,
2412,IMG_20230211_122907.jpg,2023:02:11 12:29:07,,
2413,IMG_20230211_114245.jpg,2023:02:11 11:42:45,,
2414,IMG_20230212_081046.jpg,2023:02:12 08:10:46,-1.3103799819444444,36.72858047472222
2415,IMG_20230211_123628.jpg,2023:02:11 12:36:29,,
2416,IMG_20230212_081052.jpg,2023:02:12 08:10:52,-1.3103799819444444,36.72858047472222
2417,IMG_20230211_130640.jpg,2023:02:11 13:06:40,,
2418,IMG_20230211_122244.jpg,2023:02:11 12:22:45,,
2419,IMG_20230211_123833.jpg,2023:02:11 12:38:33,,
2420,IMG_20230211_124813.jpg,2023:02:11 12:48:14,,
2421,IMG_20230211_103506.jpg,2023:02:11 10:35:06,,
2422,IMG_20230211_122245.jpg,2023:02:11 12:22:46,,
2423,IMG_20230211_124146.jpg,2023:02:11 12:41:47,,
2424,IMG_20230211_125516.jpg,2023:02:11 12:55:17,,
2425,IMG_20230211_125502.jpg,2023:02:11 12:55:02,,
2426,IMG_20230211_123615.jpg,2023:02:11 12:36:15,,
2427,IMG_20230211_115628.jpg,2023:02:11 11:56:28,,
2428,IMG_20230212_080832.jpg,2023:02:12 08:08:33,-1.3036500213888889,36.74822998027778
2429,IMG_20230211_113259.jpg,2023:02:11 11:33:00,,
2430,IMG_20230211_114536.jpg,2023:02:11 11:45:36,,
2431,IMG_20230212_080629.jpg,2023:02:12 08:06:29,-1.2992503641666666,36.762954711666666
2432,IMG_20230211_130325.jpg,2023:02:11 13:03:25,,
2433,IMG_20230211_130457.jpg,2023:02:11 13:04:58,,
2434,IMG_20230211_121200.jpg,2023:02:11 12:12:01,,
2435,IMG_20230212_080952.jpg,2023:02:12 08:09:53,-1.3076189755555556,36.73464965805556
2436,IMG_20230211_115947.jpg,2023:02:11 11:59:47,,
2437,IMG_20230211_130251.jpg,2023:02:11 13:02:52,,
2438,IMG_20230212_081331.jpg,2023:02:12 08:13:32,-1.3051530122222224,36.71574783305556
2439,IMG_20230212_080749.jpg,2023:02:12 08:07:49,-1.3015580175,36.75379180888889
2440,IMG_20230212_081319.jpg,2023:02:12 08:13:19,-1.3051530122222224,36.71574783305556
2441,IMG_20230211_123952.jpg,2023:02:11 12:39:53,,
2442,IMG_20230211_112219.jpg,2023:02:11 11:22:19,,
2443,IMG_20230211_124754.jpg,2023:02:11 12:47:55,,
2444,IMG_20230211_122325.jpg,2023:02:11 12:23:25,,
2445,IMG_20230212_081133.jpg,2023:02:12 08:11:33,-1.3105809686111112,36.72499847388889
2446,IMG_20230211_130047.jpg,2023:02:11 13:00:47,,
2447,IMG_20230211_123007.jpg,2023:02:11 12:30:07,,
2448,IMG_20230211_124744.jpg,2023:02:11 12:47:44,,
2449,IMG_20230211_122309.jpg,2023:02:11 12:23:09,,
2450,IMG_20230211_120052.jpg,2023:02:11 12:00:52,,
2451,IMG_20230211_130533.jpg,2023:02:11 13:05:34,,
2452,IMG_20230212_081309.jpg,2023:02:12 08:13:10,-1.3051530122222224,36.71574783305556
2453,IMG_20230211_125102.jpg,2023:02:11 12:51:02,,
2454,IMG_20230211_125857.jpg,2023:02:11 12:58:57,,
2455,IMG_20230212_080956.jpg,2023:02:12 08:09:56,-1.3076189755555556,36.73464965805556
2456,IMG_20230211_122057.jpg,2023:02:11 12:20:57,,
2457,IMG_20230212_080639.jpg,2023:02:12 08:06:40,-1.2992503641666666,36.762954711666666
2458,IMG_20230211_123349.jpg,2023:02:11 12:33:49,,
2459,IMG_20230211_130335.jpg,2023:02:11 13:03:36,,
2460,IMG_20230211_130321.jpg,2023:02:11 13:03:21,,
2461,IMG_20230211_122725.jpg,2023:02:11 12:27:25,,
2462,IMG_20230211_120654.jpg,2023:02:11 12:06:55,,
2463,IMG_20230211_130447.jpg,2023:02:11 13:04:48,,
2464,IMG_20230211_125710.jpg,2023:02:11 12:57:10,,
2465,IMG_20230211_115638.jpg,2023:02:11 11:56:38,,
2466,IMG_20230211_110754.jpg,2023:02:11 11:07:55,,
2467,IMG_20230211_122241.jpg,2023:02:11 12:22:42,,
2468,IMG_20230212_081057.jpg,2023:02:12 08:10:57,-1.3103799819444444,36.72858047472222
2469,IMG_20230211_110231.jpg,2023:02:11 11:02:32,,
2470,IMG_20230211_120319.jpg,2023:02:11 12:03:19,,
2471,IMG_20230211_124631.jpg,2023:02:11 12:46:32,,
2472,IMG_20230211_122532.jpg,2023:02:11 12:25:33,,
2473,IMG_20230211_122254.jpg,2023:02:11 12:22:55,,
2474,IMG_20230211_112624.jpg,2023:02:11 11:26:25,,
2475,IMG_20230211_125711.jpg,2023:02:11 12:57:11,,
2476,IMG_20230212_081254.jpg,2023:02:12 08:12:55,-1.3051530122222224,36.71574783305556
2477,IMG_20230211_122056.jpg,2023:02:11 12:20:56,,
2478,IMG_20230211_103926.jpg,2023:02:11 10:39:27,,
2479,IMG_20230212_081240.jpg,2023:02:12 08:12:40,-1.3051530122222224,36.71574783305556
2480,IMG_20230211_113328.jpg,2023:02:11 11:33:29,,
2481,IMG_20230212_080758.jpg,2023:02:12 08:07:58,-1.3015580175,36.75379180888889
2482,IMG_20230211_122122.jpg,2023:02:11 12:21:23,,
2483,IMG_20230211_103852.jpg,2023:02:11 10:38:53,,
2484,IMG_20230211_113116.jpg,2023:02:11 11:31:16,,
2485,IMG_20230211_113102.jpg,2023:02:11 11:31:02,,
2486,IMG_20230211_130730.jpg,2023:02:11 13:07:31,,
2487,IMG_20230211_124023.jpg,2023:02:11 12:40:23,,
2488,IMG_20230212_081122.jpg,2023:02:12 08:11:22,-1.3105809686111112,36.72499847388889
2489,IMG_20230211_130732.jpg,2023:02:11 13:07:32,,
2490,IMG_20230211_123028.jpg,2023:02:11 12:30:28,,
2491,IMG_20230211_124753.jpg,2023:02:11 12:47:53,,
2492,IMG_20230211_125303.jpg,2023:02:11 12:53:03,,
2493,IMG_20230211_120509.jpg,2023:02:11 12:05:09,,
2494,IMG_20230211_122134.jpg,2023:02:11 12:21:35,,
2495,IMG_20230212_081322.jpg,2023:02:12 08:13:23,-1.3051530122222224,36.71574783305556
2496,IMG_20230211_125840.jpg,2023:02:11 12:58:40,,
2497,IMG_20230212_080941.jpg,2023:02:12 08:09:41,-1.3076189755555556,36.73464965805556
2498,IMG_20230211_122849.jpg,2023:02:11 12:28:49,,
2499,IMG_20230211_103111.jpg,2023:02:11 10:31:11,,
2500,IMG_20230212_080612.jpg,2023:02:12 08:06:12,-1.2992503641666666,36.762954711666666
2501,IMG_20230212_080835.jpg,2023:02:12 08:08:36,-1.3036500213888889,36.74822998027778
2502,IMG_20230211_125920.jpg,2023:02:11 12:59:21,,
2503,IMG_20230211_122901.jpg,2023:02:11 12:29:01,,
2504,IMG_20230211_130652.jpg,2023:02:11 13:06:52,,
2505,IMG_20230211_121039.jpg,2023:02:11 12:10:39,,
2506,IMG_20230211_123606.jpg,2023:02:11 12:36:06,,
2507,IMG_20230211_121005.jpg,2023:02:11 12:10:05,,
2508,IMG_20230211_124828.jpg,2023:02:11 12:48:28,,
2509,IMG_20230211_110541.jpg,2023:02:11 11:05:42,,
2510,IMG_20230211_130849.jpg,2023:02:11 13:08:49,,
2511,IMG_20230211_124814.jpg,2023:02:11 12:48:14,,
2512,IMG_20230211_112343.jpg,2023:02:11 11:23:44,,
2513,IMG_20230211_123613.jpg,2023:02:11 12:36:14,,
2514,IMG_20230212_081041.jpg,2023:02:12 08:10:41,-1.3103799819444444,36.72858047472222
2515,IMG_20230212_081055.jpg,2023:02:12 08:10:55,-1.3103799819444444,36.72858047472222
2516,IMG_20230211_122525.jpg,2023:02:11 12:25:26,,
2517,IMG_20230211_130647.jpg,2023:02:11 13:06:48,,
2518,IMG_20230211_122928.jpg,2023:02:11 12:29:28,,
2519,IMG_20230211_112155.jpg,2023:02:11 11:21:55,,
2520,IMG_20230212_080820.jpg,2023:02:12 08:08:21,-1.3036500213888889,36.74822998027778
2521,IMG_20230211_121206.jpg,2023:02:11 12:12:06,,
2522,IMG_20230212_080607.jpg,2023:02:12 08:06:07,-1.2992503641666666,36.762954711666666
2523,IMG_20230211_104904.jpg,2023:02:11 10:49:05,,
2524,IMG_20230212_081243.jpg,2023:02:12 08:12:44,-1.3051530122222224,36.71574783305556
2525,IMG_20230211_122055.jpg,2023:02:11 12:20:55,,
2526,IMG_20230211_120656.jpg,2023:02:11 12:06:56,,
2527,IMG_20230211_122041.jpg,2023:02:11 12:20:42,,
2528,IMG_20230211_122727.jpg,2023:02:11 12:27:28,,
2529,IMG_20230212_081257.jpg,2023:02:12 08:12:57,-1.3051530122222224,36.71574783305556
2530,IMG_20230211_112747.jpg,2023:02:11 11:27:47,,
2531,IMG_20230212_080940.jpg,2023:02:12 08:09:40,-1.3076189755555556,36.73464965805556
2532,IMG_20230211_125114.jpg,2023:02:11 12:51:14,,
2533,IMG_20230211_122109.jpg,2023:02:11 12:21:09,,
2534,IMG_20230212_081337.jpg,2023:02:12 08:13:38,-1.3051530122222224,36.71574783305556
2535,IMG_20230211_112237.jpg,2023:02:11 11:22:37,,
2536,IMG_20230211_125316.jpg,2023:02:11 12:53:16,,
2537,IMG_20230212_081109.jpg,2023:02:12 08:11:10,-1.3105809686111112,36.72499847388889
2538,IMG_20230212_081135.jpg,2023:02:12 08:11:35,-1.3105809686111112,36.72499847388889
2539,IMG_20230211_130041.jpg,2023:02:11 13:00:41,,
2540,IMG_20230211_122451.jpg,2023:02:11 12:24:51,,
2541,IMG_20230211_122337.jpg,2023:02:11 12:23:38,,
2542,IMG_20230211_130733.jpg,2023:02:11 13:07:34,,
2543,IMG_20230212_081138.jpg,2023:02:12 08:11:39,-1.3052599427777778,36.71598052972222
2544,IMG_20230211_125327.jpg,2023:02:11 12:53:27,,
2545,IMG_20230212_081104.jpg,2023:02:12 08:11:04,-1.3103799819444444,36.72858047472222
2546,IMG_20230211_124011.jpg,2023:02:11 12:40:11,,
2547,IMG_20230211_105020.jpg,2023:02:11 10:50:21,,
2548,IMG_20230211_124950.jpg,2023:02:11 12:49:50,,
2549,IMG_20230211_104302.jpg,2023:02:11 10:43:02,,
2550,IMG_20230211_125125.jpg,2023:02:11 12:51:25,,
2551,IMG_20230212_080756.jpg,2023:02:12 08:07:57,-1.3015580175,36.75379180888889
2552,IMG_20230211_122110.jpg,2023:02:11 12:21:10,,
2553,IMG_20230211_113332.jpg,2023:02:11 11:33:32,,
2554,IMG_20230211_112825.jpg,2023:02:11 11:28:25,,
2555,IMG_20230211_125051.jpg,2023:02:11 12:50:51,,
2556,IMG_20230211_124429.jpg,2023:02:11 12:44:29,,
2557,IMG_20230212_082035.jpg,2023:02:12 08:20:35,-1.2560166119444445,36.66281890861111
2558,IMG_20230212_080622.jpg,2023:02:12 08:06:22,-1.2992503641666666,36.762954711666666
2559,IMG_20230211_115838.jpg,2023:02:11 11:58:38,,
2560,IMG_20230212_080839.jpg,2023:02:12 08:08:39,-1.305370211388889,36.74350357055555
2561,IMG_20230211_104048.jpg,2023:02:11 10:40:48,,
2562,IMG_20230211_112602.jpg,2023:02:11 11:26:02,,
2563,IMG_20230211_114515.jpg,2023:02:11 11:45:16,,
2564,IMG_20230212_080805.jpg,2023:02:12 08:08:05,-1.3015580175,36.75379180888889
2565,IMG_20230211_123144.jpg,2023:02:11 12:31:44,,
2566,IMG_20230211_124824.jpg,2023:02:11 12:48:24,,
2567,IMG_20230211_105632.jpg,2023:02:11 10:56:32,,
2568,IMG_20230211_112401.jpg,2023:02:11 11:24:01,,
2569,IMG_20230211_124602.jpg,2023:02:11 12:46:03,,
2570,IMG_20230211_124158.jpg,2023:02:11 12:41:58,,
2571,IMG_20230212_081059.jpg,2023:02:12 08:11:00,-1.3103799819444444,36.72858047472222
2572,IMG_20230211_125534.jpg,2023:02:11 12:55:34,,
2573,IMG_20230211_122918.jpg,2023:02:11 12:29:18,,
2574,IMG_20230211_113521.jpg,2023:02:11 11:35:22,,
2575,IMG_20230211_130449.jpg,2023:02:11 13:04:49,,
2576,IMG_20230211_121236.jpg,2023:02:11 12:12:37,,
2577,IMG_20230211_113455.jpg,2023:02:11 11:34:55,,
2578,IMG_20230211_122850.jpg,2023:02:11 12:28:50,,
2579,IMG_20230211_104129.jpg,2023:02:11 10:41:29,,
2580,IMG_20230212_080958.jpg,2023:02:12 08:09:58,-1.3076189755555556,36.73464965805556
2581,IMG_20230211_124206.jpg,2023:02:11 12:42:06,,
2582,IMG_20230212_080743.jpg,2023:02:12 08:07:44,-1.3015580175,36.75379180888889
2583,IMG_20230211_105747.jpg,2023:02:11 10:57:48,,
2584,IMG_20230211_130717.jpg,2023:02:11 13:07:18,,
2585,IMG_20230211_122339.jpg,2023:02:11 12:23:39,,
2586,IMG_20230211_125324.jpg,2023:02:11 12:53:25,,
2587,IMG_20230211_103446.jpg,2023:02:11 10:34:47,,
2588,IMG_20230211_124947.jpg,2023:02:11 12:49:48,,
2589,IMG_20230211_125132.jpg,2023:02:11 12:51:33,,
2590,IMG_20230211_130259.jpg,2023:02:11 13:02:59,,
2591,IMG_20230212_080755.jpg,2023:02:12 08:07:55,-1.3015580175,36.75379180888889
2592,IMG_20230212_080741.jpg,2023:02:12 08:07:42,-1.3015580175,36.75379180888889
2593,IMG_20230211_124238.jpg,2023:02:11 12:42:39,,
2594,IMG_20230212_081305.jpg,2023:02:12 08:13:06,-1.3051530122222224,36.71574783305556
2595,IMG_20230211_122729.jpg,2023:02:11 12:27:30,,
2596,IMG_20230211_125046.jpg,2023:02:11 12:50:46,,
2597,IMG_20230212_080635.jpg,2023:02:12 08:06:35,-1.2992503641666666,36.762954711666666
2598,IMG_20230211_125052.jpg,2023:02:11 12:50:52,,
2599,IMG_20230212_080609.jpg,2023:02:12 08:06:09,-1.2992503641666666,36.762954711666666
2600,IMG_20230211_124416.jpg,2023:02:11 12:44:16,,
2601,IMG_20230211_122932.jpg,2023:02:11 12:29:33,,
2602,IMG_20230211_114258.jpg,2023:02:11 11:42:59,,
2603,IMG_20230211_103056.jpg,2023:02:11 10:30:56,,
2604,IMG_20230212_080812.jpg,2023:02:12 08:08:13,-1.3036500213888889,36.74822998027778
2605,IMG_20230211_103532.jpg,2023:02:11 10:35:33,,
2606,IMG_20230211_124833.jpg,2023:02:11 12:48:33,,
2607,IMG_20230211_130846.jpg,2023:02:11 13:08:47,,
2608,IMG_20230211_104507.jpg,2023:02:11 10:45:07,,
2609,IMG_20230212_081933.jpg,2023:02:12 08:19:33,-1.2605555555555557,36.66111111111111
2610,IMG_20230211_113052.jpg,2023:02:11 11:30:52,,
2611,IMG_20230211_130106.jpg,2023:02:11 13:01:06,,
2612,IMG_20230211_124615.jpg,2023:02:11 12:46:16,,
2613,IMG_20230211_130112.jpg,2023:02:11 13:01:12,,
2614,IMG_20230211_122516.jpg,2023:02:11 12:25:17,,
2615,IMG_20230212_080807.jpg,2023:02:12 08:08:07,-1.3036500213888889,36.74822998027778
2616,IMG_20230211_105426.jpg,2023:02:11 10:54:27,,
2617,IMG_20230211_120117.jpg,2023:02:11 12:01:18,,
2618,IMG_20230211_121209.jpg,2023:02:11 12:12:10,,
2619,IMG_20230211_122714.jpg,2023:02:11 12:27:15,,
2620,IMG_20230211_130310.jpg,2023:02:11 13:03:10,,
2621,IMG_20230211_125053.jpg,2023:02:11 12:50:53,,
2622,IMG_20230212_082037.jpg,2023:02:12 08:20:37,-1.2560166119444445,36.66281890861111
2623,IMG_20230211_105208.jpg,2023:02:11 10:52:08,,
2624,IMG_20230212_082157.jpg,2023:02:12 08:21:57,-1.2445210216666667,36.665328979444446
2625,IMG_20230212_080740.jpg,2023:02:12 08:07:40,-1.3015580175,36.75379180888889
2626,IMG_20230211_123556.jpg,2023:02:11 12:35:56,,
2627,IMG_20230211_122648.jpg,2023:02:11 12:26:49,,
2628,IMG_20230212_082143.jpg,2023:02:12 08:21:43,-1.2445210216666667,36.665328979444446
2629,IMG_20230212_081106.jpg,2023:02:12 08:11:06,-1.3103799819444444,36.72858047472222
2630,IMG_20230211_130714.jpg,2023:02:11 13:07:15,,
2631,IMG_20230211_122304.jpg,2023:02:11 12:23:04,,
2632,IMG_20230212_081112.jpg,2023:02:12 08:11:12,-1.3105809686111112,36.72499847388889
2633,IMG_20230211_123032.jpg,2023:02:11 12:30:32,,
2634,IMG_20230212_081116.jpg,2023:02:12 08:11:17,-1.3105809686111112,36.72499847388889
2635,IMG_20230211_124017.jpg,2023:02:11 12:40:18,,
2636,IMG_20230211_111906.jpg,2023:02:11 11:19:07,,
2637,IMG_20230211_130710.jpg,2023:02:11 13:07:11,,
2638,IMG_20230211_124003.jpg,2023:02:11 12:40:04,,
2639,IMG_20230211_123022.jpg,2023:02:11 12:30:23,,
2640,IMG_20230211_130738.jpg,2023:02:11 13:07:38,,
2641,IMG_20230211_123750.jpg,2023:02:11 12:37:51,,
2642,IMG_20230211_110417.jpg,2023:02:11 11:04:18,,
2643,IMG_20230211_122102.jpg,2023:02:11 12:21:02,,
2644,IMG_20230211_123552.jpg,2023:02:11 12:35:52,,
2645,IMG_20230211_104106.jpg,2023:02:11 10:41:07,,
2646,IMG_20230211_113320.jpg,2023:02:11 11:33:20,,
2647,IMG_20230211_124407.jpg,2023:02:11 12:44:08,,
2648,IMG_20230212_080624.jpg,2023:02:12 08:06:25,-1.2992503641666666,36.762954711666666
2649,IMG_20230211_112837.jpg,2023:02:11 11:28:37,,
2650,IMG_20230211_123426.jpg,2023:02:11 12:34:27,,
2651,IMG_20230211_124349.jpg,2023:02:11 12:43:49,,
2652,IMG_20230212_080630.jpg,2023:02:12 08:06:30,-1.2992503641666666,36.762954711666666
2653,IMG_20230212_080803.jpg,2023:02:12 08:08:03,-1.3015580175,36.75379180888889
2654,IMG_20230211_103047.jpg,2023:02:11 10:30:48,,
2655,IMG_20230211_124605.jpg,2023:02:11 12:46:05,,
2656,IMG_20230211_105807.jpg,2023:02:11 10:58:07,,
2657,IMG_20230211_125241.jpg,2023:02:11 12:52:42,,
2658,IMG_20230211_123630.jpg,2023:02:11 12:36:30,,
2659,IMG_20230211_130658.jpg,2023:02:11 13:06:59,,
2660,IMG_20230211_130842.jpg,2023:02:11 13:08:43,,
2661,IMG_20230212_081936.jpg,2023:02:12 08:19:36,-1.2605748175,36.661159515277774
2662,IMG_20230211_125254.jpg,2023:02:11 12:52:54,,
2663,IMG_20230211_130117.jpg,2023:02:11 13:01:17,,
2664,IMG_20230211_122922.jpg,2023:02:11 12:29:22,,
2665,IMG_20230211_122525 copy.jpg,2023:02:11 12:25:25,,
2666,IMG_20230211_122739.jpg,2023:02:11 12:27:39,,
2667,IMG_20230211_125056.jpg,2023:02:11 12:50:56,,
2668,IMG_20230211_125730.jpg,2023:02:11 12:57:30,,
2669,IMG_20230212_080619.jpg,2023:02:12 08:06:19,-1.2992503641666666,36.762954711666666
2670,IMG_20230211_112759.jpg,2023:02:11 11:27:59,,
2671,IMG_20230211_112956.jpg,2023:02:11 11:29:57,,
2672,IMG_20230211_123547.jpg,2023:02:11 12:35:48,,
2673,IMG_20230212_081329.jpg,2023:02:12 08:13:29,-1.3051530122222224,36.71574783305556
2674,IMG_20230211_124228.jpg,2023:02:11 12:42:28,,
2675,IMG_20230211_122117.jpg,2023:02:11 12:21:17,,
2676,IMG_20230212_081315.jpg,2023:02:12 08:13:15,-1.3051530122222224,36.71574783305556
2677,IMG_20230211_103330.jpg,2023:02:11 10:33:30,,
2678,IMG_20230211_110402.jpg,2023:02:11 11:04:03,,
2679,IMG_20230211_125446.jpg,2023:02:11 12:54:46,,
2680,IMG_20230211_122317.jpg,2023:02:11 12:23:17,,
2681,IMG_20230211_125322.jpg,2023:02:11 12:53:22,,
2682,IMG_20230211_115550.jpg,2023:02:11 11:55:50,,
2683,IMG_20230211_122115.jpg,2023:02:11 12:21:16,,
2684,IMG_20230211_125108.jpg,2023:02:11 12:51:08,,
2685,IMG_20230212_082150.jpg,2023:02:12 08:21:51,-1.2445210216666667,36.665328979444446
2686,IMG_20230211_125652.jpg,2023:02:11 12:56:52,,
2687,IMG_20230212_080753.jpg,2023:02:12 08:07:54,-1.3015580175,36.75379180888889
2688,IMG_20230211_105541.jpg,2023:02:11 10:55:41,,
2689,IMG_20230211_122451 copy.jpg,2023:02:11 12:24:51,,
2690,IMG_20230211_124404.jpg,2023:02:11 12:44:04,,
2691,IMG_20230211_115801.jpg,2023:02:11 11:58:01,,
2692,IMG_20230212_080633.jpg,2023:02:12 08:06:33,-1.2992503641666666,36.762954711666666
2693,IMG_20230212_082024.jpg,2023:02:12 08:20:25,-1.2605748175,36.661159515277774
2694,IMG_20230212_080627.jpg,2023:02:12 08:06:27,-1.2992503641666666,36.762954711666666
2695,IMG_20230211_125915.jpg,2023:02:11 12:59:15,,
2696,IMG_20230211_122908.jpg,2023:02:11 12:29:09,,
2697,IMG_20230212_080800.jpg,2023:02:12 08:08:00,-1.3015580175,36.75379180888889
2698,IMG_20230211_122934.jpg,2023:02:11 12:29:34,,
2699,IMG_20230211_124612.jpg,2023:02:11 12:46:12,,
2700,IMG_20230212_081049.jpg,2023:02:12 08:10:49,-1.3103799819444444,36.72858047472222
2701,IMG_20230211_123627.jpg,2023:02:11 12:36:27,,
2702,IMG_20230211_123800.jpg,2023:02:11 12:38:01,,
2703,IMG_20230211_112411.jpg,2023:02:11 11:24:11,,
2704,IMG_20230211_113041.jpg,2023:02:11 11:30:41,,
2705,IMG_20230211_103247.jpg,2023:02:11 10:32:47,,
2706,IMG_20230211_124820.jpg,2023:02:11 12:48:21,,
2707,IMG_20230211_110207.jpg,2023:02:11 11:02:07,,
2708,IMG_20230211_125525.jpg,2023:02:11 12:55:25,,
2709,IMG_20230211_130128.jpg,2023:02:11 13:01:29,,
2710,IMG_20230211_123140.jpg,2023:02:11 12:31:41,,
2711,IMG_20230211_125519.jpg,2023:02:11 12:55:19,,
2712,IMG_20230211_120307.jpg,2023:02:11 12:03:07,,
2713,IMG_20230210_181406.jpg,2023:02:10 18:14:07,,
2714,IMG_20230212_080815.jpg,2023:02:12 08:08:16,-1.3036500213888889,36.74822998027778
2715,IMG_20230211_124439.jpg,2023:02:11 12:44:39,,
2716,IMG_20230211_125733.jpg,2023:02:11 12:57:34,,
2717,IMG_20230211_103904.jpg,2023:02:11 10:39:04,,
2718,IMG_20230211_130316.jpg,2023:02:11 13:03:16,,
2719,IMG_20230211_123418.jpg,2023:02:11 12:34:18,,
2720,IMG_20230212_080949.jpg,2023:02:12 08:09:50,-1.3076189755555556,36.73464965805556
2721,IMG_20230211_113322.jpg,2023:02:11 11:33:23,,
2722,IMG_20230211_115753.jpg,2023:02:11 11:57:53,,
2723,IMG_20230211_113336.jpg,2023:02:11 11:33:36,,
2724,IMG_20230211_120924.jpg,2023:02:11 12:09:24,,
2725,IMG_20230212_080752.jpg,2023:02:12 08:07:52,-1.3015580175,36.75379180888889
2726,IMG_20230211_104845.jpg,2023:02:11 10:48:45,,
2727,IMG_20230212_080746.jpg,2023:02:12 08:07:47,-1.3015580175,36.75379180888889
2728,IMG_20230211_123550.jpg,2023:02:11 12:35:51,,
2729,IMG_20230211_120703.jpg,2023:02:11 12:07:03,,
2730,IMG_20230212_081302.jpg,2023:02:12 08:13:03,-1.3051530122222224,36.71574783305556
2731,IMG_20230211_123949.jpg,2023:02:11 12:39:49,,
2732,IMG_20230211_124940.jpg,2023:02:11 12:49:41,,
2733,IMG_20230211_125451.jpg,2023:02:11 12:54:52,,
2734,IMG_20230211_121145.jpg,2023:02:11 12:11:45,,
2735,IMG_20230211_130706.jpg,2023:02:11 13:07:06,,
2736,IMG_20230212_081114.jpg,2023:02:12 08:11:14,-1.3105809686111112,36.72499847388889
2737,IMG_20230211_124001.jpg,2023:02:11 12:40:01,,
2738,IMG_20230211_121122.jpg,2023:02:11 12:11:23,,
2739,IMG_20230211_105725.jpg,2023:02:11 10:57:25,,
2740,IMG_20230211_124933.jpg,2023:02:11 12:49:33,,
2741,IMG_20230211_110328.jpg,2023:02:11 11:03:29,,
2742,IMG_20230211_125634.jpg,2023:02:11 12:56:35,,
2743,IMG_20230211_113351.jpg,2023:02:11 11:33:51,,
2744,IMG_20230211_113437.jpg,2023:02:11 11:34:37,,
2745,IMG_20230211_130359.jpg,2023:02:11 13:03:59,,
2746,IMG_20230212_081239.jpg,2023:02:12 08:12:39,-1.3051530122222224,36.71574783305556
2747,IMG_20230211_123457.jpg,2023:02:11 12:34:57,,
2748,IMG_20230212_080641.jpg,2023:02:12 08:06:41,-1.2992503641666666,36.762954711666666
2749,IMG_20230211_130403.jpg,2023:02:11 13:04:04,,
2750,IMG_20230212_081211.jpg,2023:02:12 08:12:11,-1.3051530122222224,36.71574783305556
2751,IMG_20230211_123641.jpg,2023:02:11 12:36:41,,
2752,IMG_20230211_125556.jpg,2023:02:11 12:55:56,,
2753,IMG_20230211_125542.jpg,2023:02:11 12:55:43,,
2754,IMG_20230212_081013.jpg,2023:02:12 08:10:14,-1.3075469730555556,36.73464965805556
2755,IMG_20230212_081007.jpg,2023:02:12 08:10:07,-1.3076189755555556,36.73464965805556
2756,IMG_20230211_110248.jpg,2023:02:11 11:02:48,,
2757,IMG_20230211_124847.jpg,2023:02:11 12:48:47,,
2758,IMG_20230211_130832.jpg,2023:02:11 13:08:32,,
2759,IMG_20230211_103208.jpg,2023:02:11 10:32:08,,
2760,IMG_20230211_112311.jpg,2023:02:11 11:23:12,,
2761,IMG_20230212_081947.jpg,2023:02:12 08:19:48,-1.2605748175,36.661159515277774
2762,IMG_20230212_081953.jpg,2023:02:12 08:19:53,-1.2605748175,36.661159515277774
2763,IMG_20230211_122204.jpg,2023:02:11 12:22:04,,
2764,IMG_20230211_125231.jpg,2023:02:11 12:52:31,,
2765,IMG_20230211_112648.jpg,2023:02:11 11:26:49,,
2766,IMG_20230211_122748.jpg,2023:02:11 12:27:49,,
2767,IMG_20230212_080654.jpg,2023:02:12 08:06:55,-1.2992503641666666,36.762954711666666
2768,IMG_20230211_123442.jpg,2023:02:11 12:34:43,,
2769,IMG_20230211_110117.jpg,2023:02:11 11:01:17,,
2770,IMG_20230212_080913.jpg,2023:02:12 08:09:14,-1.3061327933333333,36.73926162694445
2771,IMG_20230212_080708.jpg,2023:02:12 08:07:08,-1.3002673386111112,36.75717926
2772,IMG_20230211_130238.jpg,2023:02:11 13:02:38,,
2773,IMG_20230211_104823.jpg,2023:02:11 10:48:23,,
2774,IMG_20230212_080720.jpg,2023:02:12 08:07:20,-1.3002673386111112,36.75717926
2775,IMG_20230211_125147.jpg,2023:02:11 12:51:48,,
2776,IMG_20230211_112516.jpg,2023:02:11 11:25:16,,
2777,IMG_20230211_112258.jpg,2023:02:11 11:22:58,,
2778,IMG_20230211_113146.jpg,2023:02:11 11:31:47,,
2779,IMG_20230211_105042.jpg,2023:02:11 10:50:42,,
2780,IMG_20230211_103427.jpg,2023:02:11 10:34:27,,
2781,IMG_20230211_105903.jpg,2023:02:11 10:59:03,,
2782,IMG_20230211_122402.jpg,2023:02:11 12:24:03,,
2783,IMG_20230211_120215.jpg,2023:02:11 12:02:15,,
2784,IMG_20230211_122416.jpg,2023:02:11 12:24:16,,
2785,IMG_20230211_124729.jpg,2023:02:11 12:47:29,,
2786,IMG_20230211_123046.jpg,2023:02:11 12:30:47,,
2787,IMG_20230211_125437.jpg,2023:02:11 12:54:37,,
2788,IMG_20230211_125421.jpg,2023:02:11 12:54:22,,
2789,IMG_20230211_112241_1.jpg,2023:02:11 11:22:42,,
2790,IMG_20230212_081158.jpg,2023:02:12 08:11:58,-1.3052599427777778,36.71598052972222
2791,IMG_20230211_123905.jpg,2023:02:11 12:39:06,,
2792,IMG_20230211_110317.jpg,2023:02:11 11:03:17,,
2793,IMG_20230211_122151_1.jpg,2023:02:11 12:21:52,,
2794,IMG_20230211_112514.jpg,2023:02:11 11:25:14,,
2795,IMG_20230211_124529.jpg,2023:02:11 12:45:29,,
2796,IMG_20230211_122158.jpg,2023:02:11 12:21:58,,
2797,IMG_20230212_080736.jpg,2023:02:12 08:07:36,-1.3002673386111112,36.75717926
2798,IMG_20230211_123520.jpg,2023:02:11 12:35:21,,
2799,IMG_20230212_080722.jpg,2023:02:12 08:07:22,-1.3002673386111112,36.75717926
2800,IMG_20230211_130212.jpg,2023:02:11 13:02:12,,
2801,IMG_20230211_122831.jpg,2023:02:11 12:28:31,,
2802,IMG_20230212_080905.jpg,2023:02:12 08:09:05,-1.305370211388889,36.74350357055555
2803,IMG_20230212_080642.jpg,2023:02:12 08:06:42,-1.2992503641666666,36.762954711666666
2804,IMG_20230211_123332.jpg,2023:02:11 12:33:33,,
2805,Market.jpg,2023:02:11 11:23:52,,
2806,IMG_20230212_080656.jpg,2023:02:12 08:06:56,-1.2992503641666666,36.762954711666666
2807,IMG_20230211_105450.jpg,2023:02:11 10:54:50,,
2808,IMG_20230211_122951.jpg,2023:02:11 12:29:52,,
2809,IMG_20230211_112138.jpg,2023:02:11 11:21:39,,
2810,IMG_20230211_123130.jpg,2023:02:11 12:31:30,,
2811,IMG_20230211_122206.jpg,2023:02:11 12:22:07,,
2812,IMG_20230212_081945.jpg,2023:02:12 08:19:45,-1.2605748175,36.661159515277774
2813,IMG_20230211_130831.jpg,2023:02:11 13:08:31,,
2814,IMG_20230211_123859.jpg,2023:02:11 12:39:00,,
2815,IMG_20230211_130818.jpg,2023:02:11 13:08:19,,
2816,IMG_20230211_104203.jpg,2023:02:11 10:42:03,,
2817,IMG_20230211_130824.jpg,2023:02:11 13:08:25,,
2818,IMG_20230211_103550.jpg,2023:02:11 10:35:50,,
2819,IMG_20230212_081011.jpg,2023:02:12 08:10:12,-1.3075469730555556,36.73464965805556
2820,IMG_20230211_123657.jpg,2023:02:11 12:36:58,,
2821,IMG_20230212_081039.jpg,2023:02:12 08:10:40,-1.3103799819444444,36.72858047472222
2822,IMG_20230211_120835.jpg,2023:02:11 12:08:36,,
2823,IMG_20230211_103746.jpg,2023:02:11 10:37:47,,
2824,IMG_20230211_122950.jpg,2023:02:11 12:29:50,,
2825,IMG_20230211_124312.jpg,2023:02:11 12:43:13,,
2826,IMG_20230211_130401.jpg,2023:02:11 13:04:01,,
2827,IMG_20230211_123327.jpg,2023:02:11 12:33:28,,
2828,IMG_20230211_130429.jpg,2023:02:11 13:04:29,,
2829,IMG_20230211_125811.jpg,2023:02:11 12:58:11,,
2830,IMG_20230212_080910.jpg,2023:02:12 08:09:10,-1.3061327933333333,36.73926162694445
2831,IMG_20230211_105519.jpg,2023:02:11 10:55:19,,
2832,IMG_20230211_114428.jpg,2023:02:11 11:44:28,,
2833,IMG_20230212_082108.jpg,2023:02:12 08:21:09,-1.2504570483333333,36.66455841055556
2834,IMG_20230211_103815.jpg,2023:02:11 10:38:15,,
2835,IMG_20230211_125144.jpg,2023:02:11 12:51:44,,
2836,IMG_20230211_123910.jpg,2023:02:11 12:39:11,,
2837,IMG_20230211_104439.jpg,2023:02:11 10:44:39,,
2838,IMG_20230211_120202.jpg,2023:02:11 12:02:02,,
2839,IMG_20230211_122405.jpg,2023:02:11 12:24:05,,
2840,IMG_20230211_125430.jpg,2023:02:11 12:54:30,,
2841,IMG_20230211_123055.jpg,2023:02:11 12:30:56,,
2842,IMG_20230211_123900.jpg,2023:02:11 12:39:00,,
2843,IMG_20230211_150722.jpg,2023:02:11 15:07:22,,
2844,IMG_20230211_112511.jpg,2023:02:11 11:25:12,,
2845,IMG_20230211_103352.jpg,2023:02:11 10:33:53,,
2846,IMG_20230211_130203.jpg,2023:02:11 13:02:03,,
2847,IMG_20230211_124504.jpg,2023:02:11 12:45:04,,
2848,IMG_20230211_130559.jpg,2023:02:11 13:06:00,,
2849,IMG_20230212_082124.jpg,2023:02:12 08:21:25,-1.2504570483333333,36.66455841055556
2850,IMG_20230211_125626.jpg,2023:02:11 12:56:26,,
2851,IMG_20230211_103839.jpg,2023:02:11 10:38:39,,
2852,IMG_20230211_122834.jpg,2023:02:11 12:28:35,,
2853,IMG_20230212_081217.jpg,2023:02:12 08:12:17,-1.3051530122222224,36.71574783305556
2854,IMG_20230212_080647.jpg,2023:02:12 08:06:47,-1.2992503641666666,36.762954711666666
2855,IMG_20230211_125746.jpg,2023:02:11 12:57:46,,
2856,IMG_20230211_130439.jpg,2023:02:11 13:04:40,,
2857,IMG_20230211_130613.jpg,2023:02:11 13:06:13,,
2858,IMG_20230211_124100.jpg,2023:02:11 12:41:01,,
2859,IMG_20230211_124114.jpg,2023:02:11 12:41:14,,
2860,IMG_20230212_081015.jpg,2023:02:12 08:10:15,-1.3075469730555556,36.73464965805556
2861,IMG_20230212_081029.jpg,2023:02:12 08:10:30,-1.3075469730555556,36.73464965805556
2862,IMG_20230211_112317.jpg,2023:02:11 11:23:17,,
2863,IMG_20230211_112303.jpg,2023:02:11 11:23:04,,
2864,IMG_20230211_123849.jpg,2023:02:11 12:38:49,,
2865,IMG_20230211_123646.jpg,2023:02:11 12:36:47,,
2866,IMG_20230212_081028.jpg,2023:02:12 08:10:28,-1.3075469730555556,36.73464965805556
2867,IMG_20230211_122558.jpg,2023:02:11 12:25:58,,
2868,IMG_20230211_123652.jpg,2023:02:11 12:36:52,,
2869,IMG_20230212_081000.jpg,2023:02:12 08:10:01,-1.3076189755555556,36.73464965805556
2870,IMG_20230212_080652.jpg,2023:02:12 08:06:52,-1.2992503641666666,36.762954711666666
2871,IMG_20230211_112855.jpg,2023:02:11 11:28:55,,
2872,IMG_20230211_123336.jpg,2023:02:11 12:33:37,,
2873,IMG_20230212_080646.jpg,2023:02:12 08:06:46,-1.2992503641666666,36.762954711666666
2874,IMG_20230211_110139.jpg,2023:02:11 11:01:40,,
2875,IMG_20230211_122821.jpg,2023:02:11 12:28:21,,
2876,IMG_20230212_080929.jpg,2023:02:12 08:09:29,-1.3061327933333333,36.73926162694445
2877,IMG_20230211_114405.jpg,2023:02:11 11:44:06,,
2878,IMG_20230211_113418.jpg,2023:02:11 11:34:18,,
2879,IMG_20230212_080726.jpg,2023:02:12 08:07:26,-1.3002673386111112,36.75717926
2880,IMG_20230211_122148.jpg,2023:02:11 12:21:48,,
2881,IMG_20230211_112935.jpg,2023:02:11 11:29:36,,
2882,IMG_20230211_112921.jpg,2023:02:11 11:29:21,,
2883,IMG_20230211_125633.jpg,2023:02:11 12:56:33,,
2884,IMG_20230211_115900.jpg,2023:02:11 11:59:00,,
2885,IMG_20230211_130216.jpg,2023:02:11 13:02:17,,
2886,IMG_20230211_120005.jpg,2023:02:11 12:00:06,,
2887,IMG_20230212_082119.jpg,2023:02:12 08:21:19,-1.2504570483333333,36.66455841055556
2888,IMG_20230211_124920.jpg,2023:02:11 12:49:20,,
2889,IMG_20230211_123915.jpg,2023:02:11 12:39:15,,
2890,IMG_20230211_124713.jpg,2023:02:11 12:47:13,,
2891,IMG_20230211_123056.jpg,2023:02:11 12:30:57,,
2892,IMG_20230211_123730.jpg,2023:02:11 12:37:30,,
2893,IMG_20230211_114605.jpg,2023:02:11 11:46:06,,
2894,IMG_20230211_122610.jpg,2023:02:11 12:26:10,,
2895,IMG_20230211_125619.jpg,2023:02:11 12:56:19,,
2896,IMG_20230212_080730.jpg,2023:02:12 08:07:30,-1.3002673386111112,36.75717926
2897,IMG_20230211_114407.jpg,2023:02:11 11:44:08,,
2898,IMG_20230212_080917.jpg,2023:02:12 08:09:18,-1.3061327933333333,36.73926162694445
2899,IMG_20230211_122837.jpg,2023:02:11 12:28:37,,
2900,IMG_20230211_103153.jpg,2023:02:11 10:31:53,,
2901,IMG_20230211_114349.jpg,2023:02:11 11:43:49,,
2902,IMG_20230211_105244.jpg,2023:02:11 10:52:44,,
2903,IMG_20230212_081214.jpg,2023:02:12 08:12:15,-1.3051530122222224,36.71574783305556
2904,IMG_20230211_120601.jpg,2023:02:11 12:06:01,,
2905,IMG_20230211_130412.jpg,2023:02:11 13:04:12,,
2906,IMG_20230212_081228.jpg,2023:02:12 08:12:28,-1.3051530122222224,36.71574783305556
2907,IMG_20230211_120629.jpg,2023:02:11 12:06:29,,
2908,IMG_20230212_080650.jpg,2023:02:12 08:06:51,-1.2992503641666666,36.762954711666666
2909,IMG_20230211_104953.jpg,2023:02:11 10:49:54,,
2910,IMG_20230211_130604.jpg,2023:02:11 13:06:04,,
2911,IMG_20230211_125209.jpg,2023:02:11 12:52:09,,
2912,IMG_20230212_081016.jpg,2023:02:12 08:10:16,-1.3075469730555556,36.73464965805556
2913,IMG_20230211_123644.jpg,2023:02:11 12:36:44,,
2914,IMG_20230211_110503.jpg,2023:02:11 11:05:04,,
2915,IMG_20230211_130837.jpg,2023:02:11 13:08:38,,
2916,IMG_20230211_130822.jpg,2023:02:11 13:08:22,,
2917,IMG_20230211_104205.jpg,2023:02:11 10:42:05,,
2918,IMG_20230211_124658.jpg,2023:02:11 12:46:58,,
2919,IMG_20230212_081003.jpg,2023:02:12 08:10:03,-1.3076189755555556,36.73464965805556
2920,IMG_20230212_081017.jpg,2023:02:12 08:10:17,-1.3075469730555556,36.73464965805556
2921,IMG_20230211_104013.jpg,2023:02:11 10:40:13,,
2922,IMG_20230212_082052.jpg,2023:02:12 08:20:52,-1.2560166119444445,36.66281890861111
2923,IMG_20230211_122759.jpg,2023:02:11 12:27:59,,
2924,IMG_20230211_113433.jpg,2023:02:11 11:34:34,,
2925,IMG_20230212_080902.jpg,2023:02:12 08:09:02,-1.305370211388889,36.74350357055555
2926,IMG_20230211_123255.jpg,2023:02:11 12:32:56,,
2927,IMG_20230211_124512.jpg,2023:02:11 12:45:12,,
2928,IMG_20230211_122605.jpg,2023:02:11 12:26:05,,
2929,IMG_20230211_124923.jpg,2023:02:11 12:49:24,,
2930,IMG_20230211_110304.jpg,2023:02:11 11:03:04,,
2931,IMG_20230211_125340.jpg,2023:02:11 12:53:41,,
2932,IMG_20230211_130003.jpg,2023:02:11 13:00:03,,
2933,IMG_20230211_124704.jpg,2023:02:11 12:47:04,,
