panoid,lat,lon,year,month,img_path,angle,value
-0wIGghq_wnmlSxQjvfs6Q,-1.260868273424994,36.73432770812977,2018.0,2.0,-/0/,0,0.6342887
-3l0SHoc2SjGiBF8t3kaaQ,-1.263649263106172,36.68726712874408,2021.0,8.0,-/3/,0,0.7123109
-_Zxs2WP-X8m7qj-REHpnQ,-1.288799526281745,36.79294342505977,2021.0,7.0,-/_/,0,0.652671
-dnEqpLrlgYAsG3FVFQ7Aw,-1.312480822664474,36.6844384722745,2021.0,8.0,-/d/,0,0.62500924
-gJRF24oKdAlQF_HCZp-Ww,-1.310656264946283,36.76098697757607,2021.0,7.0,-/g/,0,0.65418035
-iUberVTsT9M1KW-T5JZAg,-1.35069872157883,36.7386159560188,2021.0,7.0,-/i/,0,0.6082032
-qWeZ9Tt6xWTzeGv0L1Z-A,-1.221019046549566,36.81763375974656,2022.0,5.0,-/Q/,0,0.7558901
-xxW4ylzG299vowxeKpvYQ,-1.265278069020202,36.76224502376922,2021.0,7.0,-/x/,0,0.60477006
0Cl1ty8xnBUhc66lj6NArQ,-1.211389032382183,36.89706559149232,2018.0,2.0,0/C/,0,0.64392495
0Esn5VdDgrnwLq5QLT98Uw,-1.262652841045349,36.85270001158589,2018.0,2.0,0/e/,0,0.6240943
0IYvopVjl848MSO5aonogQ,-1.279338026963762,36.82889745720966,2021.0,8.0,0/i/,0,0.70930195
0uJOq262cA-P1hhicTy4qQ,-1.318176393889879,36.7788064436817,2021.0,7.0,0/U/,0,0.6340989
0vx6RscL5WxBA9Csp9XOIw,-1.380714914911998,36.82009410032605,2018.0,2.0,0/v/,0,0.65743566
11xXQ9TCvV8oNFMcLPoxng,-1.278752037337795,36.77118218468362,2021.0,7.0,1/1/,0,0.7053359
13jpvmgwj1ozcN5LJsSnyQ,-1.22794381998951,36.89299596051639,2021.0,9.0,1/3/,0,0.6689191
1EIdg83IpchDoCM5hD2RrA,-1.28450045172009,36.81897964216509,2021.0,7.0,1/e/,0,0.63572323
1G3gi3JBj0WQpMyNc5NNug,-1.268388581490495,36.82598401193605,2021.0,7.0,1/g/,0,0.6462119
1P8wKN5QuiF5nNTd2nynFQ,-1.319015242448304,36.67270769724421,2018.0,5.0,1/P/,0,0.7121714
1Zvo_3961hLXseSfzxowHg,-1.321631289025436,36.85792016084459,2021.0,8.0,1/Z/,0,0.74284613
1cuJ7rH2GwJNgsZYMXcqBQ,-1.310668811711563,36.76070771029273,2018.0,1.0,1/C/,0,0.69378346
1kB862rPRviWi_xhIs9aJg,-1.256487724620633,36.70393528199415,2021.0,8.0,1/K/,0,0.6096347
1mjT6U1te-GrtrKgxHMsBg,-1.463501124960345,36.93569512257712,2022.0,3.0,1/m/,0,0.6114964
1peBYD7ZyY7iYLB6ORXuOQ,-1.209186279946892,36.90161632276572,2021.0,9.0,1/P/,0,0.62468123
1t-_bAZcLO1dj4GKlwYLjg,-1.273321712701594,36.94852435903134,2021.0,8.0,1/t/,0,0.60043615
1yinqmMc-Y4MDN6MWeN18g,-1.248381812492534,36.68324132401199,2021.0,8.0,1/y/,0,0.63846046
26HO9j-97GJMV5VqKh0O4g,-1.390373163307754,36.75349095389295,2018.0,1.0,2/6/,0,0.67261505
29PHbQ9y46eMmkjCYe2LKA,-1.285720293889097,36.81099287064579,2021.0,9.0,2/9/,0,0.62436754
29jMLYr2bBWfPr5IVCB_Dg,-1.157258513722736,36.636464262197,2021.0,10.0,2/9/,0,0.63670516
2ByZCvmwkpzq_dKAL8QBZA,-1.256800578902298,36.66945401124639,2017.0,12.0,2/B/,0,0.6180807
2FvCvEji2ye6Yjv04EusTg,-1.208751226125065,36.87299082421525,2018.0,2.0,2/f/,0,0.69392055
2ipwaqfNk33inDycojhf3Q,-1.463734648268557,36.93524231579686,2022.0,3.0,2/i/,0,0.71972567
2tFYffcelKGiXqOp5AMkaA,-1.356063854326016,36.64542098676001,2018.0,4.0,2/t/,0,0.6116842
384qpSuuPwSnhtnfg36nKA,-1.337925896534131,36.88604039298602,2021.0,7.0,3/8/,0,0.6042142
3Ahpnot23EAaHqog6kUXng,-1.16355315104663,36.95914137095274,2018.0,5.0,3/a/,0,0.67561424
3HOwQFKmy1Ll4h3mq5n4aA,-1.370534131284068,36.93757365440263,2021.0,8.0,3/H/,0,0.60222596
3SYrhgQjLiZGvEJOZHuAZw,-1.292132569245009,36.82174789006926,2021.0,7.0,3/s/,0,0.68407214
3TIose-5WESLTPZh-sO4RQ,-1.271077923005043,36.82815536956885,2018.0,2.0,3/t/,0,0.6417424
3WsNev4dkzLVykTX2Q6Dsg,-1.219048451551453,36.97294428040686,2022.0,2.0,3/w/,0,0.6859442
3pHMDJmn5rp634Y-Qv26mw,-1.205667555244559,36.77065323539095,2021.0,9.0,3/P/,0,0.62258196
3pMvb6Dq0aB9tKT6GHuytA,-1.299553038197649,36.79085320889305,2021.0,7.0,3/P/,0,0.61792296
3tAhvdFDPDf8eeS_PdaImA,-1.251808318897367,36.83640349836867,2018.0,1.0,3/t/,0,0.64508736
3tGZJmvkxLaMm4e24gnD_w,-1.237237472516094,36.66602328889233,2021.0,8.0,3/t/,0,0.62071186
3uevBiKq8UAI_bfAo0MbRw,-1.279127397060601,36.96738242329989,2022.0,5.0,3/U/,0,0.6053572
4-4HcS9OPrXWVzdtevUKxA,-1.231882361027973,36.89445920891143,2021.0,9.0,4/-/,0,0.6215443
404mvmJEEQFvzutPcKIa8Q,-1.276429288530698,36.77681758223412,2021.0,8.0,4/0/,0,0.67766255
4FJ2Cr67MI6OGnWSIsZO2A,-1.318021709698832,36.89319676807605,2018.0,4.0,4/f/,0,0.62834036
4FNrT6s2VGq88mM8MW7ujg,-1.282387501072326,36.80720061390151,2021.0,9.0,4/f/,0,0.7721845
4OXzgv8Jt4JBnyKYdNZXfg,-1.143865800437832,36.81681902237187,2022.0,6.0,4/O/,0,0.6590812
4V11xBdm9pWN4uogYwH0ew,-1.30663833375569,36.83477237588554,2021.0,9.0,4/v/,0,0.6722132
4n_HVDMace5T-qpCNUNSqw,-1.295524912170336,36.81773718261174,2017.0,12.0,4/N/,0,0.6083221
4qmALWxaQSKBUUlUXiqFtg,-1.155349216375543,36.63698214349581,2021.0,10.0,4/Q/,0,0.6594041
4zJdikkLB1U1rRXq4B8I3w,-1.246533147615706,37.00079842580308,2021.0,7.0,4/Z/,0,0.6620569
5UaePHVgcYlo4lXfSWeF5g,-1.299348496616621,36.8097212757562,2021.0,7.0,5/U/,0,0.6701548
5beHKfbgcaPuqzgiicJ8PA,-1.238559332964482,36.72651143203702,2021.0,10.0,5/B/,0,0.6562848
5bk_tSToXsy1QiNYYcWkKw,-1.23657145444365,36.69581457667324,2021.0,8.0,5/B/,0,0.7271505
5bxGz6m5h-WgBU3v96qHlQ,-1.2378219142757,36.94165622965253,2021.0,7.0,5/B/,0,0.68808603
5gbfWW_YCqvRm-d-S7SBlA,-1.167172357622296,36.95986139328679,2021.0,9.0,5/g/,0,0.69699436
5hKEJ40-t0mZQcEm6aKIag,-1.217972556002579,36.92476013497803,2021.0,9.0,5/H/,0,0.62722313
5jfxoMOv5gJ2vo0BPObkPw,-1.464856590429358,36.95125493236385,2022.0,3.0,5/j/,0,0.6012392
5kABLnvqToHCfBAQobNmNQ,-1.382254999667737,36.93127601554218,2021.0,8.0,5/K/,0,0.6367747
65i3h8IqhWzNh00zrPSq9w,-1.265180638104285,36.91718049843119,2021.0,8.0,6/5/,0,0.68055713
6685N0lDkLyw0U6IC9MDUQ,-1.276816181623019,36.81719895496446,2021.0,7.0,6/6/,0,0.6186513
6CDyRP8H18YU89OvZIqi_g,-1.277108410459098,36.78666717539647,2022.0,4.0,6/C/,0,0.7521269
6S-yXtYflqDVNMv-c5aBOA,-1.338832431530807,36.72522456837458,2017.0,12.0,6/s/,0,0.71742
6dHsnkNo3L3GFVtEeTRWgA,-1.258881594089557,36.85959444826807,2021.0,7.0,6/d/,0,0.64122736
6e4e99LX0A4FdU_dCgQztQ,-1.287895354127191,36.95083961299186,2021.0,8.0,6/e/,0,0.68042547
6kBYr2ofuNm_ddNCOQEndg,-1.389694073159923,36.73787468948949,2022.0,2.0,6/K/,0,0.61629105
6qfAoaAnLsUoUTcYOo8c_Q,-1.275638143321693,36.8860930002451,2018.0,2.0,6/Q/,0,0.72695404
7-sC-RnyIlKX5nEDLmPD3w,-1.27246591557309,36.66814558285627,2021.0,8.0,7/-/,0,0.7428568
7CDwxo-Yfaq1H9KczoZKpw,-1.233618945111172,36.93526921691183,2021.0,9.0,7/C/,0,0.6726346
7EdTc4xmYFPnl_BT9jqcwA,-1.206066521863083,36.90924113357882,2018.0,2.0,7/e/,0,0.6536288
7OedOYbI8S7xobtq_v6Qng,-1.316927879792485,36.87973455340732,2021.0,8.0,7/O/,0,0.6844766
7Ub_C2DOp74-VnQEubSvuw,-1.330582408097826,36.73022434386591,2017.0,12.0,7/U/,0,0.649734
7h5J_xzMEGMXoPQrHezjWA,-1.292516911858286,36.78043050117599,2021.0,7.0,7/H/,0,0.609812
7zWq5-r5hhLPWOPj_-XlLg,-1.26436845155599,36.88369732103546,2018.0,2.0,7/Z/,0,0.6211346
84L6tsg9BedDRDjo0JSy_A,-1.244493492444,36.66618297955834,2017.0,12.0,8/4/,0,0.6040566
8BifOcDlC-3z32sXKDENFQ,-1.284122185110892,36.7022042380459,2018.0,1.0,8/B/,0,0.740224
8E6xaiQ70NxLJNh4lDS3IQ,-1.28324499390711,36.95031285507979,2021.0,8.0,8/e/,0,0.66297185
8F9Nmj1C08teg3qN3aZnlQ,-1.280154965848343,36.89612568949184,2021.0,7.0,8/f/,0,0.60132384
8HLiuspyDo0xx2YL5qsmWw,-1.166857295841605,36.72833558847586,2021.0,10.0,8/H/,0,0.8033557
8MXnqOpJi_NpaVtIEdw9Ew,-1.289266807396215,36.8187698425283,2021.0,7.0,8/m/,0,0.6997379
8gSgAE_yV_VIo5L2VWvfnQ,-1.184620794358962,36.88326208528562,2021.0,9.0,8/g/,0,0.6250105
8oUoIHx10pqRwcqu7i_cvQ,-1.179622401813516,36.88503945268804,2021.0,9.0,8/O/,0,0.68367463
8oVESyl-HGEUYKRXZw4sAw,-1.438739988218784,36.96728822869763,2021.0,9.0,8/O/,0,0.6708369
8qGLsKgYr0LbXaVOrR8EZw,-1.364226154262098,36.93140347459044,2018.0,4.0,8/Q/,0,0.6558715
8r4Z3KKRSre6VLJxcjvHjg,-1.277716617741745,36.80601785070795,2021.0,9.0,8/r/,0,0.66682965
8tIqoj0gvzgbyLbxeAKmJQ,-1.16311679332607,36.77190503484263,2021.0,11.0,8/t/,0,0.7167626
8uuu9xwWJcuExZIKUVvQOw,-1.228974503278947,36.6985744273919,2021.0,10.0,8/U/,0,0.7483931
8vBuWqe7yKjASdBpwkx_xg,-1.242669466199547,36.89459067088659,2018.0,2.0,8/v/,0,0.60138273
91diUL0Vc20F2QkwiustPw,-1.254860230611351,36.97410845654395,2018.0,2.0,9/1/,0,0.6362431
95_WP27gB_kT6RKzo6bXqw,-1.198966080726233,36.79954477072322,2018.0,5.0,9/5/,0,0.6145901
9D4cWea2WfYjSZCWhJJD6A,-1.347466327227182,36.7081168540174,2017.0,12.0,9/d/,0,0.61304265
9Du2HVj4CrjYp0KDyQr4DA,-1.27055939038495,36.85068152693032,2018.0,1.0,9/d/,0,0.6376534
9KGDHz9oOeRq7e6EshEC0w,-1.309516551633941,36.7028724718548,2021.0,8.0,9/K/,0,0.6933719
9QpLijtT9WwmSW9lWgDnsA,-1.300510515712048,36.77050404388188,2021.0,8.0,9/Q/,0,0.66524863
9aa1Ycot6OWUDig_aPOc1Q,-1.395069008304777,36.75796480079078,2022.0,2.0,9/a/,0,0.6671347
9sMmTwz6srFpeCXRHBrfHw,-1.293350641056098,36.86510710279427,2021.0,7.0,9/s/,0,0.6245751
9ydwJPddR4pusycPzfvNFg,-1.325393648138985,36.83630724663641,2021.0,7.0,9/y/,0,0.7249484
AEUCI7jlyWtUchxhcVszLw,-1.280583545175138,37.05244613123459,2018.0,2.0,a/e/,0,0.692163
ALGi17PRoJ0u3TA9nGYkOw,-1.250084519404675,36.89065253592042,2021.0,8.0,a/L/,0,0.623622
AW7uSiNLKDVsw165uqrASg,-1.255359129820016,36.78065906632651,2018.0,2.0,a/w/,0,0.6403074
Aj-2JvxFzptXn8mrPG_oWw,-1.285335858012197,36.89068191535802,2021.0,8.0,a/j/,0,0.62000597
AmV44sy5X6RW_2ydottHHQ,-1.496279338977898,36.95455108239075,2022.0,3.0,a/m/,0,0.6166749
AvPQt0fgoMNqA0UzG2lCgQ,-1.266672888358107,36.83972624136729,2021.0,8.0,a/v/,0,0.68997514
BHKPO3TchKILCeg7w0snsQ,-1.457719387051035,36.97875718867885,2021.0,9.0,B/H/,0,0.6858035
BHzcZx_6OsQBZwLfLLZpxA,-1.292401239868038,36.78287293107974,2021.0,7.0,B/H/,0,0.6898415
BI_wLb1MutdTF9yGyagdLA,-1.250556337488552,36.81953412149863,2021.0,7.0,B/i/,0,0.68124425
BOFAYq7l0PF7Lg2_Kn258w,-1.286835049766403,36.80547469019153,2021.0,9.0,B/O/,0,0.7215418
BWyB-MIYy1sj4Y-ZMeD4QA,-1.304433631753068,36.77352455854858,2018.0,1.0,B/w/,0,0.7322357
Ba8VqYMLy1Vqo90jDp8SKw,-1.215805368770506,36.75903537297707,2021.0,7.0,B/a/,0,0.7265951
BcyG1FHka5fnxS2bJZ2RFg,-1.276188227102715,36.82427577650532,2021.0,8.0,B/C/,0,0.6671568
BjPuotDxMHwsAJ8RoXzD-Q,-1.259076562802363,36.78263492139981,2021.0,7.0,B/j/,0,0.6537866
BzvYdIo_u10fl_A2vTAjKg,-1.277920636591392,36.99456966185287,2021.0,8.0,B/Z/,0,0.62608254
C8VVIsefoBiRXSI8sS2Aag,-1.352699155736943,36.94142480151067,2018.0,4.0,C/8/,0,0.6200715
CCvSkq9IsFJLx0Z82MoJdw,-1.227000900393007,36.87136231779105,2021.0,7.0,C/C/,0,0.60868037
CLw9b2PX9HlmVLtpCnu15A,-1.232035023631001,36.70923972654621,2021.0,10.0,C/L/,0,0.6016018
CQhP0Ksgn83-WTFDX1sx9w,-1.187378015115756,36.89392548072247,2021.0,9.0,C/Q/,0,0.66860646
C_Nz2ves6oE3RFLYmcj3_Q,-1.285156659314089,36.80902245611635,2021.0,9.0,C/_/,0,0.6817262
Ch9nn6stFCFpoqvDQwiZzQ,-1.372642627146122,36.76330599809853,2021.0,7.0,C/H/,0,0.62559056
ChIVe403HR8eJ07MHNKCgQ,-1.250159438777008,36.99862660110105,2021.0,7.0,C/H/,0,0.657762
D3EM_rD7XwD8rjtLT3VsCA,-1.224969873786089,36.82480039963346,2018.0,1.0,d/3/,0,0.63584685
DXzjLsURZXP_rNzQCKIXuw,-1.213233541950505,36.90461965579369,2021.0,9.0,d/x/,0,0.67058784
DY0KU6o7GrtPstjSEPdxew,-1.225253872202843,36.88882097560418,2021.0,9.0,d/y/,0,0.71926564
Dsn3dvCNvL_06BYEZ_E3YQ,-1.319670936408915,36.67435753260659,2018.0,5.0,d/s/,0,0.6819494
E0dtNySfuIjNSGFQ4JEnKA,-1.270168234446141,36.76828512378883,2021.0,7.0,e/0/,0,0.6634984
E6bL9ntn5G5OjglKCSkW9Q,-1.387567537364246,36.74047862893671,2018.0,1.0,e/6/,0,0.6787879
ECn5XaK8wpOQzzkLLbeYwQ,-1.34919203782886,36.76450794051579,2021.0,7.0,e/C/,0,0.6653725
EEUM3OlEjL5Jc2CqEflHdg,-1.306639704384791,36.77638434559606,2021.0,7.0,e/e/,0,0.74617827
ENBcOP_7-TN9lhBofmpKCA,-1.304512100798417,36.86516818070676,2018.0,1.0,e/N/,0,0.60148317
EQGkVogLwwvvRBQBzbNu9Q,-1.447597503423362,36.97116387967743,2022.0,5.0,e/Q/,0,0.6660811
EZ1TZTRNGZyx2OxpvL3c0A,-1.262129089175672,36.9604122687154,2018.0,2.0,e/Z/,0,0.6226581
EblzJZHHc4kd52K-kll6LQ,-1.39855332623311,36.73190744640179,2018.0,1.0,e/B/,0,0.60461575
EdL6idKJNsK9QYanbF8xFA,-1.34293878419178,36.67429843711364,2018.0,4.0,e/d/,0,0.6551567
EoE-uYR45EbS44Ji6zTDiA,-1.379449950741811,36.92367597153734,2021.0,8.0,e/O/,0,0.6289223
Esr1siu6qOqkdBTaS5UEkw,-1.397045077066102,36.75361839188773,2018.0,7.0,e/s/,0,0.6147368
EyNeu0KUxk6HEgqwas-9xQ,-1.330338782686594,36.76506430805382,2018.0,1.0,e/y/,0,0.60906875
F12s8xNKGyGagzQY4rMPPA,-1.17771579819674,36.88284990981202,2021.0,9.0,f/1/,0,0.68752235
FBPa3tmZwYsD79aUMElfyA,-1.264725670268169,36.88384989505457,2021.0,8.0,f/B/,0,0.60655695
FEVqMNefE_EdIEqBOpkgoA,-1.33732358635024,36.89397127120814,2021.0,10.0,f/e/,0,0.6635881
FLVbtHDX6bB52oZqDEZQMQ,-1.252677322915778,36.69526978575058,2021.0,8.0,f/L/,0,0.696469
FRfF4KNDQ7so4Y1eH_DqyA,-1.294474663783825,36.8430642728998,2021.0,9.0,f/r/,0,0.65843874
FZ51Irggac_sbX4XaBD-KQ,-1.31164741464706,36.83431566169504,2021.0,7.0,f/Z/,0,0.65543723
FgD6ShHMZQSXdUE9lIYfPw,-1.454567796356059,36.97345743173037,2021.0,9.0,f/g/,0,0.6105202
FgXtsQYbEcQvr2c8aUhgDA,-1.186683307264144,36.78976896200268,2022.0,2.0,f/g/,0,0.6300007
FoqqfpSvGrnemtzg_kGiPA,-1.146973234599849,36.79477137076636,2022.0,2.0,f/O/,0,0.6134877
FvRsXV-kY-GGjq1il5sDQg,-1.277648862416772,36.79398358060011,2021.0,8.0,f/v/,0,0.60718805
FypOnkwR4h_WpJA7iQABMw,-1.256863873425999,36.93764566177988,2021.0,8.0,f/y/,0,0.623444
G3Qx4lSdqCW7WhFwfQ499A,-1.283957304653801,36.83814693056421,2018.0,2.0,g/3/,0,0.7919926
G6O5jgXeG5Ck0QdhMYRBqw,-1.297021946357104,36.86511621522797,2021.0,7.0,g/6/,0,0.6193139
GBkzCiZ0yFg0M0z__Om7GQ,-1.304104954513823,36.89927128597446,2018.0,2.0,g/B/,0,0.8206798
GCLUfjAGTvAFEkKmxoGLCw,-1.210138670915184,36.89721239367814,2018.0,2.0,g/C/,0,0.6202742
GCULRsPylkMSNfKYZ0F7oQ,-1.289746206180942,36.86813474941187,2021.0,7.0,g/C/,0,0.63008267
GG_yn_qnAlJwPlO6Wc9RGg,-1.218150649122599,36.80365440374731,2018.0,2.0,g/g/,0,0.6386718
GYjL-Yg4v31CgR5eSGk2Qg,-1.303276717441865,36.8814507776186,2018.0,1.0,g/y/,0,0.60260224
Gelp4YqHxzH0gtRQyocllw,-1.284691224513051,36.86327030866082,2018.0,2.0,g/e/,0,0.6216496
GevQf5A8brgUJDouWoae8w,-1.304832087641819,36.84113938830265,2017.0,12.0,g/e/,0,0.69885486
Gj3CxqabbrIoDzeUitWREQ,-1.266798855203315,36.91668294945219,2018.0,2.0,g/j/,0,0.7380893
GtlcM_Bw5i9RlEBsPzEPSw,-1.259118153562158,36.96619739881057,2018.0,2.0,g/t/,0,0.61732227
H-8-hdKWRoCzgtGC2Skzyg,-1.244137680170683,36.88492726051435,2021.0,7.0,H/-/,0,0.6269693
H1fDgU4UHfePa_sHOyFijg,-1.253690479732328,36.96907561000173,2018.0,2.0,H/1/,0,0.62415063
H2ZqcZLu3bYgtTH7nodqpA,-1.280461527379543,36.98686497805794,2018.0,2.0,H/2/,0,0.66313654
H4nnkGohsUaE9hGDoc7QhA,-1.18671431420622,36.73715397462061,2022.0,2.0,H/4/,0,0.7349057
HUyPwV6EYIVDvn816WM-Ug,-1.208081394100872,36.87176577440327,2018.0,2.0,H/U/,0,0.61918694
HcHOtWSZJtC9u2npiQO5KA,-1.144005232610676,36.79363623371476,2022.0,2.0,H/C/,0,0.64980096
HrR8Jo4ZG36rQpjVCotpXQ,-1.376727262042939,36.92102443244833,2021.0,8.0,H/r/,0,0.65825623
IDpUJqJwzA6pixyj5e37Xg,-1.352766259485721,36.73633440377526,2021.0,7.0,i/d/,0,0.67673475
IQyVd5ppk_1GWRC3gucgpw,-1.225496193069236,36.89941233985166,2021.0,7.0,i/Q/,0,0.6171418
IRuo7NHse8kmpCz5KVWGGQ,-1.206377887934373,36.78130744453267,2021.0,7.0,i/r/,0,0.64399254
IXfc201tiiPI5zoD8EOY9Q,-1.293971708121512,36.77833352064643,2017.0,12.0,i/x/,0,0.61196053
IYsJXX6CIDdl7kMg_bqIMQ,-1.16577418462836,36.93498519640966,2021.0,12.0,i/y/,0,0.6995592
IYzH95I1Bj6LQYOXcOt2Bg,-1.460337655825718,36.94407601225895,2022.0,3.0,i/y/,0,0.7019412
IiNAdCkJUlQwf_uA8rZR_Q,-1.227389204946155,36.89234757894692,2021.0,9.0,i/i/,0,0.7123385
Iomydg6HEcOKOyeoBgUjog,-1.295964797458359,37.06646895576154,2021.0,10.0,i/O/,0,0.7072971
Iw--bXANtEd-A557b3wmfw,-1.145539280388173,36.95904396816128,2021.0,9.0,i/w/,0,0.6164569
Iy00c_PrrfAnchMmSXx1PQ,-1.152894105345019,36.9736362960888,2018.0,5.0,i/y/,0,0.6168538
J-fmmqIfnH5B5lTKdKgFMw,-1.254865594911294,36.89219149383128,2018.0,2.0,j/-/,0,0.60982335
JBqNSFm4k_YIY-q8knfZfg,-1.3507022166512,36.69059763469897,2018.0,4.0,j/B/,0,0.6007817
JE4DgdggynGJyvcwWsh36g,-1.320456774204395,36.89799538841703,2021.0,7.0,j/e/,0,0.64448994
JKIygBDThv4ywt2SNfyP5Q,-1.213051093389222,36.85702056353315,2021.0,8.0,j/K/,0,0.7358729
JT7U7-NfNFidptu3cSH9rw,-1.257967230884667,36.85982301473442,2021.0,7.0,j/t/,0,0.64076066
JUIGTILLRcRNcAkQUk6dwQ,-1.177417274098204,36.75558502014314,2022.0,2.0,j/U/,0,0.6976818
JXLzFeHu5zS9kFUcxJR_vw,-1.373678628263549,36.76927827835525,2021.0,7.0,j/x/,0,0.62754405
Jbc1xRIg_sIeegCTlL-THQ,-1.255457084703265,36.86608508214704,2017.0,12.0,j/B/,0,0.6642126
JobSHy3u4Gu6fNfuAwsqrw,-1.288477880830524,36.84641126800447,2018.0,1.0,j/O/,0,0.6649154
JwajytGa3OptyQtHjUTLFw,-1.210775643745329,36.88639526556074,2021.0,11.0,j/w/,0,0.6233818
JzpSkfWptvnAcbaNs3j8Yg,-1.25167148515382,36.77814209855899,2017.0,12.0,j/Z/,0,0.63802624
K2vtZllPTVfx_CoTxIWI5A,-1.347279113677626,36.67682575642979,2018.0,4.0,K/2/,0,0.62719584
K9rJxQGSZ7MIwCZ6KUC1bA,-1.300134756421393,36.78749375046542,2018.0,1.0,K/9/,0,0.757172
KMqa19yrtOXvgR43OUVjUw,-1.272266816719481,36.87745374351466,2021.0,10.0,K/m/,0,0.6286783
K_ZL_w8euK1yJ3ugXhOLCw,-1.249411523396202,36.71947905809986,2021.0,8.0,K/_/,0,0.60613686
Kc-rQgs7yQnMGNmQIhooAQ,-1.231740721171106,36.92565045437487,2021.0,7.0,K/C/,0,0.6709318
KleLuw9ZsFNl_Ehrhi7FZA,-1.307920672418106,36.82500755369156,2018.0,2.0,K/L/,0,0.65452784
KmA3HCm3zndQ-cW_4Vt9Vw,-1.266604737247686,36.65468009715278,2021.0,8.0,K/m/,0,0.6015346
LWDhgWWQquqnlRsA9dgl5A,-1.310669619896473,36.67214454728009,2021.0,8.0,L/w/,0,0.6255114
LWuBYYwbjU-OiRRqznjEtA,-1.222819155826881,36.84358375319177,2021.0,7.0,L/w/,0,0.8367154
La_7ztckWNGS9JvNC_ei5A,-1.134774533629656,36.97386991752883,2021.0,9.0,L/a/,0,0.60692173
LcxiijEum8iJlZ_J65of5A,-1.23134722431465,36.89422574433679,2021.0,9.0,L/C/,0,0.6121367
LgFqsTlxi4tVSlBnoXKgSQ,-1.289985778056299,36.90192533458936,2021.0,7.0,L/g/,0,0.6053526
M2dwa7vqByWyEPpVI2I2kw,-1.170780029149501,36.92898294509073,2018.0,2.0,m/2/,0,0.62588024
M3fIioeoubGXBYbMAFKzTA,-1.253726382959806,36.98408426374502,2021.0,8.0,m/3/,0,0.6146484
M3sWg08akffMoTWtofY6-w,-1.255032290137112,36.7275355773218,2021.0,8.0,m/3/,0,0.6948201
M4qXBF3URolPXwunrqeK-w,-1.207393298522848,36.76561072464764,2021.0,7.0,m/4/,0,0.6296454
M6A-xzn7qdP_59IlG6GxsQ,-1.213269253264139,36.9303691142254,2021.0,9.0,m/6/,0,0.6585081
M8b_SeG1DFm-IiRtTD-AGg,-1.383197840007934,36.93064790329937,2021.0,8.0,m/8/,0,0.61322796
MpjhEIGprcqeR0Uto7voVA,-1.282876393893301,36.78085007096671,2017.0,12.0,m/P/,0,0.6259782
MuRqcV-hbHK49QKhDOXDaA,-1.31430944054548,36.88826627907098,2018.0,4.0,m/U/,0,0.7017536
MvAyHIRvgginvA1Kzg8w3g,-1.291327448941755,36.80990555074838,2021.0,9.0,m/v/,0,0.62159723
MxgRA1bugoWZ_vF4EaS2Wg,-1.26854692428683,36.67098424082477,2021.0,10.0,m/x/,0,0.62445885
N3cue1lX4aJ-S2LY4zacrg,-1.263648129099978,36.84653706784444,2018.0,2.0,N/3/,0,0.6771701
NEaXTBvfpvJ_4JHs3ZOiTQ,-1.199483588494123,36.91128008031734,2018.0,2.0,N/e/,0,0.75134915
NQJAIb5Sa3EvhPEonqdTtg,-1.277864629561514,37.03087568680786,2021.0,10.0,N/Q/,0,0.619716
NR5YkLskYDCtcHJupyxCpw,-1.260178459389142,36.78204400317401,2021.0,11.0,N/r/,0,0.65270746
NTQwlYsNVvypnfd9wTmjjw,-1.157221115645942,36.63643231138084,2021.0,10.0,N/t/,0,0.62935024
NWkYWoRfQganwViv8CZoUg,-1.256251992955111,36.8058123687313,2021.0,8.0,N/w/,0,0.63809234
NZbmBR32HHrwlhXK68MyCA,-1.266873237658332,36.76731160238103,2017.0,12.0,N/Z/,0,0.60581934
NdvrHy8DBH1JwZN8LkffaQ,-1.466260357554557,36.93923407074251,2022.0,3.0,N/d/,0,0.61140305
NhUGZQrcMADsl5DZK9Hx0A,-1.17104039335739,36.94605871955878,2022.0,4.0,N/H/,0,0.61846024
Nm2MoQk8Al2jtnLsZE1Izg,-1.340450157117774,36.73044755350055,2021.0,7.0,N/m/,0,0.7589823
NzJBEObKwPgmBQqD39rqsQ,-1.244475262322117,36.87074214771695,2021.0,7.0,N/Z/,0,0.6581249
Nzns3i1w7J0PPLuD0tvV3g,-1.231180064216113,36.79759492189535,2018.0,2.0,N/Z/,0,0.63504773
O0hc43daSEaEyUlMQAKXfw,-1.273271873690752,36.79191607426728,2021.0,9.0,O/0/,0,0.69306475
OMHeCxu-pQePhwSDUIZcJg,-1.288826870374055,36.79257626917638,2021.0,7.0,O/m/,0,0.6183061
OPmdFzBSmcKxRrdFE9aNjQ,-1.270598012712566,36.76805084850638,2021.0,7.0,O/P/,0,0.664385
OY1cZ-du5RDN3mwt8N1eJQ,-1.258402742945361,36.81039922143353,2017.0,12.0,O/y/,0,0.62864786
OfV7VTB2PFy3ngO7Ks3zZQ,-1.288123933888084,36.7804665818058,2021.0,7.0,O/f/,0,0.64437175
Ofe1hhOayjmnuvQfIvSEMw,-1.270367229684962,36.80710818553425,2022.0,5.0,O/f/,0,0.68834585
OmaKahqSUGpaQOldxJKEAA,-1.266305596340663,36.6680501825812,2021.0,10.0,O/m/,0,0.69384664
OpWtZ4KNOe360vX_vW_lgA,-1.192909140520979,36.88666002367805,2021.0,9.0,O/P/,0,0.76080704
OsKTbLWSRi4b-dVguZZ_OQ,-1.461061227981612,36.94555226423655,2022.0,3.0,O/s/,0,0.6233001
OzVL2j5V1-aF5GDyPQOulQ,-1.267209673370811,36.6890735679655,2021.0,8.0,O/Z/,0,0.6226601
P47cWaMjIrxwdgJ8_bNCKQ,-1.229620299187163,36.85132756627571,2021.0,7.0,P/4/,0,0.6733443
PBWtkMGdkVNrGMjRkZCgqg,-1.339525089622735,36.68036988384029,2021.0,8.0,P/B/,0,0.7208567
PGfChxKVZMqjN382E7Sx8A,-1.18801653637085,36.90445711481105,2021.0,9.0,P/g/,0,0.6541857
PcF89QMskf_fZjPaVUktKA,-1.264149815869404,36.73429160503949,2017.0,12.0,P/C/,0,0.607778
PfBX-0JfjSY3t1raKcko3g,-1.271613832640289,36.77844636821447,2021.0,8.0,P/f/,0,0.6319974
PwYiVqm2S2vW4_eQ2rSNxw,-1.297823951206557,36.83846688519176,2021.0,7.0,P/w/,0,0.6201724
Q4BrBMADDFyRgdTdH-ZYcw,-1.224993994664303,36.7681811385356,2021.0,9.0,Q/4/,0,0.6399928
QATAC8w_9I_eOsUg8FaIIw,-1.287130950034383,36.85348947422368,2021.0,8.0,Q/a/,0,0.6303625
QExgTX1vXb6WVx3_m_ERRQ,-1.232022569774019,36.89432192034284,2021.0,9.0,Q/e/,0,0.6417647
QGg6SCQVW_0riR-97rvx7Q,-1.28288885695912,36.90246023541203,2021.0,8.0,Q/g/,0,0.61067724
QIOV_I79PNTK7ypgoMCQcQ,-1.285171383116562,36.75901038052971,2018.0,2.0,Q/i/,0,0.6578563
QN-d864-C6eTeqdZmGuypw,-1.336214777348259,36.67937134301164,2021.0,8.0,Q/N/,0,0.7054048
QUgkiPgAU5Tf8BmZTbJLbA,-1.317950399115937,36.88123598503643,2018.0,4.0,Q/U/,0,0.6881687
QYUDxw5B55W6YYNh_vwvtQ,-1.273151739282961,37.10176558029283,2018.0,2.0,Q/y/,0,0.7272006
QfF3imGcfVL4XFw76fGYVA,-1.349885929699476,36.93836704385132,2018.0,4.0,Q/f/,0,0.75453156
QfQVUa5-o4VP0qRfPGiKaw,-1.172772238647158,36.97685053362534,2022.0,2.0,Q/f/,0,0.6119542
QhRx17-W2POlryTsDFiuxA,-1.346010128703597,36.74489783921084,2021.0,7.0,Q/H/,0,0.60801256
QjbI-56X3xGz6dvcBGrYoA,-1.329591937159184,36.68751416715963,2021.0,7.0,Q/j/,0,0.6028029
QqC3arqJw7Fh1exc18tQ-A,-1.380754992341754,36.77042126917946,2021.0,7.0,Q/Q/,0,0.6783214
R-5_O6kEqdO1mJnEe6TZ9g,-1.166690369275166,36.93877939957824,2021.0,12.0,r/-/,0,0.63635975
R-zGvZeY3PRIKAwkvENtmw,-1.371369963502994,36.91957237802573,2021.0,7.0,r/-/,0,0.6610172
R3Rch0lUe-Z2kHN7SS7l4w,-1.246934292285993,36.90494473667897,2018.0,2.0,r/3/,0,0.65502983
RG1cHiC5VAHkQFW-w8Uoog,-1.265911150433951,36.80061276978608,2021.0,7.0,r/g/,0,0.62331104
RHYMNueb-eL4KAj83dvT4Q,-1.284121385128818,36.88375231009445,2021.0,7.0,r/H/,0,0.6126823
RMxzpNCWrbBneWm6jIoRtQ,-1.284345601263553,36.82668267105048,2021.0,8.0,r/m/,0,0.706543
RVF7A437dnWUyqJZgoGXFg,-1.217925324475236,36.7717728608125,2021.0,9.0,r/v/,0,0.6209712
RaF8CvmCAA3RSmAl_9yVOQ,-1.257515149328639,36.79391208989118,2017.0,12.0,r/a/,0,0.60803485
RgaBzbITuLIj3y2oqiVe5g,-1.297843726644946,36.79566424973489,2017.0,12.0,r/g/,0,0.70535237
RtPT9bMmsf_1mTO9nR2QEQ,-1.255173084402216,36.97325782777016,2018.0,2.0,r/t/,0,0.64119303
RwoGnTg6yc1FNGn9Dbylkg,-1.215922266101743,36.88652419779468,2018.0,2.0,r/w/,0,0.6117755
RydbYBlt9SGhVp8sSfYVLw,-1.279080216354451,36.82610664327033,2021.0,8.0,r/y/,0,0.64390767
S8cokgj3fCCx-Ofc00GIOQ,-1.168903583369062,36.82639872351095,2018.0,5.0,s/8/,0,0.6738161
SCyz-0EufsJJw9A1mZ5MAQ,-1.231889287331304,36.92567670280176,2021.0,9.0,s/C/,0,0.64517707
SEFA884b8lgTlG6kBIX5yg,-1.243098239007389,36.73452195725726,2021.0,10.0,s/e/,0,0.6338946
STG40ID8GQjOBT55o7xn8w,-1.257234834789383,36.87906955705328,2021.0,8.0,s/t/,0,0.61201555
STrtl9jnzU91IxrTgbCTgg,-1.290254543294324,37.06504779322175,2018.0,2.0,s/t/,0,0.6996965
SYYhIqDqtb2OTQKNRgzzNg,-1.291893050928531,36.82198084530541,2017.0,12.0,s/y/,0,0.6704863
SeQSB2mi4D6sz7jHO7Pe8w,-1.261089729561708,36.82256906221873,2017.0,12.0,s/e/,0,0.636182
SsAEeXNrxU_opnUto7-wJQ,-1.279726139781515,36.83323500930218,2021.0,8.0,s/s/,0,0.71744204
SyUcyyPi8eg8VPkmoxjarg,-1.282951354741868,36.7272083162411,2017.0,12.0,s/y/,0,0.76028496
T0l1jAS-HRIUhPdzMXCnmA,-1.22527093658965,36.8888995962564,2021.0,9.0,t/0/,0,0.6754114
TKiwY0-pl5J6z0E8-gJR8w,-1.210230740965792,36.83311140426115,2021.0,11.0,t/K/,0,0.6504161
TLfcM2AQ6z_AsJd3jVyDCA,-1.290710180603822,36.78888562678804,2021.0,7.0,t/L/,0,0.6074111
TM_PKBBLo_oDVMO9YElhoQ,-1.187838164934485,36.84645577423872,2021.0,8.0,t/m/,0,0.63800573
TO-IuBLKBu9dD0uaJ8zXGg,-1.199512298833348,36.94757585044675,2021.0,9.0,t/O/,0,0.6406227
TUvoC970r_yk8r5XBEx9og,-1.26458743734323,36.84278810760548,2018.0,2.0,t/U/,0,0.7583764
TenC8QSuG5LLmjJNO8JUGQ,-1.32254630107818,36.6745983586019,2018.0,5.0,t/e/,0,0.6140379
TqCHe4F7XWHriSrjCmpGQw,-1.291766081705383,36.75891616550436,2021.0,7.0,t/Q/,0,0.6220296
UA4Mzlx8_QVIRMyo_k-DtA,-1.287057594993943,36.89449646470107,2021.0,8.0,U/a/,0,0.68917835
UJsxK2nQRPulQeNDS0bGVQ,-1.22370216756712,36.89608039270603,2021.0,7.0,U/j/,0,0.6695253
URiWM89z6gjc8QGwEO_Rkg,-1.243815911980209,36.71245309349393,2021.0,10.0,U/r/,0,0.7715649
UdxkLV5Wl_7b7Y3aWXjJbQ,-1.259395518714272,36.81168304552701,2017.0,12.0,U/d/,0,0.7358777
UjdR_IIrjbHJzFe1uCoeVw,-1.216467116583971,36.82567106701803,2022.0,1.0,U/j/,0,0.68646306
UkUW51Wy3O6rnL-acVpTOw,-1.223801347785052,36.88986642643776,2021.0,9.0,U/K/,0,0.62001276
UrkCtkZbtIvDm3PQmiX0dA,-1.264893481450891,36.97871374625223,2018.0,2.0,U/r/,0,0.6015698
UrnspJ3tq_fXn5BgRKwE5w,-1.291980495317141,36.80866696420958,2021.0,9.0,U/r/,0,0.6632638
UyKubD6R-nM4nBaQ4Z4swA,-1.474756761729276,36.93899664811125,2022.0,3.0,U/y/,0,0.60853577
Uy_GtGn9WC_DIDlKZBJ1Pg,-1.1676659330925,36.98172531077015,2022.0,2.0,U/y/,0,0.635292
VCb4EL34CnpFo2OTjtFoRQ,-1.2023074938672,36.89716685138806,2021.0,7.0,v/C/,0,0.67826587
VHHGe1fVIhbGSUqLtdZKzg,-1.207352648033383,36.92390532302845,2021.0,9.0,v/H/,0,0.72177666
VN0xfgCBMOxKonCLlnt7Mg,-1.404114661440047,36.77386986275802,2022.0,2.0,v/N/,0,0.7040266
VRGdflkDTi1wSwKEAaKLJw,-1.321497973205779,36.8480906617399,2021.0,10.0,v/r/,0,0.6646735
Vd0ccJ0vI_3XC_1uzor2nA,-1.305788549475558,36.88235541109724,2021.0,7.0,v/d/,0,0.6085598
VtTZoWhPiXVdiDLBaiFPFg,-1.243857667352517,36.70441748245592,2021.0,10.0,v/t/,0,0.62128985
VusOg-Qr2k4cZgPJtInivg,-1.31670503694599,36.89025673302211,2021.0,8.0,v/U/,0,0.71201307
W0meXMpPG9QfYEK1Rj-Gsw,-1.251845958956659,36.77974595213588,2021.0,7.0,w/0/,0,0.6134987
W6gRVY0tHLmtW-PxeeFJkA,-1.263761567055012,36.79448647880647,2021.0,7.0,w/6/,0,0.6976088
WHwiBMSgxruVKATvjejipA,-1.184077245251306,36.89506686981652,2021.0,12.0,w/H/,0,0.66568166
WIP3otM7KHeE5G5df3rZDw,-1.194386183839234,36.83947658916279,2021.0,11.0,w/i/,0,0.66498023
WMtYD2cod8Mqw3jNi5aVVA,-1.316774634334329,36.69878530796754,2018.0,1.0,w/m/,0,0.6074658
WPHrUeyf-P0w--oz1bLwdA,-1.265062800708977,36.77290997718558,2021.0,7.0,w/P/,0,0.6714596
WVWeD-542aQYvqd18SiI4w,-1.481601788173631,36.96049892934782,2022.0,3.0,w/v/,0,0.64135677
WWD_vmCT80kU7Q8sPlNYPQ,-1.216678946859966,36.71295712071512,2021.0,10.0,w/w/,0,0.6041533
WiCKFCrNE17UI55ouyaBig,-1.209578069758675,36.92608141954365,2021.0,9.0,w/i/,0,0.6716841
WigCp3YvAwLvPhRz7jIqLg,-1.321570310168569,36.77787752595396,2017.0,12.0,w/i/,0,0.6657635
WouSKypH0MhhtMyusAH8MQ,-1.19590412676113,36.81653240814508,2018.0,5.0,w/O/,0,0.79566485
Wq45ZD6WbP0CkTeLGMZzgA,-1.181996285259423,36.78511056269839,2022.0,2.0,w/Q/,0,0.7046414
WweExaVyiKVYqpdzJ5bYcQ,-1.300225206430129,36.77659829297585,2017.0,12.0,w/w/,0,0.64107364
WzbRYXy0B_AYLFjT6ypRJg,-1.218609385857146,36.81204986004853,2018.0,2.0,w/Z/,0,0.6010261
X7FxbpW5gbwmBcwLrQ8mvw,-1.197972136717097,36.95210770314993,2021.0,9.0,x/7/,0,0.72325486
XPPTEvHREhrQHiPjmH_m1A,-1.223145303481483,36.70887873750482,2021.0,10.0,x/P/,0,0.61843026
XV8fDK_-JCkPx2geOKpdqA,-1.191558803407633,36.95596267702293,2021.0,9.0,x/v/,0,0.6946394
XWLYYrCDqN-rgXnq8kmBfw,-1.329823240965599,36.7227037446491,2017.0,12.0,x/w/,0,0.67044646
XXtj6slEqdA_61SXrltwNA,-1.244390236632249,36.70540976400355,2021.0,10.0,x/x/,0,0.72751254
XcaOxIxQfEaAIqOCAZESmw,-1.172567416400726,36.83415197976546,2018.0,5.0,x/C/,0,0.6398123
XrykLv6a8gjRnO2kiY6_jw,-1.362537451382312,36.92629197963993,2018.0,4.0,x/r/,0,0.623103
Xz5dYBHS2K1F7AnbLD3Ykg,-1.286678348572379,36.88843082552786,2021.0,8.0,x/Z/,0,0.7016564
Y-CRGFpYf0pEBnyad7dKew,-1.316498270099061,36.89693725216935,2018.0,4.0,y/-/,0,0.61302245
Y2KoYqH6Ma86rp8IGBbWZg,-1.255942740163317,36.81618122410627,2017.0,12.0,y/2/,0,0.67300427
YCAcWJNtMMqgKwTSpPcVmQ,-1.316232557701071,36.85502641834344,2021.0,9.0,y/C/,0,0.6000902
YC_KscF5ZAqsZeNVXlxhyg,-1.314875725040712,36.87395359529142,2021.0,8.0,y/C/,0,0.62764347
YH9ddFeM2xPAzuoR2DmuQQ,-1.293175832427629,36.83889548753363,2017.0,12.0,y/H/,0,0.7215215
YJ6cqRIGAFC53H0GIHDNBQ,-1.292920783919196,36.73997996906297,2021.0,7.0,y/j/,0,0.6573885
YPAjKH-j6NYknT-AKUBAmA,-1.278631880051243,36.77057177604224,2021.0,7.0,y/P/,0,0.7729413
YXW56XRotxwRgIsvlgD4Dw,-1.32182928850301,36.87027055228142,2018.0,1.0,y/x/,0,0.66853154
YXwNJMv8Vwxm8tOfzobeMg,-1.200066163099956,36.92511153928245,2018.0,2.0,y/x/,0,0.703962
YbrcawYVGuEO2zTigsJ0HQ,-1.30421228691048,36.73205211001937,2018.0,1.0,y/B/,0,0.729685
YllMeEMTydxjHAyJF7B6Mw,-1.206752374878708,36.84510825807341,2021.0,8.0,y/L/,0,0.6382822
Ym4zzQXGditDTZV-L4k5pw,-1.342361389862778,36.76514577345825,2018.0,1.0,y/m/,0,0.6370976
YtlBgXB_Uezb0tYfABYL6w,-1.330182450448427,36.74868638174856,2018.0,1.0,y/t/,0,0.6552917
YxiFwLIFhbN3k0x29-4m8w,-1.278833140419859,36.95019994274853,2018.0,2.0,y/x/,0,0.70758724
YywlQpnxypcV7p0nS-YnLw,-1.298498969136689,36.83371300159769,2021.0,8.0,y/y/,0,0.79685074
ZQNK1-LulPM5BbMtrID80Q,-1.226744371612654,36.83844150896424,2018.0,1.0,Z/Q/,0,0.6173455
Zd4x0j302Wb3i91NvhJKWQ,-1.217009142772906,36.79882531289488,2018.0,2.0,Z/d/,0,0.6421174
ZkInTxeU6QR9VUsP6DGpkA,-1.279307017636423,36.96715484762147,2021.0,10.0,Z/K/,0,0.6009893
ZwkVy543zDbRYtEvbvbs3Q,-1.280700821665014,36.77038641664551,2021.0,7.0,Z/w/,0,0.73501116
ZyY1R6LBcz_TFDb2MzNDcQ,-1.173540643791467,36.91364475108329,2021.0,9.0,Z/y/,0,0.64517206
ZzrtRtlzUwLFCXYZOURuDg,-1.260530940135336,36.86866603801625,2018.0,2.0,Z/Z/,0,0.6381927
_-fPvsHdIV-P1NvQ89QfyQ,-1.265131391359283,37.02332769801485,2018.0,2.0,_/-/,0,0.6251246
_1FxH5aR6ssgNFJtQsFhkg,-1.202355261488158,36.89713058165215,2021.0,7.0,_/1/,0,0.66317767
_8ZK84hy8ACLnppcs1haHQ,-1.315282648040831,36.79975174912815,2018.0,3.0,_/8/,0,0.6196716
_CI9jEaTJqG_spWrBGVg6g,-1.369874066319733,36.76752195905699,2021.0,7.0,_/C/,0,0.68231106
_JB-dpmouG2P2IjcxZDxRg,-1.246575674425157,36.72181780055205,2021.0,8.0,_/j/,0,0.6088606
_LZ5NX0Ne7R2LfHWnKHD4w,-1.485313285141788,36.96879893479464,2022.0,3.0,_/L/,0,0.6174676
_T72xgu48AXoC7phwEtA6Q,-1.145654563567682,36.82990195354766,2022.0,6.0,_/t/,0,0.67133975
_heDXXeWHX1n8oGqmStVIA,-1.253821699785008,36.88448727185099,2018.0,2.0,_/H/,0,0.6835492
_ji2jxDkaQStqMMsXAm95g,-1.258797312561175,36.78005391368922,2021.0,7.0,_/j/,0,0.706461
_n6EZbwr98vF0pQ4GNb-dA,-1.357093842016695,36.76232838306454,2021.0,7.0,_/N/,0,0.6025178
_vx5zQHSeOcncVE1H5LngA,-1.295585008535288,36.84272758596206,2021.0,9.0,_/v/,0,0.6396906
_w6bVWrmUYraP80lmKLd8w,-1.243667592239316,36.70408074050726,2021.0,10.0,_/w/,0,0.71893156
a66xegIUIpl5Cl-0Q69Zhw,-1.395687664839974,36.73507155946602,2018.0,7.0,a/6/,0,0.61111385
a9tlJPj5PFd3D8dKRQa1Bw,-1.32909629759178,36.7432612441227,2021.0,7.0,a/9/,0,0.6574671
a9yk-aACppMDNoIk4-3f4w,-1.364209648366109,36.74727771609873,2017.0,12.0,a/9/,0,0.65135574
aF1g2DPJZu48IqT6rJfgmA,-1.233443727939272,36.71301141428739,2021.0,10.0,a/f/,0,0.69194525
aICeNfEXNHDG5Pldmw0XXQ,-1.329075989559556,36.72442312546716,2017.0,12.0,a/i/,0,0.6975586
aJdAamANJcB6Q8cDUvKaxg,-1.282571419561543,36.89193496205318,2018.0,1.0,a/j/,0,0.8458886
aLcOltRe4DmKL-X_fML5Uw,-1.286603835432846,36.74654122294937,2018.0,2.0,a/L/,0,0.6057036
aO-ShpBxH0QZtSfnd_mS_Q,-1.222262106815612,36.89100697589314,2021.0,9.0,a/O/,0,0.6161679
aPLxYr7o_fa9-gdCqSfRLg,-1.18318178781786,36.89175786761582,2021.0,9.0,a/P/,0,0.73555106
aUu9_fVUbWSKDeTgkHyN1w,-1.287841613862178,36.75487253451002,2017.0,12.0,a/U/,0,0.61971384
ah0yAoNtPpfgxiAC2dLYIw,-1.272284394731577,37.0441876678168,2022.0,3.0,a/H/,0,0.6484826
ak-QMi9kEXIJQtgtX4-WxA,-1.158559722947695,36.94015144159165,2021.0,12.0,a/K/,0,0.6444517
ak65u4FVAy5W4RkmRx7Xnw,-1.29628711890698,36.84335612174722,2021.0,8.0,a/K/,0,0.62038153
apXhOOkxvkPMq5AJlXUW0A,-1.354187007459139,36.68146856780401,2018.0,4.0,a/P/,0,0.6048104
arIAeeSsau9McreN_Wg-9Q,-1.271673130772964,36.82197131682639,2021.0,7.0,a/r/,0,0.6130773
atVMvWmy5s8HvoI0QE5GuQ,-1.293693855329089,36.83751161613046,2021.0,8.0,a/t/,0,0.6260052
b-EkVXpJVOWHKZGBZ78-IA,-1.333894720580969,36.72227413998721,2018.0,1.0,B/-/,0,0.6715606
bBB3YHOryun8HYz_DKRnVQ,-1.281263046135934,36.65438034258169,2021.0,10.0,B/B/,0,0.6248427
bLtN7tJNRaFDWtVh4H8YxA,-1.318776661694674,36.89074108452489,2021.0,8.0,B/L/,0,0.71672404
bNgMy_AFFIdEQh0Q9Wya7g,-1.242541138870696,36.73437458455336,2021.0,10.0,B/N/,0,0.7156119
bOZCUlV_V_6EODpCDHoRrg,-1.253592307751858,36.80514251488147,2021.0,8.0,B/O/,0,0.7004842
bSw-48Jo48zt57iL7PJQxg,-1.252747217046198,36.80284912528359,2021.0,7.0,B/s/,0,0.6965833
bYQDcYpTnQMIrPimuLbjUA,-1.465403085879714,36.93880359301037,2022.0,3.0,B/y/,0,0.64691365
bh_i3eCIsuIFdXyAzpSTCA,-1.216572181666448,36.92361609066508,2021.0,9.0,B/H/,0,0.72780454
biJvvLDxmT-I1pfT7bc62w,-1.392259155586771,36.74136163683402,2018.0,1.0,B/i/,0,0.6445493
bqCK4zsRs9uoSLYTuMYoZg,-1.288920022222511,36.80375710672621,2017.0,12.0,B/Q/,0,0.6454997
brVF1BWd0bauJnMnG4YnwQ,-1.23002023504765,36.89471482920262,2021.0,9.0,B/r/,0,0.6169712
bsvDFqns9CaKrTRz5823tw,-1.213448492856805,36.8162791450635,2018.0,2.0,B/s/,0,0.6216431
bty6aLDJldZe-7sY3OkGTA,-1.347610984679924,36.67725735181604,2018.0,4.0,B/t/,0,0.68590367
byYNzBK81BGluHQsuejw3w,-1.257884426003379,36.75992120181255,2018.0,2.0,B/y/,0,0.6932413
cDMfGWg6Pa5TAeYQLl1CQg,-1.303194513802427,36.72587252667182,2021.0,8.0,C/d/,0,0.61110777
cQbR99epRVwYHCsIgE-SDg,-1.356002796669874,36.74437856974507,2021.0,9.0,C/Q/,0,0.6344622
cd5vS3US-7V_JkwgvDEt5A,-1.35206766690825,36.67147677859241,2018.0,4.0,C/d/,0,0.6350081
cgh_Xj4CuU2TMJEdQl1IJg,-1.28491288199707,36.82772818324844,2018.0,2.0,C/g/,0,0.60140175
clAEihH3eMB2UtJKefvsBA,-1.303896766698772,36.80782156521462,2021.0,9.0,C/L/,0,0.6975622
cnv965-DhR9PknLTOyH3Ng,-1.196920886031898,36.95189672530307,2021.0,9.0,C/N/,0,0.62266326
crHJI6Z7efOpT9k3EO9xfw,-1.238517149811186,36.72611754522585,2021.0,10.0,C/r/,0,0.6581146
d2O8tyTp0iVkfsuvlETeoA,-1.288562231231552,36.70948142698087,2021.0,7.0,d/2/,0,0.6633716
dBUdM6RKKZPJuh0NPv_mNw,-1.219254833179779,36.87711869127603,2018.0,2.0,d/B/,0,0.6134744
dF3Mi5GaxSFROLch7lOQMA,-1.207507617855029,36.92960418176739,2021.0,9.0,d/f/,0,0.6216065
dQDLVaFeHYsNnVcYHRFxMQ,-1.214234753136263,36.85512338457399,2021.0,8.0,d/Q/,0,0.6028285
dT3DxqN9MlZ_0beKlO5zAQ,-1.38891411246865,36.77887383948875,2018.0,2.0,d/t/,0,0.61848944
dc-mfVZd0aqwGNAHXVYJfQ,-1.288984271328981,36.84229851318438,2021.0,10.0,d/C/,0,0.60990447
ddyBPHwyZYn0GqfTS5SrmQ,-1.276582553625119,36.97363482058259,2021.0,9.0,d/d/,0,0.6316422
de9jQMT85umZ9fYGaWnenA,-1.299516109569453,36.8053122588698,2021.0,9.0,d/e/,0,0.6060124
dtweNEJcAfczqfsUpT-6Qw,-1.286322598243647,36.78445104081658,2021.0,7.0,d/t/,0,0.6233066
e0OSLqTmUIcrfDRjZQcAiw,-1.295387781591691,36.85719733112636,2021.0,7.0,e/0/,0,0.61229086
e5GbpHOjeHCrtAZTfU8ELg,-1.313091244549082,36.88858076354946,2021.0,8.0,e/5/,0,0.619952
e99P3aQnzOCZfa5g9wzlMQ,-1.269864536753114,36.74303470158804,2018.0,2.0,e/9/,0,0.62383777
eEZCama-vurOKZp3dxLeJA,-1.301797593369414,36.68849852728798,2021.0,7.0,e/e/,0,0.6357211
eEiMXQhyoBfMLZM1X1WUDw,-1.193514697234631,36.92876213986972,2018.0,2.0,e/e/,0,0.65660757
eP3tcl314h7wuwR0hpyuKA,-1.339227363642998,36.74169746982377,2021.0,7.0,e/P/,0,0.642366
eZpE8QkTla7CSyGeIdNSAA,-1.279802836456892,36.82408044851343,2018.0,2.0,e/Z/,0,0.6889142
ehrP42Hh7FQZVfJwW6BLdA,-1.241473403737642,36.92609232898306,2022.0,2.0,e/H/,0,0.6244469
eqdRTzLgWGBI2wlqk8T2xA,-1.300202188651688,36.90865779338878,2021.0,7.0,e/Q/,0,0.6232252
eriIO2w2Mxc2tfSzXN1dnQ,-1.3139984378431,36.67340936528493,2021.0,8.0,e/r/,0,0.65690845
eyzOgqDo103L6Bo_j0NP-A,-1.264240209958491,36.88918092291156,2021.0,8.0,e/y/,0,0.6057007
f7oT5WDVeEWe5vp3VJVbKQ,-1.159652033675344,36.63919995902009,2021.0,10.0,f/7/,0,0.63207346
fFlEA5j_bp0U3P_HQN29Xg,-1.279768683496737,36.82463456097355,2018.0,2.0,f/f/,0,0.6262988
fLUilNK85S1_MgVyM1PJWQ,-1.302399169714258,36.77959283386508,2021.0,7.0,f/L/,0,0.6285357
fOvDyDEbPjp3TO4qpuLRug,-1.2772065118495,36.91252530970945,2018.0,1.0,f/O/,0,0.6310974
fa75RiSuXcqJcDCA2boAcw,-1.210932631942713,36.85047912528346,2021.0,8.0,f/a/,0,0.7298402
fesgkyjTdu6hJaOrdzQAKg,-1.297467776608828,36.81590274013721,2018.0,2.0,f/e/,0,0.7130124
fm7rZ2-QvwmqdJ7o2ZKxhw,-1.295297941742509,36.80171468740457,2017.0,12.0,f/m/,0,0.62604827
fmQHec11jUGBhtink6R3Gw,-1.261791645866678,36.70695101979005,2017.0,12.0,f/m/,0,0.72460914
fpmQ7YzGvrKd_CjCxFwjdA,-1.328584065681202,36.85640347463738,2021.0,8.0,f/P/,0,0.6754487
fscA2A3TzHsgk3kyFkJDjw,-1.152683633266005,36.90391476193126,2021.0,12.0,f/s/,0,0.60667163
ft5QO4cvBtG10GPoxIchwA,-1.245358223965699,36.65640656455805,2021.0,8.0,f/t/,0,0.6031808
g5dnhMA-a2JeTphdfN58Eg,-1.250547980366301,36.77489195706943,2021.0,7.0,g/5/,0,0.74471945
g63V041z7pPFFEe6sdYsxQ,-1.250577767065981,36.72874434997367,2017.0,12.0,g/6/,0,0.72128063
gWZFVBuHHUVHnTs_8PlecQ,-1.350790342751512,36.94054763136582,2018.0,4.0,g/w/,0,0.6558325
gfnOdZrSRACJctY9WmKBSw,-1.304456277976751,36.77778843077259,2021.0,7.0,g/f/,0,0.6103589
gg2q0ahnma3Az1AZfi3ftA,-1.193148156563066,36.67960515732349,2018.0,5.0,g/g/,0,0.69334435
giWpMagYHTxf26ytfJ_Baw,-1.155953011667034,36.63627774499756,2021.0,10.0,g/i/,0,0.66256005
hDJf8PhTklczxdTFjX5_kA,-1.256461257026415,36.87647534073249,2021.0,8.0,H/d/,0,0.6759806
hGkCBtlU4xHmGydIVB47pg,-1.27091631638966,36.92196130851993,2021.0,8.0,H/g/,0,0.6565639
hHMfbSdjnJqeN8b5kOlTAg,-1.292693258130137,36.76426600811568,2017.0,12.0,H/H/,0,0.6169561
hHRywGbMmH7mKWmO5KmgRg,-1.158366146516482,36.94839061571948,2021.0,12.0,H/H/,0,0.64649016
hN1MGtavGCAM2RQRz_1xRg,-1.293590662947331,36.97683430376973,2021.0,8.0,H/N/,0,0.6673163
hQLbR9fY4Y0_MZvi-GI62Q,-1.305934781507688,36.82242367179654,2021.0,8.0,H/Q/,0,0.6348129
hVhgYqRnUiiQDWI_QUBOpQ,-1.286454053420471,36.95118515231433,2021.0,7.0,H/v/,0,0.6033983
hY50BXQd5b2oebzczUy7Sw,-1.153624463971764,36.94492443846003,2021.0,12.0,H/y/,0,0.67242265
hYyWv72iLSWIG0wiJHdXlg,-1.32641351722661,36.88068484262003,2018.0,4.0,H/y/,0,0.6776859
hZs-1PHI3MAExCMGmk9U_w,-1.352694295354577,36.67931768330546,2018.0,4.0,H/Z/,0,0.6841346
haMp-B6plvijrj14SGM5jQ,-1.270048900777303,36.80682654531645,2022.0,5.0,H/a/,0,0.6332953
hdQtC_5C8awjVjMjXfFajA,-1.285272410282262,36.94873173858205,2021.0,8.0,H/d/,0,0.60668737
hfUA7IjFZZDFSkRcW3ISug,-1.244792451220106,36.768445827984,2021.0,8.0,H/f/,0,0.73364997
hfaPKWSuL0rHc6KGgblOtg,-1.252007796325798,36.7340711208658,2021.0,8.0,H/f/,0,0.6567462
hhoz4V_dpkTSLDml-SkDsA,-1.365594297965655,36.68170986461492,2018.0,4.0,H/H/,0,0.6225085
hirCRoipA2ZZY6t5HcxP4Q,-1.301044403802006,36.90791134090703,2021.0,7.0,H/i/,0,0.62980705
hjJYD472kkPHbysgri5btQ,-1.293786938907146,36.88131026378028,2021.0,7.0,H/j/,0,0.7265962
hmRszWtu6oKte-3xzWKRnA,-1.354534348911606,36.65986629462478,2018.0,4.0,H/m/,0,0.7043858
hmkDd5KvtxzFwfaNG5n84A,-1.238238379253192,36.7888368125334,2021.0,9.0,H/m/,0,0.65555364
hr9xCHkSW1M8_M1HwtM8mA,-1.269415371365995,36.99667916403568,2018.0,2.0,H/r/,0,0.6861797
hruWUMNLut7FodgJ_maC5A,-1.310637145240138,36.80287952571146,2018.0,3.0,H/r/,0,0.6158026
hvLPhKFS9xlHHywYUpe6XA,-1.378607994499348,36.92859333661821,2021.0,8.0,H/v/,0,0.6255567
hwrs_okCBl_r5j4VNeWIGQ,-1.477767583070245,36.96594604489899,2021.0,9.0,H/w/,0,0.66715115
hx_CXHrvx3vgaewB7tl4UQ,-1.251463423298318,36.78747180829567,2021.0,7.0,H/x/,0,0.60313326
i-qD95NvQBCN30tejqjgeA,-1.196828647698158,36.93106752027602,2021.0,9.0,i/-/,0,0.6074137
i5Vyz6ZPS7ktTkhReg7QRQ,-1.233514217625028,36.68546854588914,2021.0,8.0,i/5/,0,0.6035522
i8Uh1Oge18ltHvanBg7gjQ,-1.483551153624062,36.95320497493351,2022.0,3.0,i/8/,0,0.6269811
iPjYeI_4VsfNn4vLizP-1A,-1.281205149810385,36.64429525889155,2021.0,10.0,i/P/,0,0.6764369
iRnC-SlQFQFURxGFDp5Izw,-1.255067196627579,36.69426708356542,2021.0,10.0,i/r/,0,0.7331538
ia3HUiQF8fjFfDTOShiRtQ,-1.311226460303352,36.82242703960053,2018.0,2.0,i/a/,0,0.6116389
ibTSnVWoQVUBo5d-N7SAFg,-1.26256716136464,36.93636698721399,2021.0,8.0,i/B/,0,0.6000448
ixx-T8aTU4zm-KccDAEASw,-1.290741988275325,36.71561392195881,2021.0,8.0,i/x/,0,0.6977988
izgQLvl-9XN8_OIo2_sNhA,-1.306847116346706,36.75432036576831,2021.0,7.0,i/Z/,0,0.74167097
j4-G0p-xFsZJh75zvWSDnw,-1.325231784324275,36.9008962200641,2021.0,10.0,j/4/,0,0.61513335
j97tqvqzlCLNbtwG579eZg,-1.22406428772006,36.72460243097331,2021.0,8.0,j/9/,0,0.6152452
jTzFwa8Kj88xTms7cLAUZg,-1.37927811598463,36.77020837254877,2021.0,7.0,j/t/,0,0.628525
jd-CjE33bDww_6Ju5C5juQ,-1.345868572480527,36.7062873474773,2017.0,12.0,j/d/,0,0.60332865
jnjdtuK9_C17zA8h5rOIEw,-1.201797652113631,36.91815811286471,2021.0,9.0,j/N/,0,0.662856
juL9Nh-jgH2ywwnmEAE71g,-1.261922142421743,36.80256697585104,2021.0,9.0,j/U/,0,0.6764393
k6ERloSX9hkJGu0r_2jtww,-1.284511187328684,36.8293876334192,2021.0,8.0,K/6/,0,0.7104844
kHQLvwPmCDKmiMtCf6A0og,-1.251433925769764,36.95373900956469,2021.0,8.0,K/H/,0,0.6002616
kI8Sq3MamMnbTiFoszA4_A,-1.373519078354051,36.76922575213948,2021.0,7.0,K/i/,0,0.61755204
kS_3srdTQeQ7fJgW2Ho-GQ,-1.179284530201786,36.86435134152674,2021.0,9.0,K/s/,0,0.62361646
k_1k0fNVBTsy_kIC6cE3WA,-1.371177558744978,36.93606476371077,2021.0,8.0,K/_/,0,0.63053095
kdIw1qlRcXlsRXXuJgYdZA,-1.19044730893769,36.85096160391064,2021.0,8.0,K/d/,0,0.71914536
kh_I-3YbKJF76zbMP7qS7Q,-1.253773021311063,36.77455347979183,2017.0,12.0,K/H/,0,0.621445
kmCi35iSuhHyVAKHoyz2bQ,-1.289170492013451,36.88231084449364,2022.0,4.0,K/m/,0,0.6251737
kn4aVRXZkTbpSEHJEj-XEQ,-1.283653236183004,36.88710681109649,2021.0,8.0,K/N/,0,0.6796614
kp-W4e0ELATTxNYY4brsvg,-1.187369774882608,36.89330492655863,2022.0,2.0,K/P/,0,0.63268584
krIf5m8Olwg6elrcHPv4Qw,-1.219334818958765,36.76613716161688,2021.0,7.0,K/r/,0,0.69106406
kyFAbKLP26CXX5Lpox3Gzg,-1.325398432243811,36.78477155685779,2017.0,12.0,K/y/,0,0.66302896
l59mgDcWjbER1_XKJIto9g,-1.277322455364404,36.76302591747739,2021.0,7.0,L/5/,0,0.6919866
lGWiKuXljnMq_cI1Mnf8FQ,-1.157699233729955,36.96096051641599,2018.0,5.0,L/g/,0,0.6581499
lSFu0L7XB3Lc5fBWfk_sXA,-1.215422829876133,36.92171923618086,2021.0,9.0,L/s/,0,0.6934925
lXH9t5wnTzWXpexU_FgqvA,-1.265066914868666,36.98007717038891,2018.0,2.0,L/x/,0,0.6848814
lXYKO5vDMxTzLubb0I8F8w,-1.230386665315443,36.89467781970672,2021.0,9.0,L/x/,0,0.7177227
lYDJ8AxcjYjZOJDbqU8nBw,-1.308046648927198,36.76391959045301,2021.0,7.0,L/y/,0,0.6839613
lssS1n-ZNAI3o-I4taTXXQ,-1.325460639330729,36.82546744676416,2021.0,7.0,L/s/,0,0.7420241
m1aKe1kdP4Hl6QWthUMKGw,-1.217262760454509,36.80057793146955,2021.0,7.0,m/1/,0,0.69034135
mFUS-Zsq97SYZYI2q5iFjA,-1.347871478287572,36.66130419313378,2018.0,4.0,m/f/,0,0.7004686
mXaf6EWhk6ShoCQelPqBWg,-1.284289443598302,36.91296636098516,2018.0,2.0,m/x/,0,0.62868553
mY3ENJBkq2NsJlsfkuXytQ,-1.486668000134229,36.9651313112417,2022.0,3.0,m/y/,0,0.7091889
memQmqbR2TPSbVaggwuvnw,-1.380537332935467,36.77039060881438,2021.0,7.0,m/e/,0,0.61536205
mfOi6zvhuzGC5qQgFwQidg,-1.172885692520384,36.83389910566383,2018.0,5.0,m/f/,0,0.70628124
mlwzN3Etbz_DKV7nEvdBOA,-1.362614371607221,36.66088106677567,2018.0,4.0,m/L/,0,0.60985583
mpkoNiZk3LGV26j_4in6HA,-1.21758389639039,36.81236269840716,2018.0,2.0,m/P/,0,0.6993081
mqhj5UfcqBGUOyPaj3e4SA,-1.266246705772338,36.7480891903721,2018.0,2.0,m/Q/,0,0.6595454
n1fgNPpHhGUnAVDafz6u_g,-1.200535091098089,36.83733792205091,2021.0,8.0,N/1/,0,0.6001527
nAHpJTZDD3TlTBcOlO8IqQ,-1.316278091573468,36.83000297736107,2021.0,7.0,N/a/,0,0.6680094
nUV7LpBcbCO4RT3LwckrHA,-1.363392815349596,36.66020331872202,2018.0,4.0,N/U/,0,0.6177133
nYpLM3jpCHRwyLPcja2FBg,-1.362789456060645,36.65200144566594,2018.0,4.0,N/y/,0,0.75408524
nZauIrTHNJZ8Q0-Y8U5BeA,-1.165641604829692,36.94020327196345,2021.0,12.0,N/Z/,0,0.61708367
naDuurBwxCGHmPquCo3nEw,-1.147068705681943,36.95388824010191,2022.0,6.0,N/a/,0,0.61052763
naYAWxzhqsZADA-GVOJBxg,-1.226270855685126,36.79531436342076,2022.0,1.0,N/a/,0,0.61394507
ncifZ7Om0JedEuKkPMjGLQ,-1.193613157507875,36.86456372058576,2021.0,8.0,N/C/,0,0.6143834
ndVkOXIccp--z53RiK5BDw,-1.270989772539421,36.80044712330436,2021.0,7.0,N/d/,0,0.69798094
nfVHZhKcDQCUzJuaXwuL0g,-1.252498800030403,36.65337099810121,2021.0,8.0,N/f/,0,0.7032548
nfqhmlgtmlA9O94cLLP6pA,-1.254617493248184,36.78095765468863,2018.0,2.0,N/f/,0,0.6801583
ngU7qamvKbwrhdo9JGhMMQ,-1.285816554456988,36.83286501485703,2021.0,8.0,N/g/,0,0.75586486
npqo01gPqCz5m1xRRYRXxQ,-1.362639411024802,36.91343218569903,2021.0,8.0,N/P/,0,0.7117148
nwp9tg8PRXJ3SVDcis2eaQ,-1.199486376994789,36.90857812730105,2018.0,2.0,N/w/,0,0.6926698
o-jfgSSQTFlTxt6U5Km7EQ,-1.272215687112734,36.80241267235689,2021.0,9.0,O/-/,0,0.602959
oDfeqDxVpzJpULmR6sOrZA,-1.316655785373897,36.83355679208519,2021.0,7.0,O/d/,0,0.65489715
oSWrJFRObqmuxQ0Quh00rQ,-1.269525155715634,36.6713035182679,2021.0,10.0,O/s/,0,0.6406023
ohoxU2sn6fkJnBXbbEcefg,-1.304096191774388,36.8651093193323,2021.0,8.0,O/H/,0,0.692352
okQHfbCIeTmVpspzIC8GEg,-1.300928795822206,36.90997083557917,2021.0,7.0,O/K/,0,0.6572571
oqRDbopF32E_8kg_gFI2Lw,-1.341641361969853,36.71316055688118,2017.0,12.0,O/Q/,0,0.69295174
otBfsZsh_XWxFBS0z6Poag,-1.338217404303605,36.88568281035337,2021.0,7.0,O/t/,0,0.6560804
ovCSZZP4OD97AG4owLGshg,-1.250586502527158,36.73726112835801,2021.0,8.0,O/v/,0,0.79023737
p4Yuw500bvoo5vLWd5v8Fw,-1.254304527100526,36.72839332514576,2021.0,8.0,P/4/,0,0.7411342
p6t6YcBR9IXjB8c5X0WDkw,-1.258519286859179,36.83444624561315,2018.0,2.0,P/6/,0,0.7395942
pCjg3PFde1qR4Pp6DSCkxA,-1.263051833679015,36.82672833910929,2021.0,8.0,P/C/,0,0.6491565
pDtJSMobckGmowDZC9SKRA,-1.329463173557206,36.85819594100793,2021.0,8.0,P/d/,0,0.6050713
pLlZzp73P-RF7CXfzMYV8Q,-1.311730657159007,36.85050893132154,2021.0,7.0,P/L/,0,0.6708082
pxExum5yMjn6H4I__xM7Uw,-1.189715977806488,36.93676032697993,2021.0,9.0,P/x/,0,0.64463943
q-sRkicubTe1MHXursFxUQ,-1.366493089830481,36.72808745187803,2021.0,7.0,Q/-/,0,0.6348106
q6QW7caLjthbyZvQ61fL6w,-1.306640852499431,36.78332256675293,2018.0,3.0,Q/6/,0,0.65159565
qLUyrvEsJN_a52Zjtpyr5Q,-1.278803057966849,37.02325094200562,2018.0,2.0,Q/L/,0,0.6690135
qNPTGRL0E8fjmdW75gOqEg,-1.406469399045428,36.76820333302878,2022.0,2.0,Q/N/,0,0.67615086
qODQVO8aTqAWiDbUXHebJg,-1.395914757030831,36.73165553858847,2018.0,1.0,Q/O/,0,0.65508837
qYdXLC2s75kph16G7i3QNQ,-1.252084025038034,36.86749140237384,2021.0,8.0,Q/y/,0,0.6062073
qaCK9jm_lf60cAsjUmU5oA,-1.181881885551128,36.87231115557164,2021.0,9.0,Q/a/,0,0.66552943
qoNSE67btZxKRfCKxge-XA,-1.283738563435294,36.84037689345212,2021.0,8.0,Q/O/,0,0.6773214
qp2dKRevGvcP4waFq6622Q,-1.268857156152962,36.84953378316834,2018.0,1.0,Q/P/,0,0.62995183
qr5G2Hy2qI0EWVHyz1cnMA,-1.201236411953392,36.90145303665118,2021.0,9.0,Q/r/,0,0.6541242
qwTNFcnuzCei8hd45efNJw,-1.306738500282957,36.90122418931958,2021.0,8.0,Q/w/,0,0.6272388
qyeH-DR4QnS5FviGdT0gOA,-1.149464191283216,36.94689096827169,2021.0,12.0,Q/y/,0,0.76002055
r38vecwE46Ay8hYjj-fFzA,-1.253268441755393,36.79250584537986,2018.0,2.0,r/3/,0,0.69274956
r7qhxZ-TO5x6qTGE2oD12w,-1.246859394663021,36.90502588360117,2018.0,2.0,r/7/,0,0.6611174
rIPIJRk-kTvOKQCoS8DYkw,-1.520101789313424,36.95152019434185,2018.0,2.0,r/i/,0,0.74852484
rLRw3I_-iqTSG6PXQv6h-g,-1.393230605789106,36.77082108575433,2022.0,2.0,r/L/,0,0.6084005
rNKCCMB-hsa-RxkFan6LQw,-1.368408869337176,36.72641026690371,2021.0,7.0,r/N/,0,0.60669196
rNrjsp-HfNVwme0Q5sHM8A,-1.278677361322852,36.83945885068451,2021.0,10.0,r/N/,0,0.64370143
rRywxHyyav5MC8QTj-OlTg,-1.399563753960347,36.76000382382315,2022.0,2.0,r/r/,0,0.71389043
rYMeosmZF13GEc8M7tVTIg,-1.349566490307387,36.939221933093,2018.0,4.0,r/y/,0,0.6198969
rYQqN8m52k5CMFQhYhtFTQ,-1.341222696081088,36.75560327205073,2021.0,7.0,r/y/,0,0.6089938
s-7K3cyaAVUkmz7294P9ig,-1.306312172648561,36.66834749520178,2018.0,1.0,s/-/,0,0.64672804
s-P9SEglEMKasslbqHSQWQ,-1.284658863963123,36.86179084084839,2021.0,7.0,s/-/,0,0.6473276
s5HayyrnRHc-HF1RRSWk_g,-1.204052369289952,36.84281742404175,2021.0,8.0,s/5/,0,0.6391536
sY55kaTPVh5zAqzJLDpMAA,-1.375430436243215,36.92281811185075,2021.0,8.0,s/y/,0,0.7569402
sl_6WuLOUjRwiE_igp5IbQ,-1.298621895953095,36.89391760278659,2021.0,7.0,s/L/,0,0.6107004
swo-k4ov-jkBwhxTPO0Aqw,-1.26437064731556,36.85822681124474,2021.0,8.0,s/w/,0,0.6049547
tKrBc6uJOy37ZqjbrLDJaA,-1.194540289593318,36.8643291759151,2021.0,8.0,t/K/,0,0.6204779
tZKPZnDwlevACSOhOAWozg,-1.283446802805055,36.75278543674821,2018.0,2.0,t/Z/,0,0.60666865
tbggTRlFzS-rORhAUtl_VQ,-1.277303971742586,36.90648684104806,2018.0,1.0,t/B/,0,0.6832385
txL97ENh0luqtUvvuolPrQ,-1.227592233894853,36.89370670356357,2021.0,9.0,t/x/,0,0.6105412
u1QWR7acKf_Lmnhju7Fyuw,-1.302940518474139,36.71761980693642,2018.0,1.0,U/1/,0,0.61385345
u1VN8RdNFhlU4hVb_vJoMQ,-1.172677825072995,36.91282935315335,2018.0,2.0,U/1/,0,0.60082686
u1iCRmLKyUc1DWXVpWLDuA,-1.270296233364774,36.80690862202519,2022.0,5.0,U/1/,0,0.62036985
uF0e3mJWAgbC2YDFFLyawQ,-1.28442453037645,36.81201814894347,2021.0,7.0,U/f/,0,0.60279065
uGQNAfqgV-ophdwCxAUlUw,-1.317731261493007,36.69759209287401,2018.0,1.0,U/g/,0,0.62879175
uIDo8vC-5lF4vS9vidP9cw,-1.238236090448845,36.84468166265917,2021.0,7.0,U/i/,0,0.77938056
uIfjk7c5PBi8XXDlbjsdZA,-1.250195627250296,36.98067772793892,2021.0,8.0,U/i/,0,0.6555197
uOOatFda2nnuUcUXt5Ly6g,-1.180266812404012,36.84107673016488,2018.0,5.0,U/O/,0,0.60707
uWVTfU3iu7BjS4Fw_bvPlQ,-1.302335660659044,36.83124293073372,2021.0,10.0,U/w/,0,0.6046226
u_Zx9slVChF217zkkuGJnw,-1.313337493233717,36.8726631393441,2021.0,8.0,U/_/,0,0.64026624
uzv1Fc9sZ4mEkyg3w5lCpQ,-1.44766553616646,36.98297393183746,2021.0,9.0,U/Z/,0,0.71833956
v5K2KwGd5Czm9qrXmHc3tg,-1.34735808837702,36.72102619139662,2021.0,7.0,v/5/,0,0.6580916
v83nSBPbodvJa2hVMfQxvw,-1.174986820739177,36.93098984702554,2018.0,2.0,v/8/,0,0.6292253
vU9bnenSQMH16Jdtq2vSmw,-1.21767240653908,36.97347464600939,2022.0,2.0,v/U/,0,0.6672086
vXc9-6HYhQIx1EdzTXotew,-1.176323992276521,36.91125948766519,2021.0,9.0,v/x/,0,0.7613829
v_wWuqY1Te34UQ8ISj_gWw,-1.263765950000475,36.72419759471619,2021.0,7.0,v/_/,0,0.62550783
vaVvWMfAALQXzVxA3zVZww,-1.348607715175909,36.66326470216693,2018.0,4.0,v/a/,0,0.60331714
vad7Rg3RQezjEa70hRf5lg,-1.487646789347886,36.95669986689757,2022.0,3.0,v/a/,0,0.6298342
ve-4O_kOgbp_o_utyz4qkw,-1.248690637471765,37.0010300756383,2018.0,2.0,v/e/,0,0.6051284
viDjHvITApIVrVb-4UJZdA,-1.260132602983652,36.8263730145823,2021.0,7.0,v/i/,0,0.67575645
vs4hXD2QXtukuDo_TdIrJg,-1.215280137039042,36.88312206735331,2018.0,2.0,v/s/,0,0.6298488
wDgF8PWpvIW0imoCgVqBEw,-1.211927810996102,36.9329635586513,2021.0,9.0,w/d/,0,0.640018
wHv6VZHowJfFlhDmK1tKWA,-1.201182253705376,36.88854137099542,2018.0,2.0,w/H/,0,0.60464805
wL3CbbT5j_clBkWSgTIlcA,-1.398142206800102,36.77454928785859,2022.0,2.0,w/L/,0,0.6491894
wLHai0GM0I4NQEMKrYW5SA,-1.349570139248128,36.66229910686631,2018.0,4.0,w/L/,0,0.6155003
wQ4rlQFGz6lXs3JqGSyemw,-1.323841279021793,36.84276593550307,2021.0,9.0,w/Q/,0,0.75150514
wR9rHlPvDefV_NYys_LhcQ,-1.274461745900139,36.83001636505929,2021.0,8.0,w/r/,0,0.62168694
wU9OmBKcGns6EclxZk5rHg,-1.273971024108271,36.79092987968361,2021.0,7.0,w/U/,0,0.6446707
wbWpYOMO-A01AcnSw3kLRQ,-1.331337531312799,36.70594320962113,2018.0,1.0,w/B/,0,0.6219312
we0bVp-sP_k1DS5YplDEpA,-1.217679307493011,36.97346767832551,2022.0,2.0,w/e/,0,0.6169135
wf_ReXgnHb6UAPd9e0VMVA,-1.315002375182305,36.88917238792969,2021.0,8.0,w/f/,0,0.60540134
wnMljpBhiLo5aulNbMPB9A,-1.156143637143068,36.95845954868755,2022.0,5.0,w/N/,0,0.6950052
xCz1ZewLrhxpPKcKLgY2fw,-1.391299904743208,36.75320113441209,2018.0,1.0,x/C/,0,0.6084073
xE_X-Ra6y3TnNmhQrv4vNQ,-1.364163792868316,36.92199731989076,2018.0,4.0,x/e/,0,0.65159416
xXpW3dd_rmXoIWb7E7kIOw,-1.362590803364584,36.71760360213619,2021.0,7.0,x/x/,0,0.7478551
xbUHgo1ls3yhijGKhN-nWQ,-1.305310477248576,36.861385851772,2021.0,8.0,x/B/,0,0.74061483
xdZzCE0kZMLCLPulwxs-LQ,-1.264761649731336,36.68555273199037,2021.0,8.0,x/d/,0,0.6456185
xfI0vXE2o9_RzU6f7UKsjQ,-1.350836525864723,36.76336691364382,2021.0,7.0,x/f/,0,0.60933256
xhMJWuoatlJw2UwTYM7U5w,-1.308845582219942,36.74931818410661,2021.0,7.0,x/H/,0,0.61768186
xxlvd8D3tdL-vxdMz_sRYg,-1.355636526434137,36.75038378338844,2021.0,9.0,x/x/,0,0.69879836
y2iOp1VNhUeqltX-_Vag8Q,-1.293444772682009,36.8059857262143,2021.0,7.0,y/2/,0,0.6911485
y49mXkLqFEtnE-r6SOFzIw,-1.347280876738889,36.70955456218569,2017.0,12.0,y/4/,0,0.6957402
ykk3rTPscxiaomFJ370UMQ,-1.229665360988281,36.85732327675133,2021.0,7.0,y/K/,0,0.6322927
yleQWbTqEW8KheYI2ovGSA,-1.205899010231029,36.84535813755122,2021.0,8.0,y/L/,0,0.7574829
yz_cCHSzsJGLkS3qCW4sqQ,-1.25408252034374,36.83066094289423,2021.0,7.0,y/Z/,0,0.71043336
z64v4mjNGxNei83XFzekuw,-1.301789853880825,36.9019593044768,2021.0,7.0,Z/6/,0,0.6209148
zDaJSc498fThFHiI8Bq2qw,-1.38119878570689,36.7704844804551,2021.0,7.0,Z/d/,0,0.69768596
zH_jiUpZm72Ft3fqfGSXwg,-1.260250644309511,36.98393902899689,2021.0,8.0,Z/H/,0,0.62260383
zLdA2zLi6-GaSe0VmMG-7Q,-1.475937044567408,36.95550524004111,2022.0,3.0,Z/L/,0,0.61902696
zPyAiKPpyhQTunS5a-K7Fg,-1.378809571449707,36.77014368144363,2021.0,7.0,Z/P/,0,0.6323414
zVAi2guQrhjjZ1lwgoecoQ,-1.276906896377121,36.82772892246935,2021.0,8.0,Z/v/,0,0.6514099
zb4NEQhAG6xg9PTBnhxY9Q,-1.284510454538436,36.72336504967141,2021.0,8.0,Z/B/,0,0.71289766
ze_hgeTrQnydzA4HcHqcsA,-1.228745226500436,36.91968902907342,2021.0,7.0,Z/e/,0,0.60230535
zodK2CqzCM3kP0kxNgNlbA,-1.190499618369644,36.94383401299636,2021.0,9.0,Z/O/,0,0.617862
zqe0BXBa6RDnEEiEkIqpbw,-1.200899159383294,36.92331996672824,2018.0,2.0,Z/Q/,0,0.6278854
-flPVk2Yg08D7yXn_OQFDQ,-1.199868972411623,36.89414105682786,2021.0,9.0,-/f/,90,0.68563807
-gJRF24oKdAlQF_HCZp-Ww,-1.310656264946283,36.76098697757607,2021.0,7.0,-/g/,90,0.73867804
-kZ2wLfEPAJoo8--lKxuQw,-1.305891509991651,36.8236322107088,2021.0,8.0,-/K/,90,0.6161357
-nxE1I2zZpnRY0gDqNBQ-Q,-1.279741019640859,36.96631684490323,2021.0,10.0,-/N/,90,0.64266574
-snU1MvI2MVOzuUbwF5j2A,-1.231126698583394,36.89440176602693,2021.0,9.0,-/s/,90,0.6264753
-xXkZrKS032YeSU2-X9YAQ,-1.250862194849578,36.76623999888296,2021.0,7.0,-/x/,90,0.66708875
00QoFRxYZ_deE0x190ybTg,-1.351252063373068,36.66597579320046,2018.0,4.0,0/0/,90,0.6172156
01G-fUa2rdhewkFyMGVk3w,-1.277192602352467,36.76697136419541,2021.0,8.0,0/1/,90,0.6279023
065FUmb938ZbpydPlq_rzQ,-1.308397932337533,36.67332467162777,2021.0,8.0,0/6/,90,0.6651854
0B6yUjQ2jd_EDQtPIpwURw,-1.1940341419839,36.95152470419714,2021.0,9.0,0/B/,90,0.72117716
0F4X-3vSYaWpgVWKx9UUmw,-1.218866815448964,36.88036022888345,2018.0,2.0,0/f/,90,0.62049073
0J3Z5AaJHlda--14XWXjTA,-1.261302173093599,36.78859693191497,2017.0,12.0,0/j/,90,0.6525401
0JeBkwObNYrtwmRdv5PjSg,-1.193085149056583,36.78869094482967,2022.0,2.0,0/j/,90,0.66206074
0NhW7tWqoccDUkFBtcu-Ug,-1.229445094238453,36.93020917297147,2018.0,2.0,0/N/,90,0.6827272
0SRnSwduzoM1YsUrv1OpcA,-1.289272648584203,36.79028322933491,2021.0,8.0,0/s/,90,0.734831
0dSqLI3AUZOEaP6ukyVRnA,-1.328688140469624,36.74891997822392,2018.0,1.0,0/d/,90,0.73059076
0g1fEqHsygseKpihAktp9Q,-1.181607533091685,36.83934897057117,2018.0,5.0,0/g/,90,0.62861806
0pcBfRcYxZzhRCReU9NocQ,-1.241549988031886,36.69960915991022,2021.0,10.0,0/P/,90,0.643206
0sf6jWAeZXxJ1pU1rb6edQ,-1.30629220097685,36.87176659526899,2021.0,7.0,0/s/,90,0.71284086
10BoDDmcJCqk3XMDMO7iBw,-1.271544695779294,37.0007613060405,2021.0,8.0,1/0/,90,0.624064
15_5OuoLGTQTWdRTAb6tZA,-1.168148506291407,36.87016597178746,2022.0,2.0,1/5/,90,0.78235084
1AHSwlX_rrTZZpo__ShYFA,-1.308169601126795,36.85336031986461,2018.0,1.0,1/a/,90,0.69810385
1Goh9x6dnbXneo_Rd5MA6g,-1.295710049861678,36.98168342741678,2021.0,8.0,1/g/,90,0.6136834
1IOohD9ys28ItaRapIZ_HA,-1.261894937500659,36.8034812051204,2018.0,5.0,1/i/,90,0.61463773
1ODbjK4lOyyPBVSjwSd-kA,-1.28996536151533,37.07056159121438,2021.0,10.0,1/O/,90,0.60042155
1YsNfS6-VhdX78Cig4FfSw,-1.318712650004306,36.67011850562943,2018.0,5.0,1/y/,90,0.75153166
1Zvo_3961hLXseSfzxowHg,-1.321631289025436,36.85792016084459,2021.0,8.0,1/Z/,90,0.719196
1kxC7V4bUuki5NXYSKn9Cg,-1.223045381340544,36.75160805255518,2021.0,8.0,1/K/,90,0.60080534
1tNXVetRQHx895FFXpyV0Q,-1.354884027076658,36.65239350165492,2018.0,4.0,1/t/,90,0.6129171
27m_VUcehE5-dWjwiPKqeA,-1.221946197265418,36.89546313915528,2018.0,2.0,2/7/,90,0.620908
28H4KagREBWBxvHETkdRHg,-1.325373621580521,36.76155257897707,2018.0,1.0,2/8/,90,0.6853154
2S3vEy2JwWoNO3uKEtyY9Q,-1.30824424527006,36.76423575623435,2021.0,7.0,2/s/,90,0.7278047
2SbqoGvbv_1EWvuKlQX60g,-1.213098994456868,36.80712995756006,2022.0,1.0,2/s/,90,0.6703198
2Wy9eSzSbTai3s4Ftxb_JA,-1.275838833236446,36.84717353619693,2021.0,9.0,2/w/,90,0.6572783
2Xecqh3T7BGvMXQNEoS5gQ,-1.205543781771006,36.76254681028026,2021.0,7.0,2/x/,90,0.6002648
2bHrnCKpzVUD-NINc8Qzww,-1.282934555227615,36.82589267486879,2021.0,8.0,2/B/,90,0.62824917
2bYQfjSR5RUGXDaMkGzDbA,-1.349629779099613,36.93311438989473,2018.0,4.0,2/B/,90,0.66170084
2m5RC3-OprJh79inaaHaDg,-1.276766359970758,36.91989353710782,2018.0,2.0,2/m/,90,0.7747962
2oG48OFl9n_59aMrBLaAKw,-1.285464724550859,36.68495750211913,2021.0,8.0,2/O/,90,0.6523065
2yCz_TyP_XLWyiK_OA1x2Q,-1.148941092207703,36.96027584155139,2018.0,5.0,2/y/,90,0.6273537
2ysrmbzDCQDV6z5HnZlo1A,-1.4768491373225,36.97625305944198,2022.0,3.0,2/y/,90,0.70278466
35HLCfG_FX-TE753ZvZTaQ,-1.249282722076944,36.67303330495889,2021.0,8.0,3/5/,90,0.6003732
36HQR1vhQ_XxJc4POjvglA,-1.160469505313976,36.93948945298277,2021.0,12.0,3/6/,90,0.64350325
375_E5GfBsvPj6cH6OxQow,-1.280004916078499,36.67665341386701,2021.0,8.0,3/7/,90,0.6290848
3BMdJ0OjU1sngFfmRrzOWg,-1.446520390800538,36.96893321462599,2022.0,5.0,3/B/,90,0.63104635
3FJb3MwEJ18xVHGx-1fuTA,-1.29506991034783,37.06386992401713,2021.0,10.0,3/f/,90,0.6837612
3JSARzI2LJNz4RvbZtlOAg,-1.268681641506429,36.76726515778239,2021.0,7.0,3/j/,90,0.6030633
3kQPMg8TT0h3USmovoL_TQ,-1.308711803087916,36.8851143020898,2021.0,8.0,3/K/,90,0.6150456
3mXDO_ypKsJ7Kf0W1TxwiQ,-1.280871988994238,36.70843506739791,2017.0,12.0,3/m/,90,0.6099971
45iqoc6DfphtG7tyCi6SWg,-1.224396556602566,36.88847637323509,2021.0,9.0,4/5/,90,0.6350853
4W_20mYpQOw4s6D1SPK-sg,-1.204123503126632,36.8377159422591,2021.0,8.0,4/w/,90,0.65301955
4kJvaX8neVKvvtOfbIUVsA,-1.273929644928084,36.66609679603001,2021.0,10.0,4/K/,90,0.6741854
4kdaIo_PEXkK5zL3fphT_A,-1.304228905594837,36.8623160179723,2021.0,8.0,4/K/,90,0.731055
4yf1khS51OWXfcy2Ok2QVA,-1.281097818193396,36.95402804096084,2021.0,8.0,4/y/,90,0.6708683
52QeHhxWkL_y8kELB53Beg,-1.217350461721831,36.76326292148837,2021.0,9.0,5/2/,90,0.6682353
52vGjpWmzO54ANTTg2SSlg,-1.225347905532404,36.75738018062492,2022.0,2.0,5/2/,90,0.6554017
5H7djbYcC96eiuTTKjjXQg,-1.159466860830223,36.93516899380524,2021.0,12.0,5/H/,90,0.7717249
5LutHKqA_X8m6jpkgPRhSg,-1.328647104691862,36.83642476899904,2021.0,9.0,5/L/,90,0.67758125
5S1Nyi4I-itQQTYjOmbHxg,-1.194780324421491,36.83916936797051,2021.0,11.0,5/s/,90,0.69468147
5SPSK6XkeyAH04KIzM-Cbw,-1.335102802015355,36.70566645021916,2021.0,9.0,5/s/,90,0.6282762
5TUz2tg6Sjb_WCRFRXcx0g,-1.280617048785295,36.7364719041513,2018.0,3.0,5/t/,90,0.67424303
5bk_tSToXsy1QiNYYcWkKw,-1.23657145444365,36.69581457667324,2021.0,8.0,5/B/,90,0.602624
5bxGz6m5h-WgBU3v96qHlQ,-1.2378219142757,36.94165622965253,2021.0,7.0,5/B/,90,0.72224206
5cgudqn1TohWJIcuzx6zSQ,-1.190049964809649,36.84353908098681,2021.0,8.0,5/C/,90,0.6511164
5f28TohXLCa244VOFOGenA,-1.253980010442893,36.79237461205853,2021.0,7.0,5/f/,90,0.7252249
5okz0Mf8kzCPhdnny-kdjA,-1.365769067520139,36.74246270944693,2017.0,12.0,5/O/,90,0.6395303
5u9MrbetbifQDLJQLZAREA,-1.174652224547048,36.91374081960559,2018.0,2.0,5/U/,90,0.70057833
6685N0lDkLyw0U6IC9MDUQ,-1.276816181623019,36.81719895496446,2021.0,7.0,6/6/,90,0.62071496
6C9kl9y-Qt3cuTPj-fkaLw,-1.190351163034965,36.72858602712518,2022.0,2.0,6/C/,90,0.6587631
6PQ31uXV8gq9py_uWwNFaQ,-1.283225732272218,36.85866301615953,2021.0,8.0,6/P/,90,0.6442612
6SixuqNNdKWzyWcIyK2iAQ,-1.173092044790754,36.86499020084189,2018.0,5.0,6/s/,90,0.8102752
6jQgJKelExBgnZ4rgngAQQ,-1.143970437350393,36.81724684686927,2022.0,6.0,6/j/,90,0.76253587
6t55xi9LatLwwV-c4H5Zeg,-1.355885675649572,36.93934929630161,2021.0,8.0,6/t/,90,0.67103094
6tmtOI4m7zOAx3RCmGu8Cg,-1.194497608752197,36.87945031785925,2021.0,9.0,6/t/,90,0.66449195
6wcgy028Q2If0c4XGPah_g,-1.263885994161176,36.78496797497649,2021.0,7.0,6/w/,90,0.6343465
76LIQJVKePdlTeR0CfIfzA,-1.245477020745996,36.77854581858704,2021.0,7.0,7/6/,90,0.6771716
782OKMWcJUNcLDGOy_8euQ,-1.398776624421619,36.77048694643354,2022.0,2.0,7/8/,90,0.67952645
7FD6t77mkuyOqE76oqs9Yw,-1.199846044231359,36.77786963561012,2021.0,8.0,7/f/,90,0.71006083
7KkaAYcGZYOm1-hIIK6ewA,-1.204440129208767,36.94415588578096,2021.0,9.0,7/K/,90,0.6271541
7PuOVZ4Ii0Zzhta3kfwp4w,-1.280815135597232,36.87234152737214,2021.0,7.0,7/P/,90,0.6053774
7S1s60Sf8ARh09N9oNTQrw,-1.348709307981079,36.66347024969871,2018.0,4.0,7/s/,90,0.671282
7SH_RRpUHf6xc84C0ppV7w,-1.197324259553509,36.92503558228562,2021.0,9.0,7/s/,90,0.607908
7XsjLM7jH7b5yLPphFJz0w,-1.255448730175154,36.82544198392564,2021.0,7.0,7/x/,90,0.6513822
7fXdOytIif3N_wkQbIRqYw,-1.26664673318238,36.80554263682463,2017.0,12.0,7/f/,90,0.65018743
7iAYVcroQT1LWL2PBKwiDQ,-1.283457504098999,36.84024385638576,2021.0,8.0,7/i/,90,0.6435643
7jubHjOKIFR54-oGVSlF9Q,-1.309406010623484,36.90997666069524,2018.0,2.0,7/j/,90,0.71489614
7pfEuOeNNlQ3DszX3yS2OA,-1.314274679585467,36.88824723925767,2018.0,4.0,7/P/,90,0.7664217
7qVBcluDo3kg01SekXLO1g,-1.298420180632925,36.75720448948437,2018.0,1.0,7/Q/,90,0.68487585
7r-xaHVBkjYJn4IsuU6iQQ,-1.281606649003726,36.76767140317904,2021.0,7.0,7/r/,90,0.66878223
7t8-4NPEK2SCxFkP54XitA,-1.21119966761046,36.84499559442343,2021.0,8.0,7/t/,90,0.7973659
7v84CJFCmudr2_HQOVhVMg,-1.310278717208549,36.88688317151777,2021.0,8.0,7/v/,90,0.72201014
8Dfq_wQJNS88umXICXoUJg,-1.292240766306616,36.79606228654423,2018.0,3.0,8/d/,90,0.64508796
8E6xaiQ70NxLJNh4lDS3IQ,-1.28324499390711,36.95031285507979,2021.0,8.0,8/e/,90,0.72347087
8iIXlQPfZmz3sg0Awr2SWA,-1.21428516514927,36.80722517928812,2018.0,2.0,8/i/,90,0.6175218
8qBQxMkpnk1xhun1h2ZfeA,-1.313870531424917,36.8876500267468,2018.0,4.0,8/Q/,90,0.6291865
8qGLsKgYr0LbXaVOrR8EZw,-1.364226154262098,36.93140347459044,2018.0,4.0,8/Q/,90,0.63356787
8vBuWqe7yKjASdBpwkx_xg,-1.242669466199547,36.89459067088659,2018.0,2.0,8/v/,90,0.7865233
94cHhe1rJPydDCKie1BjwA,-1.289193892980661,36.82514094679786,2021.0,8.0,9/4/,90,0.6512902
9K7i2HvTgSmNZtxQ9N-bsg,-1.245196295278744,36.89545608198551,2021.0,8.0,9/K/,90,0.60797286
9OYKSRIhSLHAaj3dkgUOJw,-1.221617904419095,36.89449695706821,2021.0,9.0,9/O/,90,0.693401
9QubnETu2c2J8xSaroaFDQ,-1.279189022107226,36.83346193283491,2017.0,12.0,9/Q/,90,0.6549331
9Y3Ha8U4okmHpRMs5ilDlg,-1.202885807737155,36.9051828439756,2018.0,2.0,9/y/,90,0.6706422
9ctYe3ucsiV9Dq3eT7JeAQ,-1.198522173893545,36.90466068071979,2018.0,2.0,9/C/,90,0.6543665
9i_MOfXQyz-MfbKNsUQ2jQ,-1.364599083280107,36.93168832917782,2018.0,4.0,9/i/,90,0.6492648
9oBC73ubjXInYnBE1mEBPA,-1.256036890652793,36.98671466745477,2018.0,2.0,9/O/,90,0.60803527
9vkzFwaq-GsXJ-lVFg_Ppg,-1.222303312768712,36.85334783958397,2021.0,7.0,9/v/,90,0.6583581
9wj_lBlrAq8YdONdKvyMZg,-1.267294402626832,36.67059211785681,2021.0,10.0,9/w/,90,0.7528867
AEj73GhI6A04xOLbVB1U0A,-1.298396031103224,36.77679226701558,2021.0,7.0,a/e/,90,0.72836924
AFb44X-tjWkwqeKGOjTlxQ,-1.213543648564979,36.92418643348012,2021.0,9.0,a/f/,90,0.6301385
AGN4I5uYKjdosrPg1Md1qA,-1.281663921047804,36.82259723671375,2021.0,8.0,a/g/,90,0.6836248
ASTD9Se9_yUBKJWk7hHRkg,-1.279408470101195,36.97060439583442,2021.0,9.0,a/s/,90,0.60751766
Aexecal3CriC7ZQXnmWwQg,-1.315335671210023,36.91386912954498,2021.0,7.0,a/e/,90,0.6517036
ApmGM4iYHcrjfq1M9HN7IQ,-1.308930054129308,36.76164185810614,2021.0,7.0,a/P/,90,0.63136363
AyeRC5vscr1Gt81KTK7UBw,-1.284370296203681,36.81638593790574,2021.0,7.0,a/y/,90,0.6418248
AytSUHQYqMP6PjhbQ-MQzQ,-1.230769293631345,36.80362794743682,2021.0,7.0,a/y/,90,0.6188245
B-cfks7jQQl5DgSIsK0pTg,-1.21336971802437,36.75170244130672,2021.0,7.0,B/-/,90,0.75872976
B3elTdPfUlkUJhTy-UL2eQ,-1.27956323833661,37.08141096798914,2018.0,2.0,B/3/,90,0.728637
BBXbSS-TAeTXIagXtd4jJg,-1.190982364093593,36.90295870137666,2021.0,9.0,B/B/,90,0.62929595
BBbU9NHRwWi47tcqSQLB1A,-1.291416363037814,36.76153030028262,2021.0,7.0,B/B/,90,0.6550949
BEOQ08J8pPTY8ck-r8q3cA,-1.227645023634938,36.70800332357808,2021.0,10.0,B/e/,90,0.7197549
BP9QoOxr7XnjzhlojJhYSg,-1.21068365247559,36.92960721657846,2021.0,9.0,B/P/,90,0.6049837
BPpiA2hZvmiUzYPv7UCtyg,-1.274718956117874,36.82902599736518,2021.0,8.0,B/P/,90,0.6480829
BQISWPKgnW5Kb_2QpKTivw,-1.277267576351583,36.91757845314821,2018.0,2.0,B/Q/,90,0.6114862
BQxquksUwyc4zsyEMxhV6Q,-1.28031414650975,36.67364624363264,2021.0,8.0,B/Q/,90,0.6895197
BT6qjdhXMOkU9mXeqmgEPA,-1.335947609610701,36.8004964505442,2018.0,10.0,B/t/,90,0.6076242
BXvvVeumADIAa4Y-TYqVKg,-1.284347977492879,36.99215695968786,2018.0,2.0,B/x/,90,0.6189613
BZLvTSwDly0OmntMaHUMCw,-1.280874224752955,36.73206115662623,2021.0,8.0,B/Z/,90,0.72309184
BaxGAA3WtYxOaqZJOkmUhg,-1.318798792957661,36.88470829241351,2018.0,4.0,B/a/,90,0.61406714
BkiJvipo5XF4dI8gU5m2gA,-1.28218105261955,36.8162240234668,2022.0,3.0,B/K/,90,0.62506205
BuB9gnm5kHktrLSBN_lULw,-1.255300132703624,36.88565671175937,2018.0,2.0,B/U/,90,0.60197383
ByuXcQ2Y-Yv9pZiYYkf2iA,-1.201509848053268,36.78196115918475,2021.0,8.0,B/y/,90,0.64139146
CFMAHI4Lq81ClE7r2ErULw,-1.199963774428207,36.72560793204565,2021.0,12.0,C/f/,90,0.6106843
CYK9ZwZd50PNd8bTM2BNOA,-1.282045585569423,36.80963057581418,2021.0,9.0,C/y/,90,0.6138539
CbjtQ_mA1fPHF9BtiTkOjw,-1.285104344516413,36.7934663807404,2021.0,8.0,C/B/,90,0.63002604
CbsxvjUgxqkhXM7c2NoK8A,-1.493413050235137,36.97046052786795,2022.0,3.0,C/B/,90,0.7903656
CdiFC_4omCIQRyz43qnhFw,-1.307704644557747,36.87800597718932,2021.0,8.0,C/d/,90,0.6373769
ChSFpL5RWksZr5UgzlM2VA,-1.223315088528535,36.92251812928689,2018.0,2.0,C/H/,90,0.6049422
CjHpbk1YbqKdIcqDKuTVpA,-1.280783282053747,36.84757786441691,2021.0,8.0,C/j/,90,0.68264294
CtSkiLTRL9FLImoUhwMUYg,-1.28011310482783,36.88879397538165,2022.0,4.0,C/t/,90,0.6939783
D01g1FuIM3QK9iuD7mZ9nQ,-1.26724712933329,36.98387829587036,2018.0,2.0,d/0/,90,0.7880207
D2-enflJlgCDt2TLo_uvVQ,-1.260211944841296,36.67561317730384,2021.0,8.0,d/2/,90,0.6601634
D6S5TiHXKPPYvVK40X5Mcg,-1.478892315463257,36.9570984268078,2022.0,3.0,d/6/,90,0.624577
D6agujYXm0-6h8cewc56aw,-1.216289568473575,36.9720255174026,2021.0,9.0,d/6/,90,0.63820225
D81oAHU4IzFX04ldIgOPow,-1.283432397403759,36.78224363379496,2017.0,12.0,d/8/,90,0.6813687
D9dGmS6-iSnu4CpHtmCbmA,-1.315487784721902,36.89673596248529,2021.0,10.0,d/9/,90,0.75812125
DCZ4_Pc7j5Q7ctUKWBgI_Q,-1.282650170910302,36.71066614263341,2018.0,3.0,d/C/,90,0.62736654
DX8D7T046P-tHaXVaszNyg,-1.291750031316559,36.74821260867284,2021.0,7.0,d/x/,90,0.69249517
Dcu-IdHTcLzc3cKI7H9QLQ,-1.204427330203445,36.8745420540735,2018.0,2.0,d/C/,90,0.73848146
DfkGKZMMdewE6rXp48cJxw,-1.257251092769504,36.78594216826617,2017.0,12.0,d/f/,90,0.60480005
Dqk-gB7bOQfUNTK60DoAHA,-1.171335758884906,36.92638442246732,2018.0,2.0,d/Q/,90,0.6168583
DvHNPlOKzZYu52NUVzX4KA,-1.302491892133105,36.71568738017337,2018.0,1.0,d/v/,90,0.707948
EFhlxm93Tx6F227kwsPliw,-1.469719484781567,36.95974570809953,2022.0,3.0,e/f/,90,0.67865646
EGerxyHLk2LlW_Oo5e7rBQ,-1.2369666969988,36.91776672410773,2021.0,9.0,e/g/,90,0.6767816
EIF8wwlhC-XZhXijfKu32Q,-1.35662056401858,36.75692709888098,2021.0,7.0,e/i/,90,0.62443334
ER4aY_nsw1MIGf5ahmRe9g,-1.363126448583255,36.65059267815204,2018.0,4.0,e/r/,90,0.77239084
E_qkzkqHzhYeNWsavn4N6A,-1.252319903475889,36.78975811452284,2021.0,7.0,e/_/,90,0.6981084
EeqImUSVOnJ4s1EZSMLRAw,-1.310594495175099,36.76180915342216,2021.0,7.0,e/e/,90,0.6233198
EkQQPa5XSqVQm4hYNDnj_w,-1.324005006579902,36.84935592973038,2021.0,8.0,e/K/,90,0.7266035
EoE-uYR45EbS44Ji6zTDiA,-1.379449950741811,36.92367597153734,2021.0,8.0,e/O/,90,0.7617845
EsOclFzgLChryKBTrXvwPA,-1.253844950612273,36.78303130242816,2021.0,7.0,e/s/,90,0.6004292
EstxlVh0tIh1atw4HuLOqQ,-1.191652500992918,36.79492971664505,2022.0,2.0,e/s/,90,0.77405477
EyNJz6IHOia6nF-VHGNBtQ,-1.275466166957865,36.88593608113317,2018.0,2.0,e/y/,90,0.7145666
F12s8xNKGyGagzQY4rMPPA,-1.17771579819674,36.88284990981202,2021.0,9.0,f/1/,90,0.74222976
FDDbU_XnwHJVLWuUNB03Lg,-1.289083859272141,36.72914694083995,2021.0,8.0,f/d/,90,0.6801388
FLBfJZzAuAztlL8Lb6hoSA,-1.1878524118948,36.74812364227018,2022.0,2.0,f/L/,90,0.61369085
FeQRxrm_s39EZolRiM6q-g,-1.283143134008347,36.84017512047406,2018.0,2.0,f/e/,90,0.6608041
FjWDfC0k7YGM8pvpIVFyoQ,-1.344867973682292,36.70527064299552,2021.0,9.0,f/j/,90,0.6719074
FuEban5O7sE7kIK4zsYD6w,-1.228503401812408,36.84909768840168,2021.0,7.0,f/U/,90,0.7575431
FvN6Qc9BxXFLlFRUPurKkA,-1.299586486271625,36.76490515842812,2021.0,8.0,f/v/,90,0.60547286
FwJ9vkryZ1uVEnGF2LSKOw,-1.183828167869616,36.90298438356429,2021.0,9.0,f/w/,90,0.6789601
G2SHnB8Y3DK9AiM2LbJI0A,-1.251284876458632,36.90342007681569,2018.0,2.0,g/2/,90,0.7401772
G4xYtNWDKwjiR7pGTOL_mg,-1.209715764406176,36.94050597044305,2021.0,9.0,g/4/,90,0.6054508
GG4MMw7XP97sQ3iyuBfvcw,-1.213167250554251,36.85009041402964,2018.0,2.0,g/g/,90,0.70930713
GPm56wMHlQnPhemGk7oS8w,-1.282459802078846,36.89224171683843,2018.0,1.0,g/P/,90,0.7431673
Gelp4YqHxzH0gtRQyocllw,-1.284691224513051,36.86327030866082,2018.0,2.0,g/e/,90,0.72546065
GmsFZtNpLsFDx-2Q1Ju7zQ,-1.174271613734841,36.63300550709567,2021.0,10.0,g/m/,90,0.6101663
Gp5baUmLPaDd3DmqnF15iQ,-1.280642705343067,37.01714903089089,2018.0,2.0,g/P/,90,0.6312086
GreKgp49_0JX_ivDVRsCiQ,-1.32803598608462,36.71193211644351,2021.0,7.0,g/r/,90,0.6382162
GyG8XdBgTKu2tn_TzId3JA,-1.281344295515944,36.9509287449097,2021.0,8.0,g/y/,90,0.6852461
GzmUZxSrTMCw7hcVllLJxA,-1.297147125231323,36.84483834130037,2021.0,9.0,g/Z/,90,0.6750557
H7jVF2IUqiZMnB46ENfo9g,-1.293492814713227,36.74084628976871,2021.0,8.0,H/7/,90,0.6468433
H9FvADRzUbytIwEWWwexfw,-1.284708557923341,36.86353252298201,2018.0,2.0,H/9/,90,0.70591056
HIx40l4NRXfjfAkMKK6HVg,-1.225452036584072,36.85556863938541,2021.0,7.0,H/i/,90,0.7193134
HRe28FKwSoo85PztCdlsqA,-1.261075954309239,36.74464984018532,2018.0,2.0,H/r/,90,0.80094695
HV4e60UYDsPiW_YRJmjInA,-1.188477865625537,36.7740137047887,2022.0,2.0,H/v/,90,0.6869458
HbWZfwWLuhn-MqA9NSS1FQ,-1.218792976802788,36.8343251885799,2018.0,2.0,H/B/,90,0.6511221
Hi6pr0GUKqr_QweJ7sUZiw,-1.311204707028432,36.83164266485247,2021.0,8.0,H/i/,90,0.6005617
IHZxp66BlJ27uvmfwcZoog,-1.308598662322084,36.80445704426699,2021.0,8.0,i/H/,90,0.6120855
INWq9XeOJE-SqFZSJZzfyg,-1.304059774594189,36.90621895453295,2021.0,8.0,i/N/,90,0.6471319
IYsJXX6CIDdl7kMg_bqIMQ,-1.16577418462836,36.93498519640966,2021.0,12.0,i/y/,90,0.6927668
I_ZYKb3kYSiI1CAj_tc0Ug,-1.302766008833177,36.81764411025429,2017.0,12.0,i/_/,90,0.722386
I_c2jkfKaOGoC4FOon1jBw,-1.190787581736569,36.91108580359222,2018.0,2.0,i/_/,90,0.62880605
IbhTJMjActxOCnqU5qPcTw,-1.274549861716946,36.83000462002356,2021.0,8.0,i/B/,90,0.6297177
Il6X4MJDC0odhEWTJGUK3w,-1.256508692481084,36.88595996371837,2018.0,2.0,i/L/,90,0.61226803
Iq3x3JYvRAm191WIVwPLvg,-1.294252804018027,36.81135500582399,2021.0,9.0,i/Q/,90,0.6004866
IueM1pymwgTNS6vq-AB4Fg,-1.159273638423262,36.95744467447889,2022.0,5.0,i/U/,90,0.6247084
J6umIv-6ZdSxdvhvohfUrw,-1.285348127604288,36.95452812407446,2021.0,8.0,j/6/,90,0.66464025
J74wuTOFG0DBKuOK5QW6Xg,-1.298210123351314,36.75875766037478,2018.0,1.0,j/7/,90,0.6302203
JDPt7cqEppa6YI5A8PrCIA,-1.30710417340611,36.754726024384,2021.0,7.0,j/d/,90,0.63238615
JGRB6lP8MDhzJSpgneMHpQ,-1.275379494935663,37.04608944951366,2018.0,2.0,j/g/,90,0.65645826
JKP3Ndk6TMWIWjix8X1zkw,-1.264258053242211,36.74927337269032,2018.0,2.0,j/K/,90,0.6173549
JKrL23G0af98exmzSAzYAQ,-1.211075697880604,36.9202898364523,2021.0,9.0,j/K/,90,0.7275452
JWxBNTUxJaVY7c31ZZHoJQ,-1.284752815505634,36.91319106968337,2018.0,2.0,j/w/,90,0.60163563
JcYsfytFTKZrckqwKiyWXw,-1.32587170740058,36.78085508442094,2017.0,12.0,j/C/,90,0.671687
JkEVGrEDUd2uNWXLQ5ucYw,-1.158998118682268,36.74295485648634,2021.0,12.0,j/K/,90,0.75332373
K4PcKrZAtLUVw-bFrnotlA,-1.298779233756775,36.77319413025654,2021.0,7.0,K/4/,90,0.62172127
K6pUSUKBHDfuwTEUUF69TA,-1.333394913653026,36.87116514449721,2021.0,7.0,K/6/,90,0.71241003
KCQaaKGjMBxcsOHKliKnyA,-1.389387573025474,36.76580875548294,2018.0,1.0,K/C/,90,0.6143672
KCfkbxmX-f_jV7cs2xIhyA,-1.315668083787879,36.8015366365093,2018.0,3.0,K/C/,90,0.6102657
KL4DLoMyMuAW2swafWuefg,-1.217202298521521,36.81958694057196,2018.0,2.0,K/L/,90,0.6408409
KNFWaCzHWQ6yvP8imXJcIA,-1.352510962615219,36.71988605869857,2021.0,7.0,K/N/,90,0.6123676
KleLuw9ZsFNl_Ehrhi7FZA,-1.307920672418106,36.82500755369156,2018.0,2.0,K/L/,90,0.61068714
KmIhGVb5LbqJBtTmDH7tIg,-1.328950105871681,36.8349741636496,2021.0,9.0,K/m/,90,0.7360843
KqxufNmf9KflDQskhTbAXw,-1.333569305417148,36.71524259903346,2017.0,12.0,K/Q/,90,0.72508687
Ks5h8UNBRPDkvA3oLy6PMw,-1.278962474866125,37.02609913371676,2018.0,2.0,K/s/,90,0.65655875
Kuxi04pDl_PgqbSbWsnhFg,-1.319557633208491,36.89733088555816,2021.0,10.0,K/U/,90,0.65506077
KymZ37imLSkulAvCVsS-Ew,-1.192178419008649,36.74187031960962,2022.0,2.0,K/y/,90,0.639569
L6UpRy5q2L_zk_5eAQ0IBg,-1.348736671808217,36.90513829122179,2021.0,10.0,L/6/,90,0.7346285
LKVTX0SFe5Y4KfzTEo_m5w,-1.252696307335113,36.66523800095378,2017.0,12.0,L/K/,90,0.66885585
LPyr-6tdmGWazer9h4EJig,-1.253149914839794,36.87893232180637,2021.0,8.0,L/P/,90,0.64600635
LRRagnCW-vBXNXV_3l2wtg,-1.276818218419756,36.70527812970334,2017.0,12.0,L/r/,90,0.6532844
LTvfUmFZ8_59njtQNYkb9w,-1.379580589726124,36.92381427155673,2021.0,8.0,L/t/,90,0.6257446
LdW7WWhjSsS3I-Iu8EQ1BQ,-1.486285218033796,36.95494588230961,2022.0,3.0,L/d/,90,0.6230305
M11F3nm93yIhTB44oSIjoQ,-1.340628886244723,36.72929596881571,2021.0,7.0,m/1/,90,0.62973547
M7nhc6H8bxTr3q2GvBnw-w,-1.303452321281109,36.83877994006963,2021.0,7.0,m/7/,90,0.61676633
M9BWzxZlNTtICWckj92epQ,-1.252186522407437,36.9474317731557,2021.0,8.0,m/9/,90,0.61601883
MAj6ulNgMZPHWqD8REfy9g,-1.23549402062871,36.76657859635475,2018.0,2.0,m/a/,90,0.618201
MBSBMUN-FbexGSWeEPeJDA,-1.288393868689953,36.86452612124539,2021.0,10.0,m/B/,90,0.64420545
MQ9GBTFv_xTnLf6eylLP3w,-1.204292815656248,36.84006294201458,2021.0,8.0,m/Q/,90,0.6468813
MatHet4wa8IZBq_qik6mEg,-1.287934370864751,36.85317393650597,2021.0,8.0,m/a/,90,0.66654813
Mf292pn6KH8HvKeBg0PFFg,-1.373288108468788,36.93334592632149,2021.0,8.0,m/f/,90,0.62060636
MlJNUPF3XKVxE4FQjicn5Q,-1.276129037082429,36.69103351155658,2017.0,12.0,m/L/,90,0.6336946
MuRqcV-hbHK49QKhDOXDaA,-1.31430944054548,36.88826627907098,2018.0,4.0,m/U/,90,0.72883594
MwSwZz548eELrOR0l-iwzw,-1.256743145210129,36.88923500512933,2018.0,2.0,m/w/,90,0.6816273
N0oS7rysZgRI02KME7aSDQ,-1.438655438338193,36.96724961625379,2021.0,9.0,N/0/,90,0.6347439
N81HLZBqi6F85GXuqeZCcQ,-1.261750530241019,36.69248405713796,2021.0,8.0,N/8/,90,0.62828535
NRNlvUuNYevPorm_E20n2Q,-1.355241565405021,36.66394201083563,2018.0,4.0,N/r/,90,0.62686425
NTQwlYsNVvypnfd9wTmjjw,-1.157221115645942,36.63643231138084,2021.0,10.0,N/t/,90,0.6802791
Nacfq8lj7oO0marTvtlMGw,-1.326718224154829,36.84580607908833,2021.0,9.0,N/a/,90,0.62890077
NhUGZQrcMADsl5DZK9Hx0A,-1.17104039335739,36.94605871955878,2022.0,4.0,N/H/,90,0.7020916
Noz45JPk139toqHveri69A,-1.279371527662859,36.82472006772883,2018.0,2.0,N/O/,90,0.6226173
NrMurijRRXNf3p90TbSyjw,-1.286912779976884,37.07230935586711,2021.0,10.0,N/r/,90,0.6451985
O3ZBEVO42K-ZTUt3YJOIzw,-1.279713262247872,36.84779998122956,2021.0,8.0,O/3/,90,0.6075314
O5k72XYJqlsm5nxsVOddRA,-1.306026557798567,36.76350189771019,2021.0,7.0,O/5/,90,0.6057012
O7cXMy3R_8Q2uw-bOIOLCA,-1.26278509010904,36.69429629426643,2021.0,8.0,O/7/,90,0.7212344
OBfHfHDeh81d7lRiA_1MqQ,-1.262481127447636,36.8256290123767,2021.0,8.0,O/B/,90,0.653891
OEOM6dzhGYHD-yoVtU4Z4w,-1.396791183860972,36.72732617645461,2022.0,4.0,O/e/,90,0.6540793
OERXnAEMWKGqhmJddtl8zw,-1.339336230711362,36.70134075786979,2021.0,9.0,O/e/,90,0.6079713
ONA_O6ZKBqKF-zDUSENH-A,-1.277324154894948,36.99590763187542,2018.0,2.0,O/N/,90,0.70551646
OVeuOPmBSndJ3cSLsfWjTg,-1.263689958761809,36.84708033674953,2018.0,2.0,O/v/,90,0.72084945
Ob690qIuEeHcowXxkvR4lg,-1.306755250097269,36.76738040609575,2021.0,7.0,O/B/,90,0.6051803
Oh6c0bpcyjveRl8-kO3SAw,-1.278921456812458,36.71513450867086,2017.0,12.0,O/H/,90,0.6237259
OjyJOExG04HhZg5FOXS_0g,-1.286048228527131,36.70458391946032,2018.0,2.0,O/j/,90,0.6180234
OsbzPNflx9u5LIvXNMaIMQ,-1.211177861271556,36.90744974756402,2021.0,9.0,O/s/,90,0.7234524
OzvQ_5TR811_VZ5K_MBBzQ,-1.281947578538189,37.07960211455304,2018.0,2.0,O/Z/,90,0.6721391
P-PArjOqbKNVBth_s26QGg,-1.242408202766484,36.94086459804326,2021.0,7.0,P/-/,90,0.63023275
P3DRaNvKfLrQx-CXXuZ6zg,-1.228072895831808,36.73110500642674,2021.0,8.0,P/3/,90,0.70716614
PU6XWLaAAI69AuUgH0x7rw,-1.279692924160144,37.04872138153367,2021.0,10.0,P/U/,90,0.6523357
PUyLW-V0_eXYgmnH4ItPZg,-1.238457350454206,36.8962715909055,2018.0,2.0,P/U/,90,0.61546993
PXRIW5n_n832ZaDvw0prIg,-1.313141281573509,36.91375132068323,2018.0,4.0,P/x/,90,0.62356067
PiRHyCFKRt4WPWBEt4qB6w,-1.26259949113522,36.8281370534209,2021.0,8.0,P/i/,90,0.63143456
Pl56tYN11ttRzyhrJhxb6A,-1.325497238955598,36.8639302758593,2018.0,1.0,P/L/,90,0.6758937
PrE1teunSaGEERCUOUPE1Q,-1.351657012394401,36.66173628992943,2018.0,4.0,P/r/,90,0.6900414
Q0znwMwpW8yHTLyfOdI4Bg,-1.276321442750601,36.80829848974368,2021.0,9.0,Q/0/,90,0.72536755
Q22ZAyDTmamp3rmrEFPoWw,-1.285505562988392,36.73440386174326,2021.0,8.0,Q/2/,90,0.604613
Q3i9IY19H9N2-3eWGyFUcw,-1.244206166425509,36.7348393996996,2021.0,10.0,Q/3/,90,0.6925503
Q5o46wIBrH3fmUOPqs6qWA,-1.302773053726445,36.69894056768961,2018.0,1.0,Q/5/,90,0.72613627
QJSFW4_kHyt6xR_dGLU3Wg,-1.278657572870058,36.91543434506251,2021.0,8.0,Q/j/,90,0.60926294
QJpe_1Dact5hgOw0lFyL_A,-1.231907243434278,36.88820021418038,2021.0,7.0,Q/j/,90,0.715335
QN-d864-C6eTeqdZmGuypw,-1.336214777348259,36.67937134301164,2021.0,8.0,Q/N/,90,0.708315
QQjRNypFAiISlrFjBhgsNQ,-1.295965089519018,36.7564979388783,2021.0,7.0,Q/Q/,90,0.74672866
QbOiku6tg4n1LVDrMVBSTQ,-1.204210420649125,36.91668253927028,2021.0,12.0,Q/B/,90,0.60128397
Qf2EnuMiGo1Q168HFZjogA,-1.314139017241668,36.77332934300699,2018.0,1.0,Q/f/,90,0.7495424
QhXjyrVpm6OjeSRv3JHkZw,-1.207210989175353,36.94064210644144,2021.0,9.0,Q/H/,90,0.613337
Qhz7ql1hWQxCFnx3dFznOw,-1.26307350997904,36.74171334044411,2018.0,2.0,Q/H/,90,0.6262876
Qjw-mAXU9E1V5OSBlMkhFg,-1.164753777585294,36.77918476349678,2021.0,11.0,Q/j/,90,0.613685
QkypqtJ_AgKDjb5WbgplhA,-1.188272964970197,36.90705682481396,2018.0,2.0,Q/K/,90,0.6526275
QsKQP4-sw1dKa5U4XYr8VA,-1.272702673353209,36.91716204036778,2018.0,1.0,Q/s/,90,0.60666186
R6FwU7o6Y4wzWMMsp1PJBQ,-1.241631560182571,36.68427890299416,2021.0,10.0,r/6/,90,0.71220684
RAjd9O1TmYsuKuPnADawPg,-1.299397817677291,36.79421777381776,2022.0,5.0,r/a/,90,0.6834474
RCM3Bmy9Gf0sNEthhaG3RA,-1.270968827067374,37.02670168768753,2018.0,2.0,r/C/,90,0.6272744
RGrRO2SSoelYxmikSNhf-A,-1.216527596623139,36.68464157491791,2022.0,2.0,r/g/,90,0.6133081
RJkf5K_XzuATvrVfkUp9Wg,-1.313391291959002,36.91335703700204,2018.0,4.0,r/j/,90,0.6033179
RQbqvylsXI06_JoJRKS87Q,-1.285380254851811,36.77062364371056,2017.0,12.0,r/Q/,90,0.68497616
RWrW2cuHretb4cpIryUw8Q,-1.472763397098016,36.9419641706416,2022.0,3.0,r/w/,90,0.60279363
RrIiraapBgVDYHGYDIP1vA,-1.304199517684482,36.81904108689493,2022.0,4.0,r/r/,90,0.61487955
RsdlytC2cmNW8thPOiEK_A,-1.303876130670518,36.77713706283596,2021.0,7.0,r/s/,90,0.63855106
S1Q6BGzTd0eHwDUYLivRIw,-1.282550596626382,36.67531967965682,2021.0,8.0,s/1/,90,0.65140474
S6crHanuRle3GE1Cm6xKcQ,-1.20663212298745,36.84648410383878,2021.0,8.0,s/6/,90,0.63390106
S7SBOsaxbM0LwkRbK0-Jig,-1.267090447434004,36.91136630685775,2021.0,8.0,s/7/,90,0.7111698
SJ2HHKt7zh0MmmcUeFyJng,-1.27198502340084,36.88720045227389,2018.0,2.0,s/j/,90,0.6207295
SMNfb429hAEuMrFtCSmtYQ,-1.182600942420409,36.7464835003907,2022.0,2.0,s/m/,90,0.63775265
SPTqVvj582ePfkxLMdC_-w,-1.370675066307479,36.92184515327164,2021.0,8.0,s/P/,90,0.6025122
SW6gvrSXnlTr9eq0pgjcTg,-1.294524847750222,36.86242077381762,2021.0,7.0,s/w/,90,0.6259033
SYhm5LLp4h5aWEshdeklIQ,-1.292087129846766,36.84077436078806,2021.0,10.0,s/y/,90,0.66561437
SsJ-W_tgWteQz1QpNmG1lQ,-1.232853017313144,36.92360509882841,2021.0,9.0,s/s/,90,0.70139223
StqQNM8U_HB7SSU3r6xCZw,-1.2434806821065,36.79243032667173,2018.0,2.0,s/t/,90,0.64216286
SuGWjV0w2rKYhdbGAVmETw,-1.357726061022194,36.65941492362245,2018.0,4.0,s/U/,90,0.73258215
SyFvJ2s44s3IBb7NP7-SWA,-1.167472881537842,36.79454556090393,2022.0,2.0,s/y/,90,0.66781217
SyUcyyPi8eg8VPkmoxjarg,-1.282951354741868,36.7272083162411,2017.0,12.0,s/y/,90,0.7013844
TFDupIY5UJkfrZWoRK_Urw,-1.252899091886089,36.68948320356569,2021.0,8.0,t/f/,90,0.7361191
TTFRaaJgwEk_FwuwXuFe8A,-1.208067245100785,36.84195336440806,2021.0,8.0,t/t/,90,0.6070342
TUhuF_RsDSc42hoG8_yd-g,-1.208287859031713,36.90734989664904,2021.0,9.0,t/U/,90,0.6628954
TafZnbd5iqJCpwq_Oj-ZZg,-1.305292041854155,36.84674834868511,2021.0,8.0,t/a/,90,0.60697335
TeS_qkvlGW7Kg0e_1xXYXw,-1.315804788149048,36.9129414206564,2021.0,7.0,t/e/,90,0.6294477
TkujUosDNdJsmIJsGGmVxw,-1.255629247051396,36.74290971230739,2021.0,7.0,t/K/,90,0.6220114
Ttq3OcXZQTFYI_aXuOAZYg,-1.260232963277912,36.8004601876981,2017.0,12.0,t/t/,90,0.6191035
UNUDCxjKqdiMTAefA3AaBw,-1.25286228914138,36.78873918392747,2017.0,12.0,U/N/,90,0.68005615
UPoDfWE8S-Ya6uSXDf3w8Q,-1.320441021333071,36.89276076796465,2018.0,4.0,U/P/,90,0.61260563
URYSbYwbBlo7bn7MHbJ71w,-1.236564652661021,36.77009707422106,2021.0,7.0,U/r/,90,0.6235782
UWvjJ0zpZQ2NMr59hJlt6w,-1.367972497551511,36.75363064236732,2017.0,12.0,U/w/,90,0.66460854
U_E-ln00vqX_nhkLtgeN5g,-1.313768823473755,36.88770854180537,2018.0,4.0,U/_/,90,0.6382862
UdAYbTlwW3vHCPl4dEE3MA,-1.28956785919872,37.03696530854598,2018.0,2.0,U/d/,90,0.7018362
Uu5kgoQT8kSpg_mstPHg0g,-1.314970151523145,36.71546914407819,2021.0,8.0,U/U/,90,0.72149533
V2dJpRUPSLudUaBIaHSgcA,-1.292153328153846,36.79127723927925,2018.0,3.0,v/2/,90,0.6157518
VBnqi_rJXcbC7osZbHqlCg,-1.319943999969688,36.69930826947063,2018.0,1.0,v/B/,90,0.62522405
VC33qkrHE2cLXzqqR9MFJA,-1.330293426469678,36.76410767883907,2018.0,1.0,v/C/,90,0.6505176
VD6__bTJtOLc0HcHxTFOsw,-1.240202701067695,36.94158406220274,2021.0,7.0,v/d/,90,0.7039414
VKUbw1WjjELEnpFuQ69skw,-1.258404293464729,36.69691969762378,2017.0,12.0,v/K/,90,0.65634364
VN0xfgCBMOxKonCLlnt7Mg,-1.404114661440047,36.77386986275802,2022.0,2.0,v/N/,90,0.7221317
VQtxG6eYM-2eczN7FL6K8Q,-1.189791266053551,36.93054029199083,2021.0,9.0,v/Q/,90,0.7640903
V_fPG1D4lYr8Roev38923g,-1.328308881856048,36.8559629869177,2021.0,8.0,v/_/,90,0.74287474
Vb4th3tsWbYx-ecC8d2uHA,-1.334023361590164,36.89143240008048,2021.0,8.0,v/B/,90,0.6504506
Vive_2t2vzTAAMrWodLDgQ,-1.265781851918702,37.06663130005406,2021.0,10.0,v/i/,90,0.6056806
VnoHkF81UnTEXIdEJYnXGA,-1.231347030017883,36.71427989828563,2021.0,10.0,v/N/,90,0.63621384
VtTZoWhPiXVdiDLBaiFPFg,-1.243857667352517,36.70441748245592,2021.0,10.0,v/t/,90,0.75947165
VttsKlqbRf43GJQ2v3hyng,-1.271115520105412,36.83175181726899,2021.0,8.0,v/t/,90,0.6338362
W2oLBilFXGTLepZFWqI9-Q,-1.192411385498287,36.93651371073906,2021.0,9.0,w/2/,90,0.70627135
W4OVx4_Ckjm-xBhczTgwiQ,-1.3130032794704,36.88852618844292,2021.0,8.0,w/4/,90,0.7156166
WCj2O4wdpo1guGXg_nsIvA,-1.279086181106191,36.67655769526108,2021.0,8.0,w/C/,90,0.7101929
WJ4i9rcoLpGL8iS71YAYVg,-1.264193405093349,36.79978001449457,2021.0,7.0,w/j/,90,0.61318743
WMB9EJ0d96b71tau412OyQ,-1.187219773683056,36.90683176913596,2018.0,2.0,w/m/,90,0.64736646
WPXp86rHEKbhrNTN1YphQQ,-1.300190564936758,36.83707701060076,2021.0,8.0,w/P/,90,0.60015905
WSGJGFrJb1HgcLOhtEVNew,-1.244127192490588,36.79249187565729,2021.0,7.0,w/s/,90,0.734097
WWJQsFVR2t_kk4UzO9kieA,-1.22157955357009,36.89528326317459,2018.0,2.0,w/w/,90,0.69838953
W_ME1bAa80GL4IVP3AMsHw,-1.308287080463756,36.71164723513931,2021.0,8.0,w/_/,90,0.68285984
Wdpl2zmxDTswOxRxv7NHmQ,-1.262136640029604,36.78432924435693,2021.0,7.0,w/d/,90,0.73734057
WeM35_B2M-UeII2VNBzEzg,-1.276003924257693,36.7852935841151,2021.0,7.0,w/e/,90,0.671741
WkHXcAEN40MpEPc-6ByXaA,-1.255298246811075,36.89620889764516,2018.0,2.0,w/K/,90,0.7398292
WmMyX95CX4leln0VxWauLQ,-1.365135092561024,36.6564072231618,2018.0,4.0,w/m/,90,0.6375742
WobjTDt_Grv0xY5jD_nn8A,-1.237849502571853,36.77653467595555,2021.0,7.0,w/O/,90,0.6118639
Wpl6hHs7J14SehEHUtDFZg,-1.254487472555357,36.80667290798896,2018.0,2.0,w/P/,90,0.6876068
WvxnspZ9AkR0JRaz69MkFg,-1.280565168884638,36.84643023653194,2021.0,10.0,w/v/,90,0.64098924
Wwgu-mkQngBK-Omgzsj4zg,-1.440678251525068,36.9684904509507,2021.0,9.0,w/w/,90,0.6125263
X2tkhZ-DWmXyvOSG2dssbA,-1.303745763693994,36.82582137930966,2021.0,7.0,x/2/,90,0.7468833
X98f5xIbdn96NksHhtX2dQ,-1.252836594919246,36.78856792266104,2017.0,12.0,x/9/,90,0.6161582
XUA2o_4345F2PF0QMj6lvA,-1.33744177157005,36.85641361795551,2018.0,10.0,x/U/,90,0.68253005
XYkJc9MXyIrW8KicjDK_Rw,-1.249640069705073,36.88046701095602,2018.0,2.0,x/y/,90,0.74489474
XZA_zpt99frfAuRdEk7zsw,-1.280966413790587,36.73204034942881,2021.0,8.0,x/Z/,90,0.60985076
XeQ_gPoPkon4hPy6p_iU8A,-1.359463814589134,36.74700933315175,2021.0,7.0,x/e/,90,0.64082134
Xh3MBIsV2iY99-Ha91q5cQ,-1.269986999303777,36.97194969106742,2018.0,2.0,x/H/,90,0.65615356
XorVKvK18VIe9d5tOeyMSQ,-1.296268545193194,36.89378917589994,2021.0,7.0,x/O/,90,0.6240173
XrKSJYLddyY61rujIdp1ww,-1.225463198193455,36.84765340884238,2021.0,7.0,x/r/,90,0.6523285
Y-UJ5smNlQd9CCHKXIgjpg,-1.270904767226132,36.85218617893909,2018.0,1.0,y/-/,90,0.65572095
Y46u2ssM2UtVCP5SLvLWEA,-1.305860693025738,36.90134497222388,2021.0,8.0,y/4/,90,0.62003696
YH9ddFeM2xPAzuoR2DmuQQ,-1.293175832427629,36.83889548753363,2017.0,12.0,y/H/,90,0.73778754
YQaZBki9kqFd-oTEFc06Yg,-1.366821470086185,36.72620620900839,2021.0,7.0,y/Q/,90,0.61095256
Y_Z72OqMtyQ7qaPxlSjjag,-1.287639657007628,36.74473445267809,2018.0,2.0,y/_/,90,0.6297477
YcfXFK5sArLBFs8WpN5jZg,-1.366486476939894,36.72813819781248,2021.0,7.0,y/C/,90,0.6069943
Ye0qleHAOcX_-5bBeTICsw,-1.218582906199313,36.76902510000833,2021.0,9.0,y/e/,90,0.60254633
YywlQpnxypcV7p0nS-YnLw,-1.298498969136689,36.83371300159769,2021.0,8.0,y/y/,90,0.6901214
Z3pymsTEm06SXPX294-HVA,-1.28261999095813,36.74912117811837,2018.0,2.0,Z/3/,90,0.6520599
Z948G_YvnYFtaQiFogjdYg,-1.221627800645801,36.81447941599325,2022.0,5.0,Z/9/,90,0.63385546
ZA02p-DfC7BDAQmhwB2VVA,-1.311536682116548,36.85740316261952,2021.0,8.0,Z/a/,90,0.6685617
ZFfqG4o_2x0APw30hZ8J_w,-1.302083907000939,36.75882507442359,2021.0,8.0,Z/f/,90,0.62873507
ZJ3XtSxXVHNLdwiucK8C8Q,-1.288021754179739,36.89238672326931,2021.0,7.0,Z/j/,90,0.7291293
ZRK8YOevhoEWyDWSTFOAbA,-1.236698651370185,36.67333175001291,2017.0,12.0,Z/r/,90,0.6361618
ZV3aGXfiXcCj0hzT1CUu1w,-1.352264291718974,36.93382769690178,2018.0,4.0,Z/v/,90,0.6436185
ZfrbRjw52bJP78SJ71p3lg,-1.157337477590541,36.80274108041848,2018.0,5.0,Z/f/,90,0.6444264
ZifMKW72Y0rG1rNnhlIgFw,-1.263824431949453,36.85489086245914,2022.0,3.0,Z/i/,90,0.6755267
_-0iLPt1UwTWpIK9mR0trg,-1.28214631337076,36.83982651262329,2018.0,2.0,_/-/,90,0.6327241
_1bcTpXb5Kah4UhtIUbfgg,-1.209064260016216,36.74284031027382,2021.0,7.0,_/1/,90,0.6997239
_E2w7jEaFUdTqQ6Ddbozvw,-1.270411097487441,36.67159110549348,2021.0,10.0,_/e/,90,0.62059915
_Hv8fFOPAPEHA6aOi9tnhw,-1.285411903465962,36.83358151296068,2021.0,8.0,_/H/,90,0.60611373
_LZYFG6iIEDgvHhheoNDwQ,-1.227322742358632,36.69880489029267,2021.0,10.0,_/L/,90,0.60294276
_M8dM4FrT22Es1mPoETkUw,-1.200408783105676,36.89978749753593,2021.0,9.0,_/m/,90,0.66665053
_M_o_Shqydbbd1DkC3GRNA,-1.238715408453226,36.6868652163936,2021.0,10.0,_/m/,90,0.65518373
_NZXvs_JPoINe2VWBdqg7w,-1.268024280046524,36.74200345149661,2018.0,2.0,_/N/,90,0.6188407
_TdK4ESVAVD4f0L-1X6Ksg,-1.336458354608654,36.70656015560543,2021.0,9.0,_/t/,90,0.6184897
_df2fVw_VZyr6I26K3z3kw,-1.32220744710304,36.85744413180299,2021.0,8.0,_/d/,90,0.68903697
_e7aWa_dxhM7AgyIBEB-sA,-1.264347596519707,36.88192500983988,2018.0,2.0,_/e/,90,0.6296821
_wSHC80cBFIIs-kE2X1P_A,-1.287737670803733,36.99375393635272,2018.0,2.0,_/w/,90,0.6043742
a7-1pG9rlwwzDu83mg-gXg,-1.263449016424381,36.82888834029554,2021.0,8.0,a/7/,90,0.7377756
a9Fd8yricTbQelrbAzyv3Q,-1.245300002540075,36.6812858664248,2021.0,8.0,a/9/,90,0.6573286
a9leXpCWXG7uRCXSAYYyeg,-1.209329318204629,36.8859373942652,2021.0,9.0,a/9/,90,0.6134405
alBnQEryyBkyuJ36PL0BPQ,-1.397984532517653,36.78411063482399,2018.0,2.0,a/L/,90,0.6456891
asjou-xIhogRwjkL7gHXQA,-1.221003072560345,36.8697996926215,2018.0,2.0,a/s/,90,0.7483356
b0JlHKe-Qqp-HfUKgXRzeQ,-1.252735127490547,36.78772295124285,2017.0,12.0,B/0/,90,0.63724184
b7aa-A9Jm1AW2sADwSnJ6A,-1.162965228417925,36.9563049944555,2022.0,5.0,B/7/,90,0.6632099
bGoGyzLYGsasg9wcLnOTuA,-1.371310625121114,36.92258260472413,2021.0,8.0,B/g/,90,0.6347621
bLvBL-4ycxRhH97tk3ZTkA,-1.338585029476209,36.67092390801698,2018.0,4.0,B/L/,90,0.6495305
bTEgghWLxABR1lcW7qGfOw,-1.229910191532203,36.89455472812276,2021.0,9.0,B/t/,90,0.68735605
bTpjwEpJ5jHt5YzG3BB_pA,-1.365659297023596,36.68002587309777,2018.0,4.0,B/t/,90,0.6148878
ba0sqcmlRT5NosHY8C2unA,-1.320336120309983,36.88578876398411,2018.0,4.0,B/a/,90,0.6465101
beOf4Q-FB8NBfH9exst34A,-1.294448141424792,36.83966818088071,2021.0,8.0,B/e/,90,0.61656153
bn9zO3wEGrVh8ZOZEovTrg,-1.393229921518771,36.75649119726458,2022.0,2.0,B/N/,90,0.70060825
bvAbJ0rvpUfHmqGieZxtsA,-1.260865817020859,36.79427373356105,2018.0,4.0,B/v/,90,0.6776011
c8I3j5yen2EuTdgJWigGBw,-1.294549931678025,36.87476737286548,2021.0,8.0,C/8/,90,0.6175151
c9SxN6L3KPT9M2dmVIT8Hg,-1.265607486754231,36.83677790984214,2018.0,2.0,C/9/,90,0.60116285
cBi4EAFGjKYNPRFE9JQxrg,-1.195810365683695,36.94720208532251,2021.0,9.0,C/B/,90,0.6048257
cMWk-CFfZfIqhV0eOew7hQ,-1.217763056073986,36.81551557174132,2018.0,2.0,C/m/,90,0.662813
cORZL_0zc89OMcz3YKCyjw,-1.368445233564913,36.67727307158558,2018.0,4.0,C/O/,90,0.78121305
cQ-gAmJw69fm6m15REJShA,-1.291325943255827,36.88367450466755,2022.0,4.0,C/Q/,90,0.60653716
ci97lxNLe24ppoRe2JepSw,-1.33096131778452,36.70879490684553,2018.0,1.0,C/i/,90,0.65964615
dL1BSE0SxuP1CDmQwsYBLA,-1.333224751986332,36.72040599296377,2018.0,1.0,d/L/,90,0.65715134
dPiOdmIg0VZG6avV3nEO1w,-1.267223574333341,36.83803425627341,2018.0,2.0,d/P/,90,0.6137821
dQDLVaFeHYsNnVcYHRFxMQ,-1.214234753136263,36.85512338457399,2021.0,8.0,d/Q/,90,0.6116588
dWgG60EXmbod2qnW5T87HQ,-1.238434011121012,36.72537483795742,2021.0,10.0,d/w/,90,0.6084111
daFaQrDxZhaFiD-bB_NoHg,-1.272756674593528,36.85259392818191,2021.0,9.0,d/a/,90,0.68465066
ddoM9PbkXPER7PnVG6wHTg,-1.282855212816446,36.72722353198051,2017.0,12.0,d/d/,90,0.6019123
dqusCOlyreY5I6LKjMWdlA,-1.218995933319085,36.80586166473942,2018.0,1.0,d/Q/,90,0.6627838
drBoz8Nga-MKQ3MVUq05gA,-1.193243634663633,36.9313721429788,2018.0,2.0,d/r/,90,0.7216208
ds5Yz9OrXMJAQMQJduuw2g,-1.264372548074228,36.89448825858162,2018.0,2.0,d/s/,90,0.75643736
dx1PEh2BtbLEJ7KNl5foPg,-1.307770440109153,36.73475214428267,2021.0,8.0,d/x/,90,0.6460955
e5GbpHOjeHCrtAZTfU8ELg,-1.313091244549082,36.88858076354946,2021.0,8.0,e/5/,90,0.6904786
eCX_sKoez3FrFS4utFypVg,-1.298553461970072,36.70584506052176,2021.0,8.0,e/C/,90,0.68565905
eEw0ycpRkIqGCS5LELKS2Q,-1.223488028734069,36.84669735558004,2021.0,7.0,e/e/,90,0.63989407
eGjNlt4YF8mbdjW5VdGB2g,-1.185114943341246,36.84167547042863,2021.0,11.0,e/g/,90,0.6509656
eH9nF2ZZle3eAp_N5PWOnQ,-1.255213515380751,36.72643000645274,2017.0,12.0,e/H/,90,0.6496531
eP7Rzz_6cQrF0o297iagaw,-1.362699731819386,36.72913871632928,2021.0,7.0,e/P/,90,0.6093244
ePr2LTCB9jw8JoCN4y76Rw,-1.368104400782722,36.76767584210874,2021.0,7.0,e/P/,90,0.6727296
eTcnYiNvy-kbROJog-CFSQ,-1.302762042460879,36.91494055799915,2021.0,7.0,e/t/,90,0.6646244
eW_vXTR7x_GaIJW6mg67_g,-1.343868875393997,36.73216272527308,2021.0,9.0,e/w/,90,0.6686596
eZ-y3LPEpsH58kbZBoDukQ,-1.22046508338987,36.81494175700705,2018.0,1.0,e/Z/,90,0.6376164
ehrP42Hh7FQZVfJwW6BLdA,-1.241473403737642,36.92609232898306,2022.0,2.0,e/H/,90,0.71469444
eqgkwfQ7iKNllEFpdDqQqg,-1.195957464739762,36.92483937335067,2021.0,9.0,e/Q/,90,0.6615687
esX0erPyupRkWkWfdCN39w,-1.318173806367846,36.89150059574248,2021.0,8.0,e/s/,90,0.6379016
fFrlIBEJbEQ2npo-rUEQqA,-1.287128952528827,36.69248841827734,2018.0,1.0,f/f/,90,0.60342807
fN_ObKTgVFXgGk2_ijxdWw,-1.220436259572025,36.71217051757414,2022.0,2.0,f/N/,90,0.6566815
fWn_S7okIbWAbL7duf0RIQ,-1.180917625353024,36.90834429739873,2021.0,9.0,f/w/,90,0.6711564
fY8oxei4szEDgzsS-SCYpA,-1.280072061734758,37.07788563061138,2018.0,2.0,f/y/,90,0.66239774
fgPenLqa0yS0jsdQSFs4bw,-1.283616507478713,36.76311092004369,2021.0,7.0,f/g/,90,0.6282631
fnGHPQ-YSlijJc62y8yceA,-1.253845682948506,36.81264193509805,2021.0,8.0,f/N/,90,0.6636178
fuXKPrnObQsbHf02gkI8Zw,-1.317517239928446,36.70890193694438,2018.0,1.0,f/U/,90,0.63639706
fvTaO1hjNVM37aWhthRhXQ,-1.218069318528435,36.83301539462122,2018.0,2.0,f/v/,90,0.66962487
fxt8XaLaG-j9rzoADNEDoA,-1.148620491592824,36.96102807349728,2018.0,5.0,f/x/,90,0.6142521
g4L23oTrZr3_wZhcJfYzWw,-1.291486027964815,36.78333678476201,2021.0,7.0,g/4/,90,0.63741267
gBGn-zKqz_HsWEosvJpJ8Q,-1.177567221152647,36.90979657414656,2018.0,2.0,g/B/,90,0.605389
gBg-qtKLPd5eck5ivwJwrA,-1.296965127220101,36.82859585923708,2017.0,12.0,g/B/,90,0.63236463
gC5d2s3_HvJAnZmPv_XFGg,-1.282222474983839,37.06030427046145,2021.0,10.0,g/C/,90,0.65043473
gI6UZOVPFi3Q5ckUynWuVw,-1.204310612469635,36.91662831320031,2022.0,5.0,g/i/,90,0.6261396
gT2xX8aIz9rKA7jIWLVjrg,-1.190541853059635,36.9298226878437,2021.0,9.0,g/t/,90,0.70778316
gWXK7Cd8klsPHo8RmBFddA,-1.340881942659154,36.72139633388407,2017.0,12.0,g/w/,90,0.784134
ghea6MsQoxLIBH9-O4boBg,-1.201355501026822,36.94088493634984,2021.0,9.0,g/H/,90,0.6424664
gzgYZOTfVu7J-e8EctsxjA,-1.281472606834691,36.67894963593611,2021.0,8.0,g/Z/,90,0.6316405
h3ipHKSH4qIZfObTJzJo7Q,-1.196879920061866,36.92438535107944,2021.0,9.0,H/3/,90,0.6173866
h4f1HYCVzfzo_jxG_H__wA,-1.365703171411591,36.75210942975694,2017.0,12.0,H/4/,90,0.60003734
hPSI6Du7fQDeVdztaaYuRA,-1.218060900607981,36.81922361358493,2018.0,2.0,H/P/,90,0.66703105
hdQnDq4HdLjvTRifdafANw,-1.294347290564872,36.8708683985146,2021.0,7.0,H/d/,90,0.78461283
hfzpkrBil-LxOPjNwtLpnw,-1.277549799890522,36.83674210308022,2021.0,8.0,H/f/,90,0.7209351
hjC6SaT7UndlMese6y-KVQ,-1.232022397951055,36.71932367672574,2021.0,10.0,H/j/,90,0.657318
hjEQ_STir0AUfMnISk924Q,-1.259046778125106,36.72094311471838,2017.0,12.0,H/j/,90,0.6888602
hmRszWtu6oKte-3xzWKRnA,-1.354534348911606,36.65986629462478,2018.0,4.0,H/m/,90,0.61107993
hmkDd5KvtxzFwfaNG5n84A,-1.238238379253192,36.7888368125334,2021.0,9.0,H/m/,90,0.6415726
hnvEgUtqT8ffpc00sRLRCw,-1.163625460640256,36.80194269380843,2018.0,5.0,H/N/,90,0.6504141
hpkVf7x7s4Xsb_xpkA7Ing,-1.153059570964467,36.94531765024477,2021.0,12.0,H/P/,90,0.609646
hr9xCHkSW1M8_M1HwtM8mA,-1.269415371365995,36.99667916403568,2018.0,2.0,H/r/,90,0.7321935
hvRWIJJHVlvzyfQcBM8MZA,-1.301813468526397,36.84949913216286,2018.0,1.0,H/v/,90,0.6404318
hwTEWV14Hd7hHqDRnumohA,-1.280676037538565,36.74179532488994,2018.0,3.0,H/w/,90,0.75957704
i1ZyoqG91yokF3IAsvJNYQ,-1.303855202320056,36.73015509446196,2018.0,1.0,i/1/,90,0.6097712
iGLFFGrJ-MHs0-KVnLdoNg,-1.325725103803643,36.73154549827653,2021.0,9.0,i/g/,90,0.6444065
iVv68d3UqLC_WF0D8jeXgA,-1.389103595118942,36.76413743753474,2022.0,2.0,i/v/,90,0.6062013
iYL_ySmHVhcdj-iMTA65hA,-1.153233381600645,36.97623969839119,2022.0,2.0,i/y/,90,0.6150899
iZVIseJshetxr9Jcw1TrdQ,-1.259720852854183,36.65260566549296,2021.0,8.0,i/Z/,90,0.61067855
ik3eXJ-pnfoMl_ZYNhM5Yw,-1.358750789041983,36.75224805197981,2017.0,12.0,i/K/,90,0.72086585
ioNacUq274gHvceOzWFSNw,-1.275390076382296,36.9565389172788,2021.0,7.0,i/O/,90,0.7932766
iodCXKNtkYj5EZCeANp6Cw,-1.339283397751147,36.86681731058599,2018.0,10.0,i/O/,90,0.73687774
iv8DfcplMDEPBUrxLj2i3g,-1.21923951087766,36.88223410451432,2018.0,2.0,i/v/,90,0.7423475
j6Xi-MSPf3Boge6Rz9wQOw,-1.270358561740621,36.91378955115632,2021.0,8.0,j/6/,90,0.6000969
jEPfS5OUiBWcvfBFfI75PQ,-1.335986430206395,36.74900351694679,2018.0,1.0,j/e/,90,0.65869135
jERJcH-uCKAdp55zUYjTfQ,-1.21958734420419,36.88211017133043,2018.0,2.0,j/e/,90,0.623951
jN5MeyligxlqPlhK-YgK1A,-1.329531619614879,36.68045325271186,2021.0,7.0,j/N/,90,0.6145099
jQWn5vKooBfW3_o6mYWY_w,-1.245687556565496,36.66422304109179,2021.0,8.0,j/Q/,90,0.6048597
jTzFwa8Kj88xTms7cLAUZg,-1.37927811598463,36.77020837254877,2021.0,7.0,j/t/,90,0.640725
jfR448yPTkbrIhiQkVvLrg,-1.328047806646979,36.80017490682653,2017.0,12.0,j/f/,90,0.6972785
jiAoynJsG0mALZ1hzOV2ww,-1.27603942723825,36.81371746708615,2021.0,7.0,j/i/,90,0.6379454
jxb5SPcJEewuPmLLlyR7Ug,-1.171410819363856,36.94675426987667,2022.0,4.0,j/x/,90,0.6585252
k0MY4jWLGb78uEsNmsLukg,-1.158331103260252,36.95555386181712,2021.0,12.0,K/0/,90,0.6799587
k9czdZa5Z6vmLVH-KzJSsQ,-1.361076080375781,36.72455974314205,2021.0,7.0,K/9/,90,0.71441233
kDbd4L7XOLOoxYZNnMFFrg,-1.26866670223537,36.83590663440783,2021.0,8.0,K/d/,90,0.6679405
kHqkkGVmvjAHbxoFNNwWOA,-1.228327336493432,36.89374798077434,2021.0,9.0,K/H/,90,0.6496207
kKC15v68UesXKWS3Z0e4Fg,-1.142314231805275,36.63398449241527,2021.0,10.0,K/K/,90,0.6420005
kM_SOL1WFR_4GTlpKJ4f8A,-1.326820176016436,36.7786491317665,2018.0,1.0,K/m/,90,0.7075517
kNrzyANBv_voo_Bs3TcFTw,-1.267955092439096,36.83538586810768,2021.0,7.0,K/N/,90,0.6486663
kO_sT6Ihbh9ZWnHx5OvLRA,-1.35650992438279,36.74665592790063,2021.0,7.0,K/O/,90,0.6711718
kR7WoNkdS2Bns9GxUH9YVQ,-1.259223790222487,36.77687421267544,2021.0,9.0,K/r/,90,0.66473186
kRNvKxN-Doq1ZT5rwpAVhg,-1.292271489377183,36.82528279991667,2018.0,2.0,K/r/,90,0.6391315
kbLkhChFGtKaY1QKlyfNVQ,-1.304568096642928,36.77779023897844,2021.0,7.0,K/B/,90,0.6297226
kgZctSq-w7be2mxoNVmX6Q,-1.326850406848078,36.84536790935717,2021.0,9.0,K/g/,90,0.718881
lGWiKuXljnMq_cI1Mnf8FQ,-1.157699233729955,36.96096051641599,2018.0,5.0,L/g/,90,0.6198538
lfMi9Qw6N0HGEFtUK9kn4g,-1.285385272889363,36.77111691903889,2017.0,12.0,L/f/,90,0.6462878
ltO8sji2fGN27-hQYJDRnA,-1.29297382169696,36.81292363529722,2021.0,9.0,L/t/,90,0.60082144
lx_J-osCEFvfhVTnl1CGrg,-1.284781646201349,36.78048918355812,2018.0,2.0,L/x/,90,0.6197585
lzayPJq495cZ5BW57gvraA,-1.308316442950833,36.68721010077229,2018.0,1.0,L/Z/,90,0.75737244
m1Tn8T1bIfXdtJtQX82wyg,-1.268780210240905,36.81467345498729,2021.0,8.0,m/1/,90,0.6428276
m6M7LWymItEcDeXk7Jpz8Q,-1.294030537719132,36.81344833910288,2021.0,9.0,m/6/,90,0.6791062
m7plVUgDC29TZ5F5B874qw,-1.213401365137738,36.9042128513853,2021.0,9.0,m/7/,90,0.60727113
mBH8HV0YLpLGvRpMKWSYqQ,-1.244252279396188,36.94036770193493,2021.0,7.0,m/B/,90,0.79303885
mBgS6KcPq4WR8Ra1C8c6kw,-1.207279803821618,36.92852148438731,2021.0,9.0,m/B/,90,0.6039658
mJVwUpbaRpAcdbXVfwM0lA,-1.157020815696402,36.94657919387482,2021.0,12.0,m/j/,90,0.7484986
mJl75NxfZHAGnh5SMKPyiQ,-1.238385420802784,36.6732435170711,2017.0,12.0,m/j/,90,0.63379306
mSerMiiZ6VHAmLC_M2SmGQ,-1.179065451176644,36.67060100731722,2018.0,5.0,m/s/,90,0.718073
mTnzAOM2mgvLRU69SONmkg,-1.345180931654449,36.68097370938343,2018.0,4.0,m/t/,90,0.6454018
mW9v8WBSTKzA7IKJPJYHuw,-1.318132023718581,36.85889659367458,2018.0,1.0,m/w/,90,0.6394582
memQmqbR2TPSbVaggwuvnw,-1.380537332935467,36.77039060881438,2021.0,7.0,m/e/,90,0.683675
n1DKSgYdwoip44Rz-8sTgA,-1.240895871302742,36.8934395910325,2018.0,2.0,N/1/,90,0.60683227
n60yWiL7KNQrEZ2Wxph5Pg,-1.438491606725261,36.9671672265761,2021.0,9.0,N/6/,90,0.60560423
nBmkS4fmc5immErLLchCIg,-1.20881421175644,36.9024256093378,2021.0,9.0,N/B/,90,0.6569574
nCljSiyQQxz5Y59LlkLsdw,-1.220139372507512,36.76789351374298,2021.0,7.0,N/C/,90,0.6046014
nCxkPnavcfrxEpsNTk0qnA,-1.321750654073258,36.77158503847963,2021.0,7.0,N/C/,90,0.6711893
nEs8DZz3848pjmTmp9ipCA,-1.184237170851382,36.66566406595945,2022.0,2.0,N/e/,90,0.6098243
nRS9QeAu4IBol1YTxYeFDg,-1.307225085977581,36.69486561265526,2018.0,1.0,N/r/,90,0.60746205
nW3-ehfYpB7xNaMbESxOpA,-1.328341663037602,36.79972529142071,2017.0,12.0,N/w/,90,0.6416271
nfpbaMumBk2fYWF8yymg0w,-1.231290298523734,36.79668415314168,2018.0,2.0,N/f/,90,0.6150497
nqVLnM2vGc7i0JGgAG_oyw,-1.157225455028925,36.80274395613937,2018.0,5.0,N/Q/,90,0.7100384
nwowMdK7sGo9uO2jhqddnQ,-1.200171960806168,36.72557733540391,2021.0,12.0,N/w/,90,0.6195803
o--yMqkfe86Lxx_tnST-zg,-1.303775601042568,36.73054246262613,2021.0,8.0,O/-/,90,0.6116296
o-W0zq_Rem1-sq5loaWBsQ,-1.219974191284185,36.80893454863972,2018.0,2.0,O/-/,90,0.6838831
o6Y9d8SasmEjEgTb6SM8KA,-1.249004180512126,36.89136256306135,2018.0,2.0,O/6/,90,0.67622894
oGOo27ugrZtoOG_wbAGk4w,-1.253809788686497,36.7631695339422,2021.0,7.0,O/g/,90,0.7297633
oJePkj9JqbQhHwiRAE1oSw,-1.278670090531504,36.85279591347904,2021.0,8.0,O/j/,90,0.6793042
oJycXRpjswwBANUAlKdRmQ,-1.237935927515851,36.69678179495959,2021.0,7.0,O/j/,90,0.62280554
or_ccS5xQufQOBcgPLXqRA,-1.287222535719223,36.73747354394361,2021.0,8.0,O/r/,90,0.69902474
owOBSHrJTPYwzYlxE8n7Sw,-1.368541531486101,36.72082911033353,2021.0,7.0,O/w/,90,0.6563765
p8PLgpX1nPueMpmPgN1KFw,-1.323596320586059,36.78416257519256,2021.0,7.0,P/8/,90,0.61295897
pHhHsBw7UOwVDtLvw2jqDw,-1.277335589306863,37.00760044658815,2018.0,2.0,P/H/,90,0.6949773
pTBq7qNRVpzeqESrIhw9nw,-1.284812722062354,36.77247244343778,2017.0,12.0,P/t/,90,0.74046946
pakDrIS2TR4j2jEYuXADQw,-1.253914853563427,36.83480448785401,2017.0,12.0,P/a/,90,0.65001816
piM-WISBzl378qR1Ox7f_Q,-1.289274617663544,36.72507569673122,2021.0,8.0,P/i/,90,0.6151785
pl3_WlIr71WyEH1O2_uaXA,-1.2157276430813,36.9723957127369,2021.0,9.0,P/L/,90,0.6340633
ppDpsxKr_5fJ_kgaJGrgzw,-1.293827836802395,36.81072044655119,2021.0,9.0,P/P/,90,0.6223134
pzVWWZsOakntP9HjqjTWSA,-1.271198701385926,36.77683048641688,2021.0,8.0,P/Z/,90,0.62243974
q0-qvyU8-4ChL7OVHEl6jg,-1.324724604193201,36.72755120422852,2018.0,1.0,Q/0/,90,0.6274272
q3S3RP9qUkyEXy-SUQ_mqg,-1.295975891158344,36.86456987768115,2021.0,8.0,Q/3/,90,0.7093198
q4uWPeQbrL24MiHw4sG2jA,-1.246467799187181,36.65989041486598,2021.0,8.0,Q/4/,90,0.61583066
q83WcA-TNbdvuW00nKv-MA,-1.289850088949528,36.81254975999642,2018.0,2.0,Q/8/,90,0.6319839
q8nP4HnsgtSqgd6iAyG1jQ,-1.195269008840531,36.91133258745202,2021.0,9.0,Q/8/,90,0.61196274
qC-gKXsAxC5h4p36P3dUZA,-1.233255221590365,36.88882163214441,2021.0,7.0,Q/C/,90,0.6466559
qMj1vrKI-j8YrqchbsEWvg,-1.287964634169568,37.04558876565607,2021.0,10.0,Q/m/,90,0.63101953
qRdCCUH75mjvgUlYArXMNg,-1.351309994718622,36.76311363288995,2021.0,7.0,Q/r/,90,0.6611091
qawdQWrBSnw8j8GFZOaA7A,-1.189556429344525,36.94155314498941,2021.0,9.0,Q/a/,90,0.66522986
qiP4-5AG9te2y_Var6dk2A,-1.289009291540264,36.78790333643964,2017.0,12.0,Q/i/,90,0.6022419
qjAYO5oXW64lQwOilTq4Dw,-1.200710663499217,36.89714740359071,2021.0,9.0,Q/j/,90,0.7792418
qmuA-m0K76lAmejgowTLkg,-1.269921449499666,36.990342688839,2018.0,2.0,Q/m/,90,0.63475716
qsjaX2t6xb-aDKy9xYk6Qg,-1.235237218953172,36.71807502054079,2021.0,10.0,Q/s/,90,0.7335536
rG_QmEih8JkjWQdNnemGvA,-1.312043311978947,36.80735876883951,2021.0,8.0,r/g/,90,0.63612384
rH5G5SpAqStGpogLxMoFfA,-1.228474272732211,36.73162116128881,2021.0,8.0,r/H/,90,0.7355939
rKBrqjuB5Asb78x5ycE-Wg,-1.238324790698833,36.68696232072278,2021.0,10.0,r/K/,90,0.6544811
rWOayajTqvZQPBFekiyv3g,-1.353162147962209,36.7399139358503,2021.0,9.0,r/w/,90,0.6327481
rZtRgQchd5tV9BAa6RkzMA,-1.353072975496818,36.73990711049619,2021.0,9.0,r/Z/,90,0.7134875
rf_-ltJZRtMK7dRxR2m9og,-1.278496704786126,36.70289715410171,2021.0,8.0,r/f/,90,0.6315041
rgssOyq0GFMdXzWshy-sfA,-1.204211173139451,36.90808035587333,2018.0,2.0,r/g/,90,0.62496537
ro2I4HGvIk_Kzp9vFlqL_g,-1.286343325439805,36.74603487452927,2018.0,2.0,r/O/,90,0.62615526
sE86SKRmlGc6TR4Z1oSGMA,-1.262289429890084,36.88022307812303,2021.0,8.0,s/e/,90,0.6715055
sIbH1s6tzQP-GeRX-7sFoA,-1.209489198260317,36.77318755455418,2021.0,7.0,s/i/,90,0.7290159
sWzQJ2Tacq_bq-ujIhYmug,-1.170666860938518,36.82397670597615,2018.0,5.0,s/w/,90,0.7013957
sjHqFRQGShM53BwhIfqOqA,-1.294186936913561,36.81142820489227,2021.0,9.0,s/j/,90,0.7634459
sjlp_sIXC9Xz3miCiGVURQ,-1.325323822073971,36.85278269413303,2021.0,8.0,s/j/,90,0.72920686
sncyMKVnlEyeZKbdaP9EqQ,-1.330302371341225,36.89007947040653,2021.0,10.0,s/N/,90,0.60771453
svF_3DAtLzqKZX_F_lH6DA,-1.310236614499165,36.70761978685611,2018.0,1.0,s/v/,90,0.7375652
sw7xjS3CMnroSuQzyoCE8A,-1.282924120646313,37.04249884592422,2018.0,2.0,s/w/,90,0.73845875
syX3CUV-uHZebBtE_y3LMA,-1.233753563751514,36.72324084979886,2021.0,10.0,s/y/,90,0.6397703
t1UMTInyUA-Fps8DocuOcQ,-1.296361603781544,36.69528871073995,2021.0,8.0,t/1/,90,0.6083844
tC8J02qq4qvJOrLGOGKUJg,-1.230726025879903,36.89462226439737,2021.0,9.0,t/C/,90,0.61693627
tJR6huTRKcB_QJFFS-ysrw,-1.518937091263389,36.9512443546638,2021.0,9.0,t/j/,90,0.6100867
tKvAfV48w-9xSaSW_3DxlQ,-1.317365024411271,36.89044088873086,2021.0,8.0,t/K/,90,0.620389
tMl8j1XAMmoknGQfgxOCVw,-1.16787449072287,36.86977596896404,2022.0,2.0,t/m/,90,0.60031146
tP6HVdlfEkmFIB3F7Vgbpg,-1.253819300010286,36.80697862130835,2021.0,8.0,t/P/,90,0.6183635
tssqKbW-qwrGZNLDDaL99A,-1.275029007353222,36.99797399217654,2021.0,8.0,t/s/,90,0.6778321
twPwKOwR5PpNVNMiIBIuLQ,-1.293674585758664,36.85156781789649,2021.0,8.0,t/w/,90,0.68874115
tx3MVtzEo8UZXS2e1sGjZg,-1.274453262687335,36.83715601504667,2018.0,2.0,t/x/,90,0.61331767
txGdbCevurfv2BPKpoJnvg,-1.231080354994156,36.92139923353252,2018.0,2.0,t/x/,90,0.60203665
tzT5MG1VyKL6X_FQPTUe7A,-1.273912789846233,36.81987707514997,2018.0,2.0,t/Z/,90,0.6138839
uFpgLI6_AzlCt1S1QUdA0w,-1.231105689897741,36.89402904267622,2021.0,9.0,U/f/,90,0.65300274
uKzN_AXukYXOQCkI3RLSHw,-1.347492309166596,36.93583389199892,2018.0,4.0,U/K/,90,0.6238121
uLfqM5k2-N48ddg9lxpLPw,-1.252546962254276,36.78606766026039,2017.0,12.0,U/L/,90,0.60755414
uVz79QkTCcTtRpX6MVzmnQ,-1.273203357623221,36.85215990424273,2021.0,9.0,U/v/,90,0.6363225
uY7zLDb0Yq0sroA52wThHA,-1.199481324121908,36.72565547196399,2021.0,12.0,U/y/,90,0.73285645
uYUV643Lpii91k_VjZnvgw,-1.245729318264311,36.78012295213227,2021.0,7.0,U/y/,90,0.60503036
uZ2DgVWnZIyAuDuw3z6Shg,-1.283639230158215,36.83334259890348,2021.0,8.0,U/Z/,90,0.63480127
uaYOt16Ri_eV2QqSW1e7yQ,-1.329085961810281,36.72626805974767,2017.0,12.0,U/a/,90,0.62469286
ualIcAGRfbzwvVgbJJEGLg,-1.329421709735502,36.85790932337736,2021.0,8.0,U/a/,90,0.8099548
ubcXgBVM65mX1sgXyw8miQ,-1.392989510001595,36.77371459524678,2018.0,2.0,U/B/,90,0.7603646
ugXSUYbh3rDs5mYywRleVg,-1.28129390007928,36.79255621853403,2021.0,8.0,U/g/,90,0.6262117
uk7p6KV2CwiAwz63M4sHxw,-1.283581687598004,36.79004540784585,2017.0,12.0,U/K/,90,0.62198853
um9SAAglOleRaE1i4G3k3g,-1.347140640980445,36.75585805834571,2017.0,12.0,U/m/,90,0.6468934
umJHa5-d-UVaXmVG48NgAw,-1.352910708495665,36.68049333228424,2018.0,4.0,U/m/,90,0.64515793
un97OfVKNOG0afVahJfp_Q,-1.196363420276148,36.93336118161828,2021.0,9.0,U/N/,90,0.64340526
utynlUa7bC3UJqYvQSdi_g,-1.228146885270364,36.89213610076886,2021.0,9.0,U/t/,90,0.64872324
uv9RJV3U-d_1417tHQeHGg,-1.354516133193491,36.75048688917338,2021.0,9.0,U/v/,90,0.7112974
vHZMW59MZ_dBszO28z5Zlg,-1.276114004290849,36.81377981985809,2018.0,2.0,v/H/,90,0.6553176
vIP_SWJ7cwiEd6OFr7LGrw,-1.246178816284588,36.69140347412991,2021.0,8.0,v/i/,90,0.6821749
vKxt2HlnXW-XxKXpcOo3LQ,-1.304673860456687,36.74792959318445,2021.0,7.0,v/K/,90,0.62433267
vOUzGUz2t2WRnSfK79SElQ,-1.281562547000562,36.75209972783603,2018.0,2.0,v/O/,90,0.6688177
vPquCTCWs49teMbTNPMYfg,-1.48915520882853,36.9700178554249,2022.0,3.0,v/P/,90,0.61113226
vTZAIOqvQx5Zm3tiaiYfgQ,-1.307867471349953,36.83123734577487,2021.0,9.0,v/t/,90,0.63593656
vXF802JqriKQezV1gqrv4Q,-1.355904475344185,36.71284976739873,2017.0,12.0,v/x/,90,0.6614719
vhtLXMKOsodpmsv4JKs3dQ,-1.312625908088769,36.84438267487287,2021.0,7.0,v/H/,90,0.64766586
vlerJH27jqHofQ4RVuEPAQ,-1.18562804421144,36.88279910586504,2021.0,9.0,v/L/,90,0.66378295
vmF0mkoGrl6jHE3MhfGUKg,-1.333580742599514,36.7545134115314,2018.0,1.0,v/m/,90,0.73738074
vnO0194ECQzK5anYCYoKMw,-1.251517984075217,36.90215770799809,2018.0,2.0,v/N/,90,0.6324381
voJi7Yv0u-AmiD4wajjMEA,-1.371936214543233,36.76850764352022,2021.0,7.0,v/O/,90,0.73526627
vs4hXD2QXtukuDo_TdIrJg,-1.215280137039042,36.88312206735331,2018.0,2.0,v/s/,90,0.7126004
wCqLe3rc7y9vq5O0aKqbTg,-1.378711224291979,36.7524408564794,2017.0,12.0,w/C/,90,0.6320393
wKmYDCuIcDUMAu_g4kO5aw,-1.269138690643513,36.75548200366155,2021.0,7.0,w/K/,90,0.6351212
wOpG7rIiQMr4hkkQGKC8Wg,-1.293486135916502,36.86527605205741,2021.0,8.0,w/O/,90,0.66056114
wOqdVS6sQYqT4-Mb_wZUxA,-1.20920121377993,36.92025095310902,2021.0,9.0,w/O/,90,0.6199626
wOwNoKjzjdUkMcS-Qx73wA,-1.204066572922946,36.90998256785472,2018.0,2.0,w/O/,90,0.7282979
wQ4hD-8ahzE5gSMf7x_Ffw,-1.257150018845938,36.99342613571195,2018.0,2.0,w/Q/,90,0.62952286
wTTVkFtOBtVuSOsXwsOpiA,-1.230344463607746,36.88773849690148,2021.0,7.0,w/t/,90,0.6007118
wd4oByDcuwxcySAzg-cHqw,-1.237384887288127,36.79346901030079,2018.0,2.0,w/d/,90,0.60483265
wjnX415Aq78FmODg6WWLbg,-1.23512760611895,36.76895777743863,2021.0,7.0,w/j/,90,0.67595637
wpNsrI2YGFDsiwaAW5dq5g,-1.20474148680083,36.93266296147311,2021.0,9.0,w/P/,90,0.63956136
wr8NqIzkACu6SDdoQ62FOQ,-1.279403999507001,36.80687575848909,2021.0,9.0,w/r/,90,0.60363775
wyxfPBBw4XJcvVAUZda7Qw,-1.382925445578417,36.76246394447971,2017.0,12.0,w/y/,90,0.6406106
x2S1nx6douvDY4W_ulR6EQ,-1.211585716661042,36.84593064823078,2021.0,8.0,x/2/,90,0.6624049
x6_zH30tzM-LONkNbgVQsw,-1.318040131325858,36.84201347608847,2018.0,1.0,x/6/,90,0.63045233
xNckbXXVSFL9DL0kfakCiQ,-1.252775670100558,36.7882615579479,2017.0,12.0,x/N/,90,0.6025722
xO8OnwU7IHDX_z1Y2ZxoOA,-1.285287206168398,36.83728642968487,2021.0,8.0,x/O/,90,0.62278515
xPCBRe-Xt8OcXiZGw_pMVg,-1.208871785923269,36.9439376684884,2021.0,9.0,x/P/,90,0.60301286
xUAYTQb6w5A2r_Y8L29R9w,-1.212010232581763,36.80973327048658,2018.0,2.0,x/U/,90,0.63311565
xgQ-bXBrfy_HPuPukajYFg,-1.257693529343333,36.88514015466151,2018.0,2.0,x/g/,90,0.64893913
xgwLlZwpRYmT3yb5DACywQ,-1.18753089214811,36.72649934157712,2022.0,2.0,x/g/,90,0.6470581
xtff7mvGJ1uEdXL7MrnuXA,-1.265724839892315,36.66996730137055,2021.0,10.0,x/t/,90,0.61489844
y2iOp1VNhUeqltX-_Vag8Q,-1.293444772682009,36.8059857262143,2021.0,7.0,y/2/,90,0.60245425
y3bNvX8hWxSavvRH9rQTMQ,-1.241141338332646,36.84998752919098,2018.0,2.0,y/3/,90,0.6911236
yCGpLAsAo3j3CdLBLJQa5Q,-1.241943229339936,36.68410221603291,2021.0,10.0,y/C/,90,0.6297942
yOpIRI2YOt0SI9S8SuDlJg,-1.322487956847239,36.8314145858806,2021.0,7.0,y/O/,90,0.60721755
yQMVBlDzO_swVxV970Lizg,-1.326960593763506,36.855595898121,2021.0,8.0,y/Q/,90,0.6381776
ySLrGMNgL3hLWTUCrSNt4w,-1.261108881101405,36.83847386570589,2021.0,9.0,y/s/,90,0.72243524
ya8908Pii_HAp2seFSeAAQ,-1.483452735647375,36.96282208469903,2022.0,3.0,y/a/,90,0.6204498
yr8FE-jM620eMQra2iz64A,-1.310791950514694,36.75700544908841,2021.0,7.0,y/r/,90,0.62348276
yzg_7qctsfJgK5n4RDzY_w,-1.301024918469791,36.82379427317961,2021.0,8.0,y/Z/,90,0.71444154
z6h1nn4uzdwIgrHyVLWTuA,-1.242355800985721,36.66042237533711,2021.0,10.0,Z/6/,90,0.6078985
z9vVhWsM0fI9MUrODhrrbQ,-1.488534094337491,36.9507297354092,2022.0,3.0,Z/9/,90,0.6803278
zDaJSc498fThFHiI8Bq2qw,-1.38119878570689,36.7704844804551,2021.0,7.0,Z/d/,90,0.71685606
zQKgAJzDipGopVs5kASCxA,-1.177074077249008,36.94102943657498,2021.0,10.0,Z/Q/,90,0.6908274
zT13gEgib5V4xB-EqQ76Zg,-1.363662099757312,36.91078536281251,2018.0,4.0,Z/t/,90,0.6167997
zbDa0V961si4tqXbXAamqA,-1.365655738070029,36.92677642141298,2021.0,8.0,Z/B/,90,0.69198805
zfr11nfSp236Xjbyj1oQKg,-1.303775548624021,36.77934988227124,2021.0,7.0,Z/f/,90,0.618701
zjVYDBKPJXwdzvKvH4eRXQ,-1.354061604775951,36.74628936478909,2021.0,7.0,Z/j/,90,0.620567
zjXjr6f5lR1Qh6p3Q75Plg,-1.304310251919585,36.82608865516372,2021.0,7.0,Z/j/,90,0.6183272
zkDQon2QWLT7Q0LNHQkdcQ,-1.259235523452007,36.77679843143648,2021.0,9.0,Z/K/,90,0.6799346
zqtx3cwKjajRVeZU3SrEXw,-1.214238599091913,36.85483281392117,2021.0,8.0,Z/Q/,90,0.64361525
-0_gZvvTxCxbRNmGootr3g,-1.252538649644181,36.88337239230822,2018.0,2.0,-/0/,180,0.68022156
-3l0SHoc2SjGiBF8t3kaaQ,-1.263649263106172,36.68726712874408,2021.0,8.0,-/3/,180,0.64853525
-AOhdESMuWhTaG31j6YJrw,-1.213838165485139,36.68916351024588,2022.0,2.0,-/a/,180,0.6096421
-ChfgSb8ER1TBuGCdnbNOQ,-1.27948468314669,36.73313761273416,2017.0,12.0,-/C/,180,0.61668485
-FfqJSZre5afN5Ejnr496A,-1.195425596916103,36.94350451220569,2021.0,9.0,-/f/,180,0.609038
-GuffXkciYy0Fk-DryjLMg,-1.260565290001556,36.78871691341093,2017.0,12.0,-/g/,180,0.6400116
-IWRLSUH5z4_XZNFVKof6g,-1.263481488949969,36.86239294292968,2022.0,4.0,-/i/,180,0.72315997
-KeEbjTKF4hzZrzfarYmTg,-1.223378171155555,36.84221721490292,2021.0,7.0,-/K/,180,0.62458664
-kqIzsU8XGVEqRvkMhIl7g,-1.206873429268817,36.76022480641988,2021.0,9.0,-/K/,180,0.6057291
-p4FgNxILpM2f64Xr8mT3w,-1.216180938688398,36.81889297872257,2022.0,1.0,-/P/,180,0.6646202
-qD7AbtJVhLEYBRVjnUX4Q,-1.29083219958753,36.75990747257399,2021.0,7.0,-/Q/,180,0.6973167
-sXoGq9e9x6N2llVzftJDQ,-1.373105316838454,36.7463511988012,2017.0,12.0,-/s/,180,0.61906123
-snU1MvI2MVOzuUbwF5j2A,-1.231126698583394,36.89440176602693,2021.0,9.0,-/s/,180,0.65609044
-wAkkStEYDXmeT7bVijKCQ,-1.312220149571484,36.706775456127,2018.0,1.0,-/w/,180,0.7074216
00dxF2vLmMOf6bEuYhoBKg,-1.281449494076142,37.03369302951821,2018.0,2.0,0/0/,180,0.60071963
00vYuqzcYeRqtxRV6A31Sw,-1.18766466323165,36.66152843266708,2022.0,2.0,0/0/,180,0.6365877
02RP3J6wRNB64SACMo-GuQ,-1.236529585573938,36.78103384260797,2021.0,7.0,0/2/,180,0.72717
08mT9SQh2Gyji2_hCq4lMA,-1.27888989630709,36.82388224510673,2021.0,8.0,0/8/,180,0.61630267
0BtHZuDAX73XVsuFPoutOg,-1.290005716935784,37.0166696938954,2018.0,2.0,0/B/,180,0.73985344
0Cl1ty8xnBUhc66lj6NArQ,-1.211389032382183,36.89706559149232,2018.0,2.0,0/C/,180,0.64889276
0ILrDMIGotH92dVGJSR8Vw,-1.152536917937253,36.80762077126198,2021.0,11.0,0/i/,180,0.6237005
0MJc-J3O8hpPMCKVsPPBAQ,-1.210307516171243,36.92616434764756,2021.0,9.0,0/m/,180,0.67653656
0P5WJc6Cy6p0uBJ72PF-Iw,-1.30994163171839,36.7250731469933,2018.0,1.0,0/P/,180,0.6326978
0TOfWrHCTwAWcQzeWnkKPA,-1.311564897593333,36.80064308896799,2021.0,7.0,0/t/,180,0.61451465
0YzG64nr6BfM6ax0-Ftevw,-1.265639199913127,36.79737635156477,2021.0,7.0,0/y/,180,0.6284201
0a76dkLfPKBsty87ZuYlXw,-1.208531811537368,36.84928695598239,2018.0,2.0,0/a/,180,0.67199856
0cQPN9tuBPmFACm7_Y_BFw,-1.306770376014614,36.85624460378786,2021.0,8.0,0/C/,180,0.61439675
0dot1UKLo2VO3ayj66lGQA,-1.249941442266361,36.86388610856644,2021.0,7.0,0/d/,180,0.6561084
0ytYJOKjc0z9E_FCc-p0Jg,-1.361581206304653,36.71722200686055,2021.0,7.0,0/y/,180,0.65182084
1LaYvJRdEacIHwHkQfcWBg,-1.331109624589518,36.89335063536874,2021.0,8.0,1/L/,180,0.64482594
1ODbjK4lOyyPBVSjwSd-kA,-1.28996536151533,37.07056159121438,2021.0,10.0,1/O/,180,0.74123085
1Wel4aIkhhTQTHs8moeCCw,-1.224148502755123,36.86557832085976,2021.0,11.0,1/w/,180,0.60570157
1kqkih1Yv2l--CNkrlSzRA,-1.191510064444163,36.76619396463281,2018.0,2.0,1/K/,180,0.6334872
1nilajUzKtMiItbQKCJBkg,-1.257800447685012,36.78569652549511,2017.0,12.0,1/N/,180,0.6614405
1phjoGUQKw3toMGus96pqg,-1.15829495310237,36.83274272327711,2022.0,2.0,1/P/,180,0.63739634
1tbZ_Yem9hqvCND8zkjoWA,-1.250925305469502,36.81886250273897,2021.0,7.0,1/t/,180,0.6609828
23ZrrGHMscQKlkBm3_ZVUQ,-1.329110403605016,36.8341560040621,2021.0,9.0,2/3/,180,0.7800735
26T9A1ZBoX1VyrG2agzOCw,-1.21756823318911,36.70991513661559,2021.0,8.0,2/6/,180,0.70539033
275btMmD_p1E5RdhJCYuEg,-1.210739054865035,36.85418426002978,2021.0,8.0,2/7/,180,0.72023416
2G6A8LXSLBBj_z4iQKFDNw,-1.247510931123248,36.87441605583241,2021.0,8.0,2/g/,180,0.6380128
2LZeHEhu-_1YW5o9WFjTYQ,-1.226271003562227,36.83753034057418,2018.0,1.0,2/L/,180,0.71278423
2VEEk0Z-IucMods602GgYQ,-1.190779974081016,36.84428101382216,2021.0,8.0,2/v/,180,0.6004824
2XIQMQ5NW2a76exrhuXZDA,-1.268864637958396,36.88476352693227,2018.0,2.0,2/x/,180,0.68057513
2b5OMmoSGj5CNzFS6Ue2GA,-1.2297949445614,36.89441670118122,2021.0,9.0,2/B/,180,0.702597
2k9F5CnFDt6ltn9hclrt-A,-1.296522428899885,36.74086125601765,2021.0,7.0,2/K/,180,0.65607727
2m5RC3-OprJh79inaaHaDg,-1.276766359970758,36.91989353710782,2018.0,2.0,2/m/,180,0.7348623
2oUywgASaAGxWFyLsTUcXA,-1.372116373127069,36.76859781848518,2021.0,7.0,2/O/,180,0.69346225
2rGwXa_YiTzVradq3SDISA,-1.26784720707049,36.88578014653728,2021.0,8.0,2/r/,180,0.619645
2vcRbr5DRJUQTJIJBbis0g,-1.346571921078092,36.73542682911674,2018.0,1.0,2/v/,180,0.68028504
32haklwTnH3Uz09DuSeGEA,-1.38512333534478,36.74419774964348,2018.0,1.0,3/2/,180,0.6302183
36HQR1vhQ_XxJc4POjvglA,-1.160469505313976,36.93948945298277,2021.0,12.0,3/6/,180,0.72002184
38YhaLU7nXyTe-nvj0UXIg,-1.254864998532182,36.83816926830404,2021.0,7.0,3/8/,180,0.63422745
3ED_odsx6-d234d9C3UGKA,-1.252278179487831,36.88655973413766,2021.0,8.0,3/e/,180,0.7358024
3J1Gs1ZDeGBFHNgSVc93XQ,-1.207382315589626,36.9031703124885,2021.0,9.0,3/j/,180,0.67243105
3ceqs7QCd6dwAbxjS7Nk3Q,-1.241695303424285,36.90848032906064,2018.0,2.0,3/C/,180,0.6168344
3d6maPFAthrxFfXVj1knhA,-1.172816281551484,36.90944156852565,2021.0,9.0,3/d/,180,0.60237074
3mXDO_ypKsJ7Kf0W1TxwiQ,-1.280871988994238,36.70843506739791,2017.0,12.0,3/m/,180,0.6055845
4-AT3mmMlweA_UyGOB29qQ,-1.257236877734089,36.80899345487627,2017.0,12.0,4/-/,180,0.6031338
4Aia9AlxuCul-WzvDe6d-A,-1.475333343283409,36.97197518511971,2022.0,3.0,4/a/,180,0.63081354
4PCOxCxhquHLWMFl9IbWfA,-1.266897925324695,36.79658291940083,2021.0,8.0,4/P/,180,0.6120717
4RSl-ImvPWeFsb-hj7Vdew,-1.204371918437853,36.77523240545624,2022.0,2.0,4/r/,180,0.6120316
4SPeLbUGxO7oisf4zfEUEw,-1.276941257380195,36.88542174192497,2021.0,10.0,4/s/,180,0.6735309
4WQdPocDv_bXLYJ3MM2BVQ,-1.159327202640139,36.6387369348366,2021.0,10.0,4/w/,180,0.6115413
4ZTJ0qefQMNY75LNIDw6XQ,-1.254459582954427,36.69357392261115,2021.0,10.0,4/Z/,180,0.74256617
4dD35aCsyoJlmtrGIfBteQ,-1.156792970109263,36.93964560147951,2021.0,12.0,4/d/,180,0.6778702
4e-JhFVZGxzohyQKVDrffA,-1.262633419009204,36.83983053661025,2021.0,10.0,4/e/,180,0.6123398
4eEbcYoRwKdid4Gpw4-kyg,-1.258375441573388,36.85012531108912,2022.0,5.0,4/e/,180,0.61160374
4eKPq1WN1OH0IqlFqVmVDg,-1.260235239684706,36.98208873596253,2018.0,2.0,4/e/,180,0.7279541
4lP5ksk9oK0ocL4vG8CDfA,-1.253780703145188,36.81501544541931,2021.0,7.0,4/L/,180,0.6986038
4o4YySA2R5SaUkWBATDaqw,-1.287127841178562,36.69258321128144,2018.0,1.0,4/O/,180,0.68961024
4vB82o0yLJYVU2-bHcm-zw,-1.279561237199414,36.83325652723499,2018.0,2.0,4/v/,180,0.6345429
52vGjpWmzO54ANTTg2SSlg,-1.225347905532404,36.75738018062492,2022.0,2.0,5/2/,180,0.74485964
5BrRFhVPTHQhhTzS-zemRQ,-1.254346731745175,36.83867055168523,2021.0,7.0,5/B/,180,0.63805866
5Et_TgBTpPIToNIvhLQoww,-1.233194328721615,36.93578173047405,2022.0,2.0,5/e/,180,0.60101354
5GKehbR3fLYtbBV9vTVV3g,-1.273671014662237,36.66735463763078,2021.0,8.0,5/g/,180,0.7533025
5H4njqZMFEO10oF0dl7pVQ,-1.303114657261071,36.77448829931279,2021.0,8.0,5/H/,180,0.69131607
5QbDCMMD3DfQRfmuzzCYXQ,-1.3044541988499,36.73398641397824,2018.0,1.0,5/Q/,180,0.70107305
5_aZDOXzePUF2kmOXp4zsg,-1.284795169244321,37.0715820125539,2018.0,2.0,5/_/,180,0.6428475
5sjcBHOdE-n9loW8Ey7Oow,-1.251731166940301,36.86465000196887,2021.0,7.0,5/s/,180,0.6051682
5u9MrbetbifQDLJQLZAREA,-1.174652224547048,36.91374081960559,2018.0,2.0,5/U/,180,0.7446641
62DsugTXuvT1giavnWXtmQ,-1.368580985778766,36.74228722966317,2021.0,7.0,6/2/,180,0.61441904
6ExbcclQcbb4pS2j3Dcgjg,-1.210866233894917,36.92751521765918,2021.0,9.0,6/e/,180,0.60074687
6H2RKt9ysyoujAiKKk6KjA,-1.139897507008178,36.96498464510163,2021.0,12.0,6/H/,180,0.7580162
6nAtgnlMAWSVOooSibu4Hw,-1.302187037264166,36.7310027783891,2021.0,8.0,6/N/,180,0.67547166
6pvO-y_cZUwSOAFaUOcOfQ,-1.226630114347864,36.83757986177741,2018.0,1.0,6/P/,180,0.67357
73J3XVl5L7ez1xPViSKd6Q,-1.255761852900978,36.74707313996976,2017.0,12.0,7/3/,180,0.63852364
7Btiik4uO8ec02jMs36JyA,-1.203488191575868,36.94335731065135,2021.0,9.0,7/B/,180,0.7069772
7K4JjOs6yFee0WZLtZusQw,-1.379700717378744,36.7616604373589,2017.0,12.0,7/K/,180,0.6648064
7MZGPG90faVZX0mV_GX5pQ,-1.325845996287426,36.7246785945574,2021.0,9.0,7/m/,180,0.6227065
7TiqD_TOEcTwzyAoof_Qkw,-1.355581599571504,36.66192414300478,2018.0,4.0,7/t/,180,0.6102967
7iRfsB7lBlHPUJNsi6eIQg,-1.295785192675813,36.85834766481329,2021.0,7.0,7/i/,180,0.6021547
7jO3Fegl_XhmOn_-_9P3tg,-1.323916225181536,36.79762376327042,2021.0,8.0,7/j/,180,0.6116768
8BHebyQ5a0BE3nBiK5FLMA,-1.237711110402403,36.76284119686417,2021.0,7.0,8/B/,180,0.72787815
8CWWApolvMvMEMczp3zAFQ,-1.385626757462267,36.74414964599519,2018.0,1.0,8/C/,180,0.68198043
8WAV6ewHxXvRgIBtDxtIVw,-1.219243471217733,36.77555033121822,2021.0,9.0,8/w/,180,0.63777775
8a-H45aHfDqwyGU_UYRqKg,-1.201722914459547,36.9062478354539,2018.0,2.0,8/a/,180,0.6494341
8e2D8f3Xl54KkwdpJjytVQ,-1.274726648388072,36.77576789751839,2021.0,8.0,8/e/,180,0.60326403
8gMqgsGR-JvP3ujiVYrGag,-1.212688368085549,36.89460133882682,2018.0,2.0,8/g/,180,0.6414627
8kc--nZDdeYj0-p8yCsxgw,-1.280666615796217,36.85067791408633,2021.0,7.0,8/K/,180,0.63249177
8ugePTc3zMcpZw1Dqj-8ZQ,-1.278765713697293,37.06105792655703,2018.0,2.0,8/U/,180,0.6818153
8vBuWqe7yKjASdBpwkx_xg,-1.242669466199547,36.89459067088659,2018.0,2.0,8/v/,180,0.6354775
915QyTCv5TXytJyrY3frTw,-1.371795182738697,36.74420161437968,2021.0,7.0,9/1/,180,0.75863
91c5gycXIpy4Bx1kRfq2lQ,-1.221330460147548,36.86780039353798,2018.0,2.0,9/1/,180,0.69467145
96UGmX0L6qZik_ce2p4Icw,-1.245316144614622,36.71403977641859,2021.0,10.0,9/6/,180,0.71592295
9HYT_XIo91aAtCnJzum4Sw,-1.274411431809278,36.70159869225417,2021.0,8.0,9/H/,180,0.67024827
9P4hx8W_6xRgaGFLVHI2XA,-1.208585757457566,36.87386839191392,2018.0,2.0,9/P/,180,0.6560942
9TA7-WN1NXMfhG1HhzU7bQ,-1.178612579438833,36.86777001986256,2021.0,9.0,9/t/,180,0.7252849
9Xaz_dpeqI61l15bivNz3A,-1.370870134517556,36.75731416289844,2017.0,12.0,9/x/,180,0.6341839
9f7NgoH5_NXJhfw-jEgN8w,-1.285473554758624,36.98873121331001,2021.0,8.0,9/f/,180,0.7574476
A2MMbVUET-qhK8hNcteVBw,-1.276726396335839,36.91995104207209,2018.0,2.0,a/2/,180,0.7110255
A5D_JdCmMBc1mp8mYIKO-A,-1.297364192717637,36.8161718591757,2018.0,2.0,a/5/,180,0.63089573
A8BZIa98-H9aHYA1Y9x-Fg,-1.361095638997753,36.65337684344702,2018.0,4.0,a/8/,180,0.6184501
A9tortlAzDKyE0-pTHcclg,-1.338337790647426,36.78082759245562,2018.0,10.0,a/9/,180,0.71778536
AHcyDEhF9Qj-lCUZ7HSvcA,-1.364078367922681,36.76575039028553,2021.0,7.0,a/H/,180,0.66625994
AKaZ3Y-V454RyFfsyGXuXQ,-1.305851303967764,36.74215870320405,2021.0,8.0,a/K/,180,0.6364487
Acb5lAT2RQaJ6RlV-XWhyQ,-1.342766248698116,36.87226228405743,2018.0,10.0,a/C/,180,0.6058291
Aexecal3CriC7ZQXnmWwQg,-1.315335671210023,36.91386912954498,2021.0,7.0,a/e/,180,0.6630443
Ah-FSQ-GLOvDrHMs_adOcw,-1.264236609998663,37.01264972565022,2018.0,2.0,a/H/,180,0.66322434
AvSviOXQxWzMaMPGd-e0fw,-1.277794021218853,36.79501525779081,2017.0,12.0,a/v/,180,0.6700062
AyJmVnWSo-zdOrJdi3xhZA,-1.349220385697237,36.6626222904525,2018.0,4.0,a/y/,180,0.6278906
B-mV2L37WWA3Ej8l8sS3oQ,-1.240546633650555,36.67360805342871,2017.0,12.0,B/-/,180,0.69997644
BD5ZcmLCqBgeOeBeBoOrpw,-1.387999673943968,36.75429512507986,2022.0,2.0,B/d/,180,0.6896868
BLS90b_yaEt6skaU7S1kKg,-1.174711050089188,36.91368371996959,2018.0,2.0,B/L/,180,0.7028936
BMqjI-EcOTDId3n65yqGBg,-1.247310712014884,36.91450091325531,2018.0,2.0,B/m/,180,0.61685795
BOoNW3-juhXFcD-FD7u9yw,-1.257031421426658,36.88569413615543,2018.0,2.0,B/O/,180,0.6146949
BTD8eDM1BYAJLfgeyWIdAQ,-1.291930938164781,36.79401390250062,2018.0,3.0,B/t/,180,0.6056717
BYvEInbzgeoZzcDUfJ5QFQ,-1.307061862383303,36.82490282679196,2018.0,2.0,B/y/,180,0.6115177
Br7W6R8AbgkXl6ZFR47Qpw,-1.268516080957105,36.85188426569126,2018.0,1.0,B/r/,180,0.6119598
Bs8EI8mAz9oWceFt3qTUHQ,-1.306049396129698,36.87074920726012,2018.0,1.0,B/s/,180,0.635663
CBiEqEbVyoIDNTW-A-QBQQ,-1.233800175522908,36.7233159455082,2021.0,10.0,C/B/,180,0.6506084
CMxllGsGYIGFp4OrKRNrSQ,-1.481759506792553,36.95234614920275,2022.0,3.0,C/m/,180,0.73776
CRIqOnCac0yJBOOIlI2XBw,-1.373428630103658,36.65597896483891,2018.0,4.0,C/r/,180,0.6453101
CW8ccAZ3LiC-CpkvvF4VRQ,-1.357320450997794,36.68169998890811,2018.0,4.0,C/w/,180,0.67760485
C_c_ImtazJQHa954bKrzLg,-1.278400752102869,37.03622729156082,2021.0,10.0,C/_/,180,0.6824574
Ci9VglTYg-RbuVU82xtAEg,-1.260873991643581,36.84997077857317,2018.0,2.0,C/i/,180,0.6065732
CjxWgLVGuFx8teDFllb9yw,-1.194747961846328,36.88039708143794,2021.0,9.0,C/j/,180,0.7145456
CmvDHxfdykTIde1yhdXCJQ,-1.15612455997117,36.93553748938064,2021.0,12.0,C/m/,180,0.6746
CvK0yqXcgKBgr2-qTY265Q,-1.32893017426772,36.83524033868757,2021.0,9.0,C/v/,180,0.6051908
D87FgF-Sw6OD7zCg_0MUbw,-1.194882489724346,36.94003236281365,2021.0,9.0,d/8/,180,0.6137629
DO9pO3cQk5bKWvvveA2zAQ,-1.274522301275271,36.80282587305599,2021.0,7.0,d/O/,180,0.6533089
DWR-4XzGYT4dYGXBcU37ng,-1.276772261028922,37.03450200124164,2018.0,2.0,d/w/,180,0.7169352
DctiDaEaTLcxGE250gU0Ng,-1.34491898871831,36.70262614258208,2021.0,9.0,d/C/,180,0.6507235
Dhg6hko4Nyr0sGBpS5BUmg,-1.2272952865518,36.70770394791488,2021.0,10.0,d/H/,180,0.603633
Dhr-aDCrWWrCq7VqOqaT2g,-1.142206282258868,36.63300130718151,2021.0,10.0,d/H/,180,0.70772
Dk_60JO01oUUp-1DY0qUhw,-1.288913171878307,36.79143961926408,2021.0,7.0,d/K/,180,0.6493442
DoXEOmulWrax6S6faoG44w,-1.196663220567052,36.90313568674924,2021.0,9.0,d/O/,180,0.64466685
DrURtoFbiQBzM4tSWjmlmA,-1.306512092307158,36.69428444542008,2018.0,1.0,d/r/,180,0.6026345
DvHIOJyYybsXT7WLqYUkrA,-1.23184653638956,36.65963118360612,2021.0,8.0,d/v/,180,0.6905493
E3kDSlbGUpd419-KrKOHRw,-1.232896056477026,36.76360514966806,2021.0,7.0,e/3/,180,0.6320979
E7A95W0yPxwhucFWDrTiEw,-1.258111110179827,36.82441861695932,2021.0,7.0,e/7/,180,0.62237793
ECCcgl2anGB0aFqMW88BYg,-1.252045147709018,36.78880911823656,2017.0,12.0,e/C/,180,0.6717112
EI--3US2a3sgQFOLfvHJtA,-1.284009593806939,36.8393317247986,2018.0,2.0,e/i/,180,0.60341215
EIKHlnEgS1uOmSLysHqHRA,-1.349252457609821,36.94014037022583,2018.0,4.0,e/i/,180,0.61109644
ELj3Nns6TKYJbOkzY1xujQ,-1.266563321668771,36.66631369516872,2021.0,10.0,e/L/,180,0.73977685
ENA3nCPqzPefzCPcHJmxuA,-1.330274932188924,36.74867659715645,2018.0,1.0,e/N/,180,0.6505319
ESxps6y4YH2hIJttZTTPKg,-1.344890077862987,36.73365819443634,2021.0,7.0,e/s/,180,0.70465213
EZAte-Jfz8D4WZUnMdXC9Q,-1.268464725815265,36.88515525584204,2018.0,2.0,e/Z/,180,0.6339962
EarahD7v0hPlicv9zr4kkw,-1.200137667950556,36.90831418661681,2018.0,2.0,e/a/,180,0.6333254
EhYtiOSTlQoblsUwKrPz9A,-1.293391343580826,36.90141053296982,2018.0,4.0,e/H/,180,0.6320065
EiyuX1dj7i-P2GGt7N1bvA,-1.316812813804256,36.91404617064012,2018.0,4.0,e/i/,180,0.64906055
EkQQPa5XSqVQm4hYNDnj_w,-1.324005006579902,36.84935592973038,2021.0,8.0,e/K/,180,0.7734507
Eo1s5fs62HMNcCY7RYzNzw,-1.328839457879972,36.8824114681312,2018.0,2.0,e/O/,180,0.6150133
F2LOOvpT5Wyc9nxSPVcVvw,-1.372806449634003,36.74607434318895,2017.0,12.0,f/2/,180,0.60718095
F5I0WH87JsveDWrGorLgxA,-1.166476535734764,36.93617712374773,2021.0,12.0,f/5/,180,0.62395436
F6O1H3JgVDUxRQleZZtkrg,-1.237616569136303,36.77540928676218,2021.0,7.0,f/6/,180,0.718273
FDee2KjysUY-sqntrEpV0Q,-1.272378975317307,36.67223804923471,2021.0,10.0,f/d/,180,0.60010433
FFftACew2pE1xTU5nAGqRQ,-1.220355680670558,36.97783079382166,2022.0,2.0,f/f/,180,0.70496786
FHb9t--c0boE-sJ76qX0cQ,-1.28571771580929,36.76014547308577,2017.0,12.0,f/H/,180,0.65306795
FgjU3C-fia7S9o0Le02pwg,-1.25881555632386,36.72502264571441,2017.0,12.0,f/g/,180,0.71782696
G2SHnB8Y3DK9AiM2LbJI0A,-1.251284876458632,36.90342007681569,2018.0,2.0,g/2/,180,0.7548577
G2Xgrq-iGevwhyaSHqhvSg,-1.137494763323533,36.9706256276072,2021.0,11.0,g/2/,180,0.60459584
G3Olbx1mgrq2CiG8keBs5Q,-1.251344036356371,36.94280105831644,2021.0,8.0,g/3/,180,0.6163912
G4vfFONfXKU8WI1zzrrV9g,-1.311570105860945,36.82026471353848,2021.0,9.0,g/4/,180,0.6053136
G77lkmXq_Kteqh56qXIJ-A,-1.333432363824353,36.89189688432326,2021.0,8.0,g/7/,180,0.6037255
GMMDzZvq5dRLceyL1S4aOA,-1.490828474793641,36.93607706591301,2022.0,3.0,g/m/,180,0.6798481
GPm56wMHlQnPhemGk7oS8w,-1.282459802078846,36.89224171683843,2018.0,1.0,g/P/,180,0.71028984
GUap4kFac_XmI9Oj3VofvA,-1.47514056010116,36.96630200638072,2021.0,9.0,g/U/,180,0.6144706
GXAAdYfMc3Nf__SPK8w42w,-1.482422973347931,36.93574318341137,2022.0,3.0,g/x/,180,0.6576074
Ge8pOg9rEsDVSKKH7R3OFQ,-1.260714586060018,36.78869645082709,2017.0,12.0,g/e/,180,0.6685528
GiGE4tyF7KYbQifsQC61Lw,-1.216117667610554,36.86391517031975,2021.0,9.0,g/i/,180,0.64749604
GrPecJ-Fi8VyYGyq8RqNng,-1.290018687187346,36.74514871536584,2021.0,7.0,g/r/,180,0.629745
Gwow2jJYQ2ClqD90kIwBqA,-1.293446651833576,36.8120749167411,2021.0,9.0,g/w/,180,0.6504911
H2nfuTTsqq7ASJaTQrukAQ,-1.226138052083203,36.83463809678664,2018.0,1.0,H/2/,180,0.70717686
H885oxVXy8jvwajmhDns7g,-1.171706248294409,36.77948179620918,2022.0,2.0,H/8/,180,0.68925333
H8lneI7cQBCnIJ-JylNBvA,-1.175618055918874,36.63419687322181,2021.0,10.0,H/8/,180,0.6826706
HVPkcbo4-ZB52x5NGWy6hA,-1.275493502909508,36.65466601917046,2021.0,8.0,H/v/,180,0.62560093
HZGur4MZCc1we2mqk3oHoQ,-1.218609053185939,36.97311462081461,2022.0,2.0,H/Z/,180,0.6017499
Hb-8y-tPGV4RExJpnd2ByQ,-1.26814207968537,36.65682815210317,2021.0,8.0,H/B/,180,0.6374493
HeWpviOTswpSdPoOrhxbsQ,-1.363559862100086,36.65951996661626,2018.0,4.0,H/e/,180,0.70116204
HeumVIjuQUeUGELtEQGqSw,-1.215898398031694,36.6851292494261,2022.0,2.0,H/e/,180,0.60168284
Hx_ZJhkUUIAOYhr186JOqA,-1.204913577289997,36.92029779358963,2021.0,9.0,H/x/,180,0.6595163
HxnytIFrOfDrqowwPZ2XDA,-1.276203266103412,36.78836403577078,2021.0,7.0,H/x/,180,0.6432647
IJ6N8j10OEp3GYKQM9Q68g,-1.265171528756841,36.88284276935632,2021.0,8.0,i/j/,180,0.6270382
ILZh4S4FyRBRwCsL9pVpeA,-1.475587564521512,36.9584498739151,2021.0,9.0,i/L/,180,0.62517506
ITidHJUJeP3kRk9HuU5e2w,-1.489264809612985,36.9371726097419,2022.0,3.0,i/t/,180,0.6657988
IgKPAbxNxVgLVPVl2fnLgg,-1.288094768938077,36.80089057190651,2021.0,7.0,i/g/,180,0.6704035
Ik-4VGKgyWmauNRAx9n_-w,-1.206198869721894,36.94329703583476,2021.0,9.0,i/K/,180,0.7143255
IuSc_BGQXnmBbV73B_yvrw,-1.243944839148103,36.69967062138447,2021.0,8.0,i/U/,180,0.6220148
J9OfImmd9uJvADCcsEv4lg,-1.291889676899351,36.77458282331789,2017.0,12.0,j/9/,180,0.6684697
JBdL1TgpoJToYBtbamfoQg,-1.267368794363101,36.91148379138147,2021.0,8.0,j/B/,180,0.61761916
JC0vexchxHKZVq9kY_44ug,-1.200851623088185,36.8022766911086,2018.0,2.0,j/C/,180,0.6310705
JFf2YEHsNZ0-7kyhbP8OsQ,-1.286293161256925,36.82738477326325,2021.0,8.0,j/f/,180,0.6386638
JM6LYdrQrbrsVvOwL6KNMQ,-1.272747804840708,36.83878215740006,2021.0,7.0,j/m/,180,0.70901954
JYxwkH4hM466tstku6tofQ,-1.278356020086621,37.03574939065006,2021.0,10.0,j/y/,180,0.6234594
Jjsbaawmcy1nWlLX9v82GQ,-1.297469496821213,36.86378800454044,2021.0,8.0,j/j/,180,0.6945708
K44IxLeLh3SVzcs7wdpOyw,-1.287540318957028,36.88773020795829,2021.0,8.0,K/4/,180,0.67307025
K6pUSUKBHDfuwTEUUF69TA,-1.333394913653026,36.87116514449721,2021.0,7.0,K/6/,180,0.6293181
KAc6BqeI9K8-j1ETvONKJQ,-1.292883461325442,36.8528527320075,2021.0,10.0,K/a/,180,0.6382699
KIovDZAjnvUVHHNuv20dDA,-1.159317175986302,36.9426491809307,2021.0,12.0,K/i/,180,0.61522514
KKITAXgu8ofgKX8oAX9_qA,-1.210844129299703,36.85048667943199,2021.0,8.0,K/K/,180,0.6480104
KRKWN0hXVrl5-riMazQnVQ,-1.247135997503391,36.90229325881347,2018.0,2.0,K/r/,180,0.6081285
Kc-rQgs7yQnMGNmQIhooAQ,-1.231740721171106,36.92565045437487,2021.0,7.0,K/C/,180,0.6516161
KjuHzowQui2CkFfP9nycxw,-1.253200126397024,36.95436921953048,2021.0,8.0,K/j/,180,0.6425664
KmIhGVb5LbqJBtTmDH7tIg,-1.328950105871681,36.8349741636496,2021.0,9.0,K/m/,180,0.75689155
KsQfYfVhSMF3FYl80wTcow,-1.329447677332408,36.78753722388365,2021.0,8.0,K/s/,180,0.6761216
KuXNTmKP8RqBLWUItG8UUw,-1.329358303096182,36.72232752197674,2017.0,12.0,K/U/,180,0.68572587
L8eGrbx0j-6Y-O8HqMsszA,-1.329022939820645,36.72352938799169,2021.0,7.0,L/8/,180,0.6213444
LAumyhrNk__fwT8IDNYi-A,-1.391489621413719,36.7681352698953,2018.0,2.0,L/a/,180,0.64801663
LKk3QB5tNdFJ4ah1TNjHNg,-1.23125746879946,36.88453060605006,2018.0,2.0,L/K/,180,0.64993554
LVwkt-O9u1czMZ-hocAL1w,-1.372697260269026,36.7628748198316,2021.0,7.0,L/v/,180,0.6595202
LXr4N12pe2xluLxWmZuA0Q,-1.266344216434891,36.99042939591666,2021.0,8.0,L/x/,180,0.7069896
La_7ztckWNGS9JvNC_ei5A,-1.134774533629656,36.97386991752883,2021.0,9.0,L/a/,180,0.62281114
LfcxYT84eiI8HVQJgQ7WZA,-1.381346639605024,36.76129181096039,2017.0,12.0,L/f/,180,0.6565935
LgFOAT6Hfpy1sIFSsDzJcw,-1.267677625893512,36.76915727894155,2021.0,7.0,L/g/,180,0.65090054
LjxpVyHi8SiQ58PjIkbaZg,-1.276492798621607,36.77493987638415,2021.0,8.0,L/j/,180,0.61655986
LsXit8WyZzCTw2MjzRKq0g,-1.340189775523067,36.73195317296515,2021.0,9.0,L/s/,180,0.6235549
LtzJB0fvRcfPHCf40Qsu3g,-1.247014107963996,36.90841362599135,2018.0,2.0,L/t/,180,0.65502125
M-JYOayEXf8ifw2ixIKY8w,-1.378437395301447,36.75382656754751,2017.0,12.0,m/-/,180,0.63959515
M3aXHJiV4imS9RmZ2g9w3Q,-1.266485430580115,36.78763321047087,2021.0,9.0,m/3/,180,0.7230357
M83nK--vhh_QdLkGd6MOAA,-1.485759333676242,36.96494734315768,2021.0,9.0,m/8/,180,0.67434484
MCouwGlFsiEj7_yw2scMiw,-1.231686471854145,36.73597798714137,2021.0,7.0,m/C/,180,0.65178657
MHDtlb9XQ40r0RBYeMgXAA,-1.22780958805403,36.89291365141525,2021.0,9.0,m/H/,180,0.77011275
MXzeIRdTZIEq1j5rxaAuUQ,-1.147489666824949,36.95167623517353,2018.0,5.0,m/x/,180,0.6189147
MgHW3-V-nIEiOYHNOmUxbA,-1.323250190807997,36.85167743346451,2021.0,8.0,m/g/,180,0.6097584
MmaSSSJC35j4xCuUle77tg,-1.34720014854567,36.66870390661003,2018.0,4.0,m/m/,180,0.6282412
MoRxj4CQ0C1HRpKwMUuIsw,-1.329100832467708,36.83424585258736,2021.0,9.0,m/O/,180,0.778248
MtTFvK66Qqe0E2XAkukk5A,-1.211004075923429,36.85431472664054,2021.0,8.0,m/t/,180,0.72142386
N6wmbblRVrDwYvqzkYhxCA,-1.287762151979106,36.82809968189416,2021.0,8.0,N/6/,180,0.7945952
N75Oj5iuBCbtrPpuL5R4Zg,-1.371914854221924,36.93864662259986,2018.0,4.0,N/7/,180,0.6566761
NBc2MbwEU3eewtj6YkvlGw,-1.373884884996448,36.93795345561349,2021.0,8.0,N/B/,180,0.62391466
NL8fN3tKvmoNq1kyZkcZKg,-1.21327013539635,36.97422690604034,2021.0,9.0,N/L/,180,0.64957774
NLRaPl4KIxYSxN3eFRPXMQ,-1.265957006253775,36.65171361828754,2021.0,8.0,N/L/,180,0.6551388
NOX3MwAV-TCGR8RgoTANaw,-1.281326777167636,36.84821834730776,2021.0,8.0,N/O/,180,0.619484
NRdo_Yr-9eJ1wwbvZ8BfZg,-1.258486680719823,36.93787480551369,2021.0,8.0,N/r/,180,0.6391495
NWDhXhiJVYNc1MNDmTvCOQ,-1.263595001668575,36.87908121218805,2018.0,2.0,N/w/,180,0.6380196
NY-9gfY_7DSfVbs9sVfugQ,-1.237486205763051,36.68231162188053,2021.0,10.0,N/y/,180,0.62066317
NY4rNgTsZRZ1uaFyCEFLuw,-1.276168242604839,36.81929335476181,2021.0,7.0,N/y/,180,0.60626936
NZm05fO0r4kFhIyBD48-4w,-1.225355332714932,36.7573934170487,2021.0,7.0,N/Z/,180,0.74033684
NaGykLDCP4EiWK-fVoIZCg,-1.255536208769594,36.78178519758642,2018.0,2.0,N/a/,180,0.6070399
Nn_sWGc6QoChLWSnsuHBKw,-1.476602786844585,36.96582290904037,2021.0,9.0,N/N/,180,0.65389454
Nwod7twCRpLXQj3dmonPlg,-1.261522265655606,36.7979317325796,2022.0,4.0,N/w/,180,0.69820786
NyK2v4qgkGp49jXkkU9tVQ,-1.233428700133711,36.74857891561159,2018.0,2.0,N/y/,180,0.65815586
O30deXuN70knxiULa9yRVg,-1.186947322973794,36.89258580916481,2021.0,9.0,O/3/,180,0.6303145
O4aczqlB7gTMs0IHu4Afpw,-1.303190605399389,36.80782772704988,2021.0,9.0,O/4/,180,0.6372228
OBg0W428-51KAUt4lHlU1Q,-1.155605648882283,36.93636272246767,2021.0,12.0,O/B/,180,0.67591155
OFAU8OfGh3CWXMu6ttoBIw,-1.303021658795358,36.77961165518328,2021.0,7.0,O/f/,180,0.64615434
OIuMyOi_t7vNl427CuLlEQ,-1.310784922119146,36.69316151182164,2018.0,1.0,O/i/,180,0.6272901
ONA_O6ZKBqKF-zDUSENH-A,-1.277324154894948,36.99590763187542,2018.0,2.0,O/N/,180,0.6095192
OTUD3hZTlzW4mEfmm7Saow,-1.200563486410789,36.83486904025981,2021.0,11.0,O/t/,180,0.6150192
Otmx4_MgQcAR9m7a-rplBw,-1.249502745953914,36.66246621419334,2021.0,7.0,O/t/,180,0.6348022
OwqBSM1ZSA1hdALU5K5WJA,-1.25575168028552,36.95125739229388,2021.0,8.0,O/w/,180,0.6397431
OyKk9-NasMRaKGF-x33eRg,-1.250182469785495,36.67975568364307,2017.0,12.0,O/y/,180,0.63592684
P2GaBpHN045l3m3T5-D26w,-1.295145418196746,36.69252577595135,2021.0,8.0,P/2/,180,0.605531
P5yQJ9PgH9Uszbu1P0h27Q,-1.311839103853129,36.70697265670767,2018.0,1.0,P/5/,180,0.6057773
P8kqQ2vM9PfLeDx4EUckjw,-1.390988085564659,36.78363141745684,2018.0,2.0,P/8/,180,0.63481045
PL_-1OwZoCgObMWAW2RgAg,-1.245093512184322,36.76800029426931,2021.0,8.0,P/L/,180,0.6500771
PMPob9T8F4oiWJ_ZRNQoag,-1.230946635461659,36.70931475413074,2021.0,10.0,P/m/,180,0.6412557
PZgL6d6LIrnpYfY6x6PTIQ,-1.250732960011248,36.72753927843159,2017.0,12.0,P/Z/,180,0.6903212
Pj635k5pFUW3w7TNEjeOSQ,-1.336528505440165,36.76696840488082,2018.0,1.0,P/j/,180,0.62718314
PrFmVDuEV8XEA-NCbXMV5g,-1.304396220410155,36.80674685112763,2021.0,9.0,P/r/,180,0.61113316
Q48v-_txpZvM_JKhrd1deg,-1.26645722495469,37.00035356100277,2018.0,2.0,Q/4/,180,0.6642173
Q5WHp5g2R5uTHYh9lCDFlg,-1.287673406755129,37.06638716946753,2018.0,2.0,Q/5/,180,0.6211416
QGwERHr6BLPxt0OyrZmvIA,-1.20654684409476,36.78212775112049,2021.0,7.0,Q/g/,180,0.64542073
QQBEvqw1fxlFjAs3kA-gFw,-1.279618393340208,36.72864063826533,2017.0,12.0,Q/Q/,180,0.6075704
QaIyI8CynCQbis1xSDG4mQ,-1.207374666661162,36.8459300734231,2021.0,8.0,Q/a/,180,0.6116571
QeNp37LhQNyv6NuQxc7yyg,-1.284009628666845,36.95636107696713,2021.0,8.0,Q/e/,180,0.645216
QjbI-56X3xGz6dvcBGrYoA,-1.329591937159184,36.68751416715963,2021.0,7.0,Q/j/,180,0.7044033
QrzvM266Up-InngkUxzpGA,-1.33852477795404,36.73678662444832,2021.0,7.0,Q/r/,180,0.6457052
QuzX3bI4VjDy5zwZVMY3eA,-1.218233693665651,36.77080850932011,2021.0,9.0,Q/U/,180,0.62924016
R4XDTBAesfLUvCXvrTsQog,-1.208668903456454,36.92927478098517,2021.0,9.0,r/4/,180,0.6004666
RBnBUtudSm2K-4hJ6HYhbg,-1.268630422231788,36.84121272207122,2018.0,2.0,r/B/,180,0.6133399
REO6Sc95u-wtb4Hn-kqWiQ,-1.358966163896639,36.66086608443653,2018.0,4.0,r/e/,180,0.6651244
RI5eGkLRUOWRdMTZDIVcbA,-1.300744082830237,36.80127477684533,2018.0,3.0,r/i/,180,0.61267394
RNZlFek5BY4dfd6vrE7CUw,-1.297073823645724,36.87630690967831,2021.0,7.0,r/N/,180,0.6287445
RONwFMEbTmT7tbGlgbhtxA,-1.373108707139485,36.91083885481637,2021.0,8.0,r/O/,180,0.68929803
RRAhYM3wy9VpcU3qou3rzg,-1.226481468232252,36.70699305957478,2021.0,10.0,r/r/,180,0.659715
RSkYAAGfscPTPNZOn6n5Hw,-1.206205125231089,36.83976713825968,2021.0,8.0,r/s/,180,0.6181031
RZsVVGPgJSPG6Cb0YOVYhw,-1.224457034586694,36.88915080426922,2021.0,9.0,r/Z/,180,0.6796245
RegSP6trLsjYKF9ZnZcK6g,-1.281370993864529,36.85076642871317,2021.0,8.0,r/e/,180,0.6083409
RpxXQCk1oMEMPLv9Dmdd2A,-1.163416042845931,36.76440542967001,2022.0,2.0,r/P/,180,0.6179943
RqtiHke_io0dOFeAjD_Jvg,-1.281273369258909,36.74318427729919,2021.0,8.0,r/Q/,180,0.65651625
RsdlytC2cmNW8thPOiEK_A,-1.303876130670518,36.77713706283596,2021.0,7.0,r/s/,180,0.67105997
S1FVFfxFUbwHViBzLlgCJA,-1.22589751482309,36.86722320946928,2021.0,9.0,s/1/,180,0.61239725
S1gB3aPCuRbLZQU_29RqaQ,-1.194401568339893,36.7403496059496,2022.0,2.0,s/1/,180,0.6145033
S2XZioM4rgxESrtjgVlzWg,-1.228564038720259,36.86593559080345,2021.0,11.0,s/2/,180,0.60943836
S3vRUNUZx-qrqSyH6tsqoQ,-1.356739796510109,36.6643308760878,2018.0,4.0,s/3/,180,0.66651714
S5emlVuWVSKrb_iTF1YpqA,-1.329066355015941,36.83443047700134,2021.0,9.0,s/5/,180,0.70367324
SGjon3-Dsqriy_fm7AA_PQ,-1.224141384665758,36.88897271831151,2021.0,9.0,s/g/,180,0.6277205
SJ2HHKt7zh0MmmcUeFyJng,-1.27198502340084,36.88720045227389,2018.0,2.0,s/j/,180,0.60818404
SOMYSpYGn3T3-YUWRtVPKA,-1.290962726057535,36.81061101656568,2021.0,9.0,s/O/,180,0.66028
SXO7iv6x6bCNgSswoHybIg,-1.259323627419505,36.94660240069447,2021.0,8.0,s/x/,180,0.6549067
SbIg9zIW1yjhBQ69thEQEw,-1.273708496006726,36.66726359895972,2021.0,8.0,s/B/,180,0.65214837
Sm-7EvIK2MxbYLYLGQtFuA,-1.207125821483211,36.96846356205008,2021.0,9.0,s/m/,180,0.62559676
SyFvJ2s44s3IBb7NP7-SWA,-1.167472881537842,36.79454556090393,2022.0,2.0,s/y/,180,0.71124935
SyUcyyPi8eg8VPkmoxjarg,-1.282951354741868,36.7272083162411,2017.0,12.0,s/y/,180,0.7307486
T3tsFUvTAflQy_kf6UhOxA,-1.201463523283531,36.78149737906801,2021.0,8.0,t/3/,180,0.6291391
T70s5GY-zR9-2L3IBLMnUw,-1.224058617604436,36.72414783309801,2021.0,8.0,t/7/,180,0.63960814
T9Ou20q8VkGtG5eypEzV8Q,-1.195650348099133,36.79867798586785,2018.0,5.0,t/9/,180,0.65589094
TMy5d7bPKH1_w8NRnYW6tw,-1.1995089873207,36.71921641485714,2022.0,2.0,t/m/,180,0.7991283
TVZjoL_T5Nmj_rM_y-kvsQ,-1.166303272852288,36.77325043468414,2022.0,2.0,t/v/,180,0.638229
TWkN5TvZyaD-ebFUwqzn6A,-1.262862126283891,36.74293956174026,2017.0,12.0,t/w/,180,0.6544808
TkeTDzErMkQXMAOeheETRQ,-1.208909163653027,36.92236629186905,2021.0,9.0,t/K/,180,0.63922334
Tlc4S5b2-WrZCkgv_voDpA,-1.194417319282764,36.73379421944882,2021.0,12.0,t/L/,180,0.6815104
UDmxH_uYXoNaLeBrDByZuA,-1.234780399605705,36.67021744259972,2021.0,10.0,U/d/,180,0.73582387
URBIKDxqBKmSDReI065v7Q,-1.283462926623837,36.88705280938166,2021.0,8.0,U/r/,180,0.62789106
URiWM89z6gjc8QGwEO_Rkg,-1.243815911980209,36.71245309349393,2021.0,10.0,U/r/,180,0.71030104
UZHpbh0HpNG4F6GyFUYW-Q,-1.210677222536383,36.85653976666923,2021.0,8.0,U/Z/,180,0.74036616
Uazs41yEEmWdsed3IXB0mA,-1.264046171311455,36.80897833807806,2021.0,8.0,U/a/,180,0.6026169
UcSIDf0olS9ouGipXGp9og,-1.314148217092849,36.86997519819574,2018.0,1.0,U/C/,180,0.7051992
UghPm13SaM7IlPWLVFrNMQ,-1.370275829082979,36.76226532924724,2017.0,12.0,U/g/,180,0.6051056
UhL2m6JGB4TlambrfysCLw,-1.20075053531795,36.90203988033052,2021.0,9.0,U/H/,180,0.6568814
UoHO0r3IXPRpbUy5CTB9nQ,-1.222836463247447,36.75049387799732,2021.0,8.0,U/O/,180,0.6041064
UprNCMZ9dU_-hWrIHax1WA,-1.313481803069953,36.79047470219655,2021.0,7.0,U/P/,180,0.64498997
Uq1dAkF4mohM3Y4Z1J-FOQ,-1.199397664602092,36.91239962273684,2021.0,9.0,U/Q/,180,0.60470605
UvGlS2MvaTXy-J3Y2F7GUw,-1.278913468758107,37.01353725423161,2018.0,2.0,U/v/,180,0.687488
UyTArlJzfHmzNgrMRyevIA,-1.186391157864165,36.78023218068027,2022.0,2.0,U/y/,180,0.63468707
V1zE8afeg2QvfXOLdcCeGA,-1.245766097841974,36.71091573590022,2021.0,10.0,v/1/,180,0.65130633
V9JL-ydaPR6-75z3p9li8Q,-1.307084119208727,36.6813906317299,2018.0,1.0,v/9/,180,0.6626467
VBLxPhw3bGdd889hU113pA,-1.205157232186923,36.83817394937367,2021.0,8.0,v/B/,180,0.61601293
VBbrZKHLYEbOTo8_m5Myog,-1.303314798206366,36.80988106840854,2021.0,9.0,v/B/,180,0.6634642
VBi7pS7eJgN5uZZjWfkzuA,-1.194465085814093,36.73440608220383,2021.0,12.0,v/B/,180,0.64410007
VC3oArGeakZQql_lbzWqqQ,-1.222554869427823,36.89926061871269,2018.0,2.0,v/C/,180,0.75288993
VCSK64Yh6PFlvw5z-wRRqA,-1.314499706000378,36.91160365493695,2018.0,4.0,v/C/,180,0.6208211
VGC_D4n3SG4QFrgoHHbzDQ,-1.265403250942426,36.917734730384,2021.0,8.0,v/g/,180,0.6123418
VKQySOfwVoF5QhGRRbiX9g,-1.391222063398564,36.78320676795296,2018.0,2.0,v/K/,180,0.67030317
VQn1PZqUZFuGM9rNP9U0ew,-1.305971466373197,36.74156499523873,2021.0,8.0,v/Q/,180,0.6396216
VULMiLVRKxPJRW8aO-9LmA,-1.270686924401863,36.80764328255879,2018.0,10.0,v/U/,180,0.69903255
VsaNIT6wSLY8F8AJBi7R6Q,-1.307681142594606,36.87077325895443,2021.0,7.0,v/s/,180,0.6663935
VusOg-Qr2k4cZgPJtInivg,-1.31670503694599,36.89025673302211,2021.0,8.0,v/U/,180,0.6632239
VyopnSAHYNDPHhCujlOMbg,-1.198717371591243,36.90707364447782,2018.0,2.0,v/y/,180,0.60040504
W2-LdMcwMjUbM37j1PYEgg,-1.280075603569012,36.8437456075899,2021.0,10.0,w/2/,180,0.69906646
W2ZSFKDNWj3ayKjLQkxaYg,-1.221595163856404,36.88464534306738,2021.0,7.0,w/2/,180,0.65356344
W8Cc9Z5Dyyf3GUILW59j1Q,-1.251680847524497,36.77334372732761,2017.0,12.0,w/8/,180,0.6965077
WD6X3yxWWZIcNe9QnY7-Xw,-1.227622913847363,36.84868367926976,2021.0,7.0,w/d/,180,0.7286608
WGMs5gV3B3F_MkjzlXggag,-1.231173194590279,36.89467511169408,2021.0,9.0,w/g/,180,0.65710646
WH1ARR9_edKItJTucTM7WQ,-1.273883985972244,36.69616641354976,2021.0,8.0,w/H/,180,0.7308498
WQ4JbA2NRCKgEDWGeNjEhA,-1.303380503890336,36.73151095644096,2021.0,8.0,w/Q/,180,0.65972376
WWJQsFVR2t_kk4UzO9kieA,-1.22157955357009,36.89528326317459,2018.0,2.0,w/w/,180,0.6805495
W_aZlffVTsppxde9uoB2Ww,-1.223047533013417,36.76466709099459,2021.0,9.0,w/_/,180,0.65218186
WfzgB8qw_QnnvxQ52dArJQ,-1.280036426285716,36.82478980371239,2017.0,12.0,w/f/,180,0.62637806
WgIAei8DvwEtkGe3OZ0-sQ,-1.268089897387747,36.75710377724837,2017.0,12.0,w/g/,180,0.7295816
WhGXT0wpQglFOLpQGA60PQ,-1.344319923043915,36.67524297172467,2018.0,4.0,w/H/,180,0.6455605
Wizs-tlDTQ3BRUc0VVGoYw,-1.266008097282339,36.73182421740486,2018.0,2.0,w/i/,180,0.7033187
WogZxtxBpV1qlRa60AsQiA,-1.353460341457561,36.7262669905199,2021.0,9.0,w/O/,180,0.616356
WrsmIa85LnNMU0gjI38OOA,-1.321543411046728,36.83626142025556,2018.0,1.0,w/r/,180,0.60509235
Wsr07t-wq3WUBHaPLmqs4w,-1.240151926602342,36.79122078421113,2018.0,2.0,w/s/,180,0.60013014
WtoaxL0eRtPjt7hu7fQbsA,-1.245065298910732,36.86823998951738,2018.0,2.0,w/t/,180,0.7526191
X-cEhC1neAuCrBDbt4m5sw,-1.256470251401439,36.88194429751691,2018.0,2.0,x/-/,180,0.6582463
X6GiVIl93mVxRdrXtL2-Gw,-1.194275642837995,36.95504747222434,2021.0,9.0,x/6/,180,0.6433984
X6_YwT1Za1IJlQZ_8hSk3A,-1.30946026651089,36.76137878854082,2021.0,7.0,x/6/,180,0.6620193
X98f5xIbdn96NksHhtX2dQ,-1.252836594919246,36.78856792266104,2017.0,12.0,x/9/,180,0.67958623
XG0kS0X_s37KTCy-a2VkZQ,-1.210552628681942,36.86980289408333,2018.0,2.0,x/g/,180,0.6612917
XK-7YM-0X_jG218Rl-G5aA,-1.169359103724817,36.82183134661356,2018.0,5.0,x/K/,180,0.6121684
XMNok7o0w8Zp7NJYAXF62A,-1.280248325394061,36.85207878105855,2021.0,8.0,x/m/,180,0.6478053
XRbKOxJaMhUJGjb5n3Hwyw,-1.317957662136256,36.88037861412452,2018.0,4.0,x/r/,180,0.6633961
XUh4nq44It80DY7IK2NSfg,-1.223138079370181,36.89083176672005,2021.0,9.0,x/U/,180,0.72874606
XWLYYrCDqN-rgXnq8kmBfw,-1.329823240965599,36.7227037446491,2017.0,12.0,x/w/,180,0.61524016
XZpo0Z2Yb3YMZVsKxYYTpw,-1.311644737023439,36.92536459199215,2021.0,7.0,x/Z/,180,0.6023763
Xh3MBIsV2iY99-Ha91q5cQ,-1.269986999303777,36.97194969106742,2018.0,2.0,x/H/,180,0.6450695
Xix6W9HoiOU6wWXDEvfkVA,-1.238852632609794,36.7169208586134,2021.0,8.0,x/i/,180,0.61107963
XlFCR7v-P-1dVAK3ITz-2Q,-1.280952992219641,36.69716036842766,2018.0,1.0,x/L/,180,0.6953614
XpV7lpTKhzKLSm7e-SNYqA,-1.381012245754528,36.77045620389633,2021.0,7.0,x/P/,180,0.69274163
Y0fBkCYT_jz5xZ3_6182XA,-1.34096435284266,36.72062520162184,2017.0,12.0,y/0/,180,0.6850774
Y0qQ_DFZ3brP7GB6vFe4Kg,-1.342150728155465,36.7324512288176,2021.0,9.0,y/0/,180,0.66308105
Y1nqqj7ujuo5zJNDO0mRuw,-1.343844031728969,36.68140009598823,2018.0,4.0,y/1/,180,0.612159
Y2cyagr-LoZ9ZrGDFiyblA,-1.231450621915567,36.8951938994419,2021.0,9.0,y/2/,180,0.66560006
YR9FXSSY_Cu-iE1J0SuX8g,-1.251093344087922,36.99383096928952,2021.0,8.0,y/r/,180,0.6374701
YZV8I4XXUxMc-r6k_So0cw,-1.169931761759559,36.97920915231612,2022.0,2.0,y/Z/,180,0.6842339
YbuMmdHuJZQG6B5ShSQSWA,-1.353351639985682,36.75702320736107,2017.0,12.0,y/B/,180,0.6177297
Ydk0mGQhCKlEoC2SWHuVcQ,-1.270020752793809,36.76736396554846,2021.0,7.0,y/d/,180,0.6029051
YikMZsx4jUUgruW_p__VAQ,-1.264728909033345,36.78894117967167,2021.0,8.0,y/i/,180,0.6048599
YsbxUNKlYMindQvY7m_QDg,-1.207866392043,36.89473074902439,2021.0,9.0,y/s/,180,0.6133922
Z-6fAROI9mjrrmBoLkilFQ,-1.264088063952573,36.73383542165555,2017.0,12.0,Z/-/,180,0.62336814
Z4EUXEI8me3VYJb3UbExXw,-1.264434555489203,36.6854213917557,2021.0,8.0,Z/4/,180,0.6134398
Z4GoH0Cuu6tobf6KgPq_eA,-1.356250928662166,36.75937334567307,2017.0,12.0,Z/4/,180,0.61860245
ZEVohHfSEwUyi5A_0qL1RA,-1.343754225625233,36.87415166403322,2021.0,7.0,Z/e/,180,0.65015674
ZL28QeXj-U-Rap57QNvcrQ,-1.334858628632431,36.71186449527978,2017.0,12.0,Z/L/,180,0.68237704
ZM_1pZ0vSdZmXuqU8OR3zg,-1.24675678421524,36.91463570292044,2018.0,2.0,Z/m/,180,0.6141251
ZTB_wDZrVD3ed6ez5Fsyiw,-1.262645859017872,36.88698231164253,2018.0,2.0,Z/t/,180,0.7182527
ZVv1Qbrh4HZ4GfZ8MxM1PA,-1.205644768953655,36.9418936436586,2021.0,9.0,Z/v/,180,0.6594463
ZWS_XV27QvEWWQ3y1MpIZw,-1.264362698076403,36.89450770708322,2018.0,2.0,Z/w/,180,0.7827633
Z_u-lEiH2YqUiFOsKiWIRw,-1.253376682011427,36.79123721946103,2021.0,7.0,Z/_/,180,0.60671604
ZaxLJNwddQdyDzBiSwPDqA,-1.285480174177624,36.88794842843775,2021.0,8.0,Z/a/,180,0.7214349
Zdk8LffxgHgCkn96sF1bLA,-1.333338776171331,36.71236062917721,2017.0,12.0,Z/d/,180,0.6673518
Ze40DZdi89zqTu2aU1qA4A,-1.305767858298106,36.82116369161705,2021.0,8.0,Z/e/,180,0.7502788
ZfMyVpb4f9plUkRFLx1DnQ,-1.271140969782624,36.94306315267509,2021.0,8.0,Z/f/,180,0.62209594
ZifMKW72Y0rG1rNnhlIgFw,-1.263824431949453,36.85489086245914,2022.0,3.0,Z/i/,180,0.68144983
ZuJwvKVBGEszVldVoBtFcw,-1.256494423789147,36.99362060361982,2018.0,2.0,Z/U/,180,0.60739964
_0S9tSmk2R6MdxivFp8TAg,-1.25654387550204,36.83697862448842,2018.0,2.0,_/0/,180,0.6608741
_6ETv9h0wZPLzyAMCdXb8Q,-1.283482408991765,36.81421431617094,2021.0,7.0,_/6/,180,0.60192245
_8oLDumzMGyQpLM8njJXRg,-1.329123790055939,36.8340617204828,2021.0,9.0,_/8/,180,0.6294895
_KLVDuUjTJr7nSIMooEdDw,-1.289828259963496,36.84404320196357,2018.0,2.0,_/K/,180,0.6718937
_NZXvs_JPoINe2VWBdqg7w,-1.268024280046524,36.74200345149661,2018.0,2.0,_/N/,180,0.6834125
_VFL4IXRp3D8dmOT128tLw,-1.277187370291093,37.01073330539844,2018.0,2.0,_/v/,180,0.67392635
__4doJ9m5uvWxdZlJGO7ig,-1.186682827827018,36.90540560733895,2021.0,9.0,_/_/,180,0.6168546
_dtZ4Q3IwgzBz-TnAClduw,-1.347653314782681,36.66899537250297,2018.0,4.0,_/d/,180,0.6644103
_mQ29YFNLLLsdFnks6aETg,-1.240954934163644,36.76629844589864,2021.0,8.0,_/m/,180,0.61920375
_nh6_hzjYIeWqtfaqGHTyA,-1.228455582496245,36.66725717850676,2021.0,11.0,_/N/,180,0.60029566
_yezwn_-YYGKutBVgmJO7g,-1.251764581692565,36.88695284865585,2018.0,2.0,_/y/,180,0.7084766
_zJyfA7Eugg96LLIQNaKSA,-1.359925305194092,36.65423585732021,2018.0,4.0,_/Z/,180,0.6157598
aKfBsh5rS9u76dNnDB7h0A,-1.30141573240768,36.82385415324224,2021.0,8.0,a/K/,180,0.71718776
a__CeH7FS2vJfxXb1wOeyQ,-1.305341175892256,36.86171251959935,2018.0,1.0,a/_/,180,0.63326305
addAKvFJB0pyYSNCCZ7XPA,-1.366500626271737,36.72801153852725,2021.0,7.0,a/d/,180,0.6572049
advOuihXVj8Nx4THKvcB-A,-1.157945426904756,36.82469320826883,2018.0,5.0,a/d/,180,0.6579937
aoUU01nZ6TpT7M9fpJ84aA,-1.196413589051113,36.94347835217393,2021.0,9.0,a/O/,180,0.6489727
aqFZ3dhSHZ8rsQ-W8wqZeg,-1.294046185080536,36.89696367498948,2021.0,7.0,a/Q/,180,0.6143456
b0ZLCe_kmbsaoerLWKAK6Q,-1.360892333709564,36.73364840786296,2022.0,2.0,B/0/,180,0.61422485
b2x_1RtqwsuCPVaX3JAdSQ,-1.252075940687453,36.92521776410817,2018.0,2.0,B/2/,180,0.65780014
b99YvNo_l2R1jOdF2F4EzQ,-1.162121239026413,36.95653186598837,2022.0,5.0,B/9/,180,0.6337314
bHDCC76D9UIxt4ApxIHQ5A,-1.282831574525738,36.82413408573006,2021.0,8.0,B/H/,180,0.6051083
bKICSMuh2_iKDSXpY-WVmQ,-1.258973871889234,36.77659073126571,2021.0,7.0,B/K/,180,0.6271943
bKt52SchG68YQOwD-k4o4w,-1.277903030713849,36.89775914512839,2018.0,1.0,B/K/,180,0.60026866
bLU9OdKA07U8NRY5_NtWqQ,-1.174360650737575,36.91167535966707,2021.0,9.0,B/L/,180,0.64707047
bQlbbap2TLfx9r-FpJMxeQ,-1.268216655400905,36.8101516060288,2021.0,8.0,B/Q/,180,0.66740495
bUgKzOK9YIPV0RG2LQCTDA,-1.255508844470193,36.98901191076315,2018.0,2.0,B/U/,180,0.6561298
bYyhbgXr7YqZs-HwhW0E5g,-1.282732003640089,37.03527787505439,2018.0,2.0,B/y/,180,0.6673653
ba0sqcmlRT5NosHY8C2unA,-1.320336120309983,36.88578876398411,2018.0,4.0,B/a/,180,0.65971
be2515ts6q19ch8Bl9Mi1w,-1.35046402518384,36.68205608960893,2018.0,4.0,B/e/,180,0.6167871
bgoSuwtump0kVToBTOfVDA,-1.180199195099685,36.83780529370011,2021.0,11.0,B/g/,180,0.6313751
blZgM1RtAD01n9sPzje0nA,-1.320731683722408,36.77814809848595,2021.0,7.0,B/L/,180,0.6617953
c56lgJD5Umk92lazk5kfwQ,-1.299976457008046,36.90978090372438,2021.0,7.0,C/5/,180,0.62898
c5_tIXNtN9dMDU8_d3hkgA,-1.281080977983799,36.65417954504002,2021.0,8.0,C/5/,180,0.606445
c6anweqYSwrXlRoMkWlizw,-1.282506626648996,37.07889031479351,2018.0,2.0,C/6/,180,0.67365175
cJHXt2Ilotj6MVqWlRvXLg,-1.381554666264726,36.75583947763872,2017.0,12.0,C/j/,180,0.67688894
cNlP5pO2PNfmrSptWS8q8Q,-1.27040145087715,36.85228520161679,2018.0,1.0,C/N/,180,0.6574403
cS6cX05KSOJn1rrsOaYYJw,-1.319243164115214,36.77019990599057,2021.0,10.0,C/s/,180,0.64759326
cWC780GwMVdA4Svo5Ar0Gw,-1.31790148477494,36.89626428763578,2021.0,10.0,C/w/,180,0.6443127
cXvb6bQ8ze9GF6jVO-1hEw,-1.37555794807579,36.92268842306691,2021.0,8.0,C/x/,180,0.6980248
cZ_gl7eWOiOVYXXhffmq6A,-1.282424190255465,36.82298108233387,2021.0,8.0,C/Z/,180,0.7510488
cfF06aMNFPXTNCqp4oCi5w,-1.372577773635182,36.76384313830648,2021.0,7.0,C/f/,180,0.7122707
clzAeTIwMdVc9_4G-6KitA,-1.280169068049006,36.78387936824672,2021.0,7.0,C/L/,180,0.61294156
cnjc4CUJ-h1FhwNRcpRXwA,-1.182123811773104,36.8718957994198,2021.0,9.0,C/N/,180,0.7207926
csAcj3CUcEwsRTanI2St9A,-1.292649424809485,36.80899057939859,2021.0,7.0,C/s/,180,0.6403194
cyoFGGTT-V-8g9AFKGVXig,-1.274126803408052,36.71401205417984,2021.0,8.0,C/y/,180,0.6541875
d0utGQ3G12KER6hF_RBHJg,-1.290237872289563,36.84160517556804,2018.0,1.0,d/0/,180,0.61323047
d89I4cnHfXK56SWc2tLLgQ,-1.283683839337237,36.82400841194521,2022.0,3.0,d/8/,180,0.7240054
dAD_HCkvWtG9zpFc5wIUmg,-1.152828724430363,36.90491774238466,2021.0,12.0,d/a/,180,0.63657176
dIZpOEilqHjg-EyPeEmIfw,-1.310423750388029,36.69362633778535,2021.0,8.0,d/i/,180,0.673851
dcmEdwqzbHgNf686CgJQ7w,-1.161852941092183,36.80208155141788,2022.0,2.0,d/C/,180,0.62325007
dfW1e___bJutTntrNnbyBQ,-1.313526831581015,36.81883145172389,2021.0,9.0,d/f/,180,0.76542544
djQYT25D4cycA4Ly5mLYiA,-1.315331626931718,36.79867190543767,2018.0,3.0,d/j/,180,0.6220417
dkfruFBwl29LvGwhFCbhxA,-1.268529104590804,36.84136513782266,2018.0,2.0,d/K/,180,0.6834059
drBoz8Nga-MKQ3MVUq05gA,-1.193243634663633,36.9313721429788,2018.0,2.0,d/r/,180,0.63050187
ds5Yz9OrXMJAQMQJduuw2g,-1.264372548074228,36.89448825858162,2018.0,2.0,d/s/,180,0.61558735
dz5q_KlfLZEG5dyWAPnxmg,-1.292175496031585,36.72915088860476,2018.0,1.0,d/Z/,180,0.66439146
e9ZgH-iqH1HuoD0X63vKtw,-1.293112718927027,36.8092131410402,2021.0,7.0,e/9/,180,0.68724704
eASomDW9lx962M9k71Ed0Q,-1.210659348924811,36.91521965187663,2018.0,2.0,e/a/,180,0.64266986
eGkbuj0oQ0Yy4bjYyP_Unw,-1.284283652668268,37.04262856770509,2018.0,2.0,e/g/,180,0.6114278
eXtIOdEgq4Adc8bZrCZqyg,-1.192095750959431,36.89157149946833,2021.0,9.0,e/x/,180,0.7445203
eXxB-Kx4YQqoYuNEAR1uDQ,-1.466108853162326,36.96174840519343,2021.0,9.0,e/x/,180,0.61146617
efiblFOJOnYwcOy5ig0nLQ,-1.266079326577666,36.7629764285109,2021.0,7.0,e/f/,180,0.61808455
egqYXE7hQj1gVIiJl541mw,-1.222769124316282,36.72046365354024,2021.0,7.0,e/g/,180,0.6354534
ehErcFWAZa-yH3tnN_7SBQ,-1.26878118889507,36.76830370137601,2021.0,7.0,e/H/,180,0.61648494
eowYvWrK4QqzR6WJ0Sc_EA,-1.344030123439109,36.87452957738434,2021.0,7.0,e/O/,180,0.7571088
esX0erPyupRkWkWfdCN39w,-1.318173806367846,36.89150059574248,2021.0,8.0,e/s/,180,0.7052732
evQjYnEgzxgjn0sTQ1YR8Q,-1.266386109930353,36.66726524522962,2021.0,10.0,e/v/,180,0.62374544
evulNq7WExSty8VvY170tQ,-1.295379738154749,36.89310395516922,2021.0,7.0,e/v/,180,0.6758547
ew6wOBTxmYsENXMg0RoAEw,-1.235163390941484,36.66173843023882,2021.0,8.0,e/w/,180,0.71006066
ezgVEaUzU5-HuxHJJ2imLg,-1.194434680913465,36.73427976256414,2021.0,12.0,e/Z/,180,0.6078376
f0au1VCxIWhVJ88Diq74Mw,-1.268055818470314,36.8113667538275,2017.0,12.0,f/0/,180,0.6361681
fFpWleix8lOwaOJv6qsAfg,-1.3729915003374,36.72054311155092,2018.0,1.0,f/f/,180,0.6963777
fHckLYG3efZxLQeIna1vaQ,-1.214775268367239,36.75038534559838,2021.0,9.0,f/H/,180,0.66501105
fJol3DPscH7hh20ZI8UjmA,-1.28523064350898,36.82572108901137,2021.0,8.0,f/j/,180,0.60550064
fOnGmNKjJIOFDQQkYP6_Pg,-1.370065566682154,36.72931003269864,2021.0,7.0,f/O/,180,0.69672555
fY8oxei4szEDgzsS-SCYpA,-1.280072061734758,37.07788563061138,2018.0,2.0,f/y/,180,0.6822263
f_8pjb1cAhXRzVmABR4lJA,-1.283630800771136,36.71393530383288,2018.0,2.0,f/_/,180,0.7164308
feeJOHRIqJshws8x2cuA9g,-1.367732748650232,36.71575318814272,2017.0,12.0,f/e/,180,0.6103963
ffw-0QGI3TjGyITwwIfmjw,-1.212261392480421,36.79149632069304,2021.0,7.0,f/f/,180,0.68747306
fi_FhfOF8_Tx9SJafby6PA,-1.231557817992609,36.89568084430352,2021.0,9.0,f/i/,180,0.64937407
fsMWAQPsTKRoZc2zfDIHWA,-1.296560253905657,36.84231386951637,2018.0,1.0,f/s/,180,0.65614617
g1VtpVPByXVrnjNDn2p-JQ,-1.366196045383917,36.78644665776847,2018.0,10.0,g/1/,180,0.61906207
g96ag4noekqHEuFWHFWrow,-1.207167607981796,36.83479767124806,2021.0,8.0,g/9/,180,0.60620826
gAsDVldZeMRc1Yttm6WG9g,-1.254533889883529,36.79209940754963,2017.0,12.0,g/a/,180,0.6003117
gC5d2s3_HvJAnZmPv_XFGg,-1.282222474983839,37.06030427046145,2021.0,10.0,g/C/,180,0.64152324
gfDXCX8s6yiaaioGHS8kWQ,-1.366155179544283,36.650409160166,2018.0,4.0,g/f/,180,0.60246986
gnYU14DUmHmRwVQETSmTow,-1.282889364620549,36.78359714643379,2017.0,12.0,g/N/,180,0.60649824
gtPYnyqPFnKZb1j7zX8nqg,-1.190674945183687,36.94653105815125,2021.0,9.0,g/t/,180,0.60285723
gvCH-aZv4WcfXyx4n-C54w,-1.393585613135537,36.73923666030544,2022.0,2.0,g/v/,180,0.61034405
h0ZPQPuK4FqRjnXv2zxjoA,-1.2647706679772,36.8893564642897,2021.0,8.0,H/0/,180,0.60018605
h0fBa9lpQH50pps3vk528g,-1.392272649532655,36.75211567845109,2018.0,1.0,H/0/,180,0.691948
h0wIhpvE7zW6IQ5QroRC2g,-1.225155119498856,36.70073866066721,2021.0,8.0,H/0/,180,0.67514026
hFC5PDHinPRI4f2g4JKWIw,-1.22718796535767,36.89327489166973,2021.0,9.0,H/f/,180,0.6423677
hN4xpKutLFRhxO8Q_LEX8g,-1.268391656655688,36.68478221576759,2021.0,8.0,H/N/,180,0.6457598
hR6K6biv7BbbeklQmnhnOg,-1.344903120061234,36.87574899957626,2021.0,7.0,H/r/,180,0.708565
hYj-SeNnSxhJRa3jYsxexQ,-1.231353231172679,36.80354471680823,2018.0,2.0,H/y/,180,0.61720914
hZAwwW88zuuipydH2-O4dw,-1.191730790303406,36.78620260295317,2022.0,2.0,H/Z/,180,0.6072826
hbrpGxn78W6KJ_oDz4TP3g,-1.300316673018559,36.77496552101324,2021.0,8.0,H/B/,180,0.6818771
hdzu_bn40_8pAHobl7yxpA,-1.32220765103141,36.83319221980643,2021.0,7.0,H/d/,180,0.65175176
hfaPKWSuL0rHc6KGgblOtg,-1.252007796325798,36.7340711208658,2021.0,8.0,H/f/,180,0.65273124
hg9sojOlOmGWHyskPshPIA,-1.380429697011113,36.75881076949641,2017.0,12.0,H/g/,180,0.6724601
hjGrredhTH1pRNpmhA-h_g,-1.25311587362677,36.83736411990756,2018.0,1.0,H/j/,180,0.60215193
hs2whxmXjzzwl6u1lLTZtQ,-1.328936367769307,36.83506138309833,2021.0,9.0,H/s/,180,0.6393078
hym8vZpoYl6CvnjpqxTPkA,-1.305302358924547,36.86161482316559,2018.0,1.0,H/y/,180,0.6980285
i2ly8Y9gve0InW_8UnkXqA,-1.178747193853275,36.76501177885047,2022.0,2.0,i/2/,180,0.63064957
i3pqeyZv7rkZpB36uvo60Q,-1.209368758770545,36.71274101545201,2021.0,10.0,i/3/,180,0.6102824
i4YSwMOHz8DO9xqqKMBcEQ,-1.322336617610445,36.89926102899202,2018.0,4.0,i/4/,180,0.620084
i5hcimXjBXty2_Lnkdxq8Q,-1.391720722378465,36.77600264155142,2018.0,2.0,i/5/,180,0.68682814
i7iHKY89TOQkY0bUvfTYIg,-1.215726783132089,36.86414914164435,2021.0,9.0,i/7/,180,0.6440301
iK0SYuHyPvxhxoAIXAPDfw,-1.380823696344418,36.76128071267956,2017.0,12.0,i/K/,180,0.64482087
iKjIsi_PWIqC9k9lLpfNug,-1.380017687574475,36.92233561263351,2021.0,8.0,i/K/,180,0.68560183
iPnpKdoE2ZD9_WRAgGUm5w,-1.468975617009375,36.94797913415029,2022.0,3.0,i/P/,180,0.6424344
iaHbRKplEOgzr3IoSoxVeQ,-1.225137665008867,36.88923648233654,2021.0,9.0,i/a/,180,0.628718
ibuRleSagAmapJLd9bjmLA,-1.350592106968901,36.72419076791765,2021.0,7.0,i/B/,180,0.7912618
iylVpVSiAT1LIsG1APJc2w,-1.301311182268439,36.91177791207689,2021.0,7.0,i/y/,180,0.62686795
j2gFCkf-H1qb_3ury29Asg,-1.468278128932178,36.9367159574415,2022.0,3.0,j/2/,180,0.7800104
j9KFH-HQ6CsWVxghiyftiw,-1.21935652781209,36.89198255918783,2021.0,7.0,j/9/,180,0.72053224
jDB6YIsiEYAAAAQrDCEKdg,-1.326398613412641,36.7965329744432,2018.0,12.0,j/d/,180,0.6425181
jGD_eXx-08gT_oliwtq-Ow,-1.255671385973018,36.74337768096038,2021.0,7.0,j/g/,180,0.6713324
jR24wEVpY7DJv_IRLYStCQ,-1.317726880320081,36.86804658402819,2018.0,1.0,j/r/,180,0.71978736
j_r938rZcjvOYyXHB6Ep0A,-1.170380943125847,36.74024130541061,2022.0,2.0,j/_/,180,0.6413873
j_s-Jk7kxEiOczVbAuYvgw,-1.296045067184248,36.85968229537753,2021.0,7.0,j/_/,180,0.7204691
j_vQSzxOdGIICJrJTzymzQ,-1.273537120135782,36.82848522372399,2021.0,8.0,j/_/,180,0.71769077
jh4248TEZwvk3d5HtOJhHQ,-1.238676759049722,36.72811903444099,2021.0,10.0,j/H/,180,0.6949474
k-i8FLoZ5s-u_yr1nfhPeg,-1.157345785807131,36.95229867324527,2021.0,12.0,K/-/,180,0.63241184
k1ZZFcGkedFqQUem1iRblA,-1.260558876947034,36.67656609019102,2021.0,8.0,K/1/,180,0.6635731
k2rnzi41KnTvLFjkHDPHtA,-1.281906499858345,36.72215947962125,2018.0,3.0,K/2/,180,0.6766082
kFc_3wOmVkay9OwstKFaxQ,-1.345431862741182,36.66613021582454,2018.0,4.0,K/f/,180,0.6238154
kI8Sq3MamMnbTiFoszA4_A,-1.373519078354051,36.76922575213948,2021.0,7.0,K/i/,180,0.6130833
kJf3Jbt9fDDSYa5VW_WYSQ,-1.234585948688131,36.77370432078379,2021.0,7.0,K/j/,180,0.69139415
kMwCSuzrQ5eGhu1KKBVsEA,-1.247954295397651,36.87147945587978,2021.0,8.0,K/m/,180,0.69451404
kO3I_aJvKMczpkQ9CH_PPg,-1.248074521013474,36.94985677675052,2021.0,8.0,K/O/,180,0.6462021
kQh6ABecYc4A4jLtmWgEyg,-1.183052698300575,36.63357125808217,2021.0,10.0,K/Q/,180,0.6191457
kUbLU5_eNJjHibGhFhBzpQ,-1.29308434088962,36.86136056553642,2021.0,8.0,K/U/,180,0.65183866
kVNTu-3PoNL9Z4T2SJ1f4g,-1.244398425995192,36.68195897888629,2021.0,10.0,K/v/,180,0.66122353
kfzPKBJ2Z_pAAlOCusZ0-A,-1.233105545674901,36.720964583057,2021.0,10.0,K/f/,180,0.6013109
kg6IbYyvM7BnsCXT17QXXg,-1.222941333443356,36.895789573546,2021.0,7.0,K/g/,180,0.6845353
km8gzRaP1d0596rnN2q5YA,-1.322353708702276,36.80260058077589,2018.0,1.0,K/m/,180,0.6493698
knebLjo3_1HJNMS0QiHQFg,-1.215183294803578,36.88313897457382,2018.0,2.0,K/N/,180,0.6151188
koiNkDtS2_WoZ8OYM4WtUA,-1.321810724441619,36.85820645002617,2021.0,8.0,K/O/,180,0.75091594
kyiR5oYicb8NuffwkNwImg,-1.173476610421488,36.78186853489252,2022.0,2.0,K/y/,180,0.70251787
kzVgS2tlcFMmrS9baTjwCA,-1.258422292374928,37.00220371858535,2021.0,8.0,K/Z/,180,0.61307186
lF8LmpATvSiLLQgxqN89kA,-1.204283047268573,36.77491267005318,2022.0,2.0,L/f/,180,0.60526836
lY7u6GJpqvDEGvYfwfq88g,-1.211869462353905,36.88836484285324,2021.0,9.0,L/y/,180,0.6145535
lZWG4wWA8k0GzQsU9rx-3g,-1.227604819057014,36.89342399918041,2021.0,9.0,L/Z/,180,0.64519066
ljLqRlLR71FHAmEwLnS9mQ,-1.239185123299483,36.76428886143088,2018.0,2.0,L/j/,180,0.6189396
lwo4_ImJb4eLL78hjdM5mQ,-1.363597299945903,36.67943627778849,2018.0,4.0,L/w/,180,0.63795006
m3CYBqcnslVCYSac9sZJWg,-1.288321694518106,36.72897677552857,2021.0,8.0,m/3/,180,0.6026016
m6U7pXXXaibzNCml-yNT7A,-1.29684291948604,36.84329034499757,2021.0,9.0,m/6/,180,0.7192477
mD5ThhjkBFDBNhK6BwoOGw,-1.235889602722702,36.67917793744763,2021.0,10.0,m/d/,180,0.6501777
mEpWIqNESCcL2Sf5LXz_KA,-1.20443828063965,36.7754747130118,2022.0,2.0,m/e/,180,0.6179163
mMl4ZpaF-qTJIAHemFV1Yw,-1.168432082104586,36.82945104069366,2018.0,5.0,m/m/,180,0.6067868
mQn7TbOrAnRwwFT9oQi28A,-1.23127043098155,36.80357010503558,2018.0,2.0,m/Q/,180,0.64263463
mjb2XdK_o-lJ-s_Kzgo-og,-1.285264828489235,36.84627857029037,2021.0,10.0,m/j/,180,0.7047606
moQKT9a_MF53HLf4N1oYfQ,-1.253743978878513,36.97086983353838,2018.0,2.0,m/O/,180,0.6392167
mt2in-ekuKtgZ66ZTGl3tw,-1.405281441786568,36.77387528766253,2022.0,2.0,m/t/,180,0.6082011
mtyydbGqTK0BzLx2lO4shg,-1.192653691438623,36.88708818133006,2021.0,9.0,m/t/,180,0.7031375
myKK_WGhHzEH-YuAI9w0OA,-1.348288308790563,36.94368287580939,2018.0,4.0,m/y/,180,0.6751366
n1fgNPpHhGUnAVDafz6u_g,-1.200535091098089,36.83733792205091,2021.0,8.0,N/1/,180,0.6209503
n220vSUu-06iJ6sWgXOCgw,-1.252776288842592,36.91557807511315,2018.0,2.0,N/2/,180,0.6271635
nDFly196kMXQEx5en1YUEw,-1.204318656052296,36.84049432720625,2021.0,8.0,N/d/,180,0.7926213
nDjD5fJfyyC6pkKHqkZsrw,-1.354089606272093,36.74638359585611,2021.0,7.0,N/d/,180,0.6194508
nILHfHq2WglZp51zaptmEg,-1.158631628588754,36.9371973777989,2021.0,12.0,N/i/,180,0.670883
nJUB2X_1fDW3Wt3IAcxrWw,-1.319975653285035,36.89760060978254,2021.0,10.0,N/j/,180,0.626328
nJy9TArBto7pJtQg-M-zrA,-1.381210108956226,36.82001409187588,2018.0,2.0,N/j/,180,0.6270764
nK3p7PG6bVlCUaHae7L_Yw,-1.181947036841676,36.90463434271987,2021.0,9.0,N/K/,180,0.7100543
nLgoBaEft-pgDBBGFo6mMw,-1.289765552339606,36.72264723734259,2021.0,8.0,N/L/,180,0.6200262
nOc3unRbjmI6SALyf03_nA,-1.253825468143096,36.81685294940504,2021.0,7.0,N/O/,180,0.6010761
nS0phjrHGKbBQrg7YhyMaw,-1.174996394720433,36.82808539036025,2021.0,11.0,N/s/,180,0.6284191
nSv2pNpRTISg4X39Vk25VQ,-1.306207560891312,36.91588317238626,2018.0,2.0,N/s/,180,0.61069137
nZ7LnsmZRH2m-ifJ2XikDg,-1.215084289188263,36.90202248514352,2021.0,9.0,N/Z/,180,0.6373801
n_8ZOft28-pOaiZPJlMu_Q,-1.307147701890438,36.86829835584486,2018.0,1.0,N/_/,180,0.6943914
ngrjzSq1gOeMTdTgm14FnQ,-1.158819343725404,36.80058203976246,2022.0,2.0,N/g/,180,0.71732527
o0p532_6uui_rGHsTwja_w,-1.221166050176293,36.73968129782478,2021.0,8.0,O/0/,180,0.6273064
o0qanssMm1BKoRGOZoGZUg,-1.265138794721136,36.66606930288733,2021.0,10.0,O/0/,180,0.60103583
o6NiIOX4o5m4svRwkRdo9w,-1.39293661095287,36.75019278242093,2018.0,1.0,O/6/,180,0.63561994
oAuWXOMB6ngd7ka5GqeM6A,-1.364155533292502,36.6561233644018,2018.0,4.0,O/a/,180,0.6282215
oBsx8IUWCFAa13Zc27XBNw,-1.265518302009029,36.6943889455972,2021.0,8.0,O/B/,180,0.688944
oC6YWIrQpg9RqaDBHqWBiA,-1.24610260553996,36.87518419029001,2018.0,2.0,O/C/,180,0.6036689
oDXWlLSCjQhe5QvNF9zw_g,-1.250929930314869,36.91370603477515,2018.0,2.0,O/d/,180,0.60428447
oErhDiA1fk9esUMnf19Rzw,-1.331033438504237,36.88669876068155,2021.0,10.0,O/e/,180,0.6599415
oFlcV2fmKxg4qxEABPQiJQ,-1.26261748016237,36.8869233035877,2018.0,2.0,O/f/,180,0.7430269
oHoPrUJp09zU-CAQzkQsPw,-1.492172595847179,36.93823976094627,2022.0,3.0,O/H/,180,0.6770732
oSWrJFRObqmuxQ0Quh00rQ,-1.269525155715634,36.6713035182679,2021.0,10.0,O/s/,180,0.6399492
oVcHftBCSLi5Kt4R7CnsPA,-1.283432970329756,36.82610426128387,2021.0,8.0,O/v/,180,0.669722
oWGTwKaVRVw44QaKUfzyvA,-1.194584919318674,36.88290957773075,2021.0,9.0,O/w/,180,0.6621962
onL50kOojHUblsqOFE6O0w,-1.300238477571061,36.79270914563202,2018.0,3.0,O/N/,180,0.6370675
oyx-exXvtUImID-T1EBvdw,-1.477677487824932,36.95908594648461,2021.0,9.0,O/y/,180,0.6098287
ozRZYj9JQVP-Peayn-uliA,-1.263456847130813,36.98318195131036,2021.0,8.0,O/Z/,180,0.62748355
p6URoDgd83QuDsD9RUGhcQ,-1.389265682502589,36.73808249814819,2022.0,2.0,P/6/,180,0.6120312
pAImxC-RgnaTccS7Vh6OwA,-1.278283172679962,36.81401805789582,2018.0,2.0,P/a/,180,0.65671545
pCjg3PFde1qR4Pp6DSCkxA,-1.263051833679015,36.82672833910929,2021.0,8.0,P/C/,180,0.71724135
pYq6k86-SbKg9tyEC9JCQg,-1.401966258849547,36.74563385531131,2022.0,2.0,P/y/,180,0.6125925
pgRggA1xm7e4XRVLvyiBlA,-1.306573411611159,36.8562151284866,2021.0,8.0,P/g/,180,0.68131256
ps30AUXWFvZysK07paz32Q,-1.195874824308497,36.91112198438957,2018.0,2.0,P/s/,180,0.6241184
pvUTG-8IKXZ_0t-c9a9TDg,-1.221248815706728,36.82893277497438,2018.0,1.0,P/v/,180,0.648686
pxL2_67ObtcEU3d5WHSQQQ,-1.220714381217234,36.7152774774731,2021.0,10.0,P/x/,180,0.63008964
q0KKgCp3ksWpOmkRweT-Yg,-1.287131448452266,36.69288207176842,2018.0,1.0,Q/0/,180,0.63805425
qLGHdfyBMTXD93gGPItEZw,-1.255386375861183,36.83223211883499,2018.0,2.0,Q/L/,180,0.69331235
qQ8AQVnGWK0LxQUekW46KA,-1.211452568764173,36.92639082045815,2021.0,9.0,Q/Q/,180,0.62369925
qTK-grBwtXJk9ZHnnTDtjw,-1.274065973956997,36.77473997948366,2021.0,8.0,Q/t/,180,0.64532036
qZZNcXae29KwJpmWxzXiQQ,-1.163453489563817,36.79992084816499,2021.0,11.0,Q/Z/,180,0.6516715
qlXbcPZHrVsmBCi8QgRq6Q,-1.254885382478565,36.84409427902277,2021.0,7.0,Q/L/,180,0.61402893
qn9ih1-Sn3qwFmar4o_n-Q,-1.186791020502106,36.68454027054867,2022.0,2.0,Q/N/,180,0.6234379
r-totH06oD62Vrl3nKrU_A,-1.313958052612851,36.8723737050498,2021.0,8.0,r/-/,180,0.7011317
r0n1LEfoUtLivu0VDU3EYg,-1.478444649273839,36.9572861042358,2022.0,3.0,r/0/,180,0.7020136
r3_YZ7aVpX0yTcg3HRzQJg,-1.229728502566093,36.76923939745107,2021.0,7.0,r/3/,180,0.64949816
r4KqCvEmTbLgrfPUxqesAg,-1.315851483962142,36.79387675537734,2021.0,7.0,r/4/,180,0.71057606
r5zMXnWjbzILzxx4xv8RSg,-1.260096414436775,36.89569397388097,2018.0,2.0,r/5/,180,0.6501092
rBiJq2_XPU7Gpmda9lYx4g,-1.296483543912569,36.87495411196044,2021.0,8.0,r/B/,180,0.6433004
rCxlq16jTfMxJSc33QtRyw,-1.186168967887635,36.77982616855927,2022.0,2.0,r/C/,180,0.6317696
rL04Pt4yluRCINjY49LNUQ,-1.349460909850547,36.74857455776189,2021.0,7.0,r/L/,180,0.7047812
rO9Qsn0PdDJFkoYdVkXqqQ,-1.279264242466653,37.04759426463063,2018.0,2.0,r/O/,180,0.65244263
r_LRVDJAjlyeDB8294dRpQ,-1.306096683606707,36.76398099873295,2021.0,7.0,r/_/,180,0.6335176
rcoZqx7YKHNlanPdAlDhfQ,-1.223706707340428,36.92183022369954,2021.0,9.0,r/C/,180,0.6130576
rkVZ-0cH7PawR2HRBmIdYA,-1.244629170914735,36.71266196041967,2021.0,10.0,r/K/,180,0.6905823
rtScrQRdDKnLD2oJedlPSA,-1.167588460925774,36.96161050477386,2021.0,9.0,r/t/,180,0.7166738
ryBJDTh9htmaN0fDbLCydA,-1.271371831339551,36.81004053209384,2017.0,12.0,r/y/,180,0.7169692
sBu8PYhHeCfpGdQATYppfw,-1.348101030616628,36.75654274592959,2017.0,12.0,s/B/,180,0.73131406
sUq08t1sGmFxFFB3w3xR6A,-1.282754203438273,36.72724598547133,2017.0,12.0,s/U/,180,0.6327721
scBZezKqE14ZQCheaHENog,-1.283680553901022,36.75204209182208,2018.0,2.0,s/C/,180,0.62300813
sdAXPmkyioSNHcRNnq78DA,-1.285018106845581,36.76343728295635,2021.0,7.0,s/d/,180,0.60215604
sj3vyd6-y4E3qqap3x2Fug,-1.262198890541082,36.9664929394044,2021.0,8.0,s/j/,180,0.60861766
sugQaVIRypLT2pSQ3titrA,-1.242798158673472,36.72447370940377,2021.0,8.0,s/U/,180,0.6194542
tHvGuW0bUgzVUEe_CX44TQ,-1.460752638307553,37.00904936034708,2021.0,10.0,t/H/,180,0.61938316
tO7Qb9ELcfqwU1UnpsS1TQ,-1.454379856682004,37.00239840890661,2021.0,10.0,t/O/,180,0.60082346
t_B3daxqnxS7S9QGXZSyyA,-1.263809141545689,36.93551993810885,2021.0,8.0,t/_/,180,0.6590073
tbXxWHuoPwhtYF5YTtgWmg,-1.326166663508614,36.83102092829348,2021.0,9.0,t/B/,180,0.6686912
u4EWmZqwkRCyJt6MctQ73w,-1.274939765537659,36.84537612095779,2021.0,7.0,U/4/,180,0.6672368
uHv2a3--QwOV5Gcph4_SmA,-1.239578380223387,36.73888749422422,2021.0,8.0,U/H/,180,0.6277404
uJ-mKD3PqmFqP4Ce3mRuVw,-1.490128172981821,36.95772221257206,2022.0,3.0,U/j/,180,0.607769
uKdeDDJnM8MeYneoMuPDFg,-1.157696747039908,36.8232436043176,2018.0,5.0,U/K/,180,0.64872265
uNdwTpFxQhPUPxj8t7kspA,-1.245348790779116,36.72203642927562,2021.0,8.0,U/N/,180,0.67923844
uQJqH9OIsNTtb03cWRScuw,-1.288346619973259,36.82554309598418,2021.0,8.0,U/Q/,180,0.6023985
uRhGGX1nyVtdE60f0eKnHw,-1.218117433960466,36.81775246191075,2018.0,2.0,U/r/,180,0.63410646
uS4cRFgQfgUvSa0W33T-aA,-1.359275115322872,36.71903660281917,2017.0,12.0,U/s/,180,0.6098133
uVz79QkTCcTtRpX6MVzmnQ,-1.273203357623221,36.85215990424273,2021.0,9.0,U/v/,180,0.6083085
ualIcAGRfbzwvVgbJJEGLg,-1.329421709735502,36.85790932337736,2021.0,8.0,U/a/,180,0.70101416
ubcXgBVM65mX1sgXyw8miQ,-1.392989510001595,36.77371459524678,2018.0,2.0,U/B/,180,0.66903734
ube1lCsGwT9KL_9HaZvicA,-1.472134221651873,36.95568455830271,2021.0,9.0,U/B/,180,0.6576168
udEkqdM6vHims4EftFrWOA,-1.17137054084931,36.94668497755131,2022.0,4.0,U/d/,180,0.6123935
ugXSUYbh3rDs5mYywRleVg,-1.28129390007928,36.79255621853403,2021.0,8.0,U/g/,180,0.7371816
uh2_5YQ0EFHx4JNPFgi08w,-1.323681849610703,36.67405802167973,2018.0,5.0,U/H/,180,0.6887756
uhyPXSKq2OaFancnB8aTSw,-1.359432793925831,36.66089613143232,2018.0,4.0,U/H/,180,0.610128
ukLm4TRpdxdae95IDN3P6w,-1.287913406830335,36.72301202538423,2018.0,2.0,U/K/,180,0.73413664
uuQ9_Rrfr5ys18_Z--u4EA,-1.264168002374499,36.88465453515258,2021.0,8.0,U/U/,180,0.6044591
uv9RJV3U-d_1417tHQeHGg,-1.354516133193491,36.75048688917338,2021.0,9.0,U/v/,180,0.6469431
v4ZtYCGU_0EnP2q2ncamow,-1.182685308093109,36.8819188541972,2021.0,9.0,v/4/,180,0.6864977
vXF802JqriKQezV1gqrv4Q,-1.355904475344185,36.71284976739873,2017.0,12.0,v/x/,180,0.6463451
v_lQ8dVK-5eH_PGUhq7_fw,-1.229638941294742,36.69261242264293,2021.0,10.0,v/_/,180,0.605302
vkScmRdbAvADx1iDu1yrBw,-1.20645115256082,36.78163693256137,2021.0,7.0,v/K/,180,0.6977482
vl3ZPjdazOq3ACB2_vt7Kw,-1.268589066767052,36.88620453407542,2021.0,8.0,v/L/,180,0.6268454
w-AOJoEBYiAgM7vkcg5CpQ,-1.329398406892994,36.85774840322173,2021.0,8.0,w/-/,180,0.65409505
w-ncg8tJvF4bbgYL6RXFGQ,-1.310707804602213,36.7549217822371,2021.0,7.0,w/-/,180,0.6248479
w4ns8M1HWnNIVTnN7vCCDA,-1.311817358616217,36.92508570078805,2022.0,5.0,w/4/,180,0.7378765
w9yKlPAX3V7qkb__EC7TEg,-1.324754582498549,36.83073675105383,2021.0,9.0,w/9/,180,0.66632956
wCCPzQ0tHk3fgizfggZKJg,-1.240202652022187,36.74569971898141,2021.0,8.0,w/C/,180,0.64095855
wFml0Ky11DKOeBrS8RZuPQ,-1.266304905441049,36.67030386829833,2021.0,8.0,w/f/,180,0.63791883
wJS0j4QGi3WSm4Tw_sPy2Q,-1.214692596371632,36.87622392523052,2021.0,7.0,w/j/,180,0.69348574
wOpG7rIiQMr4hkkQGKC8Wg,-1.293486135916502,36.86527605205741,2021.0,8.0,w/O/,180,0.7860994
wOwNoKjzjdUkMcS-Qx73wA,-1.204066572922946,36.90998256785472,2018.0,2.0,w/O/,180,0.6569501
wT9iFS-u71olVc_a4-O_VA,-1.214420652549716,36.86800808346901,2021.0,7.0,w/t/,180,0.75039506
wUN4gfvbljUkE2xwLQR9Rw,-1.313045435084874,36.81426533173595,2021.0,7.0,w/U/,180,0.646655
wjfbO6SXO9MMiyUG7xwpYg,-1.296340306100306,36.86112560016578,2021.0,7.0,w/j/,180,0.6079509
wsUHnoTTJQfMImR3UKuslA,-1.306618583735469,36.83377246296555,2021.0,9.0,w/s/,180,0.64798665
wtjszgkec91w309AGcAZTg,-1.477419374305829,36.95858261496107,2021.0,9.0,w/t/,180,0.63970655
wxK043fqRwjVhQvf2yvxdg,-1.233101767963029,36.71285059003009,2021.0,10.0,w/x/,180,0.633401
wyDe2xG49zvaYMuK1dqqrQ,-1.194419679408776,36.73387456784276,2021.0,12.0,w/y/,180,0.6534442
x6pAsE2iacQGsPAK3JrBFQ,-1.278928328753704,37.01194054706652,2018.0,2.0,x/6/,180,0.7360696
xENBFO81k-jFqn0EJO_QPg,-1.29492070171358,36.81233649167324,2021.0,9.0,x/e/,180,0.6113981
xOYd0CDIYdnBCCLwqLV7TQ,-1.370366059694067,36.7278780525663,2022.0,2.0,x/O/,180,0.6059934
xTiBBIX5cTwesr8oTubvcA,-1.22955749020308,36.76041767238892,2021.0,7.0,x/t/,180,0.6759292
x_UqVfnada3mJXBLFReKcQ,-1.162007165868464,36.94518545915683,2021.0,12.0,x/_/,180,0.6559134
xeieg75BE_kpssSlnqg6Qw,-1.197698953622939,36.93020999318392,2021.0,9.0,x/e/,180,0.71350706
xk61AByCtB6ccNWBOttviw,-1.167078832702152,36.95993919987603,2021.0,9.0,x/K/,180,0.6379209
xrl_IJC9vgDE8QqCKZn2_A,-1.231803858738028,36.89428983433434,2021.0,9.0,x/r/,180,0.6827206
y8bDliOUxR_Kwk6DJoubMQ,-1.259011069710254,36.78205871454733,2021.0,7.0,y/8/,180,0.6421895
yFE3KKodf27RpZZmYtCoZQ,-1.478695992936805,36.95440111525869,2022.0,3.0,y/f/,180,0.6174825
yJQvqkwdPRp3qIC8m6MenA,-1.210169120098799,36.88920357343553,2018.0,2.0,y/j/,180,0.60190344
yNSOdbbke4z8TnBOnYQ1hA,-1.395802845294563,36.76831208594923,2018.0,2.0,y/N/,180,0.61558706
yk4hTEAMS70gwVnCKLJh3g,-1.253922302422378,36.92422572487553,2018.0,2.0,y/K/,180,0.654253
z6j5-0IvBkvnmHoWZ3Yt4g,-1.394394103141815,36.76934954625982,2018.0,2.0,Z/6/,180,0.60542756
zBRzOwNaqQWtEV_9mwDhsA,-1.260860205315046,36.80083239870063,2017.0,12.0,Z/B/,180,0.61694485
zGcowvL5wxGhRzm5eUsrjQ,-1.168590392262719,36.82929063332523,2018.0,5.0,Z/g/,180,0.66737974
zHc6gDiev86uyGuLJNMvbw,-1.282574049645823,36.82952865703704,2021.0,8.0,Z/H/,180,0.6551365
zQKgAJzDipGopVs5kASCxA,-1.177074077249008,36.94102943657498,2021.0,10.0,Z/Q/,180,0.74527895
zQ_MB_nc5TM8NSdHfJ0MxA,-1.265374542316106,36.78884420863466,2021.0,8.0,Z/Q/,180,0.6336507
zUAlQ-7npu34twtIjjFt6w,-1.271889550794894,36.85257693183286,2018.0,1.0,Z/U/,180,0.6684416
zVPw9T1LJgWyQY-nTSRGmg,-1.355447234794098,36.93363503826038,2018.0,4.0,Z/v/,180,0.6764786
zc8hJt2GGW_1nY3n0lIRdg,-1.308582141492653,36.86416186637927,2021.0,7.0,Z/C/,180,0.64013225
zjVYDBKPJXwdzvKvH4eRXQ,-1.354061604775951,36.74628936478909,2021.0,7.0,Z/j/,180,0.62034243
zqlWmStTMi9zNoZfzr73eA,-1.230510922943582,36.67012731283593,2021.0,8.0,Z/Q/,180,0.68627954
zs6Qm3xW1kNUThWOU2TL7A,-1.291607902511672,36.73236742473928,2018.0,1.0,Z/s/,180,0.6309543
zuzcDSjoJg3Le-sA5WXKLQ,-1.244422414400814,36.681993790626,2021.0,10.0,Z/U/,180,0.69869316
-0_gZvvTxCxbRNmGootr3g,-1.252538649644181,36.88337239230822,2018.0,2.0,-/0/,270,0.66787165
-0qUznWdO0ebGQWxgHJ-eA,-1.268619431734441,36.80532597968823,2021.0,7.0,-/0/,270,0.6159507
-3EHJ_ZT6QE_t5RYg1yw_w,-1.28348021155218,36.78808207760172,2021.0,7.0,-/3/,270,0.6605488
-7UHVDyPKqt2oBUtb77O0A,-1.289617650803968,36.76045738002613,2017.0,12.0,-/7/,270,0.632545
-ABsHZoNEbBn1pj8YA68PQ,-1.264450593616011,36.81072052870577,2021.0,8.0,-/a/,270,0.6180119
-FfqJSZre5afN5Ejnr496A,-1.195425596916103,36.94350451220569,2021.0,9.0,-/f/,270,0.6781328
-HqRUAYGxI6QP2ALrUNnpQ,-1.208780150224209,36.80750221712946,2018.0,2.0,-/H/,270,0.63886607
-JluGsi7plm4qk1OMDhRVg,-1.265945078788397,36.7040281681476,2021.0,8.0,-/j/,270,0.63538784
-QGMv2xTbWgh53AKHhKflg,-1.327551585509814,36.8921196880016,2021.0,8.0,-/Q/,270,0.6103555
-UgIYHW-15YcrW_p3GvVUw,-1.263805984721428,36.79478961301771,2021.0,7.0,-/U/,270,0.69011426
-WHLgIUtTgBQQvofC5Prdw,-1.261279847255153,36.89636825658683,2018.0,2.0,-/w/,270,0.6858201
-_qk-ixl4zDoudx_QLejRg,-1.256138212456009,37.00612143348572,2018.0,2.0,-/_/,270,0.64881146
-gJRF24oKdAlQF_HCZp-Ww,-1.310656264946283,36.76098697757607,2021.0,7.0,-/g/,270,0.69280845
-lWSlURxIW1X3mzWO8Zp9w,-1.195519465048333,36.93586735408964,2021.0,9.0,-/L/,270,0.6320117
-qWeZ9Tt6xWTzeGv0L1Z-A,-1.221019046549566,36.81763375974656,2022.0,5.0,-/Q/,270,0.6705638
-raISN0jzGt3txmBrtl61w,-1.305719013364725,36.82393695028583,2021.0,8.0,-/r/,270,0.61166066
03xxVjtzlFao6JZkG2_xjQ,-1.176747944414362,36.83928261538605,2021.0,11.0,0/3/,270,0.6333992
0MiP4r7vGLl8mwlqO0rqRA,-1.255097848806195,36.88970582239033,2021.0,8.0,0/m/,270,0.6387636
0SRnSwduzoM1YsUrv1OpcA,-1.289272648584203,36.79028322933491,2021.0,8.0,0/s/,270,0.61164004
0b8W24dbeCq7nG4OXUnZ9Q,-1.164652734819697,36.78295741775719,2021.0,11.0,0/B/,270,0.7301077
0gR0unXtGqrjw_MgnpLxhQ,-1.343576940559705,36.68359264421105,2018.0,4.0,0/g/,270,0.6450321
0kRXRra2qnvb1OWM4JiugQ,-1.211075940084312,36.67519696338845,2022.0,2.0,0/K/,270,0.6210072
0mxSO3g0IDLSUQak2Darjg,-1.157215796308635,36.93757709894849,2018.0,5.0,0/m/,270,0.6038589
0ytYJOKjc0z9E_FCc-p0Jg,-1.361581206304653,36.71722200686055,2021.0,7.0,0/y/,270,0.6303499
0zu6E-VJ9aWpVUOASxNvPQ,-1.255546183643424,36.88635020898516,2018.0,2.0,0/Z/,270,0.6485937
11eQslVDRKMJFguHhHsrmA,-1.228340808658048,36.76843826544146,2021.0,7.0,1/1/,270,0.63222194
1HCskq9ZfoNYvGk2q56wvQ,-1.495343602728851,36.94184886718995,2022.0,3.0,1/H/,270,0.6480235
1MlX1abVMZhZmf7cSn6a3A,-1.329048019193961,36.83451933965505,2021.0,9.0,1/m/,270,0.7854086
1TH5ro9nAgWHi_QN6ausLQ,-1.282814175760914,36.74759304837596,2018.0,2.0,1/t/,270,0.6156632
1b8sLwGn3OVNzHDy0ePTkA,-1.157074631375951,36.93023164678927,2021.0,12.0,1/B/,270,0.71298003
1g1HtFZ4Uks5bXqHwmIbRQ,-1.183535179956601,36.8837588759495,2021.0,9.0,1/g/,270,0.7410144
1oRgkBPCgDRNot--UY94ow,-1.273319734901407,36.82891708731818,2021.0,8.0,1/O/,270,0.6611195
1uPLa38qJrVHvPwzwTlGsA,-1.204521725704023,36.92055668719475,2021.0,9.0,1/U/,270,0.600283
27m_VUcehE5-dWjwiPKqeA,-1.221946197265418,36.89546313915528,2018.0,2.0,2/7/,270,0.6814411
27yvAsWAx_7LRHbBHYVizw,-1.482933390272561,36.96440010915425,2022.0,3.0,2/7/,270,0.6177879
2DChWsyO0U651pChMnHd7A,-1.25000716285437,36.98865073284834,2018.0,2.0,2/d/,270,0.6644763
2K2bnN5fPIk6-rqR_VUfCA,-1.217841056878773,36.83257090696063,2018.0,2.0,2/K/,270,0.6095121
2LL1VHux3YxzhmLIMkZkFQ,-1.275609123808798,36.84585567684728,2018.0,1.0,2/L/,270,0.6937994
2RQ9Ngy6ke9hMeDqrvJGGw,-1.444537845596672,36.98895331269789,2021.0,9.0,2/r/,270,0.60175925
2bazRhs3qH2FK6I-zdoEJg,-1.480369132956894,36.9518491670569,2022.0,3.0,2/B/,270,0.64979106
2gSWizDN_lT5kqAKfQqD-w,-1.345525567215307,36.66584729950473,2018.0,4.0,2/g/,270,0.64541787
2zrbPKP2Xdy9d-Nzsf4YyA,-1.273357212645181,36.84918365946282,2021.0,7.0,2/Z/,270,0.7106369
3Ba70zW9TqmpSOTo-vTuZQ,-1.243148210177994,36.76080414271174,2017.0,12.0,3/B/,270,0.65095127
3INOlp5Ah-EuvXC9PiQQsw,-1.245313293615113,36.88469048276043,2018.0,2.0,3/i/,270,0.6365252
3MB4CHMNj2C12d1mV3CEcQ,-1.332973954593286,36.71966643658278,2018.0,1.0,3/m/,270,0.6421566
3NImJaF8nBE-aBVwWKrfoA,-1.284636115757229,36.83907689750799,2018.0,2.0,3/N/,270,0.67655283
3U3Qhv4c-eowqQgvlJqWuQ,-1.217773276283576,36.81529327553871,2018.0,2.0,3/U/,270,0.624197
3VOsALIIRPrke22pD1d2Bw,-1.182684880274748,36.78558623663877,2022.0,2.0,3/v/,270,0.60683686
3ghusogmEyBSBFDCCsB5_g,-1.181505490997857,36.87960774328558,2021.0,9.0,3/g/,270,0.7273582
49lrLI5YwChA92ie-cZssA,-1.288379910260227,36.68289749111496,2021.0,10.0,4/9/,270,0.6109349
4Kis3PM_c_vuuSbT2PtiFw,-1.158142781690923,36.82791857345797,2022.0,2.0,4/K/,270,0.6427102
4QtJmfWd4J2OVremS75fcg,-1.277415358956342,36.87756726037712,2021.0,7.0,4/Q/,270,0.6296674
4QwCwDrC-eObhjPGInLezw,-1.28412433876811,36.86798649359439,2018.0,1.0,4/Q/,270,0.7579049
4_8sPBXizDQmudeyhXVFXQ,-1.282372551002603,36.81611788757903,2021.0,7.0,4/_/,270,0.7782857
4p-vF3Ihe03Lv75gTwqTMw,-1.26531911317384,36.73074798899108,2018.0,2.0,4/P/,270,0.6307461
4tYnj3C_RexhImdNT_spBw,-1.298198412954826,36.76132954510281,2021.0,7.0,4/t/,270,0.6110958
5-H0-uqAp6pN_psfJCnAzQ,-1.244637446802848,36.66430091279155,2021.0,8.0,5/-/,270,0.616213
5BzD9qFJA9Nq0V0kbZGdtA,-1.188001508782914,36.88494342867284,2021.0,9.0,5/B/,270,0.630214
5LSRdji9sm0J2BIO4iC5aw,-1.243687848495513,36.71201108998758,2021.0,10.0,5/L/,270,0.64087313
5cgudqn1TohWJIcuzx6zSQ,-1.190049964809649,36.84353908098681,2021.0,8.0,5/C/,270,0.6075902
5gVjVxfuop0A9rMuvy7gtQ,-1.313767224608557,36.88790829692774,2018.0,4.0,5/g/,270,0.8146835
5jfxoMOv5gJ2vo0BPObkPw,-1.464856590429358,36.95125493236385,2022.0,3.0,5/j/,270,0.6043821
5kK6cdcQXv-wEZudIS8x9w,-1.284178779302628,36.95160161768651,2021.0,8.0,5/K/,270,0.6307871
5okz0Mf8kzCPhdnny-kdjA,-1.365769067520139,36.74246270944693,2017.0,12.0,5/O/,270,0.6071563
5vZ3hpw7PMLPXOm8iZ3d-g,-1.235719224033119,36.72504353712711,2021.0,10.0,5/v/,270,0.6658393
5ymEjZVJufMZsbTI71TONw,-1.291902315044439,36.80597972854514,2021.0,7.0,5/y/,270,0.651726
63Bd36J6sVeFZ_4PZXin8A,-1.210964852103607,36.80889996071603,2018.0,2.0,6/3/,270,0.61293703
65i3h8IqhWzNh00zrPSq9w,-1.265180638104285,36.91718049843119,2021.0,8.0,6/5/,270,0.68618864
6C8CJw10xCfhF7hu8wEqCg,-1.313716490870264,36.81294934891018,2021.0,9.0,6/C/,270,0.61128217
6QVzRoCgyU8_8qE3P1FYFw,-1.263008709209781,36.82663182834023,2021.0,8.0,6/Q/,270,0.746393
6b2JUmNFWCNEyoa5PVHdpA,-1.275629321464457,37.00510853267349,2018.0,2.0,6/B/,270,0.60085785
6hrKBGwLvUdaJlpcRXHLwQ,-1.476604412274151,36.95843118028333,2021.0,9.0,6/H/,270,0.6325901
6jNCbYEG-lcqBcpaaSpSQQ,-1.272115790137883,36.94347154564375,2021.0,8.0,6/j/,270,0.61542344
6rczfZuBeerYX0kaxmH8yA,-1.192459892678996,36.73806350181296,2022.0,2.0,6/r/,270,0.62706316
6slgPadfDEidj8XD_C_bTg,-1.263879687363667,36.89367051418078,2018.0,2.0,6/s/,270,0.648472
6w2JVqeX3OkVnmwHcjGbEA,-1.164004779816391,36.81027919296841,2018.0,5.0,6/w/,270,0.6122448
7HpExozAPpZ2iHhFsW_12A,-1.158912894556249,36.94687858588409,2021.0,12.0,7/H/,270,0.62976295
7MZGPG90faVZX0mV_GX5pQ,-1.325845996287426,36.7246785945574,2021.0,9.0,7/m/,270,0.72419477
7aMy0e1K8PWrwMwG4i80rg,-1.205230201497903,36.84308077873207,2021.0,8.0,7/a/,270,0.60365623
7iHMQ9M73ar9iu_ELlrBbQ,-1.260803359643263,36.82010239688523,2021.0,7.0,7/i/,270,0.6110924
7m2p2NMhtg4sxSWgVutEVA,-1.220548216144209,36.97236571026195,2022.0,2.0,7/m/,270,0.6640903
7n9sdRsDWThcbB-ZMVPpKw,-1.174426695924901,36.63256286778654,2021.0,10.0,7/N/,270,0.61810285
7oMMVFZxLUdWzp0PeH9SGQ,-1.19912650314232,36.6538863747199,2021.0,11.0,7/O/,270,0.6667239
7qbLDLfm5BpD0_itIXuQkQ,-1.264111436185487,36.75332635301044,2021.0,11.0,7/Q/,270,0.6440933
7v84CJFCmudr2_HQOVhVMg,-1.310278717208549,36.88688317151777,2021.0,8.0,7/v/,270,0.77958447
7wDJMdCtf7RlI6sMoJXkTg,-1.274608215382609,36.77476439126401,2021.0,8.0,7/w/,270,0.6001094
83klEFFqySSpwjCzcZhbaA,-1.171158595395746,36.83145031309778,2018.0,5.0,8/3/,270,0.6386656
86SjjvPPqUP0bkBr2V_88A,-1.220183799493936,36.85251001380212,2021.0,7.0,8/6/,270,0.77604544
8FdGAAjBhifo_dHitHE8yw,-1.255286493475714,36.86858337330774,2021.0,8.0,8/f/,270,0.63315743
8Ndu_KmQaSJEyIIlU1nNYA,-1.361073205523109,36.73504927281785,2022.0,2.0,8/N/,270,0.65632933
8jp_qfQGxfdLCcUGviOZ0g,-1.388164078962164,36.75196225641352,2022.0,2.0,8/j/,270,0.6646866
8oOLJ4LdlCbGHSBwRxK6wg,-1.350316986909251,36.67932624252498,2018.0,4.0,8/O/,270,0.6151328
8vKRmGkq9PVyMpxofHkYEA,-1.241092599040172,36.92644348082305,2022.0,2.0,8/v/,270,0.62632465
8yb2G-uL0dSzxI2QBajrgw,-1.357524400139926,36.73657749637248,2022.0,2.0,8/y/,270,0.61146694
9Du2HVj4CrjYp0KDyQr4DA,-1.27055939038495,36.85068152693032,2018.0,1.0,9/d/,270,0.69594306
9L7AWzB0_wThdDv7dVyqzQ,-1.221902145191336,36.74897556108544,2021.0,8.0,9/L/,270,0.6451649
9QWK7iuMIoikABFsAX4hwQ,-1.253584416703991,36.91195077409436,2018.0,2.0,9/Q/,270,0.7109694
9TzNQkGasqknD98yBE49JQ,-1.209308142244889,36.87307881950313,2018.0,2.0,9/t/,270,0.6235349
9Y--ngRBf_nykGIj7FHzBg,-1.235781935930632,36.78499731437456,2021.0,9.0,9/y/,270,0.7336094
9ein1gARPSR6vCQO2t9XUA,-1.267524734555409,36.70444232873528,2021.0,8.0,9/e/,270,0.61266637
9qwuRijJwxFtfejZPoRFsw,-1.326516334317763,36.72537524920381,2018.0,1.0,9/Q/,270,0.67342407
9ydwJPddR4pusycPzfvNFg,-1.325393648138985,36.83630724663641,2021.0,7.0,9/y/,270,0.6405909
A7jpNAA5f2mEaLpHU55bhA,-1.246887630145584,36.77544561642048,2021.0,7.0,a/7/,270,0.6017344
A9ARPNYXcf_vKwt6C4u9vw,-1.277263006694335,36.73575824811493,2018.0,3.0,a/9/,270,0.60781175
AFx3kfsT5IEovkqiFZtV0g,-1.342633059148838,36.87245472378297,2021.0,7.0,a/f/,270,0.7315565
AL2uh1xdShs0ctcN49dSCA,-1.319415557886694,36.9013910862966,2018.0,4.0,a/L/,270,0.615519
AYAJWbACedb3XiuW5HTo6Q,-1.261230316591816,36.79561987720805,2017.0,12.0,a/y/,270,0.64174014
Ae8yDPnQZ1YAAAQrDCEKZg,-1.325233990373456,36.79821400277842,2018.0,12.0,a/e/,270,0.72407424
AvPQt0fgoMNqA0UzG2lCgQ,-1.266672888358107,36.83972624136729,2021.0,8.0,a/v/,270,0.7678504
BNfsEECOyBMzzJ7XnMBUdQ,-1.346392680424047,36.87779560685377,2021.0,7.0,B/N/,270,0.69547015
BPUp3LpKpV4q_57pMjRCFg,-1.380326383448092,36.77036060603196,2021.0,7.0,B/P/,270,0.6834568
BQw_BANc62Q2G_CV2xjfkA,-1.320074689577781,36.89749155499032,2021.0,7.0,B/Q/,270,0.61198795
BVaUHZotSOGnhuV4zsj96w,-1.263769750775214,36.68771240625512,2021.0,8.0,B/v/,270,0.6819495
BVd6V-9V8GLwU0e5PmSIBw,-1.268969953107602,36.81999051647414,2021.0,8.0,B/v/,270,0.68950564
BsM3DtRGiwHXKJmv0oCNHw,-1.316187629401214,36.88378399033962,2021.0,8.0,B/s/,270,0.62830764
ByQEcHDx_VnRp6xqtg-mAg,-1.472761593169879,36.96794947387936,2022.0,3.0,B/y/,270,0.6382922
C18y7O_41NbfU7hX5Up9aw,-1.388986462166987,36.77888592141352,2018.0,2.0,C/1/,270,0.63798857
CDuK3Y54eLBSe0cHywwogw,-1.211711143611842,36.90452948292552,2021.0,8.0,C/d/,270,0.66074395
CHDHo7xGCklmyDTepT5WBA,-1.276365225954314,36.83671582287692,2021.0,8.0,C/H/,270,0.6097361
CS0RDSsTFrn08awjL2PWzg,-1.23148402565095,36.92963370965362,2018.0,2.0,C/s/,270,0.61255234
CU5fnZa1HlN8c-p75oPXIw,-1.21229267160551,36.89073681712472,2021.0,11.0,C/U/,270,0.604275
CYf_gEfgQ25hzdHPj9XydA,-1.181809991724518,36.7458027490497,2022.0,2.0,C/y/,270,0.6164304
C_c_ImtazJQHa954bKrzLg,-1.278400752102869,37.03622729156082,2021.0,10.0,C/_/,270,0.6660206
CgO6GMJ9hNgMd9Sxft8irg,-1.206050031418412,36.90896152468254,2018.0,2.0,C/g/,270,0.7524454
CjsMaiOunjbfouk5o51bcA,-1.198907807155957,36.85371305113249,2021.0,8.0,C/j/,270,0.60104436
CjxWgLVGuFx8teDFllb9yw,-1.194747961846328,36.88039708143794,2021.0,9.0,C/j/,270,0.7835829
Clokk9jRnQJauWcDZxOFsA,-1.25474023884018,36.9717888570019,2018.0,2.0,C/L/,270,0.73570734
CuLCUL9ZVajjursfmWg3jw,-1.214327930987632,36.80738966036191,2018.0,2.0,C/U/,270,0.608088
D0lQQYjNW2IRIAFv84yrYQ,-1.262583705008452,36.83021759090553,2021.0,8.0,d/0/,270,0.6237145
DC4aSkBrSZVju06tfX2Irg,-1.247559631472428,37.00365978637826,2021.0,7.0,d/C/,270,0.60209286
DJStt7kC3yPqR5kWHYmM-g,-1.17046184542934,36.98047871746787,2022.0,2.0,d/j/,270,0.63700014
DXzjLsURZXP_rNzQCKIXuw,-1.213233541950505,36.90461965579369,2021.0,9.0,d/x/,270,0.8099188
DePiIR0jWnvgKWXljYRRMA,-1.242363339618298,36.73432803708723,2021.0,10.0,d/e/,270,0.703413
Do01og-TgWUiKKFC2uGeYw,-1.311817578993458,36.89313456456701,2018.0,4.0,d/O/,270,0.65260386
Do0bdFqGHbsCUicjeATbcQ,-1.134076205289908,36.9744888877736,2021.0,9.0,d/O/,270,0.60365385
DqgtflGQFHE8mKvuJ_ourw,-1.353114081459035,36.93549057662606,2018.0,4.0,d/Q/,270,0.6154904
E-ZPJyDMf3lbPWUe0DOgtg,-1.204535922976947,36.89791021291118,2021.0,9.0,e/-/,270,0.62959605
ES4CFkOux8q4Jpj4ZdQ2Mw,-1.27464163169067,36.82919010134048,2021.0,8.0,e/s/,270,0.60385996
EUJGcPDsLWUMlOlBV3v5uw,-1.200597661668263,36.83985952573425,2021.0,8.0,e/U/,270,0.6621691
E_WqKdJKnZxYT49m979_dA,-1.312598926520741,36.81708099123795,2021.0,9.0,e/_/,270,0.6554774
EbRtWMO30XMmNLUgxkzcsg,-1.345472526487059,36.87659279900245,2021.0,7.0,e/B/,270,0.79096186
Emkan0fBNe_TkJtJ3eoRng,-1.159764171899896,36.6380293413882,2021.0,10.0,e/m/,270,0.60983205
EslnS1sui6wIkc23le_gSA,-1.181907912933951,36.78508705834354,2022.0,2.0,e/s/,270,0.6635378
EvErdljWE889c8lSn_ImMA,-1.173897639821239,36.74579954221014,2022.0,2.0,e/v/,270,0.71394646
EvQxoDmHWuxDroJPMKmjnQ,-1.311179066116601,36.70335550193949,2018.0,1.0,e/v/,270,0.6551502
F2LOOvpT5Wyc9nxSPVcVvw,-1.372806449634003,36.74607434318895,2017.0,12.0,f/2/,270,0.6127035
F5cVttVm4fCZ9EDaxWkZvQ,-1.264063786820093,36.89643759649208,2018.0,2.0,f/5/,270,0.7029755
FI-2qVzJtK4x9EKmD481hg,-1.257462081829483,36.82291364458967,2017.0,12.0,f/i/,270,0.6294268
FJzRLq1jbBKZTpREstr1dA,-1.247255164301888,36.90232271564641,2018.0,2.0,f/j/,270,0.6238531
FNfHOeO1Q3SZnsCL6nRjjA,-1.26824651572218,36.76549382948524,2021.0,7.0,f/N/,270,0.649018
FROZw2XwY2H-C0WRWw-6KQ,-1.16523292022453,36.96165543311987,2018.0,5.0,f/r/,270,0.63145536
FRfF4KNDQ7so4Y1eH_DqyA,-1.294474663783825,36.8430642728998,2021.0,9.0,f/r/,270,0.71870816
FlBt2WHtBOF6Dlnc35Qpeg,-1.316773504715461,36.87931177007273,2021.0,8.0,f/L/,270,0.6189388
FvMcyV_7QF3iYPtIDjoViA,-1.321801138613548,36.8594194926378,2021.0,8.0,f/v/,270,0.64597917
G0-PEUx_m9DH6gKXXELRCw,-1.22353905761247,36.8020261727339,2018.0,2.0,g/0/,270,0.6715522
G0knKOuJNRN2RA1gV5q-lg,-1.346689738804864,36.87817112117462,2021.0,7.0,g/0/,270,0.6444887
G8QxTIR-zzRAkqdr7CjHFQ,-1.185424168036751,36.89052352886543,2021.0,9.0,g/8/,270,0.7022257
G9iyq8tcYd-4crysii_MrQ,-1.297334790424606,36.84523652362268,2021.0,8.0,g/9/,270,0.603088
GBkzCiZ0yFg0M0z__Om7GQ,-1.304104954513823,36.89927128597446,2018.0,2.0,g/B/,270,0.7051755
GEJBr6fq5JhcxKeTeB39Cw,-1.262841606251059,36.89724997630345,2018.0,2.0,g/e/,270,0.6439357
GEQM4mXHL4bh1pUemrOGSA,-1.243518247631133,36.6643985404103,2018.0,2.0,g/e/,270,0.6292408
GPXCVP6_CRmUovc_PpDxUQ,-1.26933021669642,36.88565704004363,2021.0,8.0,g/P/,270,0.6081703
GPm56wMHlQnPhemGk7oS8w,-1.282459802078846,36.89224171683843,2018.0,1.0,g/P/,270,0.69613063
GQKiiK_r0R5pNLO1qzD3OA,-1.288033476379711,36.97534122359385,2018.0,2.0,g/Q/,270,0.6671144
Gbr2Twe95z72_JkQbgs94A,-1.207009354339424,36.93526446000808,2021.0,9.0,g/B/,270,0.6710122
H--dxIq27JCR4Wb5J9UZJw,-1.250797020813103,36.71121690846672,2021.0,8.0,H/-/,270,0.659819
HGhR-RreMROMH9Re1HtmQw,-1.311586437557808,36.7770136105003,2021.0,7.0,H/g/,270,0.6218535
HJqVpH9tDAgDIkM_k-yBxw,-1.25801474165195,36.92293902326163,2018.0,2.0,H/j/,270,0.6031003
HcHOtWSZJtC9u2npiQO5KA,-1.144005232610676,36.79363623371476,2022.0,2.0,H/C/,270,0.66700417
HeWpviOTswpSdPoOrhxbsQ,-1.363559862100086,36.65951996661626,2018.0,4.0,H/e/,270,0.6952372
HgNsfx0JdS5eIwj7NdOdbQ,-1.456391213825424,37.00394173739367,2021.0,10.0,H/g/,270,0.7487474
Hgvpeuy8orLY6aOhPWQXGQ,-1.183055683865276,36.75645025428023,2022.0,2.0,H/g/,270,0.6117372
HnUqCrV6PeYJNbTwTPckQQ,-1.203267078094757,36.67338195714402,2022.0,2.0,H/N/,270,0.6179991
Ho1Mbn6LXyyc_Oa4zFzL-A,-1.264940838347464,36.69384809388335,2017.0,12.0,H/O/,270,0.63629
HrR8Jo4ZG36rQpjVCotpXQ,-1.376727262042939,36.92102443244833,2021.0,8.0,H/r/,270,0.6154664
I1Im5P4ChdrXrxyxQjcv2g,-1.34605616600365,36.73824409015391,2021.0,9.0,i/1/,270,0.63726896
I7c-89EtJkDfp3Au4kRGyw,-1.297000202900425,36.79149771768421,2017.0,12.0,i/7/,270,0.71810216
IIau8NBmE84Kdra-Q0Rawg,-1.301763423170485,36.83249805737864,2021.0,10.0,i/i/,270,0.68472433
IQ9Y0QVhlHBB-0TozaxQtA,-1.356923422888934,36.66327877852778,2018.0,4.0,i/Q/,270,0.60925174
Iar6f0znqZbUP4JnmgTpbg,-1.245271299320025,36.66191747513421,2021.0,8.0,i/a/,270,0.6261081
IfiOUyAzpOZ0NjGxouUS-w,-1.162188535876052,36.93895203389358,2021.0,12.0,i/f/,270,0.6155917
IojXA5KWVMLSlvMa8uZGfQ,-1.241408760184589,36.78755834423074,2021.0,7.0,i/O/,270,0.6327911
IzrMtpMVQTru43jc1Htrpw,-1.272921392084378,36.94775363011664,2021.0,8.0,i/Z/,270,0.6846741
J1k__wVMNNpsa-NMaQpCZw,-1.267808494562759,36.66557969276955,2021.0,10.0,j/1/,270,0.62209976
J859PTV73uf6NXdb3q_weg,-1.309237179035866,36.76302188930693,2021.0,7.0,j/8/,270,0.6000267
JJe8TSgJ9WOf-LEFpuu0xA,-1.30388274562746,36.8121742397437,2017.0,12.0,j/j/,270,0.6383828
JKIygBDThv4ywt2SNfyP5Q,-1.213051093389222,36.85702056353315,2021.0,8.0,j/K/,270,0.69674736
JOdPtDZv_EDeYlBI_SAuZA,-1.36128545571863,36.74053980993062,2022.0,2.0,j/O/,270,0.7054276
JVmXRiGEqAnIVxosmpSdiw,-1.151523820239015,36.80540657917494,2022.0,5.0,j/v/,270,0.60061723
JXLzFeHu5zS9kFUcxJR_vw,-1.373678628263549,36.76927827835525,2021.0,7.0,j/x/,270,0.7149006
JYf45J2tyk-TkPOhXFGUpA,-1.216726271985083,36.71419179610793,2018.0,5.0,j/y/,270,0.6221126
JeuWSYqcJCWmu5brCfHnmw,-1.257855541292077,36.7947541145785,2017.0,12.0,j/e/,270,0.6050057
JtyXpCU5RDj-GUSrD1m8vA,-1.271185356459256,36.66887667910255,2021.0,8.0,j/t/,270,0.6100429
K3XQbwVrm6SqblpKcxoTRA,-1.262441578151671,37.00136013645955,2018.0,2.0,K/3/,270,0.63700986
K6pUSUKBHDfuwTEUUF69TA,-1.333394913653026,36.87116514449721,2021.0,7.0,K/6/,270,0.73049456
KBH280nmEjleCTbpWMTDKQ,-1.52046494139452,36.95538643222643,2018.0,2.0,K/B/,270,0.62517554
KL4DLoMyMuAW2swafWuefg,-1.217202298521521,36.81958694057196,2018.0,2.0,K/L/,270,0.7112192
KMqa19yrtOXvgR43OUVjUw,-1.272266816719481,36.87745374351466,2021.0,10.0,K/m/,270,0.6228815
Kh9Br3WYUNa6GoK1k5piVQ,-1.25006196786872,36.83490846154855,2017.0,12.0,K/H/,270,0.64500904
KjuHzowQui2CkFfP9nycxw,-1.253200126397024,36.95436921953048,2021.0,8.0,K/j/,270,0.6763775
KkY1m7NEmRSZi9gJWt9jRA,-1.250251234390458,36.73795059275913,2021.0,8.0,K/K/,270,0.6086911
KmA3HCm3zndQ-cW_4Vt9Vw,-1.266604737247686,36.65468009715278,2021.0,8.0,K/m/,270,0.6087882
Kn8YO2V_8Id91RgdKScMdA,-1.209682208476555,36.93173540840694,2021.0,9.0,K/N/,270,0.7394351
L1f-dTm9tKytBCAnFz-C6w,-1.207834956452966,36.91855466769287,2021.0,9.0,L/1/,270,0.6266264
L3KOk32rhsmm8oMS2e8euQ,-1.339799804194193,36.76297001631681,2018.0,1.0,L/3/,270,0.6290172
L6zTiTKnKycb_bOriIfAHg,-1.343199121614356,36.87330717991767,2021.0,7.0,L/6/,270,0.62188315
LAse_5sRk_8Fjaa-h6uxrA,-1.241615732356742,36.73445172498953,2021.0,10.0,L/a/,270,0.62445456
LC5aRaE2AEJ-0GhfvKWyTg,-1.193417924684173,36.94222036343598,2021.0,9.0,L/C/,270,0.7331887
LIGQA2x0i866oQrzVu2UTw,-1.365431943917494,36.75040935429424,2017.0,12.0,L/i/,270,0.60559654
LLL7EKOdxiFoCArBAAkqoA,-1.260139095649856,36.9096838454852,2018.0,2.0,L/L/,270,0.64497125
LLtHyE0HeL7HoM97e8Rrmg,-1.302230681570252,36.73119481565668,2021.0,8.0,L/L/,270,0.6374292
LZ0ayBBoS6IMurvpQr2Pxg,-1.295059828712188,36.98241462043312,2021.0,8.0,L/Z/,270,0.6014893
LqtXK_hVsU7MHn4f13JQYQ,-1.205344621121303,36.7791177789213,2021.0,10.0,L/Q/,270,0.60401785
Lv2N2jFkq_vYBUJY4OpAJw,-1.202503080308682,36.83381245974265,2021.0,11.0,L/v/,270,0.62125707
M3T7RqkKXI2VHNY8F508vA,-1.207070472006524,36.89434538989516,2021.0,7.0,m/3/,270,0.60763794
M6LH82TE0Yh06uglQLBw3w,-1.355534059535646,36.66220419303069,2018.0,4.0,m/6/,270,0.7345839
M9XvHVTT8TMIUHU1G6Boxg,-1.267197774589194,36.66638818979386,2021.0,10.0,m/9/,270,0.63997537
MCO5FuFz3u0QnPKZ6HYPvg,-1.178880144031155,36.63318857371296,2021.0,10.0,m/C/,270,0.6451527
MGjSPibQZxzVhyks1OAtaw,-1.28135435028645,37.05739772922868,2021.0,10.0,m/g/,270,0.81974494
MM1PficrEEGL1Z6pymjTxA,-1.294806619338073,36.78181067547102,2018.0,3.0,m/m/,270,0.6001712
Mb_ZwGlIuEJ94bEnJrzDAQ,-1.480005000017653,36.95450467378679,2022.0,3.0,m/B/,270,0.62859803
MpjhEIGprcqeR0Uto7voVA,-1.282876393893301,36.78085007096671,2017.0,12.0,m/P/,270,0.6732357
N6wmbblRVrDwYvqzkYhxCA,-1.287762151979106,36.82809968189416,2021.0,8.0,N/6/,270,0.68223596
NGqWh6hx0UxdmsVZ3KtH7A,-1.256311581408001,36.88058914122242,2018.0,2.0,N/g/,270,0.6061106
NLLapMK4Ml4qgyHAPrhb4g,-1.269804649310879,36.85206589001802,2021.0,9.0,N/L/,270,0.6020634
NZm05fO0r4kFhIyBD48-4w,-1.225355332714932,36.7573934170487,2021.0,7.0,N/Z/,270,0.6495748
O6j_jVQGl8er_0p68u8__w,-1.186098560754469,36.88264341083627,2021.0,9.0,O/6/,270,0.60108715
OBgsnJXmPbNZSn8jiqGnHQ,-1.335392612405984,36.87541073835212,2021.0,7.0,O/B/,270,0.6927432
OJG545VYg0KOiAriLglIxQ,-1.312851469199908,36.70652609577918,2018.0,1.0,O/j/,270,0.6571137
OLK6hV9ZpGCMaD3QP7U23g,-1.130833613078697,36.95917679011746,2021.0,12.0,O/L/,270,0.6598651
OOC0qkpvXT4Fg4g5DiYO2Q,-1.332909118573698,36.80720562556968,2021.0,10.0,O/O/,270,0.66511494
OVeuOPmBSndJ3cSLsfWjTg,-1.263689958761809,36.84708033674953,2018.0,2.0,O/v/,270,0.8159091
OdRtirqVkzBbGoSr5lhgaQ,-1.285487939097731,36.81906334827508,2021.0,8.0,O/d/,270,0.6113029
OfV7VTB2PFy3ngO7Ks3zZQ,-1.288123933888084,36.7804665818058,2021.0,7.0,O/f/,270,0.7025034
OpWtZ4KNOe360vX_vW_lgA,-1.192909140520979,36.88666002367805,2021.0,9.0,O/P/,270,0.606024
Oq4wmhgqJmowKdcsyrVCZw,-1.252958192456737,36.91558307940778,2018.0,2.0,O/Q/,270,0.67852837
OqbBXty9LB6eSOPhrjedqA,-1.292291385193514,36.84308537737126,2021.0,7.0,O/Q/,270,0.72058177
P3RvFoMLYQ2IV8vp8yhJJA,-1.300836883513663,36.8257625686353,2021.0,8.0,P/3/,270,0.6464237
P6SXz0-jpOfgssKkqIu-Og,-1.268513295298216,36.88730599337022,2021.0,8.0,P/6/,270,0.6344599
P9HqO2X8JRLL5uW4JO_baA,-1.325387891827437,36.89057785629152,2018.0,4.0,P/9/,270,0.61534625
PCeU57n3-zPdBqGkodLojQ,-1.192111901094878,36.88796837108183,2021.0,9.0,P/C/,270,0.7087284
PCt9Zxo-sNsi1iLvClfUeg,-1.233125423882482,36.86624943197221,2021.0,11.0,P/C/,270,0.64233804
PcFZDPY97GZAKhni_t1CsA,-1.31399711238454,36.86413288681847,2018.0,1.0,P/C/,270,0.6783431
Pfz1RDNJDN4VboOZ0toDaQ,-1.275301400704765,36.79452296344525,2021.0,7.0,P/f/,270,0.63270247
Pn-kD_F79UokeU0FmO9oXQ,-1.36258710189685,36.913500525004,2021.0,8.0,P/N/,270,0.71322083
PyGNAdARP_UsyKov2UnK_Q,-1.269500387944875,36.68583516208678,2021.0,8.0,P/y/,270,0.6560195
Q446sOIbFH_N0iCksgb3mQ,-1.27970517814849,37.04883225797126,2021.0,10.0,Q/4/,270,0.6394743
QFxZPKRtqJRtH9tGj8dorQ,-1.362616652551569,36.72441383117913,2021.0,7.0,Q/f/,270,0.6804717
QGpDU7D6ZKqELOsBk8XW7A,-1.207570302329007,36.92613047099528,2021.0,9.0,Q/g/,270,0.6419201
QM7Z2oR3saZ43ljwqtI-Kw,-1.358699887796956,36.92402697089928,2021.0,8.0,Q/m/,270,0.60727906
QRZYyf6cvJMnsWyJvFrvsg,-1.289691116793382,36.81027023806484,2021.0,9.0,Q/r/,270,0.65109813
QUq50gkmxgPHF-pD5Hh_iA,-1.295539195455883,36.80819020637398,2021.0,9.0,Q/U/,270,0.630455
QZGB5b0rRMVJvmvKdamCPQ,-1.260016748800749,36.78276871975331,2021.0,7.0,Q/Z/,270,0.60966396
Q_3LaWU0vbw7HRuLzmAIMQ,-1.356828029335042,36.66384248932245,2018.0,4.0,Q/_/,270,0.75736153
QbDldtYtlLgDpx0SLImn0g,-1.14372904326332,36.96997522756658,2022.0,2.0,Q/B/,270,0.62618536
QeTI1VI9unpHXEmtz0GUzw,-1.263797259674907,36.68873214838479,2021.0,8.0,Q/e/,270,0.669144
Qlg7qKu4oFf7ccdqVhd5ug,-1.312913059678374,36.83570797001283,2018.0,1.0,Q/L/,270,0.6503217
QqC3arqJw7Fh1exc18tQ-A,-1.380754992341754,36.77042126917946,2021.0,7.0,Q/Q/,270,0.75331146
QrVnxbbxus38wNfOyMWuPw,-1.280052760509035,37.07022889719168,2018.0,2.0,Q/r/,270,0.6389858
QtSJw8qAfAfbAL18xELKhA,-1.283145696389216,36.69401620019961,2021.0,8.0,Q/t/,270,0.6570087
QwHsOP9KSx3iRC-2mGEkpQ,-1.340203042655745,36.868581579616,2018.0,10.0,Q/w/,270,0.63548106
R3Rch0lUe-Z2kHN7SS7l4w,-1.246934292285993,36.90494473667897,2018.0,2.0,r/3/,270,0.7219475
R3c0NFVQorcm9s0OgoNNOA,-1.209368243277786,36.80530790435803,2018.0,2.0,r/3/,270,0.6499061
R72erYNe7rK-rsLav947Gw,-1.184936409355023,36.78766641128198,2022.0,2.0,r/7/,270,0.621079
REBcIdLkTM_-7VNvbEr4lQ,-1.283971347613734,36.8949893225535,2018.0,1.0,r/e/,270,0.6135392
RJHF7o0sBwNNNbNLKdRn_Q,-1.223379027345922,36.89922287300475,2021.0,7.0,r/j/,270,0.6177568
RfnZC-DmOFuXwkEBaewaJA,-1.274697539093691,36.94487613763838,2021.0,8.0,r/f/,270,0.6862216
Ri7eWf8ZVv305zwK13H99g,-1.328259219346987,36.85587488905755,2021.0,8.0,r/i/,270,0.7467987
RpTjnjBVlQUj5AOzQTNcjw,-1.36564610200561,36.76666392366,2021.0,7.0,r/P/,270,0.62238735
RpxXQCk1oMEMPLv9Dmdd2A,-1.163416042845931,36.76440542967001,2022.0,2.0,r/P/,270,0.6242264
RrmS2RhWAHsA2uDa6PURRg,-1.262069766409671,36.92501646998353,2018.0,2.0,r/r/,270,0.6685135
RsZ8TSQxBNBpEhLK4kdJzA,-1.198090507259957,36.72557272945676,2021.0,10.0,r/s/,270,0.7309178
S0qmbypgHN1XQm98Q30ymQ,-1.346837674063734,36.67173308790206,2018.0,4.0,s/0/,270,0.63058764
S1gB3aPCuRbLZQU_29RqaQ,-1.194401568339893,36.7403496059496,2022.0,2.0,s/1/,270,0.7051319
S3PLgdsw2NAMApUjbvsVMA,-1.255705838196856,36.74413435149535,2021.0,7.0,s/3/,270,0.70833236
S4t6jMNvB7VagdPvZhXhFw,-1.263106725697435,36.82718846786585,2021.0,8.0,s/4/,270,0.7461773
S6crHanuRle3GE1Cm6xKcQ,-1.20663212298745,36.84648410383878,2021.0,8.0,s/6/,270,0.6234013
S8Gnxvph_RATv2srsYrIzw,-1.170981674034223,36.82444539437996,2018.0,5.0,s/8/,270,0.7493329
SAqFBUPxk53U8ieFL2VaIg,-1.226193602481658,36.90706215787853,2021.0,7.0,s/a/,270,0.7092634
SEFA884b8lgTlG6kBIX5yg,-1.243098239007389,36.73452195725726,2021.0,10.0,s/e/,270,0.7157691
SSIyOMUPhKu4TfexPub89Q,-1.326045045576677,36.87898673988051,2018.0,4.0,s/s/,270,0.6453786
Sbm72SllXbJOCQ39dmf-Lg,-1.268534043828856,36.93869812599004,2021.0,8.0,s/B/,270,0.67213964
ScaVnGrvmGMuavPcdr_gOQ,-1.216566480762116,36.91051831242459,2021.0,9.0,s/C/,270,0.6059718
Si0ajSdV2uh-2nr9hDwChw,-1.49403033064869,36.9493623196863,2022.0,3.0,s/i/,270,0.6346506
SzqO41-XfG6Ha79zhYXsww,-1.219240254516055,36.90895110496422,2021.0,9.0,s/Z/,270,0.61720115
T-HWB6erXMPjOZcpUp_w2g,-1.304182972050832,36.80782049716313,2021.0,9.0,t/-/,270,0.64837086
T1FA1MKKXV9jY4EovokE3g,-1.217085194180646,36.86217481079753,2021.0,11.0,t/1/,270,0.6853519
T2kEKAbbAJAtq093qxQMBQ,-1.192881328313331,36.86022374323795,2021.0,8.0,t/2/,270,0.6882618
T3QNLDS6cLImDVyEAcI5ZA,-1.230746593627683,36.6946710953429,2021.0,10.0,t/3/,270,0.62434185
TKGntw7iVNL3nh3THvFOGg,-1.279296196220612,37.0449681061485,2021.0,10.0,t/K/,270,0.67201877
TLfcM2AQ6z_AsJd3jVyDCA,-1.290710180603822,36.78888562678804,2021.0,7.0,t/L/,270,0.6439995
TZ6sQyzamqr8s3ut4A6-tA,-1.519708580262473,36.94723767427354,2021.0,9.0,t/Z/,270,0.6097281
TZpagvQHt8lq3jenY7qIdQ,-1.253210416311959,36.97103345679388,2018.0,2.0,t/Z/,270,0.6651525
TyJ9vzfKrKtRJvIAcGxCzQ,-1.192267605193527,36.94205675770564,2021.0,9.0,t/y/,270,0.66236705
URiWM89z6gjc8QGwEO_Rkg,-1.243815911980209,36.71245309349393,2021.0,10.0,U/r/,270,0.6865568
UV05G25LBo9s9TrDoQOTFw,-1.288958638520894,36.82815701227247,2021.0,8.0,U/v/,270,0.65275365
UhL2m6JGB4TlambrfysCLw,-1.20075053531795,36.90203988033052,2021.0,9.0,U/H/,270,0.6352016
Uk6_70SQ6BPQC6M4ykY5pg,-1.241502450971543,36.66046962760046,2021.0,10.0,U/K/,270,0.61708975
UmycFE7NpVWMLl3htuG6Wg,-1.394682468839921,36.76500816181476,2018.0,2.0,U/m/,270,0.7597909
V7qWDq1teQfJhND8zxSUlg,-1.29283439929699,36.78171205135286,2018.0,3.0,v/7/,270,0.6080984
V8UDie1UmDhrUjp3_q3dFg,-1.21793820398776,36.85282580068733,2021.0,11.0,v/8/,270,0.66676795
VCSK64Yh6PFlvw5z-wRRqA,-1.314499706000378,36.91160365493695,2018.0,4.0,v/C/,270,0.6004492
VCb4EL34CnpFo2OTjtFoRQ,-1.2023074938672,36.89716685138806,2021.0,7.0,v/C/,270,0.7160122
VD6__bTJtOLc0HcHxTFOsw,-1.240202701067695,36.94158406220274,2021.0,7.0,v/d/,270,0.6744311
VOchRGcnLjHIViBrZ5Gq4Q,-1.226786963821855,36.89155065509307,2021.0,9.0,v/O/,270,0.7719824
VUdsWvmvuylhxk__FNr2Pw,-1.268477142342521,36.95993042716675,2018.0,2.0,v/U/,270,0.6324172
VYlho5LGKzleaiEcyVlHrg,-1.194250492699702,36.9477139413348,2021.0,9.0,v/y/,270,0.7361052
Vd2LCpdhPi8a1OF5rVj3cw,-1.300640599945675,36.83381935856854,2017.0,12.0,v/d/,270,0.6663977
WY9YEFOP7VGalk_xxmkaTg,-1.243568523416092,36.73463659854453,2021.0,10.0,w/y/,270,0.6352204
WYd7uc5h0iVSs9Nyv0zMMw,-1.479846843577302,36.95232515810964,2022.0,3.0,w/y/,270,0.77493733
W_Oky9L7zYgirOL3-vs13w,-1.294837003244612,36.85450315975785,2021.0,7.0,w/_/,270,0.6233726
W_aZlffVTsppxde9uoB2Ww,-1.223047533013417,36.76466709099459,2021.0,9.0,w/_/,270,0.7593617
WgIAei8DvwEtkGe3OZ0-sQ,-1.268089897387747,36.75710377724837,2017.0,12.0,w/g/,270,0.65354395
WhaAysa7FKLjp9mUjpjtHA,-1.206400730952151,36.76297059177014,2021.0,7.0,w/H/,270,0.8297007
Wi1ZmbRmwX6ocNwRISQlqQ,-1.231070445087346,36.70562811188552,2021.0,8.0,w/i/,270,0.7780943
WigCp3YvAwLvPhRz7jIqLg,-1.321570310168569,36.77787752595396,2017.0,12.0,w/i/,270,0.7214736
WtBQuuHEDHICi3Hh-dc1Pw,-1.273563151365379,36.84233949076903,2021.0,7.0,w/t/,270,0.6438915
X43IKoBgd97Eip3B0uRGwA,-1.181248319232623,36.90764756191711,2018.0,2.0,x/4/,270,0.60220253
X7FxbpW5gbwmBcwLrQ8mvw,-1.197972136717097,36.95210770314993,2021.0,9.0,x/7/,270,0.60245043
XC9ycyQkqld54JYPNpgQ4w,-1.295929550762258,36.7766872252046,2021.0,8.0,x/C/,270,0.695865
XNiw3AYddMWb4LeaNws0BQ,-1.227941916197991,36.7663665929234,2018.0,2.0,x/N/,270,0.6028948
XRLgF71qZfKK2p6f7gDsTw,-1.205971112076781,36.93094145499047,2021.0,9.0,x/r/,270,0.67500937
X_Ob3FxfNArWyts4wZMmQQ,-1.169120575608062,36.82670082328587,2021.0,11.0,x/_/,270,0.60693616
XjgOXg5Tzq4liHIPxBXjYg,-1.20440130670629,36.91706720686653,2018.0,2.0,x/j/,270,0.6368726
XzldFyxsnFSzSHrOXDjGPg,-1.334868328191391,36.71598071874793,2021.0,7.0,x/Z/,270,0.61704785
Y1nqqj7ujuo5zJNDO0mRuw,-1.343844031728969,36.68140009598823,2018.0,4.0,y/1/,270,0.606162
Y71rF56fwhWtUpYG2hqhhw,-1.276374447489311,36.82526785072997,2021.0,8.0,y/7/,270,0.6282282
YGj_jHT5JNMjhRccBejgnQ,-1.252716167774194,36.95276113203744,2021.0,8.0,y/g/,270,0.6048738
YJ6cqRIGAFC53H0GIHDNBQ,-1.292920783919196,36.73997996906297,2021.0,7.0,y/j/,270,0.68192315
YR9FXSSY_Cu-iE1J0SuX8g,-1.251093344087922,36.99383096928952,2021.0,8.0,y/r/,270,0.69024044
YRhkq7MF8usW18Cs8AAoqQ,-1.163423568732564,36.77378520131793,2021.0,11.0,y/r/,270,0.6183425
YTy6PymvlimyNX48Hg3Cqg,-1.328013696811049,36.89208957056415,2021.0,8.0,y/t/,270,0.67721736
Yh6wjy6g5OBdiBeV37snPQ,-1.181782994710966,36.79257454350655,2022.0,2.0,y/H/,270,0.6225596
Yhs7Eehdzr0yN-EFGdnLHA,-1.194358198995588,36.73929948700016,2022.0,2.0,y/H/,270,0.6578167
Yo69sHQ58-L4B6ohdhKY9A,-1.282117470563457,37.00244667170464,2018.0,2.0,y/O/,270,0.62712955
YoKy4HtLXkHjHVdDjJhJQA,-1.194413647750015,36.74080550261346,2022.0,2.0,y/O/,270,0.68660897
YtlBgXB_Uezb0tYfABYL6w,-1.330182450448427,36.74868638174856,2018.0,1.0,y/t/,270,0.7193178
YvcETVU83gKhyrdBRYUwvg,-1.225385677952234,36.78900248502439,2022.0,1.0,y/v/,270,0.6706575
Z6wl0KYHuSgAB5KzpQsXzg,-1.231932122693087,36.65963365326353,2021.0,8.0,Z/6/,270,0.62751085
ZNAF6hlqdBJ0Ii1-0r_tfw,-1.286876743089502,36.85344874916098,2021.0,8.0,Z/N/,270,0.6759019
ZOv3BjaJepGl06MfU6CPNg,-1.274505593004785,36.7729555962797,2021.0,7.0,Z/O/,270,0.6003148
ZRGKzVtAJWopc722Zk4GHQ,-1.288234818954629,36.83881681344491,2021.0,7.0,Z/r/,270,0.7163129
ZVJEmpSm_wTf69t1imCzcg,-1.2805150411339,36.81877181402336,2021.0,8.0,Z/v/,270,0.65048635
ZeFI0X1zsacDZ9BvLRm_pg,-1.203876503083801,36.93404742063411,2021.0,9.0,Z/e/,270,0.655985
ZlfHTFKvWDWD_5MO9MAVig,-1.382519599905923,36.9274689559612,2021.0,8.0,Z/L/,270,0.6676443
Zly6xgeJLf3IsH2P_cF0sg,-1.390348979155326,36.77770245875237,2018.0,2.0,Z/L/,270,0.70437706
ZtFHcrqJg58r7TcMg1SZqA,-1.273435678692975,36.84237151732233,2021.0,7.0,Z/t/,270,0.72869456
ZwzX9fB05U_wCsL0TLIxIQ,-1.311615449498789,36.85735989453929,2021.0,8.0,Z/w/,270,0.61430603
ZxEYEcTq3vyqQ2ABuv-wDg,-1.303563004948281,36.80527084991732,2021.0,9.0,Z/x/,270,0.66335917
_1FxH5aR6ssgNFJtQsFhkg,-1.202355261488158,36.89713058165215,2021.0,7.0,_/1/,270,0.7492693
_HIMljzpuJRYcS7IlHXOZA,-1.188173184616882,36.90590077136169,2018.0,2.0,_/H/,270,0.61912906
_Tw2jXzaI7kuUbxVvS15Ig,-1.190737259119927,36.73904711085844,2022.0,2.0,_/t/,270,0.60710025
_eKuELqINtxqlFaLSwfqyw,-1.166241863585411,36.96491176282417,2018.0,5.0,_/e/,270,0.691128
_w-mPGXcfeJNVfc36rDB0w,-1.300456021248876,36.79924699688429,2018.0,3.0,_/w/,270,0.63429517
a-A8v4jGxkBWYm3j0rfoqg,-1.285183409492113,36.85505753622474,2018.0,2.0,a/-/,270,0.6086925
a-pdTkEQx9nBrnKFcqVJBg,-1.231068486911782,36.89536097424767,2021.0,9.0,a/-/,270,0.7788538
a9NUFgeA7d86sFlg5tspRg,-1.229596312680917,36.85636858055253,2021.0,7.0,a/9/,270,0.6299363
a9okANN4lw8pG_b5FRembA,-1.254264824568768,36.92558229044742,2018.0,2.0,a/9/,270,0.60925406
aF1g2DPJZu48IqT6rJfgmA,-1.233443727939272,36.71301141428739,2021.0,10.0,a/f/,270,0.60039854
aInE4nAwViwq_dS35EswZg,-1.264247815883778,36.85336278307765,2018.0,2.0,a/i/,270,0.62104607
aLT-80G3DVo9mu0BegeJXw,-1.199217898748365,36.95511552672913,2021.0,9.0,a/L/,270,0.60956275
aPhR-6ovm0izebQYlb8ZGw,-1.265803173542904,36.79092889356463,2021.0,8.0,a/P/,270,0.61725545
aVG3kJjmAvEwf821r8z3EA,-1.195043923396384,36.84439630631165,2021.0,8.0,a/v/,270,0.7201808
arWkatyd-ZFEgPN5E_YqFA,-1.26261447963922,36.85215464930232,2018.0,2.0,a/r/,270,0.64205956
athcp035OExcs1FcS1gQDQ,-1.276012369949665,36.82870748019908,2018.0,2.0,a/t/,270,0.6076243
auBscu4hAsumnQTaTovuJA,-1.187068687656075,36.83909307574115,2021.0,11.0,a/U/,270,0.76451486
bOZCUlV_V_6EODpCDHoRrg,-1.253592307751858,36.80514251488147,2021.0,8.0,B/O/,270,0.66671973
bZFLJ8VwcbzxDhPNPXqdLg,-1.287594323627756,37.07291635655035,2021.0,10.0,B/Z/,270,0.62677294
bkXFeSA8uKUDrcygi8rUhg,-1.264655285223111,36.99802266762939,2018.0,2.0,B/K/,270,0.605849
bxOvRviZoLMYNPGx_wIgbA,-1.262198807901318,36.69601863568158,2017.0,12.0,B/x/,270,0.66547763
bzI81vi0Uwrqb2CymWvKjg,-1.200006179368137,36.7598743415268,2022.0,2.0,B/Z/,270,0.64071137
c-8Lu29uRgVgpJU7IWhIsA,-1.263914969491352,36.75324709451314,2018.0,2.0,C/-/,270,0.6378568
c6PcUeVfwYkzJ8BsADl2TA,-1.317054541610103,36.86705048845248,2018.0,1.0,C/6/,270,0.6388644
c8e93yZLZOEN2AT6IOWNJQ,-1.335394425795104,36.70907510983736,2017.0,12.0,C/8/,270,0.6893944
cIvKn_Lwhy_gar9nwkuesg,-1.365714396519476,36.76670149066014,2021.0,7.0,C/i/,270,0.6580912
cKJWbIr5yuMGwPS59dv2VQ,-1.270251127768585,36.87658582210138,2018.0,1.0,C/K/,270,0.66783994
cLha_fAqH8xrWOBunHYLrg,-1.16059466497958,36.63255232676269,2021.0,10.0,C/L/,270,0.69099545
cXvb6bQ8ze9GF6jVO-1hEw,-1.37555794807579,36.92268842306691,2021.0,8.0,C/x/,270,0.6636851
cZ_gl7eWOiOVYXXhffmq6A,-1.282424190255465,36.82298108233387,2021.0,8.0,C/Z/,270,0.77355677
cdGtW1zGERc-PjwlREYkTA,-1.230175697433096,36.89495838568603,2021.0,9.0,C/d/,270,0.7328485
dc-mfVZd0aqwGNAHXVYJfQ,-1.288984271328981,36.84229851318438,2021.0,10.0,d/C/,270,0.77234113
ddyBPHwyZYn0GqfTS5SrmQ,-1.276582553625119,36.97363482058259,2021.0,9.0,d/d/,270,0.6802629
dhbpMY290mUBKG5X2EUQcw,-1.30251380229407,36.75871047050415,2021.0,8.0,d/H/,270,0.6881689
dmqMXYeP-f5CB_1oAnjn-w,-1.307515357503952,36.76720128613637,2021.0,7.0,d/m/,270,0.74201316
dn-XLRKtLioA16yzHIQW-w,-1.315793217093903,36.91724743963548,2021.0,7.0,d/N/,270,0.68861485
dsd4F7ztSbb0l5ToHOF9Vw,-1.25361737368403,36.77264678323263,2017.0,12.0,d/s/,270,0.70905143
dtfvPyB3BRTPbP-rTSF4ZA,-1.242281038300487,36.75865612812461,2021.0,8.0,d/t/,270,0.6361836
du-beCO3u3mCQo_bfrPxqw,-1.232555787376362,36.76268977001006,2021.0,7.0,d/U/,270,0.6451137
e3SoEq62vTtDtdUjmF7wRA,-1.293367024275027,36.8409089571956,2021.0,7.0,e/3/,270,0.6918791
eFxk7u-dY9tLrTk9WfHuSA,-1.250362512114273,36.92805042400963,2021.0,9.0,e/f/,270,0.7368445
eK1HId97Z4LYGVErI_cA6g,-1.218815586191605,36.83476974779543,2018.0,2.0,e/K/,270,0.6298983
eMj_2_8jU8KBmlbCQVAYdg,-1.284247599363691,36.87256176359353,2018.0,1.0,e/m/,270,0.707648
eSrLHDWXBdeujfN6BYIfpg,-1.366472005822693,36.78311223292116,2018.0,10.0,e/s/,270,0.67644435
eWkLoeW_Y8cFPOq1x7Ei9A,-1.215302195222689,36.88990286389379,2018.0,2.0,e/w/,270,0.60312814
ece0l7SnXnn5ax7LZ5PEdA,-1.258212443644436,36.6824325159092,2021.0,8.0,e/C/,270,0.63031274
ehckwem9DOTefGKeElTDug,-1.286635979638431,36.80780702328139,2021.0,9.0,e/H/,270,0.60194653
ej4PGJYwUNlN2N-kh29M6g,-1.174651331393728,36.91008085635523,2021.0,9.0,e/j/,270,0.61574185
eowYvWrK4QqzR6WJ0Sc_EA,-1.344030123439109,36.87452957738434,2021.0,7.0,e/O/,270,0.75750023
f1GGaqT_V6EtmfN_9WhHXw,-1.2608659638215,36.73482229402745,2018.0,2.0,f/1/,270,0.6410279
f3Nu7I4Hbf18yzkPoRc3_Q,-1.469129949446344,36.95806566962832,2022.0,3.0,f/3/,270,0.79123986
fI20a_QrGo_DwCw7RX-6PQ,-1.308516070077815,36.76169965107619,2021.0,7.0,f/i/,270,0.62797236
fJYpPmOesCObmhzUAqQLqw,-1.229516463885193,36.89429738398466,2021.0,9.0,f/j/,270,0.6983881
fTXd0yyglbPVUai2rpF_cg,-1.26294095057254,36.69421252946498,2021.0,8.0,f/t/,270,0.6616479
feeJOHRIqJshws8x2cuA9g,-1.367732748650232,36.71575318814272,2017.0,12.0,f/e/,270,0.6133397
fvSv2LEsdMF5-vayY0JRQQ,-1.279794621101958,36.85198296034029,2021.0,8.0,f/v/,270,0.6703965
g0GPaU3rffWEMopa8T_-0Q,-1.331784074410377,36.75206404448888,2021.0,7.0,g/0/,270,0.6698811
g0JTR0ZYDMiINkuLKekSrA,-1.283774192991774,36.86141696696555,2018.0,2.0,g/0/,270,0.6112564
g96ag4noekqHEuFWHFWrow,-1.207167607981796,36.83479767124806,2021.0,8.0,g/9/,270,0.67217135
g9IATcPbO6y7SMSdKyEZzg,-1.270801450616475,36.83316733454126,2021.0,8.0,g/9/,270,0.61430395
gAMO97M3Lma5sV6leDLkaw,-1.221381883888415,36.91157116627186,2021.0,7.0,g/a/,270,0.6335772
gQI_mapFG-tyAmeUqpJzIQ,-1.20227542684637,36.90068049968239,2018.0,2.0,g/Q/,270,0.6805899
ga2HfSQuz3vXgbiri2uZdQ,-1.3434911212635,36.87376824908969,2021.0,7.0,g/a/,270,0.6094944
gaKkMOFiHUdEwobkNAEFbA,-1.235353981852109,36.72716168203662,2021.0,8.0,g/a/,270,0.702
gwlDVZNLQkUJvs7KdZ-LSA,-1.187493676382916,36.78194677653827,2022.0,2.0,g/w/,270,0.7857573
hDM1AWoxkzfWrhFYTIZbyw,-1.321010943493639,36.8603262853789,2021.0,8.0,H/d/,270,0.6981669
hMbNbhiatTFpfhPyscf66A,-1.285410390552583,36.78184864572148,2018.0,2.0,H/m/,270,0.62666696
hWCVky6HKRCltfjlQIbZKQ,-1.266264804049002,36.91677269720102,2021.0,8.0,H/w/,270,0.6027797
hXOmDbbILhv74P_G5_JBRA,-1.365547298769534,36.76661024474052,2021.0,7.0,H/x/,270,0.6845605
heJm1NB6TmYDd_awBNrV-g,-1.228275515971512,36.89239402692465,2021.0,9.0,H/e/,270,0.65604067
hgMoWY-lNqDAtWr6ZDYu_A,-1.355085972810182,36.75051681777951,2021.0,9.0,H/g/,270,0.6924728
i0JEOnSDebwJqyF8t8PJYg,-1.213088087316577,36.74744586607176,2021.0,9.0,i/0/,270,0.6324274
i0plmo-QbkCz1spc6dIXoA,-1.223626244830838,36.82383131832696,2018.0,1.0,i/0/,270,0.6289395
i8e_SueUCaO-iw3y9ZwkxA,-1.237005443176389,36.79303882941242,2018.0,2.0,i/8/,270,0.61273116
iCnglWKcU3i1ViQTis-G6A,-1.217909215575235,36.85294181877386,2021.0,11.0,i/C/,270,0.6161522
iDG9cd_aSM2dVoJKzrl4vg,-1.295174200807937,36.87435974645096,2021.0,8.0,i/d/,270,0.6594617
iDP3aKeRR9H6I40yOyiSXg,-1.29012259036626,36.77741141888749,2021.0,7.0,i/d/,270,0.6380111
iJb3YnnrFy8KFN4AXGZqSg,-1.308372717992413,36.77184001642819,2018.0,1.0,i/j/,270,0.6395338
iMY7i4yAr2sJBb1GisDcpg,-1.209207701748034,36.92070606740457,2021.0,9.0,i/m/,270,0.6981701
iX4uMsIoNScfdNUbD6ehfw,-1.25560503781035,36.88297162574893,2018.0,2.0,i/x/,270,0.6111326
iXTptmat1rrFc2_eWaenVQ,-1.350165613190803,36.74871886000722,2018.0,1.0,i/x/,270,0.6540828
i_hjAsrlWAHFsVio1vIk_A,-1.393620240561052,36.77191177505426,2018.0,2.0,i/_/,270,0.6451261
idR-rNiBYn_p6HJgOKuBaw,-1.285541429302625,36.84480779391848,2021.0,10.0,i/d/,270,0.6412929
izyMp8nt8WHKrILPmL-6NQ,-1.1875521828217,36.74935214209763,2022.0,2.0,i/Z/,270,0.6675351
j5E3lNUw7_dRArGqPrsKMw,-1.242498172694649,36.701918743565,2021.0,10.0,j/5/,270,0.7711788
j5J3Ute0v7xQOuX9TbAKwg,-1.465837093180315,36.93903954006328,2022.0,3.0,j/5/,270,0.6207376
jB6xMbxUCkzbeBRLzzT2mQ,-1.216659513700227,36.91114610491121,2021.0,9.0,j/B/,270,0.639189
jIL2V06jCjurSClP1tQscg,-1.212216767430855,36.92334941511792,2021.0,9.0,j/i/,270,0.60085195
jLsq1caPObGCqFNmEpIG1g,-1.301983519635198,36.79068507524134,2021.0,8.0,j/L/,270,0.67949855
jM1FTzi-WLdzcWNJgeC_hg,-1.237783872655525,36.72204613512579,2021.0,10.0,j/m/,270,0.61665463
jN5MeyligxlqPlhK-YgK1A,-1.329531619614879,36.68045325271186,2021.0,7.0,j/N/,270,0.61936355
jR24wEVpY7DJv_IRLYStCQ,-1.317726880320081,36.86804658402819,2018.0,1.0,j/r/,270,0.7117689
j_6adX-msDze7a-GNJ8KEA,-1.258636298034322,36.91621550464809,2021.0,10.0,j/_/,270,0.6616302
k798zEhWzs6NfrVSCCnpEA,-1.268075414596322,36.80491525779872,2021.0,7.0,K/7/,270,0.60113126
k89JPBgxHGuQ-fs41c4AgQ,-1.202936342205829,36.8381482445491,2021.0,8.0,K/8/,270,0.7272755
k95pn7MvF2UQlgeGZSUCew,-1.165596278286129,36.98189628640176,2022.0,2.0,K/9/,270,0.6918032
kFc_3wOmVkay9OwstKFaxQ,-1.345431862741182,36.66613021582454,2018.0,4.0,K/f/,270,0.7038509
kHVCXvbS6p1t9G69Sj-t2g,-1.168390938855304,36.83747490635201,2018.0,5.0,K/H/,270,0.6190877
kOiLPNaEryWrDv0h67ZI-w,-1.346332256501723,36.87771598936336,2021.0,7.0,K/O/,270,0.7052822
kUq_EMo87JuWyrSsJZp0sA,-1.351019793174418,36.65830315466236,2018.0,4.0,K/U/,270,0.6965621
k_W-FGy3CWq9rjZLm3cdXw,-1.211462047958289,36.81584819330168,2018.0,2.0,K/_/,270,0.6138868
kbr-0VHYhL5OTtjEwW_McA,-1.281020014124841,37.05232543422475,2018.0,2.0,K/B/,270,0.70189995
kjpEH5kuD0ZWkY99JtP0UA,-1.284787222186692,36.90960048851795,2021.0,8.0,K/j/,270,0.63822126
kjv8E0wPfunEAJ2yPMPtYQ,-1.344341469389276,36.87500040676601,2021.0,7.0,K/j/,270,0.7199443
klARErGOB1LZXmnlDRlq3g,-1.226685312444477,36.89334086993414,2021.0,9.0,K/L/,270,0.6833638
kt7CGzm47BujzLGs5yNUjg,-1.216971100379411,36.97354399492095,2022.0,2.0,K/t/,270,0.6920037
ktcjCp8PiEN8qrbV0yWFsw,-1.265908509303755,36.85150369066084,2021.0,7.0,K/t/,270,0.61158466
kwhTIYqK7ZD1EETLHu8YfA,-1.484511577503734,36.9536815311282,2022.0,3.0,K/w/,270,0.6689638
kzVgS2tlcFMmrS9baTjwCA,-1.258422292374928,37.00220371858535,2021.0,8.0,K/Z/,270,0.70309937
l6YrmIEJosQOLJnTeZYncg,-1.282076697387726,36.88826332461752,2021.0,8.0,L/6/,270,0.6224454
lIOi5-hT3CnBc2hCaKEV_w,-1.375554787874456,36.75932525186607,2021.0,7.0,L/i/,270,0.63051146
lJvUfXA96CtJCLNI_EfbAQ,-1.309442870581452,36.9103525027698,2018.0,2.0,L/j/,270,0.6454531
lXH9t5wnTzWXpexU_FgqvA,-1.265066914868666,36.98007717038891,2018.0,2.0,L/x/,270,0.70783895
lXYKO5vDMxTzLubb0I8F8w,-1.230386665315443,36.89467781970672,2021.0,9.0,L/x/,270,0.7090858
liougnFv6wVYMgtrBi-DcQ,-1.199482640022754,36.85207401876359,2021.0,8.0,L/i/,270,0.7082719
m0EP-pmBNoZYX0mHKoGN2g,-1.255715515426156,36.74440159364635,2021.0,7.0,m/0/,270,0.8220633
m1aKe1kdP4Hl6QWthUMKGw,-1.217262760454509,36.80057793146955,2021.0,7.0,m/1/,270,0.60216415
m2hnjkVTthvROlZ-sJdGHw,-1.206000744915534,36.84289116673465,2021.0,8.0,m/2/,270,0.623021
mBGtJX5Ffs-H3crd_b2niQ,-1.253084224450951,36.76930721296837,2021.0,7.0,m/B/,270,0.6466417
mLbv9YUF-w8jxgj5RiF65g,-1.269956284945598,36.80922447860311,2021.0,8.0,m/L/,270,0.6907563
mgk_8MusHALZdWjHWoCbPQ,-1.242236155664147,36.73429941778261,2021.0,10.0,m/g/,270,0.6066844
muoaDcd9-Tik6C34b2Hq7A,-1.239287779090565,36.76525280455985,2021.0,8.0,m/U/,270,0.65576184
n-LrSg6CQuE99nN_U1qIEA,-1.275403758139965,36.8297747290525,2021.0,8.0,N/-/,270,0.6109681
nJzPwtzNO6hswZcwJsgTxw,-1.276604883381923,36.69416110210895,2021.0,8.0,N/j/,270,0.6104471
nZMEPRTAd2VSsF2q-dxOyA,-1.270788448758714,37.08320111467551,2018.0,2.0,N/Z/,270,0.6416068
nfMywGQsFFQAifszm780Lw,-1.284717908886797,36.89538058663855,2018.0,1.0,N/f/,270,0.60954255
ngIWn6evUqB7ByVsHwE3uQ,-1.298287717233913,36.68301385790728,2018.0,1.0,N/g/,270,0.61940295
ngU7qamvKbwrhdo9JGhMMQ,-1.285816554456988,36.83286501485703,2021.0,8.0,N/g/,270,0.68884987
nvEnq9jp6cc1muoslq5MKw,-1.265412938133327,36.91782841453049,2021.0,8.0,N/v/,270,0.6662455
o0qanssMm1BKoRGOZoGZUg,-1.265138794721136,36.66606930288733,2021.0,10.0,O/0/,270,0.6907398
o7N5z8cBnmzB_QZWAXz5Lg,-1.249581728280728,36.69894122591774,2021.0,8.0,O/7/,270,0.61065334
o9Jm91bIzv_wcxhU2qn3sA,-1.256287387053298,36.98950380483444,2018.0,2.0,O/9/,270,0.6177543
oONLS1Ee0XVGJRw5kTu9hQ,-1.256466455596447,36.93553822751815,2018.0,2.0,O/O/,270,0.66426533
oVcHftBCSLi5Kt4R7CnsPA,-1.283432970329756,36.82610426128387,2021.0,8.0,O/v/,270,0.62231755
obrKi-m0oxHKz7AkPt_lVQ,-1.312260964124005,36.88861129276432,2021.0,8.0,O/B/,270,0.6024946
op7wtH3aaol34fRkGyW4Gg,-1.296596999670602,36.7589268530787,2021.0,7.0,O/P/,270,0.62296605
ox5eDmwA6yrDjvnUJ12XMw,-1.239463189451756,36.92600316682542,2021.0,9.0,O/x/,270,0.6578537
p0kn1Uw1J5_gN08p1j8ijw,-1.190850619553717,36.89711203648615,2021.0,9.0,P/0/,270,0.6073665
p1VCTEQykePSgccO_WFsAQ,-1.262829155799876,36.82627132870002,2021.0,8.0,P/1/,270,0.74253553
pCjg3PFde1qR4Pp6DSCkxA,-1.263051833679015,36.82672833910929,2021.0,8.0,P/C/,270,0.7249341
pF9gyVZF4xOBJc-53RQVog,-1.19959942971032,36.75862020129508,2022.0,2.0,P/f/,270,0.60794646
pScKj9FqW3hBnM-0XXwqWg,-1.256582379207999,36.9914437299451,2021.0,7.0,P/s/,270,0.7085065
phyG7AOiyzTdQblVu9f4MQ,-1.192366378552647,36.88757156889526,2021.0,9.0,P/H/,270,0.62213767
pm1HiAuy_pDWee44n7teYA,-1.21503332892134,36.75028404854942,2021.0,9.0,P/m/,270,0.6349164
pnJbxIpCEnkXUAIGPZJjOA,-1.157635479200205,36.8229610399413,2021.0,11.0,P/N/,270,0.62249774
prFbFJk2pcD5PMm9BV64uQ,-1.231270438544701,36.86206964411519,2021.0,7.0,P/r/,270,0.6463508
pyKBKohCPJKjLarcOucGnA,-1.387832338258042,36.74040034350539,2018.0,1.0,P/y/,270,0.6367463
q0krIxr6gphofuP8ODgsnQ,-1.238314569216041,36.84525803805274,2021.0,7.0,Q/0/,270,0.6615777
q1H767fs24B0JX5bHYgzyA,-1.16076223741515,36.94706341945192,2021.0,12.0,Q/1/,270,0.6797023
q3-VJ6Xd8vrCYhZLDgCxgA,-1.301849694659754,36.90361552255253,2021.0,7.0,Q/3/,270,0.6020223
q5wH4dFwMB86WPx72aGKKA,-1.24472166429752,36.89579293799546,2021.0,8.0,Q/5/,270,0.6288533
q6QW7caLjthbyZvQ61fL6w,-1.306640852499431,36.78332256675293,2018.0,3.0,Q/6/,270,0.7626949
q6ihUozO0nO0hDe-q4BEmQ,-1.194382028227257,36.7397798956489,2022.0,2.0,Q/6/,270,0.7502909
q8GuhYCKWB9-GeYE9Mxqbw,-1.268656410834922,36.78687114914402,2021.0,7.0,Q/8/,270,0.60552335
qOOcHfS8t_8KND56-uJ94A,-1.194580908555635,36.73739509087127,2021.0,12.0,Q/O/,270,0.6407364
qQ8AQVnGWK0LxQUekW46KA,-1.211452568764173,36.92639082045815,2021.0,9.0,Q/Q/,270,0.70489585
qi1PNAgB0S9iKR-05ExWKA,-1.335063963132914,36.73612058689518,2018.0,1.0,Q/i/,270,0.6155637
qm6m65QYw2JnU4Y1Jm5YyA,-1.32466915661054,36.89605831871876,2021.0,8.0,Q/m/,270,0.6497507
r1VoXONGLTp4l-RQ8HZuGQ,-1.164325136116524,36.77773697907841,2021.0,11.0,r/1/,270,0.67294616
r2fy3cYJ4bACBbhnkmhsUA,-1.230654209647585,36.67230842254754,2021.0,8.0,r/2/,270,0.6337486
rDkBv48wYH3uegD5zxj-_g,-1.289285478320249,36.8752830178638,2021.0,7.0,r/d/,270,0.690542
rGopDCfKIXP5bRaj8LGnTg,-1.294929052556496,36.8452164051614,2021.0,9.0,r/g/,270,0.61277705
rYfgXy2dnK63ZsnoT-MizA,-1.298653624060702,36.890230225723,2018.0,1.0,r/y/,270,0.63558495
r_CwmiAj5ky_CTnTADxYPQ,-1.213230211917516,36.9046284351298,2021.0,9.0,r/_/,270,0.73136836
rgBfaFgvk6CBtO_QA58jiA,-1.350818052593057,36.75307624447669,2018.0,1.0,r/g/,270,0.70656544
rhGxRjGQYF9PQWNycv2Mdg,-1.298550137024032,36.68356951917976,2018.0,1.0,r/H/,270,0.6758626
rooLH0zx_B-URxfT9o-AIA,-1.282528764078154,36.8231242538569,2021.0,8.0,r/O/,270,0.7293694
rvAPT7mUGoikaDqIvgs53Q,-1.279154050463755,36.74772978787514,2018.0,2.0,r/v/,270,0.61189073
rxujOsVEWRKNs5smORwGGA,-1.262279083560523,36.82354341708047,2021.0,7.0,r/x/,270,0.69827515
s8GrNEQkW8jj3M0KI68PpQ,-1.272527005945438,36.95188024391437,2021.0,8.0,s/8/,270,0.6961581
sNImkuAasKUVJGJQHnbgnA,-1.234566432438555,36.67084052849017,2021.0,10.0,s/N/,270,0.6102028
sYhweK4iCZFzFe4aX2dDXw,-1.259774069280484,36.78618140003722,2021.0,9.0,s/y/,270,0.68105584
seyuXbSyLZPrgVDzdLqIoQ,-1.24089006884139,36.75136114482612,2021.0,8.0,s/e/,270,0.60082096
t-kLqWjT3DQ4sYglUEf0EQ,-1.213089382341086,36.92712929249336,2021.0,9.0,t/-/,270,0.66000396
t1Bkhqwz8tIq7NZXcli3fg,-1.212107153600519,36.89023244150379,2021.0,11.0,t/1/,270,0.7378869
t4K9UbBcUZO2XxSyBzjx8g,-1.281678846943733,36.71470074721072,2021.0,8.0,t/4/,270,0.72612697
t9xHbQRextuTkdRi0_IRRw,-1.315715412395127,36.82897425279276,2021.0,9.0,t/9/,270,0.67042464
tC8J02qq4qvJOrLGOGKUJg,-1.230726025879903,36.89462226439737,2021.0,9.0,t/C/,270,0.7331482
tFusTd6zD9qum1jWoe6w-w,-1.146999986356803,36.95775148314559,2018.0,5.0,t/f/,270,0.64010733
tLKYIZq8WehdMhETlawYSQ,-1.206580544428988,36.87396016202162,2018.0,2.0,t/L/,270,0.6767855
tMCeY7I9Y_PR5VD6ra1XVA,-1.270928994747937,36.66899109230041,2021.0,8.0,t/m/,270,0.63241607
tOwhzZen29-0idVU2H1P1Q,-1.27656842534295,36.82463275391329,2021.0,8.0,t/O/,270,0.62048507
tZKPZnDwlevACSOhOAWozg,-1.283446802805055,36.75278543674821,2018.0,2.0,t/Z/,270,0.6441571
tZR9KNXD96erqs-ZbOxr7w,-1.280646935617951,36.84644731641398,2021.0,10.0,t/Z/,270,0.60592294
uC0EFSL1SuLj_VHUoJLohw,-1.182538695446197,36.78547422178259,2022.0,2.0,U/C/,270,0.77257496
uCPKb1T_cgAYL5-iNA-CNw,-1.207605421833817,36.92913370250793,2021.0,9.0,U/C/,270,0.6117647
uD68e9sEU6XtKJcsXTk55g,-1.293101253070313,36.84446446346775,2021.0,9.0,U/d/,270,0.64282686
uEE31j_dcAMrM84_8dxzGA,-1.389409557614282,36.72698304068616,2022.0,2.0,U/e/,270,0.72269946
uLKVl-nqVoGzfE-AA1hXoQ,-1.356529205947612,36.64512086567949,2018.0,4.0,U/L/,270,0.6814978
ujXxmbKKVNIyDwySVfDeHA,-1.17003852788695,36.95031941497749,2021.0,10.0,U/j/,270,0.69874215
uoZQTbkywrcvhlHrLrzP3A,-1.26130927096614,36.79626196151067,2017.0,12.0,U/O/,270,0.6030483
uqsjQERg711iqFlwMmOlEA,-1.292416609619447,36.89467027009551,2021.0,7.0,U/Q/,270,0.62485015
uzv1Fc9sZ4mEkyg3w5lCpQ,-1.44766553616646,36.98297393183746,2021.0,9.0,U/Z/,270,0.6523551
vEJfqKiDU4Ruu_6JFSpNNg,-1.289754093793465,36.83943322843057,2018.0,1.0,v/e/,270,0.66510135
vXc9-6HYhQIx1EdzTXotew,-1.176323992276521,36.91125948766519,2021.0,9.0,v/x/,270,0.73279953
vYFR19MPIW6n_5l6CwKxlg,-1.259359409000008,36.98721346142786,2018.0,2.0,v/y/,270,0.6358701
vZtKu5iFcmGieOWjqz1EJg,-1.191006024811468,36.7904627865179,2018.0,2.0,v/Z/,270,0.670779
v_lQ8dVK-5eH_PGUhq7_fw,-1.229638941294742,36.69261242264293,2021.0,10.0,v/_/,270,0.6871776
vaVvWMfAALQXzVxA3zVZww,-1.348607715175909,36.66326470216693,2018.0,4.0,v/a/,270,0.720248
vbZ0qiN19ErMZnMTq4pgBw,-1.190746665507138,36.7916590289,2022.0,2.0,v/B/,270,0.61558753
vd1nYYLTDh_QPTZI0ZcbqQ,-1.237328584024409,36.7631909078628,2021.0,7.0,v/d/,270,0.63094366
vexZLMgcVOKy9Z2kRfccLQ,-1.284512648570177,37.07115902857045,2018.0,2.0,v/e/,270,0.6804004
vfCIOxBBuIbqL7oEu5ZNGA,-1.305995614091668,36.83263192972307,2018.0,1.0,v/f/,270,0.6997307
vg3IkV9orlocxa8d3ZRLFA,-1.296457920048124,36.81102400711132,2018.0,2.0,v/g/,270,0.71723235
vj87VCgHJZORwbryyfaiaw,-1.266456680720611,36.99532752281806,2018.0,2.0,v/j/,270,0.67207164
vmqJ-mT79HDPIz9-sZ_8wQ,-1.311102165153005,36.83537051033254,2021.0,7.0,v/m/,270,0.6069945
w-AOJoEBYiAgM7vkcg5CpQ,-1.329398406892994,36.85774840322173,2021.0,8.0,w/-/,270,0.60153574
w8jDoLO-DdH70lhAJzwYcg,-1.305734010883893,36.75438556398897,2018.0,1.0,w/8/,270,0.62106496
wD83JHJ655GMQ4WDKi4vvg,-1.207257625352869,36.7651847387159,2021.0,7.0,w/d/,270,0.6748154
wHv6VZHowJfFlhDmK1tKWA,-1.201182253705376,36.88854137099542,2018.0,2.0,w/H/,270,0.6319859
wQ4rlQFGz6lXs3JqGSyemw,-1.323841279021793,36.84276593550307,2021.0,9.0,w/Q/,270,0.73552716
wS6M-nHWpaUVyKyeI6yFiA,-1.302603531600291,36.77429292192155,2021.0,8.0,w/s/,270,0.6659679
wT9iFS-u71olVc_a4-O_VA,-1.214420652549716,36.86800808346901,2021.0,7.0,w/t/,270,0.7339854
wXjCt69EiktPZoEtNOPb-w,-1.343191029563932,36.79158970734369,2018.0,10.0,w/x/,270,0.67438644
wf4yUpGTj_NkScBhSozWPQ,-1.285231791506518,36.72935428045331,2021.0,8.0,w/f/,270,0.66822493
wtjszgkec91w309AGcAZTg,-1.477419374305829,36.95858261496107,2021.0,9.0,w/t/,270,0.68803155
wziG3Ih_XuwyyHjNEBCQWw,-1.288867607228617,36.83597570280506,2021.0,9.0,w/Z/,270,0.63861483
x4G7lfHX4hdw-h9u5RYbOg,-1.239551375953182,36.86981315517803,2022.0,5.0,x/4/,270,0.61083484
x6pAsE2iacQGsPAK3JrBFQ,-1.278928328753704,37.01194054706652,2018.0,2.0,x/6/,270,0.61969984
xHy2dYSCKZzD74HIuMzXHg,-1.314271727871464,36.81103435854551,2021.0,7.0,x/H/,270,0.6370287
xL9hWoT6GjxOMK39T_6xew,-1.375595659686923,36.76093674735927,2017.0,12.0,x/L/,270,0.6930144
xObF1bZoOQKffn-i_xCeLg,-1.27876722304716,36.88664246070786,2022.0,4.0,x/O/,270,0.65559775
xW3adxhrfwuRTYWn1rwCHA,-1.251136265691683,36.7851342314118,2021.0,7.0,x/w/,270,0.6576417
xaQirqzj7TmxYyZi5I_W9w,-1.322297590126406,36.85744101190605,2021.0,8.0,x/a/,270,0.62132573
xdkQk9Yq8606esgkfe8v2A,-1.32328991631552,36.89453831589597,2018.0,4.0,x/d/,270,0.63337106
xmHkiDFC-ChaoRcOHEknvA,-1.218025644669786,36.82097476255673,2018.0,2.0,x/m/,270,0.60389596
xvO6ksqpsI42mx9OUTA3YA,-1.251037015757525,36.70137292772538,2021.0,10.0,x/v/,270,0.65322083
xxhSvxYkP4-X16SnQ4n2dw,-1.289086105228204,36.7893373625625,2021.0,7.0,x/x/,270,0.6023476
yImmxxv_0x4M2R8vzbw97g,-1.190045092821466,36.89367904864001,2018.0,2.0,y/i/,270,0.6131816
yOHXUSeO8k_1L-1cN8TxNw,-1.263934064447022,36.88515008532949,2021.0,8.0,y/O/,270,0.6405824
ySrDLmpKOyCLAj11Gh3syQ,-1.294113893802275,36.80598835532939,2021.0,7.0,y/s/,270,0.60156155
yVMuEOVtFhFm8x0DM27kJA,-1.210325060354695,36.885157882134,2021.0,11.0,y/v/,270,0.62225735
ybqoHjXp1ZMcC0tkqhio_w,-1.329582298583295,36.71334054765511,2018.0,1.0,y/B/,270,0.6139847
yoJGksvon_qSyPztHrPdIg,-1.212844404768519,36.95726864017043,2021.0,9.0,y/O/,270,0.67053056
ypkcrI7ntZBiOqp4ectTNw,-1.229576014659627,36.73284894737395,2022.0,2.0,y/P/,270,0.6425021
zDkLqf_7bSCmngN_ON81tw,-1.160938719707098,36.94402803890043,2021.0,12.0,Z/d/,270,0.6603016
zJ3m1RcGYOkHkfxtMblPlw,-1.243302411427587,36.67724599407472,2021.0,8.0,Z/j/,270,0.6088346
zNdPGBdJVv2ErYUICdUhVg,-1.263238777734804,36.86324453049615,2018.0,2.0,Z/N/,270,0.60094345
zPig30_IDc_32vuwasPbCg,-1.247180858561607,36.87271550992002,2021.0,7.0,Z/P/,270,0.7167192
zYNhE7bkjo5zs-2s3J9kDg,-1.27182225285141,36.94335829472957,2021.0,8.0,Z/y/,270,0.71278495
zuzcDSjoJg3Le-sA5WXKLQ,-1.244422414400814,36.681993790626,2021.0,10.0,Z/U/,270,0.72563875
