,Unnamed: 0,panoid,lat,lon,year,month,img_path,angle,type,img_name,conf,bbox
0,1,IMG_0799,-1.3660222222222222,36.76688333333333,2023,2,Used/,,Self,IMG_0799,[],[]
1,2,IMG_6303,-1.2518972222222222,36.82538611111112,2023,2,Used/,,Self,IMG_6303,"[0.298915296792984, 0.28837060928344727]","[[1282.42822265625, 1148.2774658203125, 2331.364501953125, 1551.2955322265625], [0.0, 89.99945831298828, 472.2491760253906, 1283.033447265625]]"
2,3,IMG_0772,-1.3467583333333333,36.765344444444445,2023,2,Used/,,Self,IMG_0772,[],[]
3,4,IMG_8448,-1.2797305555555556,37.04933611111111,2023,2,Used/,,Self,IMG_8448,[],[]
4,5,IMG_6465,-1.3069388888888889,36.78382222222222,2023,2,Used/,,Self,IMG_6465,[],[]
5,6,IMG_6471,-1.3064944444444444,36.78350833333333,2023,2,Used/,,Self,IMG_6471,[0.37936580181121826],"[[2.3037643432617188, 1978.424072265625, 914.4042358398438, 2930.658447265625]]"
6,7,IMG_6317,-1.2280444444444445,36.80515277777778,2023,2,Used/,,Self,IMG_6317,[],[]
7,8,IMG_0766,-1.3427749999999998,36.76687222222222,2023,2,Used/,,Self,IMG_0766,[],[]
8,9,IMG_7009,-1.3421194444444444,36.767719444444445,2023,2,Used/,,Self,IMG_7009,[],[]
9,10,IMG_7021,-1.3370583333333332,36.77475277777778,2023,2,Used/,,Self,IMG_7021,[],[]
10,11,IMG_8312,-1.2645194444444443,36.98424166666667,2023,2,Used/,,Self,IMG_8312,[],[]
11,12,IMG_7747,-1.3150722222222222,36.87216111111111,2023,2,Used/,,Self,IMG_7747,[],[]
12,13,IMG_8474,-1.279736111111111,37.048788888888886,2023,2,Used/,,Self,IMG_8474,[0.6222440004348755],"[[115.94763946533203, 2437.7333984375, 3058.748046875, 3024.0]]"
13,14,IMG_6459,-1.309036111111111,36.78270555555555,2023,2,Used/,,Self,IMG_6459,[],[]
14,15,IMG_8460,-1.281863888888889,37.06008611111111,2023,2,Used/,,Self,IMG_8460,[0.38784974813461304],"[[260.67938232421875, 2468.101318359375, 813.5968627929688, 2630.8046875]]"
15,16,IMG_7035,-1.3156861111111111,36.78896666666667,2023,2,Used/,,Self,IMG_7035,[],[]
16,17,IMG_8306,-1.2641694444444445,36.98248333333333,2023,2,Used/,,Self,IMG_8306,[],[]
17,18,IMG_8689,-1.2690027777777777,36.66056111111111,2023,2,Used/,,Self,IMG_8689,[],[]
18,19,IMG_8138,-1.3296805555555555,36.87144722222222,2023,2,Used/,,Self,IMG_8138,[],[]
19,20,IMG_8676,-1.2896027777777777,36.68384444444444,2023,2,Used/,,Self,IMG_8676,[],[]
20,21,IMG_8110,-1.321161111111111,36.84127777777778,2023,2,Used/,,Self,IMG_8110,[],[]
21,22,IMG_7223,-1.279288888888889,36.80681666666666,2023,2,Used/,,Self,IMG_7223,[],[]
22,23,IMG_8104,-1.3173638888888888,36.83488888888889,2023,2,Used/,,Self,IMG_8104,[],[]
23,24,IMG_7237,-1.278725,36.80363611111111,2023,2,Used/,,Self,IMG_7237,"[0.5394059419631958, 0.47663816809654236]","[[0.0, 107.2811050415039, 1002.3628540039062, 1985.5885009765625], [6.222614765167236, 439.7527770996094, 836.645751953125, 1890.438232421875]]"
24,25,IMG_8662,-1.3094222222222225,36.72746388888889,2023,2,Used/,,Self,IMG_8662,[0.2930261194705963],"[[336.9803771972656, 1390.545654296875, 917.044677734375, 1840.3597412109375]]"
25,26,IMG_7394,-1.2982333333333331,36.80170833333333,2023,2,Used/,,Self,IMG_7394,[0.2509843409061432],"[[1517.5853271484375, 1966.974365234375, 1840.954345703125, 2350.04248046875]]"
26,27,IMG_7380,-1.297711111111111,36.80299444444445,2023,2,Used/,,Self,IMG_7380,[],[]
27,28,IMG_8058,-1.2973277777777776,36.80565555555555,2023,2,Used/,,Self,IMG_8058,[],[]
28,29,IMG_8702,-1.2401777777777778,36.66569444444444,2023,2,Used/,,Self,IMG_8702,[],[]
29,30,IMG_8064,-1.2960083333333332,36.808727777777776,2023,2,Used/,,Self,IMG_8064,[],[]
30,31,IMG_7357,-1.294311111111111,36.80016388888889,2023,2,Used/,,Self,IMG_7357,[],[]
31,32,IMG_8070,-1.2950722222222222,36.81259166666666,2023,2,Used/,,Self,IMG_8070,[0.2677173316478729],"[[446.4382629394531, 2687.792724609375, 3489.726806640625, 3024.0]]"
32,33,IMG_7343,-1.2896416666666666,36.7981,2023,2,Used/,,Self,IMG_7343,[],[]
33,34,IMG_8716,-1.2214250000000002,36.66322777777778,2023,2,Used/,,Self,IMG_8716,[],[]
34,35,IMG_8299,-1.2657027777777778,36.98136111111111,2023,2,Used/,,Self,IMG_8299,[0.5322487354278564],"[[2637.7783203125, 2557.934814453125, 4027.023681640625, 3007.855712890625]]"
35,36,IMG_7814,-1.3126277777777775,36.87094444444445,2023,2,Used/,,Self,IMG_7814,"[0.6628521084785461, 0.5903655290603638]","[[0.0, 2287.761962890625, 3005.48681640625, 4003.502197265625], [823.7120971679688, 2685.545654296875, 3017.278564453125, 4026.96728515625]]"
36,37,IMG_7800,-1.312913888888889,36.87211666666667,2023,2,Used/,,Self,IMG_7800,[],[]
37,38,IMG_0809,-1.3735444444444445,36.769213888888885,2023,2,Used/,,Self,IMG_0809,[],[]
38,39,IMG_6288,-1.259961111111111,36.836666666666666,2023,2,Used/,,Self,IMG_6288,[0.46929675340652466],"[[1656.9376220703125, 2163.56201171875, 3497.715576171875, 3023.082763671875]]"
39,40,IMG_7196,-1.2869555555555554,36.80060555555556,2023,2,Used/,,Self,IMG_7196,[],[]
40,41,IMG_7828,-1.3121055555555556,36.87036111111111,2023,2,Used/,,Self,IMG_7828,[],[]
41,42,IMG_7182,-1.288333333333333,36.79842222222222,2023,2,Used/,,Self,IMG_7182,[],[]
42,43,IMG_7169,-1.2897055555555554,36.79776388888889,2023,2,Used/,,Self,IMG_7169,"[0.5357232689857483, 0.5198174715042114, 0.33445486426353455, 0.256961852312088]","[[1036.43017578125, 1321.894287109375, 1744.276123046875, 1576.0196533203125], [1378.2786865234375, 2271.557373046875, 2261.984375, 2522.08544921875], [200.50302124023438, 1192.1378173828125, 801.357421875, 1392.9227294921875], [2510.01513671875, 2268.01025390625, 4009.689208984375, 2765.66650390625]]"
43,44,IMG_6277,-1.2632555555555556,36.83839444444445,2023,2,Used/,,Self,IMG_6277,[],[]
44,45,IMG_6511,-1.304936111111111,36.7878,2023,2,Used/,,Self,IMG_6511,[],[]
45,46,IMG_6505,-1.3055361111111112,36.787619444444445,2023,2,Used/,,Self,IMG_6505,[0.39934980869293213],"[[42.492313385009766, 2481.072021484375, 2177.14404296875, 3024.0]]"
46,47,IMG_8528,-1.2693055555555557,36.99356111111111,2023,2,Used/,,Self,IMG_8528,[],[]
47,48,IMG_6263,-1.2710055555555555,36.82926111111112,2023,2,Used/,,Self,IMG_6263,[],[]
48,49,IMG_7155,-1.289655555555555,36.79624166666667,2023,2,Used/,,Self,IMG_7155,[],[]
49,50,IMG_8266,-1.2802361111111111,36.964775,2023,2,Used/,,Self,IMG_8266,"[0.6940625309944153, 0.6087182760238647]","[[771.8011474609375, 2401.654296875, 1906.83349609375, 2603.51708984375], [758.73388671875, 2387.308837890625, 1912.4163818359375, 2674.73095703125]]"
50,51,IMG_7633,-1.3119583333333331,36.85140555555556,2023,2,Used/,,Self,IMG_7633,[0.5092419385910034],"[[1699.8809814453125, 2084.81640625, 2912.53173828125, 2409.873779296875]]"
51,52,IMG_8500,-1.2772416666666666,37.02365555555556,2023,2,Used/,,Self,IMG_8500,[0.355769544839859],"[[0.0, 2224.526611328125, 2917.476318359375, 3022.25341796875]]"
52,53,IMG_6539,-1.2980944444444442,36.788075,2023,2,Used/,,Self,IMG_6539,[],[]
53,54,IMG_7627,-1.3003472222222223,36.83722777777778,2023,2,Used/,,Self,IMG_7627,[],[]
54,55,IMG_8514,-1.275283333333333,37.003875,2023,2,Used/,,Self,IMG_8514,[0.43007686734199524],"[[2095.60595703125, 1981.72265625, 3346.913330078125, 2368.928466796875]]"
55,56,IMG_7141,-1.2960027777777776,36.79541111111111,2023,2,Used/,,Self,IMG_7141,[],[]
56,57,IMG_8272,-1.2789638888888888,36.96742777777778,2023,2,Used/,,Self,IMG_8272,[0.5722422003746033],"[[1250.2467041015625, 1868.7745361328125, 1777.4490966796875, 2227.01708984375]]"
57,58,IMG_8515,-1.2740361111111111,37.00127777777778,2023,2,Used/,,Self,IMG_8515,[],[]
58,59,IMG_7626,-1.299811111111111,36.83710833333333,2023,2,Used/,,Self,IMG_7626,[],[]
59,60,IMG_6538,-1.2982777777777776,36.788066666666666,2023,2,Used/,,Self,IMG_6538,[],[]
60,61,IMG_8273,-1.278761111111111,36.96776111111112,2023,2,Used/,,Self,IMG_8273,[],[]
61,62,IMG_7140,-1.296086111111111,36.79543333333333,2023,2,Used/,,Self,IMG_7140,[],[]
62,63,IMG_8267,-1.2799222222222222,36.96553611111111,2023,2,Used/,,Self,IMG_8267,[],[]
63,64,IMG_7154,-1.2897888888888889,36.796188888888885,2023,2,Used/,,Self,IMG_7154,[0.3965701162815094],"[[2325.62744140625, 1460.77490234375, 4020.028076171875, 3009.8154296875]]"
64,65,IMG_8501,-1.2769388888888888,37.02003055555556,2023,2,Used/,,Self,IMG_8501,[],[]
65,66,IMG_7632,-1.3119166666666666,36.85130277777778,2023,2,Used/,,Self,IMG_7632,[0.6184178590774536],"[[0.0, 1555.248046875, 923.7716674804688, 1979.612060546875]]"
66,67,IMG_8529,-1.269172222222222,36.99336944444445,2023,2,Used/,,Self,IMG_8529,[],[]
67,68,IMG_6504,-1.305725,36.78754444444444,2023,2,Used/,,Self,IMG_6504,[0.39312034845352173],"[[0.02566680870950222, 2614.80126953125, 549.0052490234375, 3020.713623046875]]"
68,69,IMG_6262,-1.2712222222222225,36.828919444444445,2023,2,Used/,,Self,IMG_6262,[],[]
69,70,IMG_6276,-1.2635722222222223,36.837872222222224,2023,2,Used/,,Self,IMG_6276,[],[]
70,71,IMG_7168,-1.289672222222222,36.79765277777778,2023,2,Used/,,Self,IMG_7168,[0.6017818450927734],"[[2498.51025390625, 2535.861083984375, 4029.24853515625, 3017.874755859375]]"
71,72,IMG_6510,-1.3050388888888889,36.78776388888889,2023,2,Used/,,Self,IMG_6510,[0.7329893112182617],"[[1.8913168907165527, 2476.597900390625, 767.2572631835938, 3018.5419921875]]"
72,73,IMG_7183,-1.2876138888888888,36.79861388888889,2023,2,Used/,,Self,IMG_7183,"[0.6048631072044373, 0.2518708407878876]","[[2986.467041015625, 1507.60693359375, 3827.074951171875, 1710.78271484375], [0.0, 1650.8656005859375, 559.6785888671875, 2392.8125]]"
73,74,IMG_7197,-1.28755,36.80258055555555,2023,2,Used/,,Self,IMG_7197,[0.47445255517959595],"[[0.0, 2161.083740234375, 368.5354309082031, 2417.54833984375]]"
74,75,IMG_6289,-1.2597138888888888,36.836288888888895,2023,2,Used/,,Self,IMG_6289,[0.5304887890815735],"[[1.8918455839157104, 2612.408203125, 976.7420043945312, 3022.99462890625]]"
75,76,IMG_7829,-1.3121222222222222,36.87036111111111,2023,2,Used/,,Self,IMG_7829,"[0.8130675554275513, 0.4884069263935089]","[[1038.6025390625, 1778.635986328125, 3012.929443359375, 3024.0], [3397.72021484375, 1731.4271240234375, 4032.0, 3024.0]]"
76,77,IMG_7801,-1.31275,36.87213611111111,2023,2,Used/,,Self,IMG_7801,[0.800617516040802],"[[7.403576374053955, 60.91819763183594, 4032.0, 2836.2529296875]]"
77,78,IMG_0808,-1.3727222222222222,36.76889722222222,2023,2,Used/,,Self,IMG_0808,[],[]
78,79,IMG_8298,-1.2662166666666668,36.98101388888889,2023,2,Used/,,Self,IMG_8298,[],[]
79,80,IMG_7815,-1.3127305555555555,36.87069722222223,2023,2,Used/,,Self,IMG_7815,"[0.7314830422401428, 0.2782538831233978, 0.27548152208328247]","[[2918.165771484375, 2651.38330078125, 4032.0, 3021.019287109375], [0.0, 2162.7275390625, 2656.5546875, 3024.0], [2832.08740234375, 1571.1456298828125, 3370.12060546875, 2033.9439697265625]]"
80,81,IMG_7342,-1.289597222222222,36.79810555555555,2023,2,Used/,,Self,IMG_7342,[],[]
81,82,IMG_8071,-1.2948694444444444,36.813538888888885,2023,2,Used/,,Self,IMG_8071,[0.40195831656455994],"[[2010.973388671875, 2102.7275390625, 2995.0, 2545.859619140625]]"
82,83,IMG_8717,-1.2192833333333335,36.662952777777775,2023,2,Used/,,Self,IMG_8717,[],[]
83,84,IMG_8703,-1.239988888888889,36.665725,2023,2,Used/,,Self,IMG_8703,[],[]
84,85,IMG_7356,-1.2939305555555554,36.79987222222222,2023,2,Used/,,Self,IMG_7356,[],[]
85,86,IMG_8065,-1.295436111111111,36.80943611111111,2023,2,Used/,,Self,IMG_8065,[0.5365685224533081],"[[0.0, 2575.435302734375, 827.3065795898438, 3015.891357421875]]"
86,87,IMG_8059,-1.2970805555555551,36.80679444444444,2023,2,Used/,,Self,IMG_8059,[],[]
87,88,IMG_7381,-1.2977638888888887,36.80304444444444,2023,2,Used/,,Self,IMG_7381,[],[]
88,89,IMG_7395,-1.2983333333333331,36.80111111111111,2023,2,Used/,,Self,IMG_7395,[],[]
89,90,IMG_7236,-1.2787694444444444,36.803825,2023,2,Used/,,Self,IMG_7236,[],[]
90,91,IMG_8105,-1.3179277777777778,36.835794444444446,2023,2,Used/,,Self,IMG_8105,[0.3865613341331482],"[[1.6853575706481934, 2031.5545654296875, 1719.5096435546875, 2553.469482421875]]"
91,92,IMG_8663,-1.308652777777778,36.72634722222222,2023,2,Used/,,Self,IMG_8663,[],[]
92,93,IMG_8677,-1.288186111111111,36.68273611111111,2023,2,Used/,,Self,IMG_8677,[],[]
93,94,IMG_7222,-1.2795138888888888,36.806955555555554,2023,2,Used/,,Self,IMG_7222,[],[]
94,95,IMG_8111,-1.3215472222222222,36.84203611111111,2023,2,Used/,,Self,IMG_8111,[],[]
95,96,IMG_8139,-1.3296083333333333,36.87215555555556,2023,2,Used/,,Self,IMG_8139,[],[]
96,97,IMG_6869,-1.3343972222222222,36.77933055555555,2023,2,Used/,,Self,IMG_6869,"[0.7717207074165344, 0.6620455980300903, 0.5689758062362671, 0.27393728494644165]","[[2490.5625, 1616.505126953125, 3550.013671875, 1900.0489501953125], [862.1181640625, 1305.2083740234375, 1498.6121826171875, 1812.9815673828125], [8.693645477294922, 2255.388671875, 3999.84765625, 2787.564453125], [940.3522338867188, 2237.828369140625, 4018.52392578125, 2710.119873046875]]"
97,98,IMG_8688,-1.2714694444444443,36.662752777777776,2023,2,Used/,,Self,IMG_8688,[],[]
98,99,IMG_8461,-1.2822055555555556,37.06131388888888,2023,2,Used/,,Self,IMG_8461,[0.31925734877586365],"[[3036.696044921875, 2267.31396484375, 4017.984130859375, 2571.1689453125]]"
99,100,IMG_8307,-1.264113888888889,36.982594444444445,2023,2,Used/,,Self,IMG_8307,[],[]
100,101,IMG_7034,-1.3159361111111112,36.788783333333335,2023,2,Used/,,Self,IMG_7034,[],[]
101,102,IMG_8313,-1.2645277777777777,36.98430555555556,2023,2,Used/,,Self,IMG_8313,[0.825208306312561],"[[2129.871337890625, 2573.193603515625, 3442.672607421875, 2839.534423828125]]"
102,103,IMG_7020,-1.3374194444444445,36.77393611111111,2023,2,Used/,,Self,IMG_7020,[],[]
103,104,IMG_6458,-1.3090416666666669,36.782694444444445,2023,2,Used/,,Self,IMG_6458,[],[]
104,105,IMG_8475,-1.2796999999999998,37.04845833333333,2023,2,Used/,,Self,IMG_8475,"[0.542094349861145, 0.4536506235599518]","[[691.3615112304688, 1505.513916015625, 2842.421875, 1980.4547119140625], [0.0, 2032.152099609375, 456.0848388671875, 2188.313232421875]]"
105,106,IMG_7746,-1.3149111111111111,36.87208055555556,2023,2,Used/,,Self,IMG_7746,[],[]
106,107,IMG_6470,-1.3066111111111112,36.78337222222222,2023,2,Used/,,Self,IMG_6470,[],[]
107,108,IMG_7008,-1.342275,36.76730555555555,2023,2,Used/,,Self,IMG_7008,[],[]
108,109,IMG_0767,-1.343511111111111,36.766533333333335,2023,2,Used/,,Self,IMG_0767,[],[]
109,110,IMG_6316,-1.2336583333333333,36.80325277777777,2023,2,Used/,,Self,IMG_6316,[0.298234224319458],"[[1530.6007080078125, 1699.8087158203125, 1962.8275146484375, 1824.802734375]]"
110,111,IMG_0773,-1.347247222222222,36.76517222222222,2023,2,Used/,,Self,IMG_0773,[],[]
111,112,IMG_6302,-1.2522055555555556,36.82864722222222,2023,2,Used/,,Self,IMG_6302,[],[]
112,113,IMG_6464,-1.3069388888888889,36.78382222222222,2023,2,Used/,,Self,IMG_6464,[0.4821152687072754],"[[852.002685546875, 2107.36572265625, 1891.2646484375, 2670.96728515625]]"
113,114,IMG_8449,-1.2797611111111111,37.04963611111111,2023,2,Used/,,Self,IMG_8449,[0.4215054214000702],"[[999.3635864257812, 2452.749755859375, 1536.2694091796875, 2619.080322265625]]"
114,115,IMG_7791,-1.3132666666666668,36.87263611111111,2023,2,Used/,,Self,IMG_7791,"[0.5856072902679443, 0.5493674278259277, 0.5026512145996094, 0.4013313353061676, 0.26680228114128113]","[[1517.869384765625, 1490.107666015625, 2745.5810546875, 3007.56005859375], [817.6945190429688, 1432.7445068359375, 2737.078125, 3021.90673828125], [0.0, 1636.369140625, 836.6900634765625, 3009.721435546875], [38.79917907714844, 1478.1195068359375, 2745.609375, 3017.754638671875], [1673.8953857421875, 1424.248046875, 2727.053466796875, 2666.562744140625]]"
115,116,IMG_0798,-1.365313888888889,36.76649722222222,2023,2,Used/,,Self,IMG_0798,[],[]
116,117,IMG_8488,-1.2784555555555557,37.036544444444445,2023,2,Used/,,Self,IMG_8488,[],[]
117,118,IMG_7793,-1.3132555555555556,36.8726,2023,2,Used/,,Self,IMG_7793,[],[]
118,119,IMG_6499,-1.3062027777777778,36.787052777777774,2023,2,Used/,,Self,IMG_6499,[],[]
119,120,IMG_6314,-1.2404611111111112,36.81297222222222,2023,2,Used/,,Self,IMG_6314,"[0.4390179216861725, 0.25970038771629333]","[[3143.32177734375, 19.805355072021484, 4032.0, 790.6328735351562], [1532.7947998046875, 2779.591552734375, 2336.8916015625, 2980.931640625]]"
120,121,IMG_0765,-1.3425333333333334,36.76698611111111,2023,2,Used/,,Self,IMG_0765,[],[]
121,122,IMG_8339,-1.2676888888888889,36.99104444444445,2023,2,Used/,,Self,IMG_8339,[0.2588046193122864],"[[183.75514221191406, 1305.4739990234375, 794.36328125, 1890.4669189453125]]"
122,123,IMG_6472,-1.3064,36.78366388888889,2023,2,Used/,,Self,IMG_6472,"[0.46084141731262207, 0.4435794949531555, 0.4141438603401184]","[[2015.975341796875, 2011.640625, 2604.0546875, 2409.69482421875], [277.80908203125, 2476.0703125, 2992.7939453125, 3024.0], [338.861083984375, 2445.8232421875, 4032.0, 3024.0]]"
123,124,IMG_6466,-1.3068222222222223,36.78303888888889,2023,2,Used/,,Self,IMG_6466,[0.8746877312660217],"[[0.0, 2035.3529052734375, 3636.793212890625, 3024.0]]"
124,125,IMG_6300,-1.2555305555555556,36.83241944444445,2023,2,Used/,,Self,IMG_6300,[],[]
125,126,IMG_0771,-1.3460527777777778,36.76558888888889,2023,2,Used/,,Self,IMG_0771,[],[]
126,127,IMG_6328,-1.2329305555555556,36.80314722222222,2023,2,Used/,,Self,IMG_6328,[],[]
127,128,IMG_0759,-1.3420555555555556,36.76299722222223,2023,2,Used/,,Self,IMG_0759,[],[]
128,129,IMG_8305,-1.264775,36.982108333333336,2023,2,Used/,,Self,IMG_8305,[],[]
129,130,IMG_7036,-1.3155444444444444,36.78909444444445,2023,2,Used/,,Self,IMG_7036,[],[]
130,131,IMG_8463,-1.2825305555555555,37.062977777777775,2023,2,Used/,,Self,IMG_8463,"[0.35788261890411377, 0.26801130175590515]","[[2473.686279296875, 1792.9495849609375, 4032.0, 2165.277099609375], [779.341064453125, 2088.306884765625, 1851.1407470703125, 2680.127685546875]]"
131,132,IMG_8477,-1.2794027777777777,37.04583333333333,2023,2,Used/,,Self,IMG_8477,"[0.29897236824035645, 0.2591201364994049]","[[1284.870849609375, 2618.10791015625, 4027.418701171875, 3023.6572265625], [1073.316162109375, 2523.408203125, 2667.9912109375, 2800.98828125]]"
132,133,IMG_7744,-1.314661111111111,36.87193611111111,2023,2,Used/,,Self,IMG_7744,[],[]
133,134,IMG_8311,-1.2643694444444444,36.98368611111111,2023,2,Used/,,Self,IMG_8311,[],[]
134,135,IMG_7022,-1.336822222222222,36.775055555555554,2023,2,Used/,,Self,IMG_7022,[],[]
135,136,IMG_7208,-1.285147222222222,36.805213888888886,2023,2,Used/,,Self,IMG_7208,[],[]
136,137,IMG_8649,-1.305913888888889,36.74205277777778,2023,2,Used/,,Self,IMG_8649,[],[]
137,138,IMG_8661,-1.3103694444444445,36.72813055555556,2023,2,Used/,,Self,IMG_8661,[],[]
138,139,IMG_7234,-1.2787694444444444,36.80396944444444,2023,2,Used/,,Self,IMG_7234,[],[]
139,140,IMG_8107,-1.3190222222222223,36.83763611111112,2023,2,Used/,,Self,IMG_8107,[],[]
140,141,IMG_7220,-1.2800194444444444,36.80713333333333,2023,2,Used/,,Self,IMG_7220,[],[]
141,142,IMG_8113,-1.322622222222222,36.84410277777778,2023,2,Used/,,Self,IMG_8113,[0.2813367545604706],"[[2373.5361328125, 2031.274658203125, 3217.305419921875, 2214.58837890625]]"
142,143,IMG_6880,-1.3644,36.74620555555556,2023,2,Used/,,Self,IMG_6880,[0.3870331048965454],"[[1330.6297607421875, 1533.1251220703125, 1893.61767578125, 1792.07763671875]]"
143,144,IMG_8675,-1.2915027777777777,36.68499444444444,2023,2,Used/,,Self,IMG_8675,[],[]
144,145,IMG_8098,-1.312561111111111,36.83015833333334,2023,2,Used/,,Self,IMG_8098,[],[]
145,146,IMG_7383,-1.2980833333333333,36.803177777777776,2023,2,Used/,,Self,IMG_7383,[],[]
146,147,IMG_7397,-1.29845,36.80040555555555,2023,2,Used/,,Self,IMG_7397,[],[]
147,148,IMG_8729,-1.0141583333333333,36.60085277777778,2023,2,Used/,,Self,IMG_8729,[],[]
148,149,IMG_7368,-1.2951388888888888,36.80258611111111,2023,2,Used/,,Self,IMG_7368,[0.2741978168487549],"[[3650.621337890625, 1979.0262451171875, 4032.0, 2235.16455078125]]"
149,150,IMG_8715,-1.2254083333333334,36.66381944444444,2023,2,Used/,,Self,IMG_8715,[],[]
150,151,IMG_7340,-1.2892944444444443,36.79821111111111,2023,2,Used/,,Self,IMG_7340,[],[]
151,152,IMG_8073,-1.294336111111111,36.81443333333333,2023,2,Used/,,Self,IMG_8073,[0.2780773639678955],"[[2718.69140625, 697.80517578125, 3278.475341796875, 1117.716064453125]]"
152,153,IMG_7354,-1.2918888888888889,36.79916388888888,2023,2,Used/,,Self,IMG_7354,[],[]
153,154,IMG_8067,-1.2945555555555557,36.81105,2023,2,Used/,,Self,IMG_8067,[],[]
154,155,IMG_8701,-1.2413277777777778,36.66553611111111,2023,2,Used/,,Self,IMG_8701,[],[]
155,156,IMG_7803,-1.312738888888889,36.87212777777778,2023,2,Used/,,Self,IMG_7803,"[0.7218941450119019, 0.3955312967300415]","[[46.96622085571289, 1764.19677734375, 4013.14208984375, 3013.984619140625], [0.263397216796875, 1130.989501953125, 4008.0048828125, 3024.0]]"
156,157,IMG_7817,-1.3121833333333337,36.87025555555556,2023,2,Used/,,Self,IMG_7817,[0.8804352283477783],"[[0.0, 1637.6907958984375, 1510.392578125, 3020.70556640625]]"
157,158,IMG_7181,-1.288333333333333,36.79842222222222,2023,2,Used/,,Self,IMG_7181,[0.674799919128418],"[[2087.06884765625, 2497.901123046875, 2739.645751953125, 2873.62158203125]]"
158,159,IMG_7195,-1.2869138888888887,36.80044166666666,2023,2,Used/,,Self,IMG_7195,[],[]
159,160,IMG_6260,-1.2716444444444444,36.82822777777778,2023,2,Used/,,Self,IMG_6260,[],[]
160,161,IMG_6506,-1.3054666666666668,36.787638888888885,2023,2,Used/,,Self,IMG_6506,[],[]
161,162,IMG_7618,-1.2911833333333331,36.81981666666667,2023,2,Used/,,Self,IMG_7618,[],[]
162,163,IMG_6512,-1.3047777777777778,36.78789722222222,2023,2,Used/,,Self,IMG_6512,[0.3123191297054291],"[[1374.4385986328125, 1803.13232421875, 2054.44482421875, 2020.3480224609375]]"
163,164,IMG_8259,-1.2822194444444444,36.96094166666667,2023,2,Used/,,Self,IMG_8259,[],[]
164,165,IMG_6274,-1.2644194444444443,36.83669444444445,2023,2,Used/,,Self,IMG_6274,[],[]
165,166,IMG_8271,-1.2791527777777778,36.96710555555556,2023,2,Used/,,Self,IMG_8271,[0.6689068675041199],"[[994.8447265625, 1938.415771484375, 1374.9442138671875, 2028.8690185546875]]"
166,167,IMG_7142,-1.295811111111111,36.79536111111111,2023,2,Used/,,Self,IMG_7142,[0.49296459555625916],"[[6.298557758331299, 2001.7528076171875, 1578.445556640625, 3023.680908203125]]"
167,168,IMG_8517,-1.2733805555555555,37.00023611111112,2023,2,Used/,,Self,IMG_8517,[],[]
168,169,IMG_7624,-1.299786111111111,36.83690555555556,2023,2,Used/,,Self,IMG_7624,[],[]
169,170,IMG_8503,-1.276536111111111,37.01580833333333,2023,2,Used/,,Self,IMG_8503,[0.25368058681488037],"[[0.0, 1030.1785888671875, 198.5343475341797, 2121.86181640625]]"
170,171,IMG_7630,-1.3120805555555557,36.850947222222224,2023,2,Used/,,Self,IMG_7630,[0.573851466178894],"[[0.0, 1768.4248046875, 1826.6688232421875, 2313.5458984375]]"
171,172,IMG_8265,-1.280461111111111,36.964288888888895,2023,2,Used/,,Self,IMG_8265,"[0.3359169363975525, 0.3266249895095825]","[[1373.576416015625, 2574.736572265625, 4021.97607421875, 3024.0], [624.0580444335938, 2298.36181640625, 983.1238403320312, 2644.595703125]]"
172,173,IMG_7156,-1.2894277777777776,36.79624166666667,2023,2,Used/,,Self,IMG_7156,[0.6877039074897766],"[[3150.35595703125, 964.2664184570312, 4026.739501953125, 1799.4246826171875]]"
173,174,IMG_0639,-1.2992638888888888,36.77433888888888,2023,2,Used/,,Self,IMG_0639,[],[]
174,175,IMG_6248,-1.2750055555555555,36.82363055555556,2023,2,Used/,,Self,IMG_6248,[],[]
175,176,IMG_7631,-1.3117138888888888,36.85075,2023,2,Used/,,Self,IMG_7631,[0.2569548785686493],"[[5.748019218444824, 822.370849609375, 1993.4989013671875, 1912.8587646484375]]"
176,177,IMG_8502,-1.2766388888888889,37.01695,2023,2,Used/,,Self,IMG_8502,[],[]
177,178,IMG_6249,-1.2749055555555555,36.82377222222223,2023,2,Used/,,Self,IMG_6249,[],[]
178,179,IMG_0638,-1.2991722222222222,36.774391666666666,2023,2,Used/,,Self,IMG_0638,[0.6080235838890076],"[[2596.13525390625, 2057.696533203125, 3094.021240234375, 2360.56201171875]]"
179,180,IMG_7157,-1.2894,36.79625,2023,2,Used/,,Self,IMG_7157,[],[]
180,181,IMG_8264,-1.2806472222222225,36.96390555555556,2023,2,Used/,,Self,IMG_8264,[],[]
181,182,IMG_7143,-1.2957638888888887,36.79535555555555,2023,2,Used/,,Self,IMG_7143,"[0.49088233709335327, 0.3974282145500183]","[[2047.098876953125, 1635.501708984375, 3313.31689453125, 2883.137451171875], [2570.4814453125, 2017.15576171875, 3659.737548828125, 2866.916748046875]]"
182,183,IMG_8270,-1.279388888888889,36.96666388888889,2023,2,Used/,,Self,IMG_8270,[0.2516055107116699],"[[167.41603088378906, 2392.6201171875, 4011.14794921875, 3020.08935546875]]"
183,184,IMG_7625,-1.299688888888889,36.83693611111112,2023,2,Used/,,Self,IMG_7625,[],[]
184,185,IMG_8516,-1.273863888888889,37.00098333333333,2023,2,Used/,,Self,IMG_8516,[0.625294029712677],"[[704.5640869140625, 1618.700439453125, 2098.589599609375, 1931.3502197265625]]"
185,186,IMG_6513,-1.3047555555555557,36.78793611111111,2023,2,Used/,,Self,IMG_6513,[0.5155884623527527],"[[1727.869140625, 1686.52880859375, 3141.535400390625, 2131.24951171875]]"
186,187,IMG_6275,-1.2638666666666667,36.837447222222224,2023,2,Used/,,Self,IMG_6275,[],[]
187,188,IMG_8258,-1.282433333333333,36.96058888888889,2023,2,Used/,,Self,IMG_8258,"[0.538075864315033, 0.36626753211021423]","[[783.96435546875, 2109.35107421875, 1273.2919921875, 2485.432861328125], [64.3271713256836, 2099.403076171875, 2507.43212890625, 3024.0]]"
188,189,IMG_6261,-1.271536111111111,36.8284,2023,2,Used/,,Self,IMG_6261,[],[]
189,190,IMG_7619,-1.2977277777777776,36.82960833333334,2023,2,Used/,,Self,IMG_7619,[0.6418138146400452],"[[324.11163330078125, 2036.5302734375, 956.1937866210938, 2346.296142578125]]"
190,191,IMG_6507,-1.3053333333333337,36.78768611111111,2023,2,Used/,,Self,IMG_6507,[],[]
191,192,IMG_7194,-1.2868638888888888,36.800244444444445,2023,2,Used/,,Self,IMG_7194,[],[]
192,193,IMG_7180,-1.288436111111111,36.79839722222222,2023,2,Used/,,Self,IMG_7180,"[0.3011501431465149, 0.29172566533088684]","[[2024.392822265625, 1980.2313232421875, 2495.197021484375, 2121.576416015625], [1379.2060546875, 1986.7662353515625, 2049.39990234375, 2106.745361328125]]"
193,194,IMG_7816,-1.312186111111111,36.87022777777778,2023,2,Used/,,Self,IMG_7816,"[0.8928088545799255, 0.826659619808197, 0.2927093207836151]","[[0.0, 1470.2020263671875, 1505.4417724609375, 3018.48388671875], [2152.0185546875, 1253.560791015625, 2724.015869140625, 1788.33203125], [2379.14697265625, 2438.539306640625, 3202.554443359375, 3014.6806640625]]"
194,195,IMG_7802,-1.3127472222222225,36.87213055555556,2023,2,Used/,,Self,IMG_7802,[0.8020123243331909],"[[0.0, 59.02423858642578, 4032.0, 2835.40966796875]]"
195,196,IMG_8066,-1.2950277777777777,36.810294444444445,2023,2,Used/,,Self,IMG_8066,[],[]
196,197,IMG_7355,-1.2921944444444444,36.79931666666666,2023,2,Used/,,Self,IMG_7355,[],[]
197,198,IMG_8700,-1.2424222222222223,36.66532222222222,2023,2,Used/,,Self,IMG_8700,[0.5797894597053528],"[[2019.567138671875, 1229.0360107421875, 2730.17822265625, 1896.61083984375]]"
198,199,IMG_8714,-1.2265444444444449,36.663980555555554,2023,2,Used/,,Self,IMG_8714,[],[]
199,200,IMG_8072,-1.2947277777777777,36.81386388888889,2023,2,Used/,,Self,IMG_8072,[],[]
200,201,IMG_7341,-1.289561111111111,36.79811111111111,2023,2,Used/,,Self,IMG_7341,[0.4829040765762329],"[[1374.8614501953125, 2626.613525390625, 1842.748046875, 2874.7490234375]]"
201,202,IMG_7369,-1.2952388888888888,36.80261111111111,2023,2,Used/,,Self,IMG_7369,[],[]
202,203,IMG_8728,-1.0142083333333334,36.60087777777778,2023,2,Used/,,Self,IMG_8728,[],[]
203,204,IMG_7396,-1.2983694444444442,36.80086388888888,2023,2,Used/,,Self,IMG_7396,[],[]
204,205,IMG_7382,-1.2979833333333333,36.803177777777776,2023,2,Used/,,Self,IMG_7382,[],[]
205,206,IMG_8099,-1.3151555555555556,36.83177222222223,2023,2,Used/,,Self,IMG_8099,[],[]
206,207,IMG_8112,-1.3219944444444445,36.84287777777778,2023,2,Used/,,Self,IMG_8112,"[0.35635778307914734, 0.30810514092445374]","[[13.396151542663574, 2360.8017578125, 2187.289306640625, 3020.470703125], [705.7526245117188, 2371.001708984375, 2167.111572265625, 2629.7841796875]]"
207,208,IMG_7221,-1.279758333333333,36.80706388888888,2023,2,Used/,,Self,IMG_7221,"[0.30489394068717957, 0.28534454107284546, 0.26063472032546997]","[[1341.481201171875, 725.1317138671875, 2026.451171875, 863.234619140625], [1413.8302001953125, 752.9549560546875, 2098.88525390625, 869.2695922851562], [21.44149398803711, 716.9734497070312, 2076.9130859375, 903.64111328125]]"
208,209,IMG_8674,-1.2940277777777776,36.68714722222222,2023,2,Used/,,Self,IMG_8674,[0.6270132660865784],"[[1138.627197265625, 2396.231201171875, 4015.036376953125, 3024.0]]"
209,210,IMG_8660,-1.3099694444444443,36.72677222222222,2023,2,Used/,,Self,IMG_8660,[],[]
210,211,IMG_8106,-1.3182055555555556,36.83624722222223,2023,2,Used/,,Self,IMG_8106,[],[]
211,212,IMG_7235,-1.2787722222222222,36.80389722222222,2023,2,Used/,,Self,IMG_7235,"[0.4129640460014343, 0.40231117606163025]","[[1527.6580810546875, 20.032798767089844, 2903.072021484375, 1733.41162109375], [0.0, 0.0, 2905.13623046875, 1767.7972412109375]]"
212,213,IMG_8648,-1.3055694444444446,36.74336944444445,2023,2,Used/,,Self,IMG_8648,[],[]
213,214,IMG_7209,-1.2850555555555554,36.80528888888889,2023,2,Used/,,Self,IMG_7209,"[0.44886869192123413, 0.43119388818740845]","[[442.8852844238281, 2729.02099609375, 4032.0, 3021.646484375], [390.4159851074219, 2710.780517578125, 3168.47119140625, 3010.82861328125]]"
214,215,IMG_7745,-1.3147777777777778,36.87201944444445,2023,2,Used/,,Self,IMG_7745,[],[]
215,216,IMG_8476,-1.2795944444444445,37.04749722222222,2023,2,Used/,,Self,IMG_8476,[0.6094141006469727],"[[0.0, 2154.415283203125, 1615.6046142578125, 2572.163330078125]]"
216,217,IMG_7023,-1.3294638888888888,36.78012222222222,2023,2,Used/,,Self,IMG_7023,[],[]
217,218,IMG_8310,-1.264325,36.98356111111112,2023,2,Used/,,Self,IMG_8310,[0.34526607394218445],"[[1822.3712158203125, 2670.638916015625, 2303.652099609375, 3017.820556640625]]"
218,219,IMG_7037,-1.3153472222222222,36.78927222222222,2023,2,Used/,,Self,IMG_7037,[],[]
219,220,IMG_8304,-1.2649694444444444,36.98187222222222,2023,2,Used/,,Self,IMG_8304,[],[]
220,221,IMG_0758,-1.3419166666666666,36.761744444444446,2023,2,Used/,,Self,IMG_0758,[],[]
221,222,IMG_6329,-1.2333527777777775,36.80323055555555,2023,2,Used/,,Self,IMG_6329,"[0.7164610028266907, 0.26701629161834717]","[[1212.2939453125, 682.2274780273438, 1648.6927490234375, 1195.77587890625], [1283.968505859375, 756.6143188476562, 1617.1473388671875, 1191.6778564453125]]"
222,223,IMG_8462,-1.2824027777777778,37.062172222222216,2023,2,Used/,,Self,IMG_8462,"[0.3138379454612732, 0.30390387773513794, 0.2941379249095917]","[[0.0, 2831.52099609375, 1003.2615966796875, 3023.569580078125], [2619.1787109375, 2504.25537109375, 3245.647216796875, 2743.3564453125], [3546.15771484375, 2023.6207275390625, 4017.33349609375, 2281.79296875]]"
223,224,IMG_6467,-1.3067944444444446,36.78308055555556,2023,2,Used/,,Self,IMG_6467,[],[]
224,225,IMG_0770,-1.345636111111111,36.76572777777778,2023,2,Used/,,Self,IMG_0770,[],[]
225,226,IMG_6301,-1.2523944444444444,36.82873611111111,2023,2,Used/,,Self,IMG_6301,[],[]
226,227,IMG_8338,-1.2674527777777778,36.99066111111111,2023,2,Used/,,Self,IMG_8338,[],[]
227,228,IMG_0764,-1.342375,36.76694444444444,2023,2,Used/,,Self,IMG_0764,[],[]
228,229,IMG_6315,-1.2343055555555555,36.803475,2023,2,Used/,,Self,IMG_6315,[],[]
229,230,IMG_6473,-1.306361111111111,36.783763888888885,2023,2,Used/,,Self,IMG_6473,[0.3551141917705536],"[[0.0, 2459.125732421875, 2917.56396484375, 3024.0]]"
230,231,IMG_6498,-1.3062305555555556,36.78696388888888,2023,2,Used/,,Self,IMG_6498,"[0.7231939435005188, 0.27950572967529297]","[[0.0, 1924.927490234375, 1894.77099609375, 3024.0], [419.11956787109375, 1888.37255859375, 1038.58935546875, 2221.586669921875]]"
231,232,IMG_7792,-1.3132666666666668,36.87263611111111,2023,2,Used/,,Self,IMG_7792,"[0.5628523826599121, 0.4614936113357544, 0.45817434787750244, 0.35311630368232727]","[[877.2796020507812, 1431.6055908203125, 2859.584228515625, 3023.122314453125], [0.0, 1471.013427734375, 2874.45263671875, 3017.49267578125], [1560.4842529296875, 1459.537841796875, 2879.9658203125, 3024.0], [0.0, 1574.4178466796875, 1123.2718505859375, 3024.0]]"
232,233,IMG_8489,-1.2784027777777778,37.035980555555554,2023,2,Used/,,Self,IMG_8489,"[0.8329640030860901, 0.580288827419281, 0.25253650546073914]","[[0.0, 1904.590576171875, 2311.416259765625, 3024.0], [2466.035400390625, 2008.3292236328125, 4032.0, 2354.1494140625], [587.2009887695312, 1916.0255126953125, 2309.4677734375, 2069.01318359375]]"
233,234,IMG_6488,-1.305863888888889,36.785675,2023,2,Used/,,Self,IMG_6488,[0.2857460081577301],"[[1443.5550537109375, 1142.1292724609375, 2712.822509765625, 1771.884521484375]]"
234,235,IMG_7796,-1.3132805555555556,36.87255277777778,2023,2,Used/,,Self,IMG_7796,[0.27883976697921753],"[[3500.102783203125, 2110.650146484375, 4032.0, 3014.656494140625]]"
235,236,IMG_8499,-1.277425,37.025241666666666,2023,2,Used/,,Self,IMG_8499,"[0.3303039073944092, 0.30616694688796997]","[[2032.045166015625, 1315.8861083984375, 2723.982421875, 1742.390625], [0.0, 2764.693115234375, 1006.0224609375, 3024.0]]"
236,237,IMG_8466,-1.282722222222222,37.06497222222222,2023,2,Used/,,Self,IMG_8466,"[0.8689734935760498, 0.5163254141807556]","[[1394.3052978515625, 2572.143310546875, 2722.40625, 3024.0], [2735.091796875, 2201.286865234375, 4030.083251953125, 2702.52490234375]]"
237,238,IMG_8300,-1.2657027777777778,36.98136388888889,2023,2,Used/,,Self,IMG_8300,[0.6829840540885925],"[[914.6550903320312, 2006.4049072265625, 1794.2313232421875, 2994.63427734375]]"
238,239,IMG_7033,-1.316838888888889,36.788802777777775,2023,2,Used/,,Self,IMG_7033,[],[]
239,240,IMG_6339,-1.225552777777778,36.79038055555555,2023,2,Used/,,Self,IMG_6339,[],[]
240,241,IMG_8314,-1.2646277777777777,36.98461111111112,2023,2,Used/,,Self,IMG_8314,[],[]
241,242,IMG_7027,-1.3267361111111111,36.78028888888889,2023,2,Used/,,Self,IMG_7027,[],[]
242,243,IMG_0748,-1.3410444444444445,36.754925,2023,2,Used/,,Self,IMG_0748,[],[]
243,244,IMG_8472,-1.279972222222222,37.05097222222222,2023,2,Used/,,Self,IMG_8472,"[0.3718528747558594, 0.32220184803009033, 0.28086045384407043]","[[2085.161865234375, 2515.519287109375, 3716.017822265625, 3024.0], [75.23008728027344, 2308.343505859375, 3682.8642578125, 3024.0], [1.2781493663787842, 2290.58935546875, 1699.2484130859375, 3018.88525390625]]"
244,245,IMG_7741,-1.314488888888889,36.87160833333333,2023,2,Used/,,Self,IMG_7741,[],[]
245,246,IMG_6477,-1.306075,36.78434722222222,2023,2,Used/,,Self,IMG_6477,"[0.36840277910232544, 0.30871641635894775]","[[837.1987915039062, 2299.352294921875, 1777.0682373046875, 3015.647216796875], [0.0, 2185.505126953125, 481.01568603515625, 2850.35986328125]]"
246,247,IMG_0760,-1.3420999999999998,36.763375,2023,2,Used/,,Self,IMG_0760,[],[]
247,248,IMG_6305,-1.2498361111111111,36.82121388888889,2023,2,Used/,,Self,IMG_6305,"[0.32961031794548035, 0.26530614495277405]","[[1040.31298828125, 2338.97216796875, 2673.806884765625, 2774.973388671875], [1428.688720703125, 2324.515625, 2638.97998046875, 2847.806884765625]]"
248,249,IMG_8328,-1.2659277777777778,36.98807777777778,2023,2,Used/,,Self,IMG_8328,[],[]
249,250,IMG_0774,-1.3478638888888888,36.76494722222222,2023,2,Used/,,Self,IMG_0774,[],[]
250,251,IMG_6463,-1.3074055555555557,36.78304444444444,2023,2,Used/,,Self,IMG_6463,"[0.4390464723110199, 0.4110352396965027, 0.2717013359069824]","[[8.757284164428711, 2637.917724609375, 1182.7236328125, 3021.348388671875], [1027.06689453125, 2342.912353515625, 4027.81396484375, 3017.87744140625], [1287.1475830078125, 1947.369384765625, 4028.1845703125, 3014.660888671875]]"
251,252,IMG_7231,-1.2783555555555557,36.80484722222222,2023,2,Used/,,Self,IMG_7231,[],[]
252,253,IMG_8102,-1.316813888888889,36.83394166666667,2023,2,Used/,,Self,IMG_8102,[],[]
253,254,IMG_8664,-1.3079222222222222,36.7252,2023,2,Used/,,Self,IMG_8664,[],[]
254,255,IMG_8670,-1.2998027777777776,36.70173888888889,2023,2,Used/,,Self,IMG_8670,[],[]
255,256,IMG_7225,-1.2787777777777778,36.806441666666665,2023,2,Used/,,Self,IMG_7225,[],[]
256,257,IMG_8116,-1.3251638888888888,36.84808611111112,2023,2,Used/,,Self,IMG_8116,[],[]
257,258,IMG_8658,-1.308836111111111,36.72781111111112,2023,2,Used/,,Self,IMG_8658,[],[]
258,259,IMG_7219,-1.2802805555555554,36.80716388888889,2023,2,Used/,,Self,IMG_7219,[0.6101515889167786],"[[0.8193671703338623, 773.763916015625, 703.5856323242188, 1854.0299072265625]]"
259,260,IMG_7386,-1.2982527777777777,36.80309444444444,2023,2,Used/,,Self,IMG_7386,[0.4095955193042755],"[[0.0, 48.782894134521484, 598.67529296875, 672.7793579101562]]"
260,261,river,-1.3186027777777778,36.793952777777776,2023,2,Used/,,Self,river,"[0.4765310287475586, 0.41706421971321106]","[[9.687633514404297, 2025.66064453125, 3099.334716796875, 2568.7568359375], [260.16107177734375, 2539.13330078125, 4032.0, 3024.0]]"
261,262,IMG_7392,-1.2981222222222222,36.80245277777777,2023,2,Used/,,Self,IMG_7392,[],[]
262,263,IMG_8089,-1.3039944444444445,36.82613888888889,2023,2,Used/,,Self,IMG_8089,[],[]
263,264,IMG_7345,-1.289786111111111,36.79810555555555,2023,2,Used/,,Self,IMG_7345,[],[]
264,265,IMG_8076,-1.2934527777777776,36.81672777777778,2023,2,Used/,,Self,IMG_8076,[],[]
265,266,IMG_8710,-1.2301972222222224,36.66744722222222,2023,2,Used/,,Self,IMG_8710,[],[]
266,267,IMG_8704,-1.2381583333333337,36.66619166666666,2023,2,Used/,,Self,IMG_8704,[],[]
267,268,IMG_7351,-1.290897222222222,36.79866388888889,2023,2,Used/,,Self,IMG_7351,[],[]
268,269,IMG_8062,-1.2965888888888888,36.80793333333333,2023,2,Used/,,Self,IMG_8062,[],[]
269,270,IMG_7379,-1.297522222222222,36.802841666666666,2023,2,Used/,,Self,IMG_7379,[],[]
270,271,IMG_8738,-1.106938888888889,36.23973055555555,2023,2,Used/,,Self,IMG_8738,[],[]
271,272,IMG_7184,-1.2873888888888887,36.79866944444444,2023,2,Used/,,Self,IMG_7184,[],[]
272,273,IMG_7190,-1.2866972222222222,36.79933611111111,2023,2,Used/,,Self,IMG_7190,"[0.4064166843891144, 0.29376524686813354]","[[0.23465421795845032, 44.85726547241211, 759.9630126953125, 554.3360595703125], [93.55455017089844, 1668.04833984375, 804.3160400390625, 2188.785888671875]]"
273,274,IMG_7806,-1.3127833333333334,36.87211666666667,2023,2,Used/,,Self,IMG_7806,"[0.7287732362747192, 0.5276315808296204, 0.368380606174469]","[[0.0, 1684.2236328125, 1632.01171875, 2039.02392578125], [2209.2333984375, 1997.484375, 4032.0, 2474.467041015625], [2247.381591796875, 2496.18701171875, 3648.35498046875, 3004.06298828125]]"
274,275,IMG_7812,-1.3127472222222225,36.87166666666667,2023,2,Used/,,Self,IMG_7812,"[0.7837178111076355, 0.3951326608657837, 0.27716314792633057]","[[76.06295776367188, 1775.4886474609375, 3452.986572265625, 3023.966064453125], [0.0, 1406.76025390625, 403.3367614746094, 1877.2830810546875], [2585.1533203125, 1706.07958984375, 3491.601806640625, 2024.04541015625]]"
275,276,IMG_8512,-1.2755388888888888,37.00505555555556,2023,2,Used/,,Self,IMG_8512,[0.7296416163444519],"[[14.611239433288574, 2340.368408203125, 2269.802734375, 3018.778564453125]]"
276,277,IMG_7621,-1.297261111111111,36.83006666666667,2023,2,Used/,,Self,IMG_7621,[],[]
277,278,IMG_0628,-1.2989416666666664,36.77882222222223,2023,2,Used/,,Self,IMG_0628,[0.304747611284256],"[[390.8900146484375, 700.693115234375, 1063.5909423828125, 1312.8336181640625]]"
278,279,IMG_8274,-1.2785722222222222,36.968075,2023,2,Used/,,Self,IMG_8274,[0.7745723724365234],"[[0.0, 2382.37109375, 384.78033447265625, 2605.954345703125]]"
279,280,IMG_7147,-1.294961111111111,36.795319444444445,2023,2,Used/,,Self,IMG_7147,"[0.5220303535461426, 0.3155256509780884, 0.3029094934463501]","[[1556.59326171875, 2718.5302734375, 3862.13525390625, 3011.91015625], [2398.3876953125, 135.91026306152344, 3427.385986328125, 1388.0628662109375], [469.49957275390625, 2744.610107421875, 3903.14697265625, 3016.675048828125]]"
280,281,IMG_6259,-1.271861111111111,36.82788888888889,2023,2,Used/,,Self,IMG_6259,[],[]
281,282,IMG_8260,-1.281858333333333,36.96154722222222,2023,2,Used/,,Self,IMG_8260,[],[]
282,283,IMG_7153,-1.2899166666666666,36.79614722222222,2023,2,Used/,,Self,IMG_7153,[0.3639242947101593],"[[3435.45849609375, 46.006744384765625, 4031.60302734375, 573.7930297851562]]"
283,284,IMG_8506,-1.2761194444444444,37.01128333333333,2023,2,Used/,,Self,IMG_8506,[0.32620102167129517],"[[2861.217041015625, 1946.898681640625, 4025.873291015625, 2994.470458984375]]"
284,285,IMG_7635,-1.3121972222222222,36.85215,2023,2,Used/,,Self,IMG_7635,"[0.43197059631347656, 0.32868465781211853]","[[15.13707160949707, 1809.005859375, 3011.498779296875, 2183.17529296875], [23.760351181030273, 1804.622314453125, 3758.38427734375, 2107.482177734375]]"
285,286,IMG_6503,-1.3058444444444446,36.787475,2023,2,Used/,,Self,IMG_6503,[],[]
286,287,IMG_8248,-1.2846638888888888,36.95699444444445,2023,2,Used/,,Self,IMG_8248,[0.40914386510849],"[[115.63175964355469, 2176.014404296875, 3276.71630859375, 2950.3291015625]]"
287,288,IMG_6265,-1.2705638888888888,36.829972222222224,2023,2,Used/,,Self,IMG_6265,[],[]
288,289,IMG_6271,-1.2684638888888888,36.83298055555556,2023,2,Used/,,Self,IMG_6271,[],[]
289,290,IMG_6517,-1.3043472222222223,36.78820555555556,2023,2,Used/,,Self,IMG_6517,[0.25135767459869385],"[[2209.674072265625, 1884.2039794921875, 2705.527099609375, 2429.875244140625]]"
290,291,IMG_7609,-1.286947222222222,36.81626111111111,2023,2,Used/,,Self,IMG_7609,[],[]
291,292,IMG_6270,-1.2687777777777778,36.83268055555556,2023,2,Used/,,Self,IMG_6270,[],[]
292,293,IMG_7608,-1.2870527777777776,36.81603611111111,2023,2,Used/,,Self,IMG_7608,[],[]
293,294,IMG_6516,-1.3044944444444444,36.78821944444445,2023,2,Used/,,Self,IMG_6516,[0.25347501039505005],"[[245.31277465820312, 2480.05126953125, 1478.249755859375, 2954.6298828125]]"
294,295,IMG_6502,-1.3059555555555555,36.78738055555555,2023,2,Used/,,Self,IMG_6502,[],[]
295,296,IMG_6264,-1.2708888888888887,36.82944166666667,2023,2,Used/,,Self,IMG_6264,[],[]
296,297,IMG_8249,-1.2844972222222222,36.95726944444445,2023,2,Used/,,Self,IMG_8249,[0.4700259566307068],"[[77.71755981445312, 2279.241455078125, 3237.073486328125, 2795.58837890625]]"
297,298,IMG_7152,-1.290036111111111,36.79610555555556,2023,2,Used/,,Self,IMG_7152,[],[]
298,299,IMG_8261,-1.281575,36.96204722222223,2023,2,Used/,,Self,IMG_8261,[],[]
299,300,IMG_7634,-1.3120305555555556,36.85166111111111,2023,2,Used/,,Self,IMG_7634,"[0.27367958426475525, 0.2633247673511505, 0.2594106197357178]","[[1299.3675537109375, 1587.3695068359375, 3111.350341796875, 2020.972900390625], [3481.2197265625, 1639.32958984375, 4032.0, 1902.0108642578125], [323.153076171875, 1880.1229248046875, 1410.8243408203125, 2223.725830078125]]"
300,301,IMG_8507,-1.275947222222222,37.009455555555554,2023,2,Used/,,Self,IMG_8507,[],[]
301,302,IMG_7620,-1.2976333333333332,36.82968611111112,2023,2,Used/,,Self,IMG_7620,[],[]
302,303,IMG_8513,-1.2754222222222222,37.00441388888889,2023,2,Used/,,Self,IMG_8513,[0.3549864590167999],"[[0.0, 2294.6513671875, 1422.1693115234375, 3019.524658203125]]"
303,304,IMG_6258,-1.2720916666666666,36.82756111111112,2023,2,Used/,,Self,IMG_6258,[],[]
304,305,IMG_7146,-1.295086111111111,36.79533333333333,2023,2,Used/,,Self,IMG_7146,[],[]
305,306,IMG_8275,-1.2782416666666665,36.96849722222223,2023,2,Used/,,Self,IMG_8275,[],[]
306,307,IMG_0629,-1.2989527777777776,36.778125,2023,2,Used/,,Self,IMG_0629,[],[]
307,308,IMG_7813,-1.31265,36.87093611111112,2023,2,Used/,,Self,IMG_7813,"[0.7312639951705933, 0.5251746773719788, 0.33738216757774353]","[[862.0054321289062, 2615.5654296875, 1631.89892578125, 3271.365966796875], [2621.9755859375, 3655.6455078125, 3023.566650390625, 4032.0], [1866.7552490234375, 3730.921875, 2602.27490234375, 4032.0]]"
308,309,IMG_7807,-1.3128083333333334,36.87176388888889,2023,2,Used/,,Self,IMG_7807,[],[]
309,310,IMG_7191,-1.2867722222222222,36.79961111111111,2023,2,Used/,,Self,IMG_7191,[],[]
310,311,IMG_7185,-1.2871194444444445,36.79873333333333,2023,2,Used/,,Self,IMG_7185,[],[]
311,312,IMG_8739,-1.107036111111111,36.238391666666665,2023,2,Used/,,Self,IMG_8739,[],[]
312,313,IMG_7378,-1.2974138888888889,36.80279444444445,2023,2,Used/,,Self,IMG_7378,[],[]
313,314,IMG_8705,-1.2356444444444443,36.66750555555555,2023,2,Used/,,Self,IMG_8705,[],[]
314,315,IMG_8063,-1.2962972222222222,36.80835555555555,2023,2,Used/,,Self,IMG_8063,[],[]
315,316,IMG_7350,-1.2907027777777778,36.79855,2023,2,Used/,,Self,IMG_7350,[],[]
316,317,IMG_8077,-1.2932249999999998,36.81790555555556,2023,2,Used/,,Self,IMG_8077,[0.362511545419693],"[[346.3502197265625, 2032.561279296875, 1994.0888671875, 2236.0908203125]]"
317,318,IMG_7344,-1.2897194444444444,36.79809166666666,2023,2,Used/,,Self,IMG_7344,[0.6728296875953674],"[[3071.49560546875, 2006.91064453125, 4032.0, 2325.642822265625]]"
318,319,IMG_8711,-1.2294250000000002,36.66671111111111,2023,2,Used/,,Self,IMG_8711,[],[]
319,320,IMG_8088,-1.3008694444444444,36.82468055555556,2023,2,Used/,,Self,IMG_8088,[],[]
320,321,IMG_7393,-1.2981694444444445,36.80205555555556,2023,2,Used/,,Self,IMG_7393,[0.38796067237854004],"[[307.02557373046875, 1882.063720703125, 1450.052978515625, 2205.5771484375]]"
321,322,IMG_7387,-1.2983138888888888,36.80305277777777,2023,2,Used/,,Self,IMG_7387,[],[]
322,323,IMG_7218,-1.2807194444444443,36.807180555555554,2023,2,Used/,,Self,IMG_7218,[],[]
323,324,IMG_8659,-1.3094972222222223,36.72711944444445,2023,2,Used/,,Self,IMG_8659,[],[]
324,325,IMG_8671,-1.2991944444444443,36.70093055555556,2023,2,Used/,,Self,IMG_8671,[],[]
325,326,IMG_8117,-1.3255972222222223,36.84895277777778,2023,2,Used/,,Self,IMG_8117,[],[]
326,327,IMG_7224,-1.2789833333333334,36.80659166666666,2023,2,Used/,,Self,IMG_7224,[0.38646388053894043],"[[976.8179321289062, 49.60519027709961, 4032.0, 1784.123046875]]"
327,328,IMG_8103,-1.3170861111111112,36.83441388888889,2023,2,Used/,,Self,IMG_8103,"[0.6952467560768127, 0.6301403045654297, 0.2954035699367523]","[[870.9567260742188, 2444.75634765625, 1724.0367431640625, 2762.407958984375], [0.0, 2604.287353515625, 746.89892578125, 2988.48193359375], [0.7765891551971436, 2255.55224609375, 744.8880004882812, 2990.685791015625]]"
328,329,IMG_7230,-1.2782777777777776,36.80495,2023,2,Used/,,Self,IMG_7230,[],[]
329,330,IMG_8665,-1.306561111111111,36.72218333333333,2023,2,Used/,,Self,IMG_8665,[],[]
330,331,IMG_0775,-1.3486138888888888,36.76472222222223,2023,2,Used/,,Self,IMG_0775,[],[]
331,332,IMG_8329,-1.2660833333333332,36.98836944444445,2023,2,Used/,,Self,IMG_8329,[],[]
332,333,IMG_6304,-1.2518916666666666,36.82528333333334,2023,2,Used/,,Self,IMG_6304,[],[]
333,334,IMG_6462,-1.3083916666666666,36.782025,2023,2,Used/,,Self,IMG_6462,[0.7572310566902161],"[[516.2407836914062, 2046.8162841796875, 1208.532470703125, 2747.479736328125]]"
334,335,IMG_6476,-1.3061722222222223,36.78414166666666,2023,2,Used/,,Self,IMG_6476,[0.4609319865703583],"[[1281.215576171875, 2243.4384765625, 1927.72998046875, 2678.75]]"
335,336,IMG_0761,-1.3422222222222222,36.76454444444445,2023,2,Used/,,Self,IMG_0761,[],[]
336,337,IMG_6310,-1.2485472222222225,36.81687222222222,2023,2,Used/,,Self,IMG_6310,[],[]
337,338,IMG_0749,-1.3411305555555555,36.75548888888889,2023,2,Used/,,Self,IMG_0749,[],[]
338,339,IMG_7026,-1.326952777777778,36.78020833333333,2023,2,Used/,,Self,IMG_7026,[],[]
339,340,IMG_8315,-1.264636111111111,36.98465,2023,2,Used/,,Self,IMG_8315,[],[]
340,341,IMG_6338,-1.225538888888889,36.79045277777777,2023,2,Used/,,Self,IMG_6338,[],[]
341,342,IMG_7740,-1.3144722222222225,36.871566666666666,2023,2,Used/,,Self,IMG_7740,[0.5183766484260559],"[[8.532146453857422, 2502.673828125, 1305.029296875, 2989.8544921875]]"
342,343,IMG_8473,-1.2798416666666663,37.04991666666667,2023,2,Used/,,Self,IMG_8473,[],[]
343,344,IMG_8467,-1.2810861111111111,37.05710555555555,2023,2,Used/,,Self,IMG_8467,[0.2980312705039978],"[[1438.451416015625, 2015.07958984375, 3800.335693359375, 2374.44287109375]]"
344,345,IMG_7032,-1.3215194444444445,36.78421111111111,2023,2,Used/,,Self,IMG_7032,"[0.3980000913143158, 0.2501787543296814]","[[12.967794418334961, 1936.9903564453125, 2333.07275390625, 2348.49365234375], [513.2982788085938, 1973.147705078125, 2290.391845703125, 2329.666748046875]]"
345,346,IMG_8301,-1.2653388888888888,36.98166666666667,2023,2,Used/,,Self,IMG_8301,"[0.5593235492706299, 0.4150606691837311]","[[2060.554931640625, 2315.120361328125, 2608.468017578125, 2645.10595703125], [3213.934326171875, 2527.044677734375, 4032.0, 3020.491943359375]]"
346,347,IMG_8498,-1.2774305555555554,37.0255,2023,2,Used/,,Self,IMG_8498,[0.3995327055454254],"[[2159.251953125, 1956.9239501953125, 3306.53076171875, 2295.379638671875]]"
347,348,IMG_7797,-1.3131777777777778,36.872413888888886,2023,2,Used/,,Self,IMG_7797,[0.3809804916381836],"[[1176.7388916015625, 1250.9176025390625, 1836.8037109375, 1477.58203125]]"
348,349,IMG_6489,-1.3059611111111111,36.78592222222222,2023,2,Used/,,Self,IMG_6489,[],[]
349,350,IMG_0788,-1.3566416666666667,36.76223888888889,2023,2,Used/,,Self,IMG_0788,[],[]
350,351,IMG_7795,-1.313288888888889,36.87255555555556,2023,2,Used/,,Self,IMG_7795,[0.3922598958015442],"[[3124.066650390625, 1241.188232421875, 3401.960693359375, 1545.091552734375]]"
351,352,IMG_7742,-1.3145194444444446,36.8717,2023,2,Used/,,Self,IMG_7742,[],[]
352,353,IMG_8471,-1.2800555555555555,37.05181944444444,2023,2,Used/,,Self,IMG_8471,"[0.5734212398529053, 0.5088961124420166]","[[292.8934631347656, 2437.957763671875, 3783.9423828125, 3024.0], [1374.288818359375, 2296.545654296875, 3796.247314453125, 3020.66943359375]]"
353,354,IMG_7024,-1.3293305555555557,36.78007777777778,2023,2,Used/,,Self,IMG_7024,[],[]
354,355,IMG_8317,-1.2647583333333334,36.98506944444445,2023,2,Used/,,Self,IMG_8317,[],[]
355,356,IMG_7030,-1.3221083333333332,36.783763888888885,2023,2,Used/,,Self,IMG_7030,[],[]
356,357,IMG_8303,-1.2649972222222223,36.98180833333333,2023,2,Used/,,Self,IMG_8303,[0.47450560331344604],"[[1720.6732177734375, 2303.42431640625, 2482.417236328125, 2606.96484375]]"
357,358,IMG_8465,-1.2827,37.06463888888889,2023,2,Used/,,Self,IMG_8465,[0.7466573119163513],"[[2203.96044921875, 2489.37744140625, 2621.87646484375, 2742.72705078125]]"
358,359,IMG_6460,-1.308452777777778,36.78158888888889,2023,2,Used/,,Self,IMG_6460,[0.5807408094406128],"[[1046.2747802734375, 1983.6197509765625, 1601.115478515625, 2331.9912109375]]"
359,360,IMG_6306,-1.2497027777777778,36.821125,2023,2,Used/,,Self,IMG_6306,[],[]
360,361,IMG_7018,-1.3387666666666669,36.77252222222222,2023,2,Used/,,Self,IMG_7018,[],[]
361,362,IMG_0777,-1.3498,36.76405555555556,2023,2,Used/,,Self,IMG_0777,[],[]
362,363,IMG_6312,-1.241011111111111,36.81336666666667,2023,2,Used/,,Self,IMG_6312,[],[]
363,364,IMG_0763,-1.3423916666666666,36.766575,2023,2,Used/,,Self,IMG_0763,[],[]
364,365,IMG_8459,-1.2814,37.05839444444444,2023,2,Used/,,Self,IMG_8459,[],[]
365,366,IMG_6474,-1.306263888888889,36.78395,2023,2,Used/,,Self,IMG_6474,[],[]
366,367,IMG_6879,-1.364325,36.74640555555556,2023,2,Used/,,Self,IMG_6879,"[0.28565889596939087, 0.27843743562698364]","[[1390.687255859375, 2833.36669921875, 2924.055419921875, 3019.999755859375], [1376.0723876953125, 2849.84228515625, 2221.570068359375, 3020.44970703125]]"
367,368,IMG_8698,-1.247952777777778,36.664627777777774,2023,2,Used/,,Self,IMG_8698,[],[]
368,369,IMG_8115,-1.3244194444444444,36.84681388888889,2023,2,Used/,,Self,IMG_8115,[],[]
369,370,IMG_7226,-1.2777888888888889,36.806,2023,2,Used/,,Self,IMG_7226,[],[]
370,371,IMG_8673,-1.2953916666666665,36.68908055555555,2023,2,Used/,,Self,IMG_8673,[0.5757336020469666],"[[1083.18896484375, 2415.7353515625, 4021.27734375, 3024.0]]"
371,372,IMG_8667,-1.304688888888889,36.71347777777778,2023,2,Used/,,Self,IMG_8667,[],[]
372,373,IMG_8101,-1.3166805555555556,36.83368333333333,2023,2,Used/,,Self,IMG_8101,[],[]
373,374,IMG_7232,-1.2784694444444444,36.80469444444444,2023,2,Used/,,Self,IMG_7232,[],[]
374,375,IMG_8129,-1.330761111111111,36.863455555555554,2023,2,Used/,,Self,IMG_8129,[0.3797167241573334],"[[17.39411735534668, 2200.25146484375, 1108.284912109375, 2650.594482421875]]"
375,376,IMG_7568,-1.267675,36.82191111111111,2023,2,Used/,,Self,IMG_7568,[0.45586949586868286],"[[2536.445068359375, 5.950277328491211, 3715.06494140625, 339.6784362792969]]"
376,377,IMG_7391,-1.2982055555555554,36.80265555555555,2023,2,Used/,,Self,IMG_7391,[],[]
377,378,IMG_7385,-1.2982138888888888,36.80311111111111,2023,2,Used/,,Self,IMG_7385,[],[]
378,379,IMG_8061,-1.2966833333333332,36.80777222222222,2023,2,Used/,,Self,IMG_8061,[],[]
379,380,IMG_7352,-1.2913138888888889,36.79887222222222,2023,2,Used/,,Self,IMG_7352,[],[]
380,381,IMG_8707,-1.2322611111111113,36.66841111111111,2023,2,Used/,,Self,IMG_8707,[0.26125749945640564],"[[1383.085205078125, 319.7647399902344, 1784.74365234375, 652.0659790039062]]"
381,382,IMG_8713,-1.228388888888889,36.66505833333333,2023,2,Used/,,Self,IMG_8713,[],[]
382,383,IMG_8075,-1.293597222222222,36.815977777777775,2023,2,Used/,,Self,IMG_8075,[0.5230399370193481],"[[2323.596435546875, 2234.52490234375, 4032.0, 2613.9775390625]]"
383,384,IMG_7346,-1.2898944444444442,36.79816944444444,2023,2,Used/,,Self,IMG_7346,[],[]
384,385,IMG_7408,-1.298936111111111,36.797977777777774,2023,2,Used/,,Self,IMG_7408,[],[]
385,386,IMG_8049,-1.2982388888888887,36.80068611111111,2023,2,Used/,,Self,IMG_8049,[],[]
386,387,IMG_7193,-1.2868444444444442,36.79991944444444,2023,2,Used/,,Self,IMG_7193,[],[]
387,388,IMG_6299,-1.2555305555555556,36.83241944444445,2023,2,Used/,,Self,IMG_6299,[],[]
388,389,IMG_7187,-1.2866527777777776,36.798827777777774,2023,2,Used/,,Self,IMG_7187,[0.2562144994735718],"[[2934.085205078125, 2139.27099609375, 3502.044189453125, 2462.074462890625]]"
389,390,IMG_7839,-1.3127027777777778,36.87007777777778,2023,2,Used/,,Self,IMG_7839,"[0.6471745371818542, 0.6256520748138428, 0.4733981788158417, 0.44267359375953674]","[[1698.890869140625, 962.7979125976562, 4025.02685546875, 1903.101318359375], [0.0, 18.838476181030273, 1232.302490234375, 1067.5185546875], [263.7001953125, 930.5121459960938, 4015.719970703125, 1925.35009765625], [9.37001895904541, 1032.5699462890625, 4032.0, 3017.099853515625]]"
390,391,IMG_7811,-1.312752777777778,36.87166111111111,2023,2,Used/,,Self,IMG_7811,[0.7288817167282104],"[[322.9958190917969, 1977.0440673828125, 3395.546875, 3018.35595703125]]"
391,392,IMG_8288,-1.2721888888888888,36.97529166666667,2023,2,Used/,,Self,IMG_8288,[0.28737112879753113],"[[2658.489501953125, 2177.8623046875, 4032.0, 3019.087646484375]]"
392,393,IMG_7805,-1.312775,36.87210833333334,2023,2,Used/,,Self,IMG_7805,"[0.7051571011543274, 0.6930035352706909, 0.6892828345298767]","[[5.167776107788086, 1913.9970703125, 762.2659301757812, 2142.32666015625], [1431.4295654296875, 2559.352294921875, 2862.431640625, 3014.27783203125], [1816.3121337890625, 1952.7161865234375, 4032.0, 2522.33544921875]]"
393,394,IMG_6528,-1.3013555555555556,36.78824166666666,2023,2,Used/,,Self,IMG_6528,[],[]
394,395,IMG_7636,-1.3125916666666666,36.85341944444445,2023,2,Used/,,Self,IMG_7636,[],[]
395,396,IMG_8505,-1.2762888888888888,37.01306111111112,2023,2,Used/,,Self,IMG_8505,[0.36393800377845764],"[[1884.5723876953125, 1981.5452880859375, 3427.701171875, 2259.71044921875]]"
396,397,IMG_7150,-1.2901944444444444,36.796052777777774,2023,2,Used/,,Self,IMG_7150,[],[]
397,398,IMG_8263,-1.280908333333333,36.96335277777778,2023,2,Used/,,Self,IMG_8263,[0.36492204666137695],"[[1803.45068359375, 2169.0791015625, 4032.0, 3014.7509765625]]"
398,399,IMG_7144,-1.2955083333333333,36.7953,2023,2,Used/,,Self,IMG_7144,[],[]
399,400,IMG_8277,-1.2770194444444445,36.96982222222223,2023,2,Used/,,Self,IMG_8277,[0.25505611300468445],"[[2238.4052734375, 2255.900634765625, 4032.0, 3020.798095703125]]"
400,401,IMG_7622,-1.2985,36.836666666666666,2023,2,Used/,,Self,IMG_7622,[],[]
401,402,IMG_8511,-1.2755944444444445,37.00561944444444,2023,2,Used/,,Self,IMG_8511,[],[]
402,403,IMG_6514,-1.3046638888888888,36.7882,2023,2,Used/,,Self,IMG_6514,[],[]
403,404,IMG_8539,-1.2670249999999998,36.98982222222222,2023,2,Used/,,Self,IMG_8539,"[0.6592255234718323, 0.47172030806541443]","[[250.01182556152344, 1970.787109375, 1219.660888671875, 2540.219482421875], [1174.1895751953125, 2322.63330078125, 1561.3426513671875, 2507.96923828125]]"
404,405,IMG_6272,-1.2681194444444444,36.83324722222223,2023,2,Used/,,Self,IMG_6272,[],[]
405,406,IMG_7178,-1.2887333333333333,36.798313888888885,2023,2,Used/,,Self,IMG_7178,[],[]
406,407,IMG_6266,-1.270338888888889,36.83032777777778,2023,2,Used/,,Self,IMG_6266,[],[]
407,408,IMG_6500,-1.306038888888889,36.78728611111111,2023,2,Used/,,Self,IMG_6500,"[0.7965543866157532, 0.4764847159385681]","[[1559.0028076171875, 1874.71630859375, 2841.67626953125, 2521.688232421875], [1899.4718017578125, 907.6510009765625, 2315.894775390625, 1365.33349609375]]"
408,409,IMG_6267,-1.269886111111111,36.83105555555556,2023,2,Used/,,Self,IMG_6267,[],[]
409,410,IMG_7179,-1.2885361111111109,36.798366666666666,2023,2,Used/,,Self,IMG_7179,[],[]
410,411,IMG_6501,-1.306,36.78733611111111,2023,2,Used/,,Self,IMG_6501,[],[]
411,412,IMG_8538,-1.2673138888888889,36.9903,2023,2,Used/,,Self,IMG_8538,[],[]
412,413,IMG_6515,-1.304538888888889,36.78822777777778,2023,2,Used/,,Self,IMG_6515,[],[]
413,414,IMG_6273,-1.2647444444444444,36.836263888888894,2023,2,Used/,,Self,IMG_6273,[],[]
414,415,IMG_8276,-1.277872222222222,36.96896111111111,2023,2,Used/,,Self,IMG_8276,[],[]
415,416,IMG_7145,-1.2952083333333333,36.795319444444445,2023,2,Used/,,Self,IMG_7145,[],[]
416,417,IMG_8510,-1.2756277777777778,37.006030555555554,2023,2,Used/,,Self,IMG_8510,[],[]
417,418,IMG_7623,-1.2984805555555554,36.83671944444445,2023,2,Used/,,Self,IMG_7623,[],[]
418,419,IMG_8504,-1.2764027777777778,37.01435833333333,2023,2,Used/,,Self,IMG_8504,[0.37956148386001587],"[[1860.6728515625, 1193.767333984375, 4018.584228515625, 1677.03369140625]]"
419,420,IMG_7637,-1.3125916666666666,36.85341944444445,2023,2,Used/,,Self,IMG_7637,[],[]
420,421,IMG_6529,-1.301,36.78823055555555,2023,2,Used/,,Self,IMG_6529,[],[]
421,422,IMG_8262,-1.2811638888888888,36.96282222222222,2023,2,Used/,,Self,IMG_8262,[],[]
422,423,IMG_7151,-1.290125,36.79606944444444,2023,2,Used/,,Self,IMG_7151,[],[]
423,424,IMG_8289,-1.2715694444444443,36.97608888888889,2023,2,Used/,,Self,IMG_8289,[0.2694425880908966],"[[2009.907958984375, 2668.66845703125, 4031.0205078125, 3022.131591796875]]"
424,425,IMG_7804,-1.312752777777778,36.87211666666667,2023,2,Used/,,Self,IMG_7804,"[0.5405236482620239, 0.49522989988327026, 0.38139504194259644]","[[864.2422485351562, 1984.52587890625, 3942.90966796875, 3020.402099609375], [2125.109375, 1343.126220703125, 3131.038330078125, 1774.8807373046875], [0.0, 1379.5645751953125, 3911.65234375, 3023.03515625]]"
425,426,IMG_7810,-1.3127722222222222,36.87165555555556,2023,2,Used/,,Self,IMG_7810,[0.9042865633964539],"[[533.5242919921875, 1598.5843505859375, 4026.12060546875, 3013.086181640625]]"
426,427,IMG_7186,-1.286761111111111,36.798830555555554,2023,2,Used/,,Self,IMG_7186,[],[]
427,428,IMG_6298,-1.2558694444444445,36.83245277777778,2023,2,Used/,,Self,IMG_6298,[0.3996882736682892],"[[2821.1669921875, 1356.2171630859375, 3331.430908203125, 1537.0457763671875]]"
428,429,IMG_7838,-1.3126944444444444,36.870075,2023,2,Used/,,Self,IMG_7838,"[0.8611322045326233, 0.49280503392219543]","[[74.52679443359375, 1719.309326171875, 4032.0, 3018.447021484375], [376.79681396484375, 2079.637939453125, 4032.0, 3022.159912109375]]"
429,430,IMG_7192,-1.286797222222222,36.79971111111111,2023,2,Used/,,Self,IMG_7192,[],[]
430,431,IMG_8048,-1.2984694444444442,36.79923888888889,2023,2,Used/,,Self,IMG_8048,[],[]
431,432,IMG_7409,-1.2989694444444444,36.79783611111111,2023,2,Used/,,Self,IMG_7409,"[0.3004951477050781, 0.2817302644252777]","[[653.8369750976562, 1383.3084716796875, 1257.501953125, 1757.6815185546875], [40.254207611083984, 1548.6724853515625, 617.5554809570312, 2016.0545654296875]]"
432,433,IMG_8712,-1.2289555555555556,36.66593611111111,2023,2,Used/,,Self,IMG_8712,[],[]
433,434,IMG_7347,-1.2901083333333332,36.79825555555556,2023,2,Used/,,Self,IMG_7347,[0.32260963320732117],"[[696.5587158203125, 2231.42041015625, 3927.026611328125, 3018.490478515625]]"
434,435,IMG_8074,-1.293897222222222,36.8149,2023,2,Used/,,Self,IMG_8074,[],[]
435,436,IMG_7353,-1.291497222222222,36.79897777777778,2023,2,Used/,,Self,IMG_7353,[],[]
436,437,IMG_8060,-1.296886111111111,36.80743888888889,2023,2,Used/,,Self,IMG_8060,[],[]
437,438,IMG_8706,-1.232527777777778,36.66854444444444,2023,2,Used/,,Self,IMG_8706,[0.3620668053627014],"[[276.2386779785156, 1564.6414794921875, 1702.1507568359375, 1767.354248046875]]"
438,439,IMG_7384,-1.2981305555555551,36.80316944444444,2023,2,Used/,,Self,IMG_7384,[],[]
439,440,IMG_7390,-1.298286111111111,36.80276111111111,2023,2,Used/,,Self,IMG_7390,[],[]
440,441,IMG_8128,-1.3308666666666666,36.86270833333334,2023,2,Used/,,Self,IMG_8128,[],[]
441,442,IMG_8666,-1.3065055555555556,36.72202777777778,2023,2,Used/,,Self,IMG_8666,[],[]
442,443,IMG_7233,-1.2787944444444443,36.80409722222222,2023,2,Used/,,Self,IMG_7233,[],[]
443,444,IMG_8100,-1.3152583333333334,36.83185277777778,2023,2,Used/,,Self,IMG_8100,[0.4055767059326172],"[[1782.408447265625, 2005.2867431640625, 2480.154296875, 2341.511474609375]]"
444,445,IMG_7227,-1.2776527777777775,36.80565555555555,2023,2,Used/,,Self,IMG_7227,[],[]
445,446,IMG_8114,-1.3231,36.84476111111111,2023,2,Used/,,Self,IMG_8114,[],[]
446,447,IMG_8672,-1.2970444444444442,36.69491111111111,2023,2,Used/,,Self,IMG_8672,[],[]
447,448,IMG_8699,-1.243938888888889,36.66512222222222,2023,2,Used/,,Self,IMG_8699,[0.28784236311912537],"[[561.4605712890625, 1981.374267578125, 3917.56689453125, 2535.818603515625]]"
448,449,IMG_6878,-1.3584361111111112,36.74720277777778,2023,2,Used/,,Self,IMG_6878,[],[]
449,450,IMG_0762,-1.3424222222222222,36.76618888888889,2023,2,Used/,,Self,IMG_0762,[],[]
450,451,IMG_6313,-1.2407472222222222,36.81323611111111,2023,2,Used/,,Self,IMG_6313,[],[]
451,452,IMG_6475,-1.3062194444444446,36.78404166666667,2023,2,Used/,,Self,IMG_6475,[],[]
452,453,IMG_8458,-1.2812083333333333,37.05772777777778,2023,2,Used/,,Self,IMG_8458,[0.4197840690612793],"[[638.51025390625, 2359.984619140625, 1723.3494873046875, 2596.847412109375]]"
453,454,IMG_6461,-1.308452777777778,36.78158888888889,2023,2,Used/,,Self,IMG_6461,[0.2789176404476166],"[[0.0, 2086.05712890625, 482.07464599609375, 3020.69482421875]]"
454,455,IMG_0776,-1.3493027777777775,36.76438888888889,2023,2,Used/,,Self,IMG_0776,[],[]
455,456,IMG_7019,-1.3374527777777776,36.77390555555556,2023,2,Used/,,Self,IMG_7019,[],[]
456,457,IMG_6307,-1.2496361111111112,36.82105277777778,2023,2,Used/,,Self,IMG_6307,[],[]
457,458,IMG_8302,-1.2653361111111112,36.98166666666667,2023,2,Used/,,Self,IMG_8302,[],[]
458,459,IMG_7031,-1.3218694444444443,36.78394722222222,2023,2,Used/,,Self,IMG_7031,[0.3005833625793457],"[[1572.4512939453125, 2116.484130859375, 2710.16455078125, 2355.135986328125]]"
459,460,IMG_6449,-1.3087861111111112,36.78276111111111,2023,2,Used/,,Self,IMG_6449,[],[]
460,461,IMG_8464,-1.2826777777777778,37.06425833333333,2023,2,Used/,,Self,IMG_8464,"[0.3518820106983185, 0.30566656589508057]","[[0.0, 2278.854248046875, 293.13177490234375, 2778.9443359375], [3415.21435546875, 1836.9395751953125, 4032.0, 2318.51123046875]]"
461,462,IMG_8470,-1.2801749999999998,37.05281944444444,2023,2,Used/,,Self,IMG_8470,[0.46439045667648315],"[[600.2760620117188, 2272.1904296875, 3028.70361328125, 3020.7041015625]]"
462,463,IMG_7743,-1.3145694444444445,36.87182777777778,2023,2,Used/,,Self,IMG_7743,[],[]
463,464,IMG_8316,-1.2647111111111111,36.98489722222222,2023,2,Used/,,Self,IMG_8316,[],[]
464,465,IMG_7025,-1.3275972222222223,36.78005555555556,2023,2,Used/,,Self,IMG_7025,[],[]
465,466,IMG_7794,-1.3132472222222222,36.87257777777778,2023,2,Used/,,Self,IMG_7794,"[0.2909621596336365, 0.2710740566253662, 0.27075719833374023]","[[519.9375, 1825.662109375, 1440.7501220703125, 3019.961181640625], [1721.6256103515625, 1997.1844482421875, 2187.404296875, 2229.156982421875], [611.2855224609375, 2095.7587890625, 1415.5177001953125, 3016.532958984375]]"
466,467,IMG_0789,-1.3572305555555555,36.762375,2023,2,Used/,,Self,IMG_0789,[],[]
467,468,IMG_7081,-1.2995027777777777,36.790394444444445,2023,2,Used/,,Self,IMG_7081,"[0.6551893949508667, 0.2563110291957855]","[[2917.873779296875, 2061.75732421875, 3981.2041015625, 2330.114990234375], [984.3878173828125, 1691.6817626953125, 1288.0782470703125, 1853.843017578125]]"
468,469,IMG_7095,-1.2993444444444444,36.79288611111111,2023,2,Used/,,Self,IMG_7095,[],[]
469,470,IMG_0922,-1.294725,36.79841944444444,2023,2,Used/,,Self,IMG_0922,[0.4356110990047455],"[[61.35554122924805, 1539.3272705078125, 520.318359375, 2039.870849609375]]"
470,471,IMG_7718,-1.3142055555555556,36.86966666666667,2023,2,Used/,,Self,IMG_7718,[],[]
471,472,IMG_6360,-1.271772222222222,36.76784166666667,2023,2,Used/,,Self,IMG_6360,[0.25745755434036255],"[[13.527080535888672, 13.976490020751953, 1804.5216064453125, 1212.788330078125]]"
472,473,IMG_0711,-1.3321555555555555,36.716369444444446,2023,2,Used/,,Self,IMG_0711,[],[]
473,474,IMG_6374,-1.2833333333333332,36.76981111111111,2023,2,Used/,,Self,IMG_6374,[],[]
474,475,IMG_0705,-1.3258777777777777,36.71735833333334,2023,2,Used/,,Self,IMG_0705,[],[]
475,476,IMG_8359,-1.2714638888888887,36.99723611111112,2023,2,Used/,,Self,IMG_8359,[],[]
476,477,IMG_6412,-1.2919833333333333,36.82458888888889,2023,2,Used/,,Self,IMG_6412,"[0.4254404306411743, 0.3136294186115265, 0.28531613945961]","[[2665.104736328125, 2318.7880859375, 3024.0, 2777.865234375], [0.0, 2774.937255859375, 986.3135986328125, 3020.11572265625], [2636.262939453125, 1536.0205078125, 3022.29833984375, 2783.9111328125]]"
477,478,IMG_8417,-1.2777805555555557,37.02990833333333,2023,2,Used/,,Self,IMG_8417,[],[]
478,479,IMG_7724,-1.314175,36.87009722222222,2023,2,Used/,,Self,IMG_7724,[],[]
479,480,IMG_8371,-1.2751194444444445,37.003575,2023,2,Used/,,Self,IMG_8371,[],[]
480,481,IMG_7042,-1.3147722222222222,36.789744444444445,2023,2,Used/,,Self,IMG_7042,[],[]
481,482,IMG_6348,-1.2505055555555555,36.77630277777778,2023,2,Used/,,Self,IMG_6348,[],[]
482,483,IMG_0739,-1.3383805555555557,36.73627777777778,2023,2,Used/,,Self,IMG_0739,[0.3627532422542572],"[[1615.4046630859375, 2015.4658203125, 2126.097900390625, 2199.880859375]]"
483,484,IMG_8365,-1.2733527777777778,37.00028888888889,2023,2,Used/,,Self,IMG_8365,[],[]
484,485,IMG_7056,-1.2998777777777777,36.78816944444444,2023,2,Used/,,Self,IMG_7056,[],[]
485,486,IMG_8403,-1.2773444444444444,37.02518333333333,2023,2,Used/,,Self,IMG_8403,[0.3793190121650696],"[[2822.561279296875, 1661.1044921875, 3528.98583984375, 2049.962646484375]]"
486,487,IMG_7730,-1.314238888888889,36.87070833333333,2023,2,Used/,,Self,IMG_7730,[0.48852095007896423],"[[27.054929733276367, 2263.286865234375, 3128.049560546875, 3024.0]]"
487,488,IMG_8198,-1.3054083333333333,36.93461111111111,2023,2,Used/,,Self,IMG_8198,[],[]
488,489,IMG_7283,-1.2835638888888887,36.806752777777774,2023,2,Used/,,Self,IMG_7283,[],[]
489,490,IMG_6189,-1.2998694444444443,36.82308055555556,2023,2,Used/,,Self,IMG_6189,[],[]
490,491,IMG_7297,-1.2865833333333332,36.8045,2023,2,Used/,,Self,IMG_7297,[],[]
491,492,IMG_6162,-1.328411111111111,36.88341944444444,2023,2,Used/,,Self,IMG_6162,[],[]
492,493,IMG_8629,-1.3003555555555557,36.77294166666667,2023,2,Used/,,Self,IMG_8629,[],[]
493,494,IMG_7268,-1.2794388888888888,36.80694166666667,2023,2,Used/,,Self,IMG_7268,[],[]
494,495,IMG_6176,-1.3303055555555556,36.85617777777778,2023,2,Used/,,Self,IMG_6176,"[0.42932724952697754, 0.2551612854003906]","[[1633.8232421875, 2068.5166015625, 2271.722900390625, 2204.934814453125], [1476.6329345703125, 2070.67578125, 2391.33544921875, 2217.339599609375]]"
495,496,IMG_7240,-1.2784194444444443,36.80319722222222,2023,2,Used/,,Self,IMG_7240,[0.42541348934173584],"[[2490.391845703125, 2827.654541015625, 3685.399169921875, 3020.9130859375]]"
496,497,IMG_8173,-1.3249055555555556,36.898152777777774,2023,2,Used/,,Self,IMG_8173,[],[]
497,498,IMG_8615,-1.2990944444444443,36.7967,2023,2,Used/,,Self,IMG_8615,[],[]
498,499,IMG_7254,-1.2778138888888888,36.80551944444444,2023,2,Used/,,Self,IMG_7254,[],[]
499,500,IMG_8167,-1.328158333333333,36.892925,2023,2,Used/,,Self,IMG_8167,[],[]
500,501,IMG_7491,-1.2490972222222223,36.81923888888889,2023,2,Used/,,Self,IMG_7491,[0.8891572952270508],"[[1.5942260026931763, 1955.45166015625, 4032.0, 3018.69873046875]]"
501,502,IMG_6957,-1.3715583333333334,36.74417222222223,2023,2,Used/,,Self,IMG_6957,[],[]
502,503,IMG_7485,-1.25545,36.83221111111112,2023,2,Used/,,Self,IMG_7485,[0.3668513000011444],"[[1474.7242431640625, 2758.573974609375, 2136.2421875, 3022.395751953125]]"
503,504,IMG_7308,-1.2875527777777778,36.80282222222222,2023,2,Used/,,Self,IMG_7308,[0.4786626100540161],"[[2726.08544921875, 2243.5419921875, 3996.63232421875, 3024.0]]"
504,505,IMG_7334,-1.288075,36.79853611111111,2023,2,Used/,,Self,IMG_7334,[],[]
505,506,IMG_6994,-1.351136111111111,36.76311388888889,2023,2,Used/,,Self,IMG_6994,[],[]
506,507,IMG_6980,-1.3525972222222222,36.75815277777778,2023,2,Used/,,Self,IMG_6980,[],[]
507,508,IMG_7320,-1.2866749999999998,36.79908888888889,2023,2,Used/,,Self,IMG_7320,[],[]
508,509,IMG_7877,-1.3132833333333334,36.87144444444444,2023,2,Used/,,Self,IMG_7877,"[0.6026155352592468, 0.3364759385585785]","[[2442.790771484375, 1693.6463623046875, 3018.3173828125, 2046.9307861328125], [0.0, 58.64067840576172, 2438.586669921875, 2465.4501953125]]"
509,510,IMG_7863,-1.3132222222222223,36.871769444444446,2023,2,Used/,,Self,IMG_7863,"[0.5726470351219177, 0.26308852434158325]","[[76.82123565673828, 1782.49169921875, 4032.0, 3024.0], [221.4605255126953, 2420.06640625, 4032.0, 3024.0]]"
510,511,IMG_7693,-1.3159833333333333,36.86685277777778,2023,2,Used/,,Self,IMG_7693,[],[]
511,512,IMG_0856,-1.3611027777777778,36.76306388888889,2023,2,Used/,,Self,IMG_0856,[],[]
512,513,IMG_7687,-1.3159888888888889,36.86615277777778,2023,2,Used/,,Self,IMG_7687,[],[]
513,514,IMG_6572,-1.2956944444444445,36.79527222222222,2023,2,Used/,,Self,IMG_6572,"[0.4710664451122284, 0.2521074712276459]","[[1985.5302734375, 2397.391357421875, 2820.23681640625, 3022.82080078125], [1183.0537109375, 1568.3978271484375, 1574.7119140625, 1861.706298828125]]"
514,515,IMG_8239,-1.2869583333333332,36.95334722222223,2023,2,Used/,,Self,IMG_8239,[0.6757866740226746],"[[17.041606903076172, 2441.253662109375, 2644.345947265625, 3024.0]]"
515,516,IMG_0665,-1.307227777777778,36.73649722222223,2023,2,Used/,,Self,IMG_0665,[],[]
516,517,IMG_6214,-1.2934444444444444,36.80322777777778,2023,2,Used/,,Self,IMG_6214,[],[]
517,518,IMG_0671,-1.3080055555555556,36.733872222222224,2023,2,Used/,,Self,IMG_0671,[],[]
518,519,IMG_6200,-1.2954055555555557,36.81063055555556,2023,2,Used/,,Self,IMG_6200,[],[]
519,520,IMG_6566,-1.297008333333333,36.79543333333333,2023,2,Used/,,Self,IMG_6566,[],[]
520,521,IMG_7678,-1.3154305555555557,36.86439444444444,2023,2,Used/,,Self,IMG_7678,[],[]
521,522,IMG_8563,-1.279,36.81683611111112,2023,2,Used/,,Self,IMG_8563,[],[]
522,523,IMG_7650,-1.3151222222222223,36.86060555555556,2023,2,Used/,,Self,IMG_7650,[],[]
523,524,IMG_8205,-1.2947694444444444,36.94243611111111,2023,2,Used/,,Self,IMG_8205,"[0.519072949886322, 0.38138583302497864, 0.25040850043296814]","[[1454.7025146484375, 1525.481689453125, 3210.248291015625, 2280.274169921875], [0.0, 1523.3623046875, 1070.5323486328125, 2515.59375], [1066.4515380859375, 1482.4390869140625, 3188.946044921875, 2401.231689453125]]"
524,525,IMG_7136,-1.2953305555555554,36.8022,2023,2,Used/,,Self,IMG_7136,[],[]
525,526,IMG_0659,-1.306413888888889,36.73970277777778,2023,2,Used/,,Self,IMG_0659,[],[]
526,527,IMG_6228,-1.2794222222222222,36.82028055555556,2023,2,Used/,,Self,IMG_6228,[],[]
527,528,IMG_8211,-1.2918444444444444,36.94554444444445,2023,2,Used/,,Self,IMG_8211,[],[]
528,529,IMG_7122,-1.2987583333333332,36.79790555555555,2023,2,Used/,,Self,IMG_7122,[],[]
529,530,IMG_0895,-1.2929888888888887,36.791266666666665,2023,2,Used/,,Self,IMG_0895,[0.6894509196281433],"[[1375.8988037109375, 2753.490478515625, 1944.2694091796875, 3022.131103515625]]"
530,531,IMG_7644,-1.3139722222222223,36.85730555555556,2023,2,Used/,,Self,IMG_7644,[],[]
531,532,IMG_0894,-1.2929194444444445,36.79077777777778,2023,2,Used/,,Self,IMG_0894,[],[]
532,533,IMG_7123,-1.2986027777777776,36.79879722222222,2023,2,Used/,,Self,IMG_7123,[],[]
533,534,IMG_8210,-1.29235,36.944805555555554,2023,2,Used/,,Self,IMG_8210,[],[]
534,535,IMG_7645,-1.3144083333333334,36.85858888888889,2023,2,Used/,,Self,IMG_7645,[],[]
535,536,IMG_7651,-1.3156527777777778,36.86133888888889,2023,2,Used/,,Self,IMG_7651,[],[]
536,537,IMG_8562,-1.2793777777777775,36.81770555555556,2023,2,Used/,,Self,IMG_8562,[0.5818778872489929],"[[2680.961669921875, 850.93359375, 3364.42626953125, 1522.7923583984375]]"
537,538,IMG_6229,-1.279311111111111,36.82044722222223,2023,2,Used/,,Self,IMG_6229,[],[]
538,539,IMG_0880,-1.2993,36.79533055555555,2023,2,Used/,,Self,IMG_0880,[],[]
539,540,IMG_0658,-1.3063083333333334,36.74018888888889,2023,2,Used/,,Self,IMG_0658,[0.38575536012649536],"[[2740.423828125, 1412.087158203125, 3628.48291015625, 1776.0302734375]]"
540,541,IMG_7137,-1.2953055555555557,36.80214444444445,2023,2,Used/,,Self,IMG_7137,[0.5748470425605774],"[[2408.1279296875, 2319.888671875, 3536.05322265625, 3019.430908203125]]"
541,542,IMG_8204,-1.2955777777777775,36.94183611111111,2023,2,Used/,,Self,IMG_8204,"[0.5975604057312012, 0.27275192737579346]","[[2.5732176303863525, 1274.1385498046875, 2331.63818359375, 2270.927001953125], [38.147605895996094, 1227.4337158203125, 4021.956787109375, 2666.078369140625]]"
542,543,IMG_6201,-1.295411111111111,36.81027777777778,2023,2,Used/,,Self,IMG_6201,[],[]
543,544,IMG_0670,-1.3078555555555555,36.734325,2023,2,Used/,,Self,IMG_0670,[],[]
544,545,IMG_7679,-1.3154222222222225,36.86441111111111,2023,2,Used/,,Self,IMG_7679,"[0.7344730496406555, 0.4084721505641937]","[[752.1181640625, 1651.4412841796875, 1457.5301513671875, 1991.4044189453125], [2.574491500854492, 1897.4097900390625, 234.59664916992188, 2846.47119140625]]"
545,546,IMG_6567,-1.2967722222222222,36.79543611111111,2023,2,Used/,,Self,IMG_6567,[0.36478152871131897],"[[956.7911376953125, 1410.053466796875, 2483.64013671875, 1586.91259765625]]"
546,547,IMG_6573,-1.2953777777777775,36.795252777777776,2023,2,Used/,,Self,IMG_6573,[],[]
547,548,IMG_6215,-1.2931444444444444,36.80376944444444,2023,2,Used/,,Self,IMG_6215,[0.8319196701049805],"[[452.23724365234375, 1936.964599609375, 1957.4405517578125, 2644.533203125]]"
548,549,IMG_0664,-1.3070416666666669,36.73713333333333,2023,2,Used/,,Self,IMG_0664,[],[]
549,550,IMG_8238,-1.287122222222222,36.95308333333334,2023,2,Used/,,Self,IMG_8238,[0.34672272205352783],"[[1213.3809814453125, 2540.15771484375, 1883.84375, 3017.83642578125]]"
550,551,IMG_0857,-1.3591000000000002,36.762591666666665,2023,2,Used/,,Self,IMG_0857,[],[]
551,552,IMG_7686,-1.3159805555555557,36.865994444444446,2023,2,Used/,,Self,IMG_7686,[],[]
552,553,IMG_7692,-1.3159722222222223,36.866702777777775,2023,2,Used/,,Self,IMG_7692,[0.34776222705841064],"[[891.595703125, 1706.182861328125, 2785.168212890625, 2304.970947265625]]"
553,554,IMG_7862,-1.3132805555555556,36.87183888888889,2023,2,Used/,,Self,IMG_7862,[],[]
554,555,IMG_7876,-1.313227777777778,36.87170277777778,2023,2,Used/,,Self,IMG_7876,[0.42750826478004456],"[[656.5584716796875, 2333.7998046875, 3647.93896484375, 3019.571044921875]]"
555,556,IMG_6981,-1.3525694444444445,36.7583,2023,2,Used/,,Self,IMG_6981,[],[]
556,557,IMG_7321,-1.2866749999999998,36.79908888888889,2023,2,Used/,,Self,IMG_7321,[],[]
557,558,IMG_7335,-1.2881805555555554,36.79850833333333,2023,2,Used/,,Self,IMG_7335,[],[]
558,559,IMG_6995,-1.3491777777777778,36.76436944444445,2023,2,Used/,,Self,IMG_6995,[0.346640408039093],"[[1538.06494140625, 1744.8697509765625, 2237.93017578125, 2030.57958984375]]"
559,560,IMG_7309,-1.2874805555555555,36.80253055555556,2023,2,Used/,,Self,IMG_7309,[],[]
560,561,IMG_7484,-1.2555222222222222,36.83230555555556,2023,2,Used/,,Self,IMG_7484,[0.3238165080547333],"[[0.0, 1.439744472503662, 1791.1466064453125, 1029.165283203125]]"
561,562,IMG_6956,-1.374577777777778,36.74443888888889,2023,2,Used/,,Self,IMG_6956,[0.3510042428970337],"[[1735.4007568359375, 10.301594734191895, 2091.789794921875, 312.2131652832031]]"
562,563,IMG_7490,-1.2491583333333334,36.81953611111111,2023,2,Used/,,Self,IMG_7490,[0.6325914263725281],"[[1.783218264579773, 1903.6065673828125, 1791.8548583984375, 3012.494873046875]]"
563,564,IMG_8166,-1.3286694444444445,36.89218611111111,2023,2,Used/,,Self,IMG_8166,[],[]
564,565,IMG_7255,-1.2777555555555555,36.8056,2023,2,Used/,,Self,IMG_7255,[],[]
565,566,IMG_8172,-1.326011111111111,36.89631944444445,2023,2,Used/,,Self,IMG_8172,[],[]
566,567,IMG_7241,-1.278836111111111,36.80376111111111,2023,2,Used/,,Self,IMG_7241,[0.29403993487358093],"[[0.0, 22.66254234313965, 339.25433349609375, 1117.394775390625]]"
567,568,IMG_8614,-1.299061111111111,36.79688333333333,2023,2,Used/,,Self,IMG_8614,[],[]
568,569,IMG_6177,-1.33025,36.85600277777778,2023,2,Used/,,Self,IMG_6177,"[0.3111659586429596, 0.2762312591075897]","[[1033.1900634765625, 2128.947998046875, 2755.980712890625, 2350.771484375], [1046.1007080078125, 2156.954345703125, 2403.587646484375, 2366.78076171875]]"
569,570,IMG_7269,-1.2795138888888888,36.807,2023,2,Used/,,Self,IMG_7269,[],[]
570,571,IMG_6163,-1.328461111111111,36.88377222222222,2023,2,Used/,,Self,IMG_6163,[],[]
571,572,IMG_8628,-1.3003333333333331,36.77374722222222,2023,2,Used/,,Self,IMG_8628,[],[]
572,573,IMG_7296,-1.286611111111111,36.80455833333333,2023,2,Used/,,Self,IMG_7296,[],[]
573,574,IMG_6188,-1.2998777777777777,36.82350555555556,2023,2,Used/,,Self,IMG_6188,[],[]
574,575,IMG_7282,-1.2833888888888887,36.806869444444445,2023,2,Used/,,Self,IMG_7282,[],[]
575,576,IMG_8199,-1.303663888888889,36.935897222222216,2023,2,Used/,,Self,IMG_8199,[],[]
576,577,IMG_7057,-1.2998444444444444,36.788177777777776,2023,2,Used/,,Self,IMG_7057,"[0.3984665274620056, 0.2765180170536041]","[[0.0, 1417.8111572265625, 1236.9267578125, 1982.94775390625], [0.0, 1422.12451171875, 1247.380859375, 2274.20947265625]]"
577,578,IMG_8364,-1.2729888888888887,36.99970277777778,2023,2,Used/,,Self,IMG_8364,[],[]
578,579,IMG_0738,-1.3380472222222222,36.73373333333333,2023,2,Used/,,Self,IMG_0738,[],[]
579,580,IMG_6349,-1.2506638888888888,36.77627222222222,2023,2,Used/,,Self,IMG_6349,[],[]
580,581,IMG_7731,-1.3142444444444443,36.87076111111112,2023,2,Used/,,Self,IMG_7731,[0.489016592502594],"[[447.1073303222656, 2506.15625, 2111.98486328125, 3022.622802734375]]"
581,582,IMG_8402,-1.2773333333333332,37.02509166666667,2023,2,Used/,,Self,IMG_8402,[],[]
582,583,IMG_7725,-1.3141805555555557,36.870175,2023,2,Used/,,Self,IMG_7725,[],[]
583,584,IMG_8416,-1.2777444444444443,37.02955277777777,2023,2,Used/,,Self,IMG_8416,"[0.4266805648803711, 0.29654979705810547]","[[325.5770263671875, 1986.29443359375, 2179.99755859375, 2283.4765625], [3246.908447265625, 2676.2978515625, 4027.798583984375, 3018.595703125]]"
584,585,IMG_7043,-1.3147027777777778,36.78980555555555,2023,2,Used/,,Self,IMG_7043,[],[]
585,586,IMG_8370,-1.274636111111111,37.00245,2023,2,Used/,,Self,IMG_8370,[],[]
586,587,IMG_8358,-1.2712138888888889,36.99684722222222,2023,2,Used/,,Self,IMG_8358,[],[]
587,588,IMG_0704,-1.3247805555555556,36.717525,2023,2,Used/,,Self,IMG_0704,[],[]
588,589,IMG_6375,-1.284572222222222,36.76999444444444,2023,2,Used/,,Self,IMG_6375,[],[]
589,590,IMG_6413,-1.2919833333333333,36.82458888888889,2023,2,Used/,,Self,IMG_6413,[0.5218269228935242],"[[2676.167236328125, 2356.389892578125, 3024.0, 2811.81787109375]]"
590,591,IMG_7719,-1.314125,36.86969444444445,2023,2,Used/,,Self,IMG_7719,[],[]
591,592,IMG_0710,-1.331736111111111,36.71645277777778,2023,2,Used/,,Self,IMG_0710,[],[]
592,593,IMG_6361,-1.2738194444444444,36.76772777777778,2023,2,Used/,,Self,IMG_6361,[],[]
593,594,IMG_0923,-1.2947499999999998,36.798563888888886,2023,2,Used/,,Self,IMG_0923,[],[]
594,595,IMG_7094,-1.2993472222222222,36.79278055555555,2023,2,Used/,,Self,IMG_7094,[],[]
595,596,IMG_7080,-1.2995027777777777,36.790394444444445,2023,2,Used/,,Self,IMG_7080,[],[]
596,597,IMG_8399,-1.2772277777777776,37.023872222222224,2023,2,Used/,,Self,IMG_8399,[],[]
597,598,IMG_0909,-1.2938138888888888,36.79479166666666,2023,2,Used/,,Self,IMG_0909,[],[]
598,599,IMG_7096,-1.299336111111111,36.79309722222222,2023,2,Used/,,Self,IMG_7096,[],[]
599,600,IMG_6388,-1.295136111111111,36.787619444444445,2023,2,Used/,,Self,IMG_6388,[],[]
600,601,IMG_0921,-1.294622222222222,36.79808055555555,2023,2,Used/,,Self,IMG_0921,[],[]
601,602,IMG_7082,-1.2994944444444445,36.79055833333333,2023,2,Used/,,Self,IMG_7082,[],[]
602,603,IMG_6411,-1.2918138888888888,36.82467777777778,2023,2,Used/,,Self,IMG_6411,[0.757646381855011],"[[2611.78515625, 2175.573974609375, 3024.0, 2642.31005859375]]"
603,604,IMG_6377,-1.2925972222222222,36.77473888888889,2023,2,Used/,,Self,IMG_6377,[],[]
604,605,IMG_0706,-1.326875,36.71722222222223,2023,2,Used/,,Self,IMG_0706,[],[]
605,606,IMG_7069,-1.299561111111111,36.78894444444444,2023,2,Used/,,Self,IMG_7069,[],[]
606,607,IMG_6363,-1.2771055555555555,36.765005555555554,2023,2,Used/,,Self,IMG_6363,[0.3512051999568939],"[[0.0, 19.01083755493164, 286.0991516113281, 1171.13134765625]]"
607,608,IMG_0712,-1.3325805555555554,36.71631111111111,2023,2,Used/,,Self,IMG_0712,[],[]
608,609,IMG_8428,-1.2785444444444445,37.038130555555554,2023,2,Used/,,Self,IMG_8428,"[0.48603036999702454, 0.4089099168777466]","[[2498.7646484375, 1944.0355224609375, 3114.35498046875, 2370.045654296875], [3471.269775390625, 1867.0201416015625, 4029.40283203125, 2346.538330078125]]"
609,610,IMG_7733,-1.3142944444444444,36.871027777777776,2023,2,Used/,,Self,IMG_7733,[0.6745941638946533],"[[3026.75732421875, 1920.2498779296875, 3571.111328125, 2313.198486328125]]"
610,611,IMG_8400,-1.277272222222222,37.02443611111111,2023,2,Used/,,Self,IMG_8400,[0.2832292914390564],"[[1814.359130859375, 1436.2227783203125, 2442.3310546875, 1857.2152099609375]]"
611,612,IMG_7055,-1.3001361111111112,36.78818055555556,2023,2,Used/,,Self,IMG_7055,[],[]
612,613,IMG_8366,-1.2735527777777778,37.00063611111111,2023,2,Used/,,Self,IMG_8366,[],[]
613,614,IMG_7041,-1.3148472222222225,36.78968888888889,2023,2,Used/,,Self,IMG_7041,[],[]
614,615,IMG_8372,-1.2753138888888889,37.00423888888889,2023,2,Used/,,Self,IMG_8372,[0.38303348422050476],"[[1220.7216796875, 917.9563598632812, 1955.4677734375, 1313.745849609375]]"
615,616,IMG_7727,-1.3141944444444444,36.87038055555556,2023,2,Used/,,Self,IMG_7727,[],[]
616,617,IMG_8414,-1.2777027777777776,37.02914166666667,2023,2,Used/,,Self,IMG_8414,[0.7135441899299622],"[[1976.234619140625, 2235.8349609375, 2686.466064453125, 2490.55908203125]]"
617,618,IMG_6439,-1.3159222222222222,36.78994444444445,2023,2,Used/,,Self,IMG_6439,"[0.5990474820137024, 0.5509659051895142, 0.5352405309677124, 0.4512956738471985, 0.4207897186279297, 0.40461379289627075]","[[3.905103921890259, 0.0, 1537.59814453125, 431.8222351074219], [2686.626953125, 2319.458984375, 3092.159423828125, 2582.83154296875], [2523.8955078125, 1474.83203125, 3190.1103515625, 1868.1783447265625], [1.684300184249878, 2070.37548828125, 346.692626953125, 2895.711181640625], [2666.065185546875, 2409.4072265625, 3087.302734375, 2588.3388671875], [2.896792411804199, 0.0, 1531.3223876953125, 689.6286010742188]]"
618,619,IMG_7294,-1.2865777777777776,36.80467222222222,2023,2,Used/,,Self,IMG_7294,[0.5245452523231506],"[[626.82666015625, 1898.951904296875, 1524.6470947265625, 2246.282470703125]]"
619,620,IMG_7280,-1.2829722222222222,36.80708055555555,2023,2,Used/,,Self,IMG_7280,[0.4617079794406891],"[[0.0, 1870.4825439453125, 972.3968505859375, 2687.694091796875]]"
620,621,IMG_8158,-1.329872222222222,36.88638888888889,2023,2,Used/,,Self,IMG_8158,[0.5669945478439331],"[[0.0, 2354.791015625, 1261.86181640625, 2581.07958984375]]"
621,622,IMG_6175,-1.330477777777778,36.85650277777778,2023,2,Used/,,Self,IMG_6175,[],[]
622,623,IMG_7519,-1.2357166666666668,36.81168611111111,2023,2,Used/,,Self,IMG_7519,[],[]
623,624,IMG_6161,-1.3283694444444445,36.88245277777778,2023,2,Used/,,Self,IMG_6161,[],[]
624,625,IMG_8164,-1.3297388888888888,36.89062222222222,2023,2,Used/,,Self,IMG_8164,"[0.5023006200790405, 0.3868347108364105, 0.31255725026130676, 0.29692256450653076]","[[417.5412902832031, 2043.87158203125, 1072.5670166015625, 2383.572509765625], [417.2021484375, 2052.675537109375, 841.169921875, 2376.97705078125], [424.826416015625, 2107.89794921875, 753.0416259765625, 2390.380615234375], [798.0076293945312, 2083.8837890625, 1102.06103515625, 2325.927734375]]"
625,626,IMG_7257,-1.277575,36.80584722222222,2023,2,Used/,,Self,IMG_7257,[],[]
626,627,IMG_6149,-1.329536111111111,36.87340555555556,2023,2,Used/,,Self,IMG_6149,[],[]
627,628,IMG_8616,-1.2994499999999998,36.79399166666666,2023,2,Used/,,Self,IMG_8616,[],[]
628,629,IMG_8170,-1.3265833333333332,36.89538055555556,2023,2,Used/,,Self,IMG_8170,[],[]
629,630,IMG_7243,-1.2787638888888888,36.803925,2023,2,Used/,,Self,IMG_7243,[],[]
630,631,IMG_6968,-1.357138888888889,36.74661388888889,2023,2,Used/,,Self,IMG_6968,[],[]
631,632,IMG_7486,-1.2517722222222225,36.82479722222222,2023,2,Used/,,Self,IMG_7486,[],[]
632,633,IMG_7492,-1.2490444444444444,36.81903611111112,2023,2,Used/,,Self,IMG_7492,"[0.6111193299293518, 0.2594377398490906]","[[2991.65380859375, 1707.002685546875, 4026.021240234375, 2380.282958984375], [0.0, 1813.4371337890625, 444.9173889160156, 3021.260498046875]]"
633,634,IMG_6954,-1.3748638888888889,36.74453055555556,2023,2,Used/,,Self,IMG_6954,[],[]
634,635,IMG_7479,-1.2565694444444444,36.8335,2023,2,Used/,,Self,IMG_7479,[],[]
635,636,IMG_8038,-1.2970944444444443,36.79797222222222,2023,2,Used/,,Self,IMG_8038,[0.4760207533836365],"[[809.8759155273438, 2400.55322265625, 4029.76806640625, 3024.0]]"
636,637,IMG_7323,-1.2866833333333332,36.79893611111111,2023,2,Used/,,Self,IMG_7323,[],[]
637,638,IMG_6983,-1.352538888888889,36.75856111111111,2023,2,Used/,,Self,IMG_6983,"[0.5284307599067688, 0.44671350717544556]","[[1386.1556396484375, 1437.099609375, 2023.6060791015625, 1849.0616455078125], [3493.420166015625, 0.7905280590057373, 4030.73583984375, 785.2971801757812]]"
638,639,IMG_6997,-1.3488888888888888,36.76459722222222,2023,2,Used/,,Self,IMG_6997,[],[]
639,640,IMG_7337,-1.2885138888888887,36.79841666666667,2023,2,Used/,,Self,IMG_7337,[],[]
640,641,IMG_7860,-1.3134,36.87139722222222,2023,2,Used/,,Self,IMG_7860,[],[]
641,642,IMG_0869,-1.3136611111111112,36.81527222222222,2023,2,Used/,,Self,IMG_0869,[0.4117197096347809],"[[1725.779296875, 2323.7431640625, 3856.462646484375, 3021.12060546875]]"
642,643,IMG_7874,-1.3132222222222223,36.871697222222224,2023,2,Used/,,Self,IMG_7874,[],[]
643,644,IMG_7684,-1.3159972222222225,36.86577777777778,2023,2,Used/,,Self,IMG_7684,"[0.3864562213420868, 0.2877408266067505]","[[591.5471801757812, 2077.4755859375, 1056.1072998046875, 2593.691162109375], [549.5803833007812, 1527.33642578125, 932.8550415039062, 1801.080322265625]]"
644,645,IMG_0855,-1.362513888888889,36.764325,2023,2,Used/,,Self,IMG_0855,[0.26431941986083984],"[[3565.377197265625, 2371.669921875, 4032.0, 2973.3037109375]]"
645,646,IMG_0699,-1.3203305555555556,36.7182,2023,2,Used/,,Self,IMG_0699,[],[]
646,647,IMG_7690,-1.315975,36.86654722222222,2023,2,Used/,,Self,IMG_7690,[0.5748754739761353],"[[497.6113586425781, 2053.510009765625, 1081.2657470703125, 2401.20654296875]]"
647,648,IMG_7848,-1.3127972222222222,36.871075,2023,2,Used/,,Self,IMG_7848,[],[]
648,649,IMG_6565,-1.2971638888888888,36.795363888888886,2023,2,Used/,,Self,IMG_6565,[0.30091166496276855],"[[1668.769287109375, 2367.83349609375, 2952.51123046875, 3024.0]]"
649,650,IMG_0672,-1.3081055555555556,36.73356111111112,2023,2,Used/,,Self,IMG_0672,[],[]
650,651,IMG_7109,-1.299247222222222,36.79559722222222,2023,2,Used/,,Self,IMG_7109,[],[]
651,652,IMG_0666,-1.3073611111111112,36.73605,2023,2,Used/,,Self,IMG_0666,[0.29979783296585083],"[[1141.05517578125, 1614.57568359375, 1766.11669921875, 1907.3341064453125]]"
652,653,IMG_6217,-1.282936111111111,36.81553611111111,2023,2,Used/,,Self,IMG_6217,[0.584004282951355],"[[2119.689208984375, 1004.4984741210938, 2736.2998046875, 1424.521728515625]]"
653,654,IMG_6571,-1.295811111111111,36.79530277777778,2023,2,Used/,,Self,IMG_6571,"[0.37013038992881775, 0.2902459502220154]","[[1129.9605712890625, 1989.9112548828125, 3584.8466796875, 3018.12939453125], [1440.4193115234375, 1845.936279296875, 1824.8758544921875, 1954.199462890625]]"
654,655,IMG_6559,-1.2978027777777776,36.79248888888889,2023,2,Used/,,Self,IMG_6559,[0.3135748505592346],"[[1508.0250244140625, 837.6565551757812, 2607.826416015625, 1678.9925537109375]]"
655,656,IMG_7647,-1.314852777777778,36.85962222222222,2023,2,Used/,,Self,IMG_7647,[],[]
656,657,IMG_7121,-1.2987694444444444,36.79783055555556,2023,2,Used/,,Self,IMG_7121,[],[]
657,658,IMG_8212,-1.291275,36.94641388888888,2023,2,Used/,,Self,IMG_8212,"[0.711370587348938, 0.27568429708480835]","[[3018.47998046875, 2157.48486328125, 4024.85888671875, 2358.886474609375], [1672.5247802734375, 2125.927978515625, 2851.6455078125, 2340.8466796875]]"
658,659,IMG_0896,-1.2929388888888889,36.79098055555556,2023,2,Used/,,Self,IMG_0896,[],[]
659,660,IMG_7135,-1.2953527777777776,36.80226388888889,2023,2,Used/,,Self,IMG_7135,[],[]
660,661,IMG_8206,-1.29395,36.943102777777774,2023,2,Used/,,Self,IMG_8206,[],[]
661,662,IMG_7653,-1.3159527777777775,36.86167777777778,2023,2,Used/,,Self,IMG_7653,[0.3725430965423584],"[[35.96890640258789, 1713.9229736328125, 3669.983642578125, 3015.23974609375]]"
662,663,IMG_8560,-1.2802972222222222,36.81769444444445,2023,2,Used/,,Self,IMG_8560,"[0.6673725247383118, 0.5919105410575867]","[[0.0, 1909.7037353515625, 897.1156005859375, 2313.18798828125], [3312.568603515625, 1868.7109375, 3978.406005859375, 2240.560791015625]]"
663,664,IMG_8207,-1.2932027777777777,36.94381111111111,2023,2,Used/,,Self,IMG_8207,[],[]
664,665,IMG_7134,-1.2959277777777776,36.80243888888889,2023,2,Used/,,Self,IMG_7134,[],[]
665,666,IMG_8561,-1.280161111111111,36.81793611111112,2023,2,Used/,,Self,IMG_8561,[0.3578360378742218],"[[911.7113647460938, 1496.3118896484375, 1282.716064453125, 1943.4329833984375]]"
666,667,IMG_7652,-1.3156944444444445,36.86139444444444,2023,2,Used/,,Self,IMG_7652,[],[]
667,668,IMG_7646,-1.3144555555555557,36.85874444444445,2023,2,Used/,,Self,IMG_7646,[],[]
668,669,IMG_6558,-1.2977638888888887,36.792072222222224,2023,2,Used/,,Self,IMG_6558,[0.295578271150589],"[[1019.4577026367188, 256.506103515625, 2046.1051025390625, 749.53076171875]]"
669,670,IMG_0897,-1.2930527777777776,36.79131388888889,2023,2,Used/,,Self,IMG_0897,[],[]
670,671,IMG_8213,-1.291161111111111,36.946575,2023,2,Used/,,Self,IMG_8213,[0.2508649230003357],"[[3346.2626953125, 2214.5556640625, 3693.0810546875, 2344.031005859375]]"
671,672,IMG_7120,-1.2987916666666666,36.797777777777775,2023,2,Used/,,Self,IMG_7120,[],[]
672,673,IMG_6216,-1.2830055555555555,36.81555555555556,2023,2,Used/,,Self,IMG_6216,[],[]
673,674,IMG_0667,-1.3074722222222224,36.735619444444445,2023,2,Used/,,Self,IMG_0667,[],[]
674,675,IMG_7108,-1.2992722222222222,36.79543333333333,2023,2,Used/,,Self,IMG_7108,"[0.5197360515594482, 0.4760855436325073]","[[0.0, 1671.686279296875, 548.0770263671875, 2207.8662109375], [804.7061767578125, 1658.37744140625, 1840.919921875, 2128.222412109375]]"
675,676,IMG_6570,-1.2960027777777776,36.79530277777778,2023,2,Used/,,Self,IMG_6570,[],[]
676,677,IMG_6564,-1.297113888888889,36.79537222222222,2023,2,Used/,,Self,IMG_6564,[],[]
677,678,IMG_6202,-1.2954138888888889,36.81016111111111,2023,2,Used/,,Self,IMG_6202,[],[]
678,679,IMG_0673,-1.308263888888889,36.73308055555556,2023,2,Used/,,Self,IMG_0673,[],[]
679,680,IMG_0698,-1.3197194444444444,36.71828888888889,2023,2,Used/,,Self,IMG_0698,[],[]
680,681,IMG_7849,-1.313008333333333,36.87141388888889,2023,2,Used/,,Self,IMG_7849,"[0.49342837929725647, 0.2886188328266144]","[[1543.84326171875, 1602.3919677734375, 4020.597900390625, 3024.0], [87.36203002929688, 2721.318359375, 879.8941040039062, 3020.496826171875]]"
681,682,IMG_7691,-1.3159666666666667,36.86661111111111,2023,2,Used/,,Self,IMG_7691,[0.3271819055080414],"[[2266.604736328125, 1536.1568603515625, 3593.9228515625, 2849.8388671875]]"
682,683,IMG_7685,-1.3159805555555557,36.865994444444446,2023,2,Used/,,Self,IMG_7685,[],[]
683,684,IMG_0854,-1.3639750000000002,36.76562222222222,2023,2,Used/,,Self,IMG_0854,[],[]
684,685,IMG_7875,-1.313227777777778,36.87170277777778,2023,2,Used/,,Self,IMG_7875,[0.4916139841079712],"[[345.8678283691406, 2150.266357421875, 3497.287353515625, 3018.897705078125]]"
685,686,IMG_7861,-1.3133555555555556,36.87147777777778,2023,2,Used/,,Self,IMG_7861,[],[]
686,687,IMG_0868,-1.3146083333333334,36.814813888888885,2023,2,Used/,,Self,IMG_0868,[0.42725515365600586],"[[353.3421630859375, 0.0, 4024.931640625, 1785.4169921875]]"
687,688,IMG_6996,-1.348961111111111,36.76459166666667,2023,2,Used/,,Self,IMG_6996,[],[]
688,689,IMG_7336,-1.2884027777777776,36.79844722222222,2023,2,Used/,,Self,IMG_7336,[],[]
689,690,IMG_7322,-1.2866694444444444,36.79898611111111,2023,2,Used/,,Self,IMG_7322,[],[]
690,691,IMG_6982,-1.352561111111111,36.75839166666667,2023,2,Used/,,Self,IMG_6982,[0.4051995575428009],"[[767.7036743164062, 313.9227600097656, 3960.921142578125, 2279.758544921875]]"
691,692,IMG_8039,-1.2972444444444444,36.79806111111111,2023,2,Used/,,Self,IMG_8039,[],[]
692,693,IMG_7478,-1.2578722222222225,36.833958333333335,2023,2,Used/,,Self,IMG_7478,[],[]
693,694,IMG_6955,-1.3746277777777778,36.74445,2023,2,Used/,,Self,IMG_6955,[0.517008364200592],"[[2283.44580078125, 2305.218994140625, 2926.480224609375, 2658.340576171875]]"
694,695,IMG_7493,-1.2486416666666666,36.81710555555556,2023,2,Used/,,Self,IMG_7493,[0.8203279376029968],"[[250.4811248779297, 1710.66259765625, 4019.022216796875, 3000.83349609375]]"
695,696,IMG_7487,-1.2516944444444444,36.82463611111111,2023,2,Used/,,Self,IMG_7487,[],[]
696,697,IMG_6969,-1.3568833333333334,36.74666944444444,2023,2,Used/,,Self,IMG_6969,[0.4085323214530945],"[[0.0, 2307.96240234375, 2395.844482421875, 3016.72021484375]]"
697,698,IMG_8617,-1.2994805555555555,36.79192777777778,2023,2,Used/,,Self,IMG_8617,[],[]
698,699,IMG_7242,-1.2788472222222222,36.80386111111111,2023,2,Used/,,Self,IMG_7242,[],[]
699,700,IMG_8171,-1.3260944444444445,36.89618611111111,2023,2,Used/,,Self,IMG_8171,[0.5598841309547424],"[[0.0, 2501.64892578125, 410.24365234375, 2907.567138671875]]"
700,701,IMG_7256,-1.2776527777777775,36.80572222222222,2023,2,Used/,,Self,IMG_7256,"[0.5742298364639282, 0.345142662525177]","[[1300.53466796875, 2534.805419921875, 3351.76953125, 3022.896240234375], [0.0, 2561.41748046875, 3325.0068359375, 3024.0]]"
701,702,IMG_8165,-1.3289888888888888,36.89169444444445,2023,2,Used/,,Self,IMG_8165,[],[]
702,703,IMG_7518,-1.2358416666666667,36.81162222222222,2023,2,Used/,,Self,IMG_7518,[],[]
703,704,IMG_6160,-1.3283694444444445,36.88218611111111,2023,2,Used/,,Self,IMG_6160,[],[]
704,705,IMG_6174,-1.3306222222222222,36.85681111111112,2023,2,Used/,,Self,IMG_6174,[],[]
705,706,IMG_8159,-1.3303361111111112,36.88714722222223,2023,2,Used/,,Self,IMG_8159,[],[]
706,707,IMG_7281,-1.2830805555555556,36.80703333333333,2023,2,Used/,,Self,IMG_7281,[0.28551745414733887],"[[0.0, 2832.80419921875, 342.33453369140625, 3024.0]]"
707,708,IMG_7295,-1.2866027777777778,36.804605555555554,2023,2,Used/,,Self,IMG_7295,[],[]
708,709,IMG_8373,-1.27545,37.00501388888889,2023,2,Used/,,Self,IMG_8373,[],[]
709,710,IMG_7040,-1.3149194444444443,36.78963888888889,2023,2,Used/,,Self,IMG_7040,[],[]
710,711,IMG_6438,-1.3155722222222224,36.78991388888889,2023,2,Used/,,Self,IMG_6438,[],[]
711,712,IMG_8415,-1.2777222222222222,37.02933055555555,2023,2,Used/,,Self,IMG_8415,"[0.4487086534500122, 0.3325830399990082, 0.2825606167316437]","[[0.0, 2501.986572265625, 2638.9912109375, 2877.745849609375], [533.693115234375, 2355.86474609375, 4028.549072265625, 3024.0], [2609.193359375, 2522.092529296875, 4032.0, 3024.0]]"
712,713,IMG_7726,-1.3141888888888889,36.87025555555556,2023,2,Used/,,Self,IMG_7726,[],[]
713,714,IMG_8401,-1.277297222222222,37.024769444444445,2023,2,Used/,,Self,IMG_8401,[0.6645467877388],"[[1.0430145263671875, 2362.759765625, 2241.640869140625, 3024.0]]"
714,715,IMG_7732,-1.314286111111111,36.87094722222222,2023,2,Used/,,Self,IMG_7732,[0.42174866795539856],"[[0.6677215099334717, 2370.886962890625, 1541.4371337890625, 3024.0]]"
715,716,IMG_8367,-1.2737944444444445,37.00103333333333,2023,2,Used/,,Self,IMG_8367,[0.6025606393814087],"[[0.0, 2246.456787109375, 363.3702392578125, 2394.59326171875]]"
716,717,IMG_7054,-1.3003722222222225,36.78819444444444,2023,2,Used/,,Self,IMG_7054,[0.46433591842651367],"[[2844.552978515625, 1580.1705322265625, 4025.975830078125, 1970.708251953125]]"
717,718,IMG_0713,-1.3330666666666666,36.71636388888889,2023,2,Used/,,Self,IMG_0713,[],[]
718,719,IMG_6362,-1.2736611111111111,36.76748611111111,2023,2,Used/,,Self,IMG_6362,[],[]
719,720,IMG_8429,-1.2786472222222225,37.03908888888888,2023,2,Used/,,Self,IMG_8429,[],[]
720,721,IMG_7068,-1.299583333333333,36.788602777777776,2023,2,Used/,,Self,IMG_7068,[],[]
721,722,IMG_0707,-1.3279888888888889,36.71705277777778,2023,2,Used/,,Self,IMG_0707,[],[]
722,723,IMG_6376,-1.289497222222222,36.77151111111111,2023,2,Used/,,Self,IMG_6376,[0.3257584571838379],"[[3474.7939453125, 2519.594970703125, 4030.317626953125, 3015.995361328125]]"
723,724,IMG_7083,-1.299483333333333,36.79073611111111,2023,2,Used/,,Self,IMG_7083,[],[]
724,725,IMG_0920,-1.294561111111111,36.79786666666666,2023,2,Used/,,Self,IMG_0920,[],[]
725,726,IMG_6389,-1.2963638888888889,36.79445277777778,2023,2,Used/,,Self,IMG_6389,[0.5613434910774231],"[[0.0, 4.6045966148376465, 441.1960754394531, 799.4820556640625]]"
726,727,IMG_7097,-1.2993416666666666,36.79320555555555,2023,2,Used/,,Self,IMG_7097,[0.36132556200027466],"[[2421.3525390625, 2138.83984375, 2966.584716796875, 2234.13134765625]]"
727,728,IMG_0908,-1.293775,36.79453888888889,2023,2,Used/,,Self,IMG_0908,[],[]
728,729,IMG_8398,-1.277188888888889,37.02352777777778,2023,2,Used/,,Self,IMG_8398,[],[]
729,730,IMG_7093,-1.299361111111111,36.792569444444446,2023,2,Used/,,Self,IMG_7093,[],[]
730,731,IMG_0924,-1.2948555555555554,36.79901388888889,2023,2,Used/,,Self,IMG_0924,[],[]
731,732,IMG_7087,-1.299411111111111,36.7915,2023,2,Used/,,Self,IMG_7087,[],[]
732,733,IMG_0918,-1.2944305555555555,36.797352777777775,2023,2,Used/,,Self,IMG_0918,[0.41252774000167847],"[[0.0, 2513.863525390625, 2165.005126953125, 3018.37451171875]]"
733,734,IMG_8388,-1.2764916666666666,37.016,2023,2,Used/,,Self,IMG_8388,[],[]
734,735,IMG_7050,-1.3115527777777778,36.791352777777774,2023,2,Used/,,Self,IMG_7050,[0.28450658917427063],"[[741.1364135742188, 1230.406005859375, 1148.547607421875, 1530.22802734375]]"
735,736,IMG_8363,-1.2725944444444444,36.99906388888889,2023,2,Used/,,Self,IMG_8363,[0.30805736780166626],"[[3042.856689453125, 1649.226806640625, 4032.0, 2157.715576171875]]"
736,737,IMG_7736,-1.314313888888889,36.8712,2023,2,Used/,,Self,IMG_7736,[0.33228635787963867],"[[43.35844802856445, 2385.5185546875, 1073.974609375, 2788.000244140625]]"
737,738,IMG_8405,-1.2774055555555557,37.02569444444444,2023,2,Used/,,Self,IMG_8405,[],[]
738,739,IMG_6428,-1.3169111111111111,36.80070277777777,2023,2,Used/,,Self,IMG_6428,"[0.8522616028785706, 0.7955600619316101, 0.3977631628513336]","[[26.13611602783203, 23.737855911254883, 2405.79443359375, 1255.8294677734375], [1560.166259765625, 1369.8642578125, 3115.55126953125, 2036.498779296875], [2307.696044921875, 2456.884521484375, 2995.815673828125, 3018.700439453125]]"
739,740,IMG_7722,-1.3141194444444444,36.86987222222222,2023,2,Used/,,Self,IMG_7722,[],[]
740,741,IMG_8411,-1.2776416666666666,37.02854166666667,2023,2,Used/,,Self,IMG_8411,[],[]
741,742,IMG_7044,-1.3145472222222223,36.78993611111111,2023,2,Used/,,Self,IMG_7044,[],[]
742,743,IMG_8377,-1.275611111111111,37.0065,2023,2,Used/,,Self,IMG_8377,[],[]
743,744,IMG_6372,-1.2818888888888889,36.769927777777774,2023,2,Used/,,Self,IMG_6372,[0.6189374923706055],"[[135.6605224609375, 2407.60009765625, 2837.484619140625, 3024.0]]"
744,745,IMG_0703,-1.3237777777777775,36.717675,2023,2,Used/,,Self,IMG_0703,[0.286458820104599],"[[1708.5863037109375, 964.0479736328125, 2149.43212890625, 1183.23828125]]"
745,746,IMG_8439,-1.279261111111111,37.04486388888888,2023,2,Used/,,Self,IMG_8439,[],[]
746,747,IMG_6366,-1.277675,36.764472222222224,2023,2,Used/,,Self,IMG_6366,[0.37608602643013],"[[0.6011031866073608, 0.4845931828022003, 701.9653930664062, 779.310791015625]]"
747,748,IMG_7078,-1.299511111111111,36.79005,2023,2,Used/,,Self,IMG_7078,[0.3331252336502075],"[[1270.922607421875, 1742.4970703125, 1563.993408203125, 1842.9217529296875]]"
748,749,IMG_0717,-1.3358305555555554,36.718538888888894,2023,2,Used/,,Self,IMG_0717,[0.25512567162513733],"[[997.13916015625, 977.5161743164062, 1782.1546630859375, 1395.86376953125]]"
749,750,IMG_7291,-1.2858138888888888,36.80490833333333,2023,2,Used/,,Self,IMG_7291,[0.7167656421661377],"[[1755.4493408203125, 1027.794921875, 3016.121337890625, 1650.044921875]]"
750,751,IMG_7285,-1.284311111111111,36.806041666666665,2023,2,Used/,,Self,IMG_7285,[0.5376064777374268],"[[915.1197509765625, 2133.095458984375, 1817.9129638671875, 2316.547607421875]]"
751,752,IMG_8161,-1.3309305555555555,36.88840277777778,2023,2,Used/,,Self,IMG_8161,[],[]
752,753,IMG_7252,-1.2780972222222222,36.805169444444445,2023,2,Used/,,Self,IMG_7252,[],[]
753,754,IMG_8175,-1.3242694444444445,36.89917222222222,2023,2,Used/,,Self,IMG_8175,[0.45791685581207275],"[[22.50719451904297, 2736.80419921875, 3240.99462890625, 3021.6484375]]"
754,755,IMG_7246,-1.2787305555555557,36.80411944444444,2023,2,Used/,,Self,IMG_7246,[],[]
755,756,IMG_6158,-1.3284527777777777,36.88048055555556,2023,2,Used/,,Self,IMG_6158,[],[]
756,757,IMG_8613,-1.2989916666666663,36.79719444444444,2023,2,Used/,,Self,IMG_8613,[],[]
757,758,IMG_7520,-1.2356555555555555,36.811725,2023,2,Used/,,Self,IMG_7520,[0.41361016035079956],"[[0.0, 2600.960693359375, 579.9893188476562, 3024.0]]"
758,759,IMG_7508,-1.240611111111111,36.81309722222222,2023,2,Used/,,Self,IMG_7508,[0.2566712498664856],"[[1399.0067138671875, 262.5087585449219, 3045.11865234375, 2286.6064453125]]"
759,760,IMG_6170,-1.3382277777777778,36.92231388888889,2023,2,Used/,,Self,IMG_6170,[],[]
760,761,IMG_8149,-1.3287305555555555,36.878569444444445,2023,2,Used/,,Self,IMG_8149,[0.26942235231399536],"[[1210.3062744140625, 2217.0458984375, 1654.4749755859375, 2444.531005859375]]"
761,762,IMG_6164,-1.3288777777777778,36.884677777777775,2023,2,Used/,,Self,IMG_6164,[],[]
762,763,IMG_6945,-1.37545,36.74631111111111,2023,2,Used/,,Self,IMG_6945,[],[]
763,764,IMG_7483,-1.2559527777777777,36.83282777777778,2023,2,Used/,,Self,IMG_7483,[],[]
764,765,IMG_6951,-1.374761111111111,36.74541944444445,2023,2,Used/,,Self,IMG_6951,[],[]
765,766,IMG_7497,-1.2481722222222222,36.81628611111111,2023,2,Used/,,Self,IMG_7497,[0.33435893058776855],"[[893.7378540039062, 2562.327392578125, 3983.183349609375, 3022.44384765625]]"
766,767,IMG_6979,-1.352588888888889,36.75788055555556,2023,2,Used/,,Self,IMG_6979,"[0.44290733337402344, 0.2657701075077057]","[[0.0, 2133.600830078125, 2825.02490234375, 3024.0], [0.0, 2125.522705078125, 1971.9085693359375, 3022.819091796875]]"
767,768,IMG_6986,-1.3524555555555555,36.75910277777778,2023,2,Used/,,Self,IMG_6986,[],[]
768,769,IMG_7326,-1.2870027777777775,36.798788888888886,2023,2,Used/,,Self,IMG_7326,[0.4037964642047882],"[[745.2647094726562, 1291.052490234375, 1241.889404296875, 1634.2508544921875]]"
769,770,IMG_7332,-1.2878777777777777,36.79856944444444,2023,2,Used/,,Self,IMG_7332,[],[]
770,771,IMG_6992,-1.3516416666666669,36.76303611111111,2023,2,Used/,,Self,IMG_6992,"[0.40579888224601746, 0.3423220217227936]","[[559.9857177734375, 2609.222412109375, 1526.5386962890625, 3015.514892578125], [596.7212524414062, 4.213177680969238, 1283.4820556640625, 278.9193420410156]]"
771,772,IMG_7454,-1.2775305555555554,36.82118055555556,2023,2,Used/,,Self,IMG_7454,[0.33179885149002075],"[[1640.1129150390625, 496.37213134765625, 2658.935302734375, 1440.28076171875]]"
772,773,IMG_8029,-1.2975944444444445,36.79583611111111,2023,2,Used/,,Self,IMG_8029,[],[]
773,774,IMG_7468,-1.2629416666666666,36.83891666666667,2023,2,Used/,,Self,IMG_7468,[],[]
774,775,IMG_0850,-1.3715222222222223,36.768252777777775,2023,2,Used/,,Self,IMG_0850,[],[]
775,776,IMG_0688,-1.3133416666666666,36.72196944444445,2023,2,Used/,,Self,IMG_0688,[],[]
776,777,IMG_7681,-1.3159583333333331,36.86526944444444,2023,2,Used/,,Self,IMG_7681,[],[]
777,778,IMG_7859,-1.313363888888889,36.87143055555556,2023,2,Used/,,Self,IMG_7859,[],[]
778,779,IMG_7695,-1.3160416666666668,36.86736388888889,2023,2,Used/,,Self,IMG_7695,[],[]
779,780,IMG_7871,-1.3132388888888888,36.87166111111111,2023,2,Used/,,Self,IMG_7871,[0.32004907727241516],"[[2236.984375, 2281.82470703125, 3818.486572265625, 2515.580322265625]]"
780,781,IMG_0878,-1.2991444444444444,36.79691666666667,2023,2,Used/,,Self,IMG_0878,[],[]
781,782,IMG_7124,-1.298411111111111,36.79974444444444,2023,2,Used/,,Self,IMG_7124,[],[]
782,783,IMG_8217,-1.290561111111111,36.94719444444444,2023,2,Used/,,Self,IMG_8217,[],[]
783,784,IMG_0893,-1.2927416666666665,36.78996388888888,2023,2,Used/,,Self,IMG_0893,[],[]
784,785,IMG_7642,-1.3136277777777778,36.85638055555556,2023,2,Used/,,Self,IMG_7642,[],[]
785,786,IMG_6548,-1.2979222222222222,36.78876944444444,2023,2,Used/,,Self,IMG_6548,[],[]
786,787,IMG_7656,-1.3161694444444445,36.86193888888889,2023,2,Used/,,Self,IMG_7656,[],[]
787,788,IMG_7130,-1.2967499999999998,36.80258055555555,2023,2,Used/,,Self,IMG_7130,[],[]
788,789,IMG_8203,-1.2967527777777776,36.94098333333333,2023,2,Used/,,Self,IMG_8203,[],[]
789,790,IMG_0677,-1.3082694444444445,36.730941666666666,2023,2,Used/,,Self,IMG_0677,[],[]
790,791,IMG_7118,-1.298936111111111,36.797241666666665,2023,2,Used/,,Self,IMG_7118,[],[]
791,792,IMG_6206,-1.2950722222222222,36.79931388888889,2023,2,Used/,,Self,IMG_6206,[],[]
792,793,IMG_6560,-1.2978027777777776,36.79252222222222,2023,2,Used/,,Self,IMG_6560,[],[]
793,794,IMG_6574,-1.295211111111111,36.79523055555556,2023,2,Used/,,Self,IMG_6574,[0.8002305030822754],"[[188.26055908203125, 197.01123046875, 1122.1824951171875, 710.742431640625]]"
794,795,IMG_8559,-1.2806166666666663,36.81708611111112,2023,2,Used/,,Self,IMG_8559,[0.3638642728328705],"[[2053.786865234375, 2025.071533203125, 3601.03662109375, 2383.437744140625]]"
795,796,IMG_0663,-1.306913888888889,36.73764722222222,2023,2,Used/,,Self,IMG_0663,[],[]
796,797,IMG_6212,-1.2940166666666666,36.80275,2023,2,Used/,,Self,IMG_6212,[],[]
797,798,IMG_8558,-1.2810416666666666,36.816247222222216,2023,2,Used/,,Self,IMG_8558,[],[]
798,799,IMG_6575,-1.2945305555555555,36.79515555555555,2023,2,Used/,,Self,IMG_6575,[],[]
799,800,IMG_6213,-1.2935805555555555,36.80305277777777,2023,2,Used/,,Self,IMG_6213,[],[]
800,801,IMG_0662,-1.306775,36.73817777777778,2023,2,Used/,,Self,IMG_0662,[],[]
801,802,IMG_6207,-1.2950888888888887,36.800377777777776,2023,2,Used/,,Self,IMG_6207,[],[]
802,803,IMG_7119,-1.298922222222222,36.79731111111111,2023,2,Used/,,Self,IMG_7119,[],[]
803,804,IMG_0676,-1.3084861111111112,36.731575,2023,2,Used/,,Self,IMG_0676,[0.5414533615112305],"[[2947.578857421875, 1334.001708984375, 3322.52587890625, 1623.74169921875]]"
804,805,IMG_6561,-1.2975277777777776,36.79533333333333,2023,2,Used/,,Self,IMG_6561,[0.28589552640914917],"[[1083.1328125, 2577.85693359375, 2509.222900390625, 3024.0]]"
805,806,IMG_8564,-1.2786027777777778,36.81607777777778,2023,2,Used/,,Self,IMG_8564,[0.40976399183273315],"[[1610.54736328125, 88.17416381835938, 2292.66650390625, 811.4430541992188]]"
806,807,IMG_7657,-1.316158333333333,36.86196388888889,2023,2,Used/,,Self,IMG_7657,[],[]
807,808,IMG_6549,-1.2979138888888888,36.78894444444444,2023,2,Used/,,Self,IMG_6549,[],[]
808,809,IMG_8202,-1.2983888888888888,36.93978611111111,2023,2,Used/,,Self,IMG_8202,[],[]
809,810,IMG_7131,-1.296586111111111,36.80254444444444,2023,2,Used/,,Self,IMG_7131,[0.5330069661140442],"[[248.4412841796875, 1036.949951171875, 527.4510498046875, 1198.623291015625]]"
810,811,IMG_0892,-1.2927027777777778,36.78974166666666,2023,2,Used/,,Self,IMG_0892,[],[]
811,812,IMG_8216,-1.2907944444444444,36.94706388888888,2023,2,Used/,,Self,IMG_8216,[],[]
812,813,IMG_7125,-1.2983638888888889,36.80002777777778,2023,2,Used/,,Self,IMG_7125,[],[]
813,814,IMG_7643,-1.3137138888888888,36.85661944444445,2023,2,Used/,,Self,IMG_7643,[],[]
814,815,IMG_7870,-1.3132166666666667,36.87168888888889,2023,2,Used/,,Self,IMG_7870,[],[]
815,816,IMG_0879,-1.2993,36.79533055555555,2023,2,Used/,,Self,IMG_0879,[],[]
816,817,IMG_7864,-1.3132194444444445,36.87175833333333,2023,2,Used/,,Self,IMG_7864,"[0.8424330353736877, 0.7805459499359131, 0.6165655255317688, 0.45912763476371765, 0.4329081177711487]","[[0.0, 1496.4898681640625, 893.3919677734375, 2391.197998046875], [890.6474609375, 1499.2894287109375, 1575.1121826171875, 2187.579345703125], [1541.00390625, 1492.0577392578125, 2080.61669921875, 2106.5146484375], [1182.5792236328125, 1495.409423828125, 2075.889404296875, 2124.379638671875], [889.0230712890625, 1495.68994140625, 2043.875244140625, 2174.870361328125]]"
817,818,IMG_7694,-1.3159888888888889,36.86689722222222,2023,2,Used/,,Self,IMG_7694,[],[]
818,819,IMG_0689,-1.3138611111111111,36.72127777777778,2023,2,Used/,,Self,IMG_0689,[],[]
819,820,IMG_0851,-1.3684888888888889,36.767538888888886,2023,2,Used/,,Self,IMG_0851,[],[]
820,821,IMG_7858,-1.3133722222222222,36.87142222222222,2023,2,Used/,,Self,IMG_7858,[],[]
821,822,IMG_7680,-1.315683333333333,36.86483888888889,2023,2,Used/,,Self,IMG_7680,[0.3760104477405548],"[[163.9576416015625, 2748.630126953125, 4014.8671875, 3024.0]]"
822,823,IMG_7469,-1.2618222222222222,36.839619444444445,2023,2,Used/,,Self,IMG_7469,[],[]
823,824,IMG_8028,-1.2976027777777777,36.79566111111111,2023,2,Used/,,Self,IMG_8028,[0.71921306848526],"[[2144.594970703125, 2578.093505859375, 3077.026611328125, 3019.981689453125]]"
824,825,IMG_7333,-1.287972222222222,36.79854722222222,2023,2,Used/,,Self,IMG_7333,[0.5568280816078186],"[[3078.962646484375, 1793.857421875, 3761.79345703125, 2369.73828125]]"
825,826,IMG_7455,-1.2775027777777777,36.82118055555556,2023,2,Used/,,Self,IMG_7455,[],[]
826,827,IMG_6993,-1.3514722222222224,36.76302222222222,2023,2,Used/,,Self,IMG_6993,[],[]
827,828,IMG_6987,-1.3524444444444446,36.75928611111111,2023,2,Used/,,Self,IMG_6987,[],[]
828,829,IMG_7327,-1.2870888888888887,36.798766666666666,2023,2,Used/,,Self,IMG_7327,[],[]
829,830,IMG_6978,-1.352752777777778,36.75738611111111,2023,2,Used/,,Self,IMG_6978,[0.42478781938552856],"[[238.8472442626953, 2266.217041015625, 2125.831298828125, 3021.8828125]]"
830,831,IMG_7496,-1.248213888888889,36.81631944444444,2023,2,Used/,,Self,IMG_7496,[0.30688872933387756],"[[26.283580780029297, 74.79173278808594, 3257.6181640625, 2084.56396484375]]"
831,832,IMG_6950,-1.3746944444444444,36.74591111111111,2023,2,Used/,,Self,IMG_6950,[],[]
832,833,IMG_7482,-1.2561555555555557,36.833088888888895,2023,2,Used/,,Self,IMG_7482,[],[]
833,834,IMG_6944,-1.3754861111111112,36.74632222222223,2023,2,Used/,,Self,IMG_6944,[],[]
834,835,IMG_6165,-1.3329555555555554,36.88986111111111,2023,2,Used/,,Self,IMG_6165,[],[]
835,836,IMG_8148,-1.3289055555555556,36.87738888888889,2023,2,Used/,,Self,IMG_8148,[],[]
836,837,IMG_7509,-1.2404833333333334,36.81298055555556,2023,2,Used/,,Self,IMG_7509,[],[]
837,838,IMG_6171,-1.3307583333333333,36.92410555555556,2023,2,Used/,,Self,IMG_6171,"[0.7023141384124756, 0.567374050617218]","[[939.7239379882812, 15.862760543823242, 3016.478515625, 1029.9345703125], [0.0, 30.96061134338379, 756.2998657226562, 1293.238037109375]]"
838,839,IMG_6159,-1.3283694444444445,36.88115,2023,2,Used/,,Self,IMG_6159,[],[]
839,840,IMG_7247,-1.2785888888888888,36.80444722222222,2023,2,Used/,,Self,IMG_7247,[0.37888556718826294],"[[205.3721466064453, 1069.5391845703125, 1746.399169921875, 1297.541015625]]"
840,841,IMG_8174,-1.3247638888888889,36.89838055555556,2023,2,Used/,,Self,IMG_8174,[],[]
841,842,IMG_8612,-1.2988138888888887,36.79754444444444,2023,2,Used/,,Self,IMG_8612,[],[]
842,843,IMG_7253,-1.2778444444444443,36.8055,2023,2,Used/,,Self,IMG_7253,[],[]
843,844,IMG_8160,-1.3307444444444445,36.88778888888889,2023,2,Used/,,Self,IMG_8160,[],[]
844,845,IMG_7284,-1.2842527777777777,36.806105555555554,2023,2,Used/,,Self,IMG_7284,[],[]
845,846,IMG_7290,-1.2856138888888888,36.80499444444444,2023,2,Used/,,Self,IMG_7290,[],[]
846,847,IMG_0716,-1.3345083333333332,36.71747222222223,2023,2,Used/,,Self,IMG_0716,[0.38151130080223083],"[[1072.496826171875, 1960.6361083984375, 2420.5322265625, 2793.5673828125]]"
847,848,IMG_7079,-1.2995055555555557,36.79016388888888,2023,2,Used/,,Self,IMG_7079,[],[]
848,849,IMG_6367,-1.2777694444444443,36.76468611111111,2023,2,Used/,,Self,IMG_6367,[],[]
849,850,IMG_0702,-1.3229166666666667,36.71780833333334,2023,2,Used/,,Self,IMG_0702,[],[]
850,851,IMG_6373,-1.2822027777777778,36.76986111111111,2023,2,Used/,,Self,IMG_6373,[],[]
851,852,IMG_8438,-1.279216666666667,37.04451111111111,2023,2,Used/,,Self,IMG_8438,[],[]
852,853,IMG_8410,-1.2775527777777778,37.02778333333333,2023,2,Used/,,Self,IMG_8410,[],[]
853,854,IMG_7723,-1.3141527777777775,36.86996388888889,2023,2,Used/,,Self,IMG_7723,[],[]
854,855,IMG_8376,-1.2755527777777778,37.005925,2023,2,Used/,,Self,IMG_8376,[],[]
855,856,IMG_7045,-1.3144638888888889,36.79000277777778,2023,2,Used/,,Self,IMG_7045,[0.25831538438796997],"[[2710.9423828125, 2067.843017578125, 3155.906005859375, 2307.956787109375]]"
856,857,InBridge,-1.3147805555555556,36.78994444444445,2023,2,Used/,,Self,InBridge,"[0.524458646774292, 0.36779481172561646]","[[2118.587158203125, 1547.3201904296875, 4017.31103515625, 1980.4405517578125], [2673.487548828125, 1561.008544921875, 4019.748291015625, 1977.0142822265625]]"
857,858,IMG_8362,-1.2720027777777778,36.99811944444445,2023,2,Used/,,Self,IMG_8362,[0.5277313590049744],"[[2944.2548828125, 1905.44921875, 4032.0, 2552.182861328125]]"
858,859,IMG_7051,-1.3114444444444444,36.791352777777774,2023,2,Used/,,Self,IMG_7051,[],[]
859,860,IMG_6429,-1.3191194444444443,36.79295277777778,2023,2,Used/,,Self,IMG_6429,"[0.4526444971561432, 0.36861252784729004, 0.27959731221199036]","[[990.0293579101562, 2839.6025390625, 1779.5936279296875, 3018.40283203125], [1774.8392333984375, 1926.261474609375, 4002.908447265625, 3017.9462890625], [0.0, 2304.736083984375, 1782.1339111328125, 2912.36474609375]]"
860,861,IMG_8404,-1.2773666666666663,37.02536111111111,2023,2,Used/,,Self,IMG_8404,[],[]
861,862,IMG_7737,-1.3143694444444445,36.87133888888889,2023,2,Used/,,Self,IMG_7737,[],[]
862,863,IMG_8389,-1.2765138888888887,37.01629166666667,2023,2,Used/,,Self,IMG_8389,[0.46231159567832947],"[[4.7459564208984375, 2032.4459228515625, 1038.7547607421875, 2209.158935546875]]"
863,864,IMG_0919,-1.2944805555555554,36.79752777777777,2023,2,Used/,,Self,IMG_0919,[],[]
864,865,IMG_7086,-1.2994388888888888,36.79129444444444,2023,2,Used/,,Self,IMG_7086,[],[]
865,866,IMG_0925,-1.2949638888888888,36.799502777777775,2023,2,Used/,,Self,IMG_0925,[],[]
866,867,IMG_7092,-1.2993638888888888,36.79245833333333,2023,2,Used/,,Self,IMG_7092,[],[]
867,868,IMG_7084,-1.2994638888888888,36.79100555555555,2023,2,Used/,,Self,IMG_7084,[],[]
868,869,IMG_7090,-1.2993805555555555,36.792125,2023,2,Used/,,Self,IMG_7090,[],[]
869,870,IMG_0927,-1.2950694444444444,36.79995555555556,2023,2,Used/,,Self,IMG_0927,[],[]
870,871,IMG_6359,-1.2717083333333332,36.76784722222222,2023,2,Used/,,Self,IMG_6359,[0.3315429985523224],"[[119.02323913574219, 2634.871826171875, 3393.84326171875, 3022.42333984375]]"
871,872,IMG_8374,-1.2755027777777777,37.00551111111111,2023,2,Used/,,Self,IMG_8374,[],[]
872,873,IMG_7047,-1.3119722222222223,36.79141944444444,2023,2,Used/,,Self,IMG_7047,[0.3055795431137085],"[[159.31858825683594, 1343.95458984375, 2568.459716796875, 2031.970947265625]]"
873,874,IMG_0728,-1.3371,36.72715277777778,2023,2,Used/,,Self,IMG_0728,[],[]
874,875,IMG_8412,-1.277663888888889,37.02869722222222,2023,2,Used/,,Self,IMG_8412,[],[]
875,876,IMG_7721,-1.3141027777777778,36.86975277777778,2023,2,Used/,,Self,IMG_7721,"[0.4868530333042145, 0.2612214982509613]","[[630.640380859375, 1405.6756591796875, 1105.716796875, 1529.716552734375], [0.0, 2624.927734375, 1092.73388671875, 3015.567626953125]]"
876,877,IMG_8406,-1.2774222222222222,37.02595555555556,2023,2,Used/,,Self,IMG_8406,[],[]
877,878,IMG_7735,-1.3143,36.871119444444446,2023,2,Used/,,Self,IMG_7735,[0.6815161108970642],"[[1417.3653564453125, 2522.825927734375, 2267.0146484375, 2727.338623046875]]"
878,879,IMG_8360,-1.271686111111111,36.997594444444445,2023,2,Used/,,Self,IMG_8360,[0.26304420828819275],"[[858.8363647460938, 1778.6356201171875, 1428.1846923828125, 2029.4581298828125]]"
879,880,IMG_7053,-1.3005555555555557,36.78819444444444,2023,2,Used/,,Self,IMG_7053,[],[]
880,881,IMG_6365,-1.2773055555555557,36.76470277777778,2023,2,Used/,,Self,IMG_6365,[],[]
881,882,IMG_8348,-1.269572222222222,36.99416388888889,2023,2,Used/,,Self,IMG_8348,[],[]
882,883,IMG_0714,-1.333461111111111,36.71669444444445,2023,2,Used/,,Self,IMG_0714,[],[]
883,884,IMG_7709,-1.315263888888889,36.86928888888889,2023,2,Used/,,Self,IMG_7709,[],[]
884,885,IMG_6371,-1.2817194444444444,36.76993888888889,2023,2,Used/,,Self,IMG_6371,[],[]
885,886,IMG_0700,-1.321113888888889,36.71808055555556,2023,2,Used/,,Self,IMG_0700,[],[]
886,887,IMG_6198,-1.2947166666666663,36.81428055555556,2023,2,Used/,,Self,IMG_6198,[],[]
887,888,IMG_7286,-1.2843777777777776,36.80596944444444,2023,2,Used/,,Self,IMG_7286,[],[]
888,889,IMG_7292,-1.2861027777777776,36.804827777777774,2023,2,Used/,,Self,IMG_7292,[0.31027379631996155],"[[2382.111572265625, 1422.9998779296875, 3029.87646484375, 1611.890380859375]]"
889,890,IMG_8189,-1.3134833333333331,36.92286666666666,2023,2,Used/,,Self,IMG_8189,[],[]
890,891,IMG_7245,-1.2787416666666669,36.804047222222216,2023,2,Used/,,Self,IMG_7245,"[0.3309280276298523, 0.27751094102859497]","[[709.6016845703125, 2732.18603515625, 2860.4501953125, 3017.831787109375], [692.9970703125, 2762.4326171875, 2417.8154296875, 3021.96923828125]]"
891,892,IMG_8176,-1.3238444444444444,36.899852777777774,2023,2,Used/,,Self,IMG_8176,"[0.35974109172821045, 0.3208041787147522]","[[56.12321472167969, 2417.663330078125, 3989.146484375, 3024.0], [14.789464950561523, 2496.243896484375, 2102.5498046875, 3024.0]]"
892,893,IMG_7251,-1.2781722222222225,36.80506111111111,2023,2,Used/,,Self,IMG_7251,[],[]
893,894,IMG_8162,-1.3307472222222223,36.889175,2023,2,Used/,,Self,IMG_8162,[],[]
894,895,IMG_7279,-1.2826305555555555,36.80719722222222,2023,2,Used/,,Self,IMG_7279,[],[]
895,896,IMG_6167,-1.3389555555555557,36.92133055555556,2023,2,Used/,,Self,IMG_6167,[0.2621726393699646],"[[852.7769165039062, 1123.5311279296875, 1383.2462158203125, 1560.8770751953125]]"
896,897,IMG_6173,-1.3307472222222223,36.85708611111112,2023,2,Used/,,Self,IMG_6173,[0.37351933121681213],"[[2730.958740234375, 2058.33544921875, 3480.916015625, 2214.072021484375]]"
897,898,IMG_8638,-1.2990388888888889,36.761383333333335,2023,2,Used/,,Self,IMG_8638,[],[]
898,899,IMG_6952,-1.3748194444444444,36.74497777777778,2023,2,Used/,,Self,IMG_6952,[0.6403889060020447],"[[1481.3677978515625, 1359.90380859375, 2151.35302734375, 1698.61181640625]]"
899,900,IMG_7494,-1.248588888888889,36.81682222222223,2023,2,Used/,,Self,IMG_7494,[0.8560869693756104],"[[0.0, 2016.6712646484375, 2813.567626953125, 3024.0]]"
900,901,IMG_6946,-1.3751361111111111,36.74625,2023,2,Used/,,Self,IMG_6946,[],[]
901,902,IMG_7480,-1.2564972222222222,36.83343888888889,2023,2,Used/,,Self,IMG_7480,[],[]
902,903,IMG_6991,-1.3517083333333335,36.762875,2023,2,Used/,,Self,IMG_6991,[],[]
903,904,IMG_7457,-1.277061111111111,36.821758333333335,2023,2,Used/,,Self,IMG_7457,[],[]
904,905,IMG_7331,-1.287597222222222,36.79863055555556,2023,2,Used/,,Self,IMG_7331,[],[]
905,906,IMG_7325,-1.2868138888888887,36.79883888888889,2023,2,Used/,,Self,IMG_7325,[],[]
906,907,IMG_6985,-1.3524916666666666,36.75882222222222,2023,2,Used/,,Self,IMG_6985,[],[]
907,908,IMG_7319,-1.2866888888888888,36.799169444444445,2023,2,Used/,,Self,IMG_7319,[],[]
908,909,IMG_0847,-1.3805722222222223,36.77034444444444,2023,2,Used/,,Self,IMG_0847,[],[]
909,910,IMG_7696,-1.3160805555555557,36.867694444444446,2023,2,Used/,,Self,IMG_7696,[0.6864800453186035],"[[798.918701171875, 1893.3521728515625, 1086.418701171875, 2160.12939453125]]"
910,911,IMG_6588,-1.2950444444444442,36.799752777777776,2023,2,Used/,,Self,IMG_6588,[],[]
911,912,IMG_7682,-1.31605,36.86548888888889,2023,2,Used/,,Self,IMG_7682,[0.26013433933258057],"[[1424.2740478515625, 2126.811767578125, 2616.118408203125, 2959.3330078125]]"
912,913,IMG_0853,-1.3656611111111112,36.76663611111111,2023,2,Used/,,Self,IMG_0853,[],[]
913,914,IMG_7872,-1.3132222222222223,36.87169444444445,2023,2,Used/,,Self,IMG_7872,[0.4097749590873718],"[[865.6824340820312, 2093.359130859375, 4021.05126953125, 3024.0]]"
914,915,IMG_8200,-1.3008222222222223,36.93799722222222,2023,2,Used/,,Self,IMG_8200,[],[]
915,916,IMG_7133,-1.2960083333333332,36.80245277777777,2023,2,Used/,,Self,IMG_7133,[],[]
916,917,IMG_7655,-1.3160361111111112,36.861755555555554,2023,2,Used/,,Self,IMG_7655,"[0.7291586995124817, 0.4565025269985199, 0.3767514228820801]","[[1881.580078125, 2317.988525390625, 3831.81591796875, 2981.5478515625], [0.0, 1788.6627197265625, 635.912109375, 2939.258544921875], [2810.064208984375, 2287.239013671875, 3830.24609375, 2845.624267578125]]"
917,918,IMG_7641,-1.313563888888889,36.85619722222222,2023,2,Used/,,Self,IMG_7641,"[0.5891559720039368, 0.5536473393440247]","[[0.0, 2129.3271484375, 1120.1832275390625, 2507.88623046875], [1419.0706787109375, 2126.630615234375, 2334.3017578125, 2368.524169921875]]"
918,919,IMG_0648,-1.3002638888888889,36.767963888888886,2023,2,Used/,,Self,IMG_0648,[],[]
919,920,IMG_8214,-1.2910583333333332,36.94674444444444,2023,2,Used/,,Self,IMG_8214,[0.2655384838581085],"[[1842.2984619140625, 2245.421142578125, 3135.20654296875, 2494.807861328125]]"
920,921,IMG_7127,-1.2971305555555557,36.80263055555555,2023,2,Used/,,Self,IMG_7127,[0.315033495426178],"[[1091.0196533203125, 1093.12890625, 1689.9871826171875, 1378.6041259765625]]"
921,922,IMG_6239,-1.276922222222222,36.82198055555556,2023,2,Used/,,Self,IMG_6239,[],[]
922,923,IMG_0660,-1.306533333333333,36.73921111111111,2023,2,Used/,,Self,IMG_0660,[],[]
923,924,IMG_6211,-1.2943222222222222,36.80265833333333,2023,2,Used/,,Self,IMG_6211,[],[]
924,925,IMG_6577,-1.294336111111111,36.79509722222222,2023,2,Used/,,Self,IMG_6577,[],[]
925,926,IMG_7669,-1.315113888888889,36.86304722222222,2023,2,Used/,,Self,IMG_7669,[],[]
926,927,IMG_6563,-1.297575,36.79537222222222,2023,2,Used/,,Self,IMG_6563,[],[]
927,928,IMG_0674,-1.3084861111111112,36.73232222222222,2023,2,Used/,,Self,IMG_0674,[],[]
928,929,IMG_8228,-1.2889444444444442,36.95018055555556,2023,2,Used/,,Self,IMG_8228,[],[]
929,930,IMG_6205,-1.2951944444444443,36.79955277777778,2023,2,Used/,,Self,IMG_6205,[],[]
930,931,IMG_6562,-1.2975805555555555,36.79527222222222,2023,2,Used/,,Self,IMG_6562,[],[]
931,932,IMG_8229,-1.2886444444444445,36.95066944444445,2023,2,Used/,,Self,IMG_8229,[],[]
932,933,IMG_0675,-1.3085361111111111,36.731883333333336,2023,2,Used/,,Self,IMG_0675,[],[]
933,934,IMG_6210,-1.2939055555555554,36.80311111111111,2023,2,Used/,,Self,IMG_6210,[0.2572634816169739],"[[13.077190399169922, 2755.573974609375, 2159.798583984375, 3015.00830078125]]"
934,935,IMG_0661,-1.3066444444444445,36.73869722222222,2023,2,Used/,,Self,IMG_0661,[],[]
935,936,IMG_7668,-1.315263888888889,36.862922222222224,2023,2,Used/,,Self,IMG_7668,[0.4348735511302948],"[[900.4796752929688, 1584.991943359375, 1839.1688232421875, 2227.619873046875]]"
936,937,IMG_6576,-1.2944555555555557,36.79515555555555,2023,2,Used/,,Self,IMG_6576,[],[]
937,938,IMG_7640,-1.313525,36.85609722222223,2023,2,Used/,,Self,IMG_7640,"[0.40769973397254944, 0.2900383174419403]","[[3212.21484375, 1990.42236328125, 3696.84716796875, 2139.926513671875], [3085.282958984375, 1995.6107177734375, 3654.9345703125, 2147.030517578125]]"
938,939,IMG_6238,-1.276997222222222,36.82187222222223,2023,2,Used/,,Self,IMG_6238,[0.7349845767021179],"[[0.0, 1876.259765625, 862.4382934570312, 2106.705078125]]"
939,940,IMG_0891,-1.292686111111111,36.78938888888889,2023,2,Used/,,Self,IMG_0891,[],[]
940,941,IMG_7126,-1.2972916666666665,36.80266111111111,2023,2,Used/,,Self,IMG_7126,[0.4258066713809967],"[[5.302935600280762, 694.5693969726562, 2121.342529296875, 1178.385986328125]]"
941,942,IMG_8215,-1.290925,36.94693333333333,2023,2,Used/,,Self,IMG_8215,[0.503267228603363],"[[2184.545654296875, 2597.1416015625, 4015.238525390625, 2817.6123046875]]"
942,943,IMG_0649,-1.3000361111111112,36.766752777777775,2023,2,Used/,,Self,IMG_0649,[],[]
943,944,IMG_7132,-1.2964972222222222,36.802527777777776,2023,2,Used/,,Self,IMG_7132,[0.36772993206977844],"[[2241.542724609375, 2119.255615234375, 2798.755859375, 2335.05908203125]]"
944,945,IMG_8201,-1.2988444444444442,36.939455555555554,2023,2,Used/,,Self,IMG_8201,[],[]
945,946,IMG_7654,-1.3160361111111112,36.861755555555554,2023,2,Used/,,Self,IMG_7654,"[0.651309072971344, 0.6406375169754028, 0.34407079219818115]","[[3034.6728515625, 1946.1580810546875, 4027.923828125, 2523.847900390625], [1920.386962890625, 2090.988037109375, 2828.17529296875, 2741.716552734375], [354.47381591796875, 1873.26171875, 1594.66259765625, 2493.07373046875]]"
946,947,IMG_7867,-1.3133361111111113,36.87177222222222,2023,2,Used/,,Self,IMG_7867,"[0.608303427696228, 0.5734949707984924]","[[11.382220268249512, 3476.8427734375, 3020.992431640625, 4032.0], [142.29519653320312, 556.5719604492188, 749.176025390625, 1130.259765625]]"
947,948,IMG_7873,-1.3132222222222223,36.871697222222224,2023,2,Used/,,Self,IMG_7873,[0.40266287326812744],"[[105.48961639404297, 2419.623291015625, 4028.093017578125, 3024.0]]"
948,949,IMG_7683,-1.3160527777777775,36.86550555555556,2023,2,Used/,,Self,IMG_7683,[0.3137677013874054],"[[2.5812926292419434, 2233.629150390625, 1939.915771484375, 2988.67236328125]]"
949,950,IMG_0852,-1.3676416666666666,36.76761944444444,2023,2,Used/,,Self,IMG_0852,[],[]
950,951,IMG_0846,-1.3802444444444444,36.77351111111111,2023,2,Used/,,Self,IMG_0846,[0.2673201858997345],"[[0.0, 594.8677978515625, 3030.3583984375, 3024.0]]"
951,952,IMG_6589,-1.2950916666666663,36.79998888888889,2023,2,Used/,,Self,IMG_6589,[],[]
952,953,IMG_7697,-1.3161,36.86796388888889,2023,2,Used/,,Self,IMG_7697,[],[]
953,954,IMG_7318,-1.2870527777777776,36.80084166666666,2023,2,Used/,,Self,IMG_7318,[],[]
954,955,IMG_7324,-1.2867388888888889,36.79887222222222,2023,2,Used/,,Self,IMG_7324,[],[]
955,956,IMG_6984,-1.3525222222222224,36.758652777777776,2023,2,Used/,,Self,IMG_6984,"[0.33386367559432983, 0.25505852699279785]","[[1760.03955078125, 852.2952880859375, 2593.57373046875, 1752.0030517578125], [0.0, 2340.349609375, 2155.173583984375, 3024.0]]"
956,957,IMG_7456,-1.2773388888888888,36.82135,2023,2,Used/,,Self,IMG_7456,"[0.3141555190086365, 0.2950358986854553]","[[3439.27392578125, 2249.7060546875, 4013.013671875, 2449.87939453125], [6.742728233337402, 2588.7802734375, 211.76126098632812, 2816.7578125]]"
957,958,IMG_6990,-1.352352777777778,36.75996111111111,2023,2,Used/,,Self,IMG_6990,[],[]
958,959,IMG_7330,-1.2874472222222222,36.79867222222222,2023,2,Used/,,Self,IMG_7330,[],[]
959,960,IMG_7481,-1.256352777777778,36.83331666666667,2023,2,Used/,,Self,IMG_7481,[],[]
960,961,IMG_6947,-1.3750555555555557,36.74623055555556,2023,2,Used/,,Self,IMG_6947,[0.36642444133758545],"[[1468.8841552734375, 2652.797607421875, 2290.786376953125, 2931.153564453125]]"
961,962,IMG_7495,-1.2485388888888889,36.81665555555556,2023,2,Used/,,Self,IMG_7495,"[0.3223802447319031, 0.32063719630241394]","[[0.0, 1091.6845703125, 2889.228515625, 3024.0], [0.0, 2003.810546875, 2809.694091796875, 3019.2080078125]]"
962,963,IMG_6953,-1.3748194444444444,36.74492222222222,2023,2,Used/,,Self,IMG_6953,[],[]
963,964,IMG_6172,-1.3309055555555556,36.92409722222222,2023,2,Used/,,Self,IMG_6172,[],[]
964,965,IMG_8639,-1.2998166666666666,36.75877777777778,2023,2,Used/,,Self,IMG_8639,[0.3792414963245392],"[[603.43994140625, 2634.13671875, 4030.822021484375, 3024.0]]"
965,966,IMG_6166,-1.346111111111111,36.90673055555556,2023,2,Used/,,Self,IMG_6166,[],[]
966,967,IMG_7278,-1.2823916666666666,36.807247222222216,2023,2,Used/,,Self,IMG_7278,[0.2997617721557617],"[[2756.31103515625, 1917.39404296875, 3207.4384765625, 2218.35595703125]]"
967,968,IMG_8163,-1.3304138888888888,36.88970277777778,2023,2,Used/,,Self,IMG_8163,[],[]
968,969,IMG_7250,-1.2782833333333332,36.80490833333333,2023,2,Used/,,Self,IMG_7250,[],[]
969,970,IMG_8177,-1.3204527777777777,36.90539444444444,2023,2,Used/,,Self,IMG_8177,[],[]
970,971,IMG_7244,-1.2787555555555554,36.80394444444444,2023,2,Used/,,Self,IMG_7244,[],[]
971,972,IMG_8188,-1.3136138888888889,36.92278888888889,2023,2,Used/,,Self,IMG_8188,[],[]
972,973,IMG_7293,-1.2863555555555557,36.80475555555555,2023,2,Used/,,Self,IMG_7293,[0.4758613705635071],"[[3141.228515625, 1994.2830810546875, 4032.0, 2668.12939453125]]"
973,974,IMG_7287,-1.2845166666666663,36.80583055555555,2023,2,Used/,,Self,IMG_7287,[],[]
974,975,IMG_6199,-1.2948194444444443,36.81411388888888,2023,2,Used/,,Self,IMG_6199,[],[]
975,976,IMG_7708,-1.3154666666666668,36.869225,2023,2,Used/,,Self,IMG_7708,[],[]
976,977,IMG_0701,-1.3219222222222222,36.71795277777778,2023,2,Used/,,Self,IMG_0701,[],[]
977,978,IMG_6370,-1.281711111111111,36.769927777777774,2023,2,Used/,,Self,IMG_6370,[0.2638535499572754],"[[2068.96533203125, 2191.76708984375, 2696.02880859375, 2433.50341796875]]"
978,979,IMG_0715,-1.3340222222222222,36.71714722222222,2023,2,Used/,,Self,IMG_0715,[],[]
979,980,IMG_8349,-1.2698388888888887,36.99456388888889,2023,2,Used/,,Self,IMG_8349,[],[]
980,981,IMG_6364,-1.2771777777777775,36.76493888888889,2023,2,Used/,,Self,IMG_6364,[],[]
981,982,IMG_7734,-1.3143,36.87106111111111,2023,2,Used/,,Self,IMG_7734,[0.49487072229385376],"[[3109.5419921875, 2343.846435546875, 3582.587158203125, 2741.944580078125]]"
982,983,IMG_8407,-1.2774333333333332,37.02603055555556,2023,2,Used/,,Self,IMG_8407,[],[]
983,984,IMG_7052,-1.300636111111111,36.78818888888889,2023,2,Used/,,Self,IMG_7052,[],[]
984,985,IMG_8361,-1.2717138888888888,36.99764444444445,2023,2,Used/,,Self,IMG_8361,[0.46506085991859436],"[[126.90823364257812, 2769.416748046875, 685.4229736328125, 2968.914794921875]]"
985,986,IMG_0729,-1.337261111111111,36.72821388888889,2023,2,Used/,,Self,IMG_0729,[],[]
986,987,IMG_7046,-1.3143805555555557,36.79006111111111,2023,2,Used/,,Self,IMG_7046,[0.669940173625946],"[[1584.0963134765625, 2181.56982421875, 2087.692626953125, 2356.950927734375]]"
987,988,IMG_8375,-1.275536111111111,37.00573611111111,2023,2,Used/,,Self,IMG_8375,[0.3209679424762726],"[[0.0, 2261.5380859375, 680.5667724609375, 3005.452880859375]]"
988,989,IMG_6358,-1.2713194444444444,36.76804444444444,2023,2,Used/,,Self,IMG_6358,[0.7435851097106934],"[[2031.195068359375, 2308.3544921875, 3133.586669921875, 3019.25390625]]"
989,990,IMG_7720,-1.3141111111111112,36.86969722222222,2023,2,Used/,,Self,IMG_7720,"[0.8345937132835388, 0.684855043888092]","[[2279.156494140625, 2365.794921875, 3327.978759765625, 2828.7470703125], [2182.795654296875, 1795.1661376953125, 2731.706298828125, 1976.441162109375]]"
990,991,IMG_8413,-1.2776805555555557,37.028927777777774,2023,2,Used/,,Self,IMG_8413,[0.2567755877971649],"[[2530.94384765625, 1977.910888671875, 3107.38916015625, 2155.789306640625]]"
991,992,IMG_0926,-1.295013888888889,36.79971666666666,2023,2,Used/,,Self,IMG_0926,[],[]
992,993,IMG_7091,-1.2993722222222222,36.79223333333333,2023,2,Used/,,Self,IMG_7091,[],[]
993,994,IMG_7085,-1.2994638888888888,36.79110277777777,2023,2,Used/,,Self,IMG_7085,[],[]
994,995,IMG_6382,-1.2926555555555554,36.77658888888889,2023,2,Used/,,Self,IMG_6382,[],[]
995,996,IMG_7088,-1.2993888888888887,36.79170277777778,2023,2,Used/,,Self,IMG_7088,[0.6350023150444031],"[[9.638222694396973, 2328.87109375, 1089.875, 3017.1298828125]]"
996,997,IMG_8393,-1.2768888888888887,37.02019166666667,2023,2,Used/,,Self,IMG_8393,[],[]
997,998,IMG_0917,-1.294286111111111,36.79683055555555,2023,2,Used/,,Self,IMG_0917,"[0.3031333386898041, 0.2645997107028961, 0.2525821328163147]","[[1580.767333984375, 2207.441162109375, 2329.561767578125, 2416.242431640625], [1357.9725341796875, 2221.894287109375, 2335.583740234375, 2443.77734375], [1012.2352905273438, 2231.827880859375, 2327.47021484375, 2470.79296875]]"
998,999,IMG_8387,-1.2764277777777775,37.01523611111111,2023,2,Used/,,Self,IMG_8387,[],[]
999,1001,IMG_7739,-1.3144277777777778,36.871452777777776,2023,2,Used/,,Self,IMG_7739,[0.6212406754493713],"[[3325.957275390625, 1922.939697265625, 3899.288818359375, 2367.115478515625]]"
1000,1002,IMG_6427,-1.3169694444444444,36.800755555555554,2023,2,Used/,,Self,IMG_6427,[0.7867401838302612],"[[913.3168334960938, 1663.601806640625, 4022.74755859375, 2999.06640625]]"
1001,1003,IMG_6341,-1.2255555555555555,36.78951388888888,2023,2,Used/,,Self,IMG_6341,[],[]
1002,1004,IMG_0730,-1.3373333333333333,36.72871388888889,2023,2,Used/,,Self,IMG_0730,[0.25637882947921753],"[[1255.73583984375, 1130.4019775390625, 1643.134765625, 1493.3104248046875]]"
1003,1005,IMG_6355,-1.2687944444444443,36.76914722222222,2023,2,Used/,,Self,IMG_6355,[],[]
1004,1006,IMG_0724,-1.3368083333333332,36.72504722222222,2023,2,Used/,,Self,IMG_0724,[],[]
1005,1007,IMG_8378,-1.275686111111111,37.007305555555554,2023,2,Used/,,Self,IMG_8378,[0.2505989670753479],"[[32.453033447265625, 2410.319091796875, 2220.6171875, 3014.3369140625]]"
1006,1008,IMG_6433,-1.3181444444444443,36.79146111111111,2023,2,Used/,,Self,IMG_6433,"[0.8109143972396851, 0.4379611611366272]","[[0.0, 2201.30615234375, 2835.679931640625, 3021.917236328125], [3191.29833984375, 2075.086669921875, 4032.0, 3022.44287109375]]"
1007,1009,IMG_8436,-1.2790277777777777,37.04271666666666,2023,2,Used/,,Self,IMG_8436,[],[]
1008,1010,IMG_7705,-1.3159305555555556,36.869122222222224,2023,2,Used/,,Self,IMG_7705,[],[]
1009,1011,IMG_8350,-1.2700777777777776,36.99496111111111,2023,2,Used/,,Self,IMG_8350,[],[]
1010,1012,IMG_7063,-1.299611111111111,36.78824722222222,2023,2,Used/,,Self,IMG_7063,[],[]
1011,1013,IMG_6369,-1.2814388888888888,36.76956388888889,2023,2,Used/,,Self,IMG_6369,[0.3353886902332306],"[[2.3522138595581055, 1031.7520751953125, 751.6597900390625, 1572.7457275390625]]"
1012,1014,IMG_0718,-1.3362833333333333,36.71981944444445,2023,2,Used/,,Self,IMG_0718,[0.29242420196533203],"[[1096.5985107421875, 1185.537109375, 1618.2239990234375, 1449.84912109375]]"
1013,1015,IMG_8344,-1.2686944444444443,36.99271388888889,2023,2,Used/,,Self,IMG_8344,[0.33979135751724243],"[[1880.4102783203125, 1862.1336669921875, 2143.4345703125, 1983.8804931640625]]"
1014,1016,IMG_7077,-1.2995138888888889,36.78981111111111,2023,2,Used/,,Self,IMG_7077,[0.27181515097618103],"[[2481.4853515625, 2005.914306640625, 4028.545166015625, 2172.007568359375]]"
1015,1017,IMG_8422,-1.2781277777777778,37.03363888888889,2023,2,Used/,,Self,IMG_8422,[],[]
1016,1018,IMG_7711,-1.3150305555555557,36.86939722222223,2023,2,Used/,,Self,IMG_7711,[0.3093019425868988],"[[1028.9383544921875, 0.0, 2401.44775390625, 505.60516357421875]]"
1017,1019,IMG_6180,-1.3296222222222225,36.85480555555556,2023,2,Used/,,Self,IMG_6180,[],[]
1018,1020,IMG_6194,-1.2994638888888888,36.820972222222224,2023,2,Used/,,Self,IMG_6194,[0.33823636174201965],"[[2011.4183349609375, 1444.2193603515625, 2802.9150390625, 2107.912353515625]]"
1019,1021,IMG_8191,-1.312827777777778,36.92308611111111,2023,2,Used/,,Self,IMG_8191,"[0.5014067888259888, 0.2749873697757721]","[[1943.7088623046875, 2061.678466796875, 2329.975341796875, 2273.89892578125], [30.552152633666992, 2695.91357421875, 2154.048095703125, 3019.871337890625]]"
1020,1022,IMG_8185,-1.3187638888888888,36.91344444444445,2023,2,Used/,,Self,IMG_8185,"[0.6305716633796692, 0.5866814851760864]","[[3059.716796875, 2418.715087890625, 3763.029052734375, 2764.66748046875], [3289.48583984375, 2428.2353515625, 3759.69775390625, 2746.2353515625]]"
1021,1023,IMG_7249,-1.2784055555555556,36.804741666666665,2023,2,Used/,,Self,IMG_7249,[],[]
1022,1024,IMG_6157,-1.3285888888888888,36.87954444444445,2023,2,Used/,,Self,IMG_6157,[],[]
1023,1025,IMG_7261,-1.2783527777777777,36.80614444444444,2023,2,Used/,,Self,IMG_7261,[],[]
1024,1026,IMG_8152,-1.3285416666666667,36.87979722222222,2023,2,Used/,,Self,IMG_8152,[0.5381002426147461],"[[0.03950957953929901, 2237.817626953125, 879.1494140625, 2941.58203125]]"
1025,1027,IMG_7507,-1.2458694444444445,36.81527222222222,2023,2,Used/,,Self,IMG_7507,"[0.37036725878715515, 0.3615598678588867]","[[0.009228515438735485, 5.649774074554443, 983.0816040039062, 895.7606201171875], [64.1874008178711, 0.0, 3989.146484375, 678.4186401367188]]"
1026,1028,IMG_8634,-1.2998527777777775,36.76589166666667,2023,2,Used/,,Self,IMG_8634,"[0.4775488078594208, 0.4694402515888214]","[[365.0427551269531, 2463.036865234375, 4026.22900390625, 3024.0], [1665.1513671875, 2418.607421875, 4027.13525390625, 3023.6650390625]]"
1027,1029,IMG_7513,-1.2379250000000002,36.8107,2023,2,Used/,,Self,IMG_7513,[0.40535423159599304],"[[180.62655639648438, 2490.073974609375, 830.2901611328125, 3011.0693359375]]"
1028,1030,IMG_8620,-1.299561111111111,36.78963888888889,2023,2,Used/,,Self,IMG_8620,[],[]
1029,1031,IMG_7275,-1.2816527777777778,36.80727222222222,2023,2,Used/,,Self,IMG_7275,[],[]
1030,1032,IMG_8146,-1.3290444444444445,36.87629444444445,2023,2,Used/,,Self,IMG_8146,[0.5468656420707703],"[[2653.869140625, 1343.8323974609375, 3129.38525390625, 1628.9146728515625]]"
1031,1033,IMG_7498,-1.248133333333333,36.81625277777778,2023,2,Used/,,Self,IMG_7498,[0.4488126337528229],"[[2774.558837890625, 2360.157470703125, 3651.619140625, 2936.588134765625]]"
1032,1034,IMG_6976,-1.3537805555555555,36.74856388888889,2023,2,Used/,,Self,IMG_6976,[],[]
1033,1035,IMG_6962,-1.3705944444444444,36.74410555555556,2023,2,Used/,,Self,IMG_6962,[],[]
1034,1036,IMG_7329,-1.287372222222222,36.79868888888889,2023,2,Used/,,Self,IMG_7329,[],[]
1035,1037,IMG_6989,-1.3524027777777778,36.75966666666667,2023,2,Used/,,Self,IMG_6989,[],[]
1036,1038,IMG_7315,-1.2871777777777778,36.80137222222222,2023,2,Used/,,Self,IMG_7315,[],[]
1037,1039,IMG_8026,-1.2976055555555557,36.795341666666666,2023,2,Used/,,Self,IMG_8026,"[0.5221541523933411, 0.26786288619041443]","[[571.86962890625, 2490.80224609375, 2704.502197265625, 3024.0], [699.3011474609375, 1519.37451171875, 1035.2548828125, 1805.1258544921875]]"
1038,1040,IMG_7473,-1.2605472222222225,36.837563888888894,2023,2,Used/,,Self,IMG_7473,[],[]
1039,1041,IMG_8740,-1.1073222222222223,36.23527777777778,2023,2,Used/,,Self,IMG_8740,[],[]
1040,1042,IMG_7467,-1.2638972222222222,36.83736944444445,2023,2,Used/,,Self,IMG_7467,[],[]
1041,1043,IMG_7301,-1.286636111111111,36.80386388888888,2023,2,Used/,,Self,IMG_7301,[],[]
1042,1044,IMG_8032,-1.2973888888888887,36.79660833333333,2023,2,Used/,,Self,IMG_8032,[],[]
1043,1045,IMG_6590,-1.2951416666666666,36.80028611111111,2023,2,Used/,,Self,IMG_6590,[],[]
1044,1046,IMG_7856,-1.3133972222222223,36.87140277777778,2023,2,Used/,,Self,IMG_7856,[],[]
1045,1047,IMG_0687,-1.312827777777778,36.72262222222223,2023,2,Used/,,Self,IMG_0687,[],[]
1046,1048,IMG_0693,-1.316158333333333,36.71886111111111,2023,2,Used/,,Self,IMG_0693,[],[]
1047,1049,IMG_6584,-1.2948916666666666,36.79901388888889,2023,2,Used/,,Self,IMG_6584,[0.32806825637817383],"[[2146.4462890625, 2358.49267578125, 3147.66552734375, 2770.1728515625]]"
1048,1050,IMG_7842,-1.312827777777778,36.87006944444445,2023,2,Used/,,Self,IMG_7842,"[0.8673139810562134, 0.6080788373947144, 0.5827491283416748]","[[0.0, 1596.4652099609375, 1923.416748046875, 3004.052001953125], [2610.4755859375, 1766.6318359375, 4023.10205078125, 2633.30859375], [2627.617919921875, 1799.8419189453125, 4032.0, 3012.689453125]]"
1049,1051,IMG_0863,-1.3403944444444444,36.770375,2023,2,Used/,,Self,IMG_0863,[],[]
1050,1052,IMG_6553,-1.2978666666666665,36.78996388888888,2023,2,Used/,,Self,IMG_6553,[],[]
1051,1053,IMG_8218,-1.290447222222222,36.94735,2023,2,Used/,,Self,IMG_8218,"[0.6480187177658081, 0.5391051769256592]","[[0.0, 1831.4803466796875, 1779.3685302734375, 3024.0], [2801.98876953125, 1850.239990234375, 3546.701904296875, 2228.27392578125]]"
1052,1054,IMG_0644,-1.3003805555555557,36.77246111111111,2023,2,Used/,,Self,IMG_0644,[],[]
1053,1055,IMG_6235,-1.277411111111111,36.82137777777778,2023,2,Used/,,Self,IMG_6235,[],[]
1054,1056,IMG_0650,-1.29995,36.76597777777778,2023,2,Used/,,Self,IMG_0650,[],[]
1055,1057,IMG_6221,-1.280997222222222,36.816538888888886,2023,2,Used/,,Self,IMG_6221,[],[]
1056,1058,IMG_6547,-1.2979222222222222,36.78871111111111,2023,2,Used/,,Self,IMG_6547,[],[]
1057,1059,IMG_7659,-1.3160361111111112,36.86210555555556,2023,2,Used/,,Self,IMG_7659,"[0.6705871820449829, 0.519341230392456]","[[0.0, 2488.9931640625, 683.086181640625, 3020.275390625], [1892.94921875, 1613.0096435546875, 2672.0595703125, 1961.0484619140625]]"
1058,1060,IMG_8542,-1.2662305555555555,36.98844722222222,2023,2,Used/,,Self,IMG_8542,[],[]
1059,1061,IMG_7671,-1.3150194444444443,36.863125,2023,2,Used/,,Self,IMG_7671,[],[]
1060,1062,IMG_8224,-1.29015,36.94827222222222,2023,2,Used/,,Self,IMG_8224,[],[]
1061,1063,IMG_7117,-1.2990027777777775,36.79697777777778,2023,2,Used/,,Self,IMG_7117,[],[]
1062,1064,IMG_0678,-1.3081805555555557,36.73058888888889,2023,2,Used/,,Self,IMG_0678,[],[]
1063,1065,IMG_6209,-1.295147222222222,36.80054722222222,2023,2,Used/,,Self,IMG_6209,[0.29097023606300354],"[[1081.05224609375, 2290.939697265625, 1878.6636962890625, 2572.99853515625]]"
1064,1066,IMG_8230,-1.2885666666666666,36.95078333333333,2023,2,Used/,,Self,IMG_8230,[0.6578569412231445],"[[59.89844512939453, 2604.346923828125, 1657.00146484375, 2875.398193359375]]"
1065,1067,IMG_7103,-1.2993,36.79398611111111,2023,2,Used/,,Self,IMG_7103,[],[]
1066,1068,IMG_8556,-1.281311111111111,36.81566111111111,2023,2,Used/,,Self,IMG_8556,[0.26146334409713745],"[[0.0, 66.35282897949219, 1820.5311279296875, 926.211669921875]]"
1067,1069,IMG_7665,-1.3155777777777775,36.86261666666667,2023,2,Used/,,Self,IMG_7665,[],[]
1068,1070,IMG_7102,-1.2993027777777777,36.79388055555555,2023,2,Used/,,Self,IMG_7102,"[0.33134904503822327, 0.3219994008541107]","[[1039.17578125, 2030.8624267578125, 2155.061767578125, 2359.419921875], [474.01690673828125, 2047.4718017578125, 2154.62451171875, 2305.002685546875]]"
1069,1071,IMG_8231,-1.288411111111111,36.95101944444445,2023,2,Used/,,Self,IMG_8231,[],[]
1070,1072,IMG_7664,-1.3157166666666666,36.86248888888889,2023,2,Used/,,Self,IMG_7664,[],[]
1071,1073,IMG_8557,-1.2811305555555554,36.81604444444445,2023,2,Used/,,Self,IMG_8557,[],[]
1072,1074,IMG_7670,-1.3150555555555556,36.86308888888889,2023,2,Used/,,Self,IMG_7670,"[0.5461446642875671, 0.4501941502094269]","[[1112.0592041015625, 1689.7855224609375, 1516.16650390625, 2148.017578125], [2434.354248046875, 1897.21044921875, 3281.9052734375, 2523.759765625]]"
1073,1075,IMG_8543,-1.2659138888888888,36.987944444444445,2023,2,Used/,,Self,IMG_8543,[0.32896652817726135],"[[3769.806884765625, 1795.22998046875, 4032.0, 1940.83984375]]"
1074,1076,IMG_6208,-1.2950916666666663,36.800488888888886,2023,2,Used/,,Self,IMG_6208,[],[]
1075,1077,IMG_0679,-1.3088083333333334,36.72783611111111,2023,2,Used/,,Self,IMG_0679,[],[]
1076,1078,IMG_7116,-1.299022222222222,36.79688611111111,2023,2,Used/,,Self,IMG_7116,[],[]
1077,1079,IMG_8225,-1.2895333333333332,36.94923055555555,2023,2,Used/,,Self,IMG_8225,[],[]
1078,1080,IMG_6220,-1.2813583333333334,36.81573888888889,2023,2,Used/,,Self,IMG_6220,[],[]
1079,1081,IMG_0651,-1.299688888888889,36.76494722222222,2023,2,Used/,,Self,IMG_0651,[],[]
1080,1082,IMG_7658,-1.3161027777777778,36.862033333333336,2023,2,Used/,,Self,IMG_7658,[],[]
1081,1083,IMG_6546,-1.2979222222222222,36.78861111111111,2023,2,Used/,,Self,IMG_6546,[],[]
1082,1084,IMG_6552,-1.2978777777777777,36.78971388888889,2023,2,Used/,,Self,IMG_6552,[],[]
1083,1085,IMG_6234,-1.2776999999999998,36.821088888888895,2023,2,Used/,,Self,IMG_6234,[],[]
1084,1086,IMG_0645,-1.3004361111111111,36.771225,2023,2,Used/,,Self,IMG_0645,[],[]
1085,1087,IMG_8219,-1.2904805555555554,36.947402777777775,2023,2,Used/,,Self,IMG_8219,[],[]
1086,1088,IMG_0876,-1.3118305555555556,36.80605277777777,2023,2,Used/,,Self,IMG_0876,[0.3449638783931732],"[[2062.9794921875, 2021.5228271484375, 2466.396728515625, 2342.09228515625]]"
1087,1089,IMG_0862,-1.3408916666666666,36.76969166666667,2023,2,Used/,,Self,IMG_0862,"[0.5054329633712769, 0.4926537871360779, 0.2508203089237213]","[[142.18142700195312, 2088.577880859375, 4032.0, 3024.0], [545.453857421875, 1315.96240234375, 1215.1929931640625, 1708.719970703125], [3210.1376953125, 2556.42822265625, 4031.230712890625, 3022.664306640625]]"
1088,1090,IMG_0692,-1.3158694444444443,36.71896666666667,2023,2,Used/,,Self,IMG_0692,[],[]
1089,1091,IMG_7843,-1.312825,36.870063888888886,2023,2,Used/,,Self,IMG_7843,"[0.8475078344345093, 0.2803325951099396]","[[0.7054046392440796, 2107.0771484375, 1632.885009765625, 3023.72900390625], [2763.7861328125, 1513.8826904296875, 3345.666015625, 1777.8218994140625]]"
1090,1092,IMG_6585,-1.2948388888888889,36.798877777777776,2023,2,Used/,,Self,IMG_6585,[0.43536368012428284],"[[1004.1249389648438, 2229.967041015625, 1520.0416259765625, 2534.992919921875]]"
1091,1093,IMG_7857,-1.3133722222222222,36.87142222222222,2023,2,Used/,,Self,IMG_7857,[],[]
1092,1094,IMG_6591,-1.2950888888888887,36.8003,2023,2,Used/,,Self,IMG_6591,[],[]
1093,1095,IMG_0686,-1.3119972222222225,36.723480555555554,2023,2,Used/,,Self,IMG_0686,[],[]
1094,1096,IMG_7466,-1.2641555555555557,36.83703611111111,2023,2,Used/,,Self,IMG_7466,[],[]
1095,1097,IMG_8033,-1.2973555555555554,36.79673888888889,2023,2,Used/,,Self,IMG_8033,[],[]
1096,1098,IMG_7300,-1.2865194444444443,36.80397222222222,2023,2,Used/,,Self,IMG_7300,[0.7036077976226807],"[[268.9877624511719, 2611.733154296875, 1309.3082275390625, 3021.057861328125]]"
1097,1099,IMG_8027,-1.2976027777777777,36.795538888888885,2023,2,Used/,,Self,IMG_8027,"[0.4435935616493225, 0.41011032462120056]","[[691.011962890625, 2210.11328125, 2853.392333984375, 2468.264892578125], [816.5363159179688, 2170.98388671875, 3311.03515625, 2462.443603515625]]"
1098,1100,IMG_7314,-1.287236111111111,36.80157777777777,2023,2,Used/,,Self,IMG_7314,[],[]
1099,1101,IMG_8741,-1.1048583333333335,36.21118055555556,2023,2,Used/,,Self,IMG_8741,[],[]
1100,1102,IMG_7472,-1.2605944444444444,36.83763888888889,2023,2,Used/,,Self,IMG_7472,[],[]
1101,1103,IMG_7328,-1.2871333333333332,36.79876111111111,2023,2,Used/,,Self,IMG_7328,[],[]
1102,1104,IMG_6988,-1.3524194444444446,36.759475,2023,2,Used/,,Self,IMG_6988,[],[]
1103,1105,IMG_6963,-1.3663055555555557,36.74359166666667,2023,2,Used/,,Self,IMG_6963,[],[]
1104,1106,IMG_6977,-1.3537611111111112,36.74864166666666,2023,2,Used/,,Self,IMG_6977,[0.6601312756538391],"[[1980.83154296875, 2255.92919921875, 2951.364501953125, 2681.6962890625]]"
1105,1107,IMG_7499,-1.247661111111111,36.81596944444444,2023,2,Used/,,Self,IMG_7499,[],[]
1106,1108,IMG_8621,-1.2996555555555551,36.78816944444444,2023,2,Used/,,Self,IMG_8621,[],[]
1107,1109,IMG_7512,-1.238013888888889,36.810672222222216,2023,2,Used/,,Self,IMG_7512,[],[]
1108,1110,IMG_8147,-1.3290111111111111,36.87670833333333,2023,2,Used/,,Self,IMG_8147,[0.43144121766090393],"[[2973.193115234375, 1732.97021484375, 3306.81298828125, 1991.5343017578125]]"
1109,1111,IMG_7274,-1.2813861111111111,36.80725555555555,2023,2,Used/,,Self,IMG_7274,[],[]
1110,1112,IMG_8153,-1.3284527777777777,36.88048611111111,2023,2,Used/,,Self,IMG_8153,[0.579514741897583],"[[2831.420654296875, 1974.7357177734375, 3062.403564453125, 2120.533203125]]"
1111,1113,IMG_7260,-1.278,36.806063888888886,2023,2,Used/,,Self,IMG_7260,[],[]
1112,1114,IMG_8635,-1.2996638888888887,36.765075,2023,2,Used/,,Self,IMG_8635,[],[]
1113,1115,IMG_7506,-1.2459416666666667,36.81529722222222,2023,2,Used/,,Self,IMG_7506,[],[]
1114,1116,IMG_6156,-1.3288111111111112,36.87801388888889,2023,2,Used/,,Self,IMG_6156,[],[]
1115,1117,IMG_7248,-1.2785194444444443,36.80457222222222,2023,2,Used/,,Self,IMG_7248,[],[]
1116,1118,IMG_8184,-1.3185694444444445,36.91225833333333,2023,2,Used/,,Self,IMG_8184,[0.46314796805381775],"[[0.6505141854286194, 2722.0263671875, 253.7099609375, 3022.333740234375]]"
1117,1119,IMG_8190,-1.3132722222222222,36.92301111111111,2023,2,Used/,,Self,IMG_8190,[],[]
1118,1120,IMG_6195,-1.2994416666666666,36.82087777777778,2023,2,Used/,,Self,IMG_6195,"[0.3615657091140747, 0.3105097711086273]","[[1052.4815673828125, 2836.601806640625, 2122.785400390625, 3020.1708984375], [618.8390502929688, 2843.26611328125, 2111.344970703125, 3019.396484375]]"
1119,1121,IMG_6181,-1.3101888888888888,36.82884166666667,2023,2,Used/,,Self,IMG_6181,[0.2584315240383148],"[[1590.078125, 2856.129150390625, 3333.741943359375, 3022.0625]]"
1120,1122,IMG_7076,-1.2995277777777776,36.78969166666666,2023,2,Used/,,Self,IMG_7076,[],[]
1121,1123,IMG_8345,-1.268913888888889,36.99308055555556,2023,2,Used/,,Self,IMG_8345,[],[]
1122,1124,IMG_0719,-1.336311111111111,36.720263888888894,2023,2,Used/,,Self,IMG_0719,[],[]
1123,1125,IMG_6368,-1.281383333333333,36.76958055555556,2023,2,Used/,,Self,IMG_6368,[],[]
1124,1126,IMG_7710,-1.3151472222222222,36.86933888888889,2023,2,Used/,,Self,IMG_7710,[],[]
1125,1127,IMG_8423,-1.2781722222222225,37.0341,2023,2,Used/,,Self,IMG_8423,[],[]
1126,1128,IMG_7704,-1.315975,36.86911111111111,2023,2,Used/,,Self,IMG_7704,[],[]
1127,1129,IMG_8437,-1.2791472222222222,37.04378611111111,2023,2,Used/,,Self,IMG_8437,[],[]
1128,1130,IMG_7062,-1.2995944444444445,36.788263888888885,2023,2,Used/,,Self,IMG_7062,[],[]
1129,1131,IMG_8351,-1.270361111111111,36.99541388888889,2023,2,Used/,,Self,IMG_8351,[],[]
1130,1132,IMG_8379,-1.2758055555555554,37.0085,2023,2,Used/,,Self,IMG_8379,[],[]
1131,1133,IMG_0725,-1.3368694444444444,36.725525000000005,2023,2,Used/,,Self,IMG_0725,[],[]
1132,1134,IMG_6354,-1.268561111111111,36.76916944444445,2023,2,Used/,,Self,IMG_6354,[],[]
1133,1135,IMG_6432,-1.3186083333333334,36.79396944444444,2023,2,Used/,,Self,IMG_6432,[0.26287752389907837],"[[682.0032348632812, 1775.7989501953125, 1892.703125, 2100.56494140625]]"
1134,1136,IMG_6426,-1.3208305555555555,36.80060555555556,2023,2,Used/,,Self,IMG_6426,"[0.8598964214324951, 0.4702393412590027]","[[1173.7060546875, 1498.61669921875, 4022.6494140625, 3004.208984375], [1659.1846923828125, 96.91622924804688, 2834.388916015625, 1439.7218017578125]]"
1135,1137,IMG_7738,-1.3143861111111113,36.87137222222222,2023,2,Used/,,Self,IMG_7738,[],[]
1136,1138,IMG_0731,-1.337397222222222,36.72922777777778,2023,2,Used/,,Self,IMG_0731,[],[]
1137,1139,IMG_6340,-1.225538888888889,36.79026944444444,2023,2,Used/,,Self,IMG_6340,[],[]
1138,1140,IMG_0902,-1.2934194444444442,36.793052777777774,2023,2,Used/,,Self,IMG_0902,"[0.5815350413322449, 0.37003031373023987]","[[738.8645629882812, 2045.70654296875, 1261.110107421875, 2231.5087890625], [3237.88720703125, 1643.63427734375, 3548.586669921875, 1817.0919189453125]]"
1139,1141,IMG_8386,-1.276361111111111,37.014525,2023,2,Used/,,Self,IMG_8386,"[0.6981253027915955, 0.44719016551971436]","[[2944.134765625, 2116.7109375, 4015.550048828125, 2269.032470703125], [1571.923828125, 2749.174560546875, 2677.907470703125, 3019.95556640625]]"
1140,1142,IMG_0916,-1.2942166666666666,36.796594444444445,2023,2,Used/,,Self,IMG_0916,[0.3298836052417755],"[[0.0, 456.0141906738281, 444.1583557128906, 1159.5654296875]]"
1141,1143,IMG_8392,-1.2767805555555556,37.01900555555555,2023,2,Used/,,Self,IMG_8392,[],[]
1142,1144,IMG_7089,-1.2993833333333331,36.79191111111111,2023,2,Used/,,Self,IMG_7089,[],[]
1143,1145,IMG_6383,-1.2953888888888887,36.78398611111111,2023,2,Used/,,Self,IMG_6383,[],[]
1144,1146,IMG_6381,-1.2926749999999998,36.776516666666666,2023,2,Used/,,Self,IMG_6381,[],[]
1145,1147,IMG_8384,-1.276161111111111,37.01250555555556,2023,2,Used/,,Self,IMG_8384,[],[]
1146,1148,IMG_0900,-1.2932888888888887,36.79230833333333,2023,2,Used/,,Self,IMG_0900,[],[]
1147,1149,IMG_8390,-1.2765805555555554,37.016930555555554,2023,2,Used/,,Self,IMG_8390,[],[]
1148,1150,IMG_0914,-1.2941194444444444,36.79610555555556,2023,2,Used/,,Self,IMG_0914,[],[]
1149,1151,IMG_6430,-1.3186027777777778,36.793952777777776,2023,2,Used/,,Self,IMG_6430,"[0.4765310287475586, 0.41706421971321106]","[[9.687633514404297, 2025.66064453125, 3099.334716796875, 2568.7568359375], [260.16107177734375, 2539.13330078125, 4032.0, 3024.0]]"
1150,1152,IMG_6356,-1.2689583333333332,36.76903055555555,2023,2,Used/,,Self,IMG_6356,[0.3308984339237213],"[[0.0, 4.036706447601318, 929.6036987304688, 311.05853271484375]]"
1151,1153,IMG_0727,-1.337011111111111,36.726480555555554,2023,2,Used/,,Self,IMG_0727,[],[]
1152,1154,IMG_7048,-1.3118138888888888,36.79136944444444,2023,2,Used/,,Self,IMG_7048,[],[]
1153,1155,IMG_6342,-1.225561111111111,36.78843055555556,2023,2,Used/,,Self,IMG_6342,[0.5354793667793274],"[[987.4169311523438, 2090.777099609375, 3906.359619140625, 3024.0]]"
1154,1156,IMG_0733,-1.3375777777777778,36.7304,2023,2,Used/,,Self,IMG_0733,[],[]
1155,1157,IMG_8409,-1.277472222222222,37.0266,2023,2,Used/,,Self,IMG_8409,[0.7478898763656616],"[[1025.8486328125, 2794.0234375, 2311.083984375, 3018.4111328125]]"
1156,1158,IMG_7712,-1.3148861111111112,36.86943055555555,2023,2,Used/,,Self,IMG_7712,[],[]
1157,1159,IMG_8421,-1.2780305555555556,37.032575,2023,2,Used/,,Self,IMG_8421,[],[]
1158,1160,IMG_7074,-1.29955,36.78935277777778,2023,2,Used/,,Self,IMG_7074,[],[]
1159,1161,IMG_8347,-1.2692388888888888,36.993633333333335,2023,2,Used/,,Self,IMG_8347,[0.4298979341983795],"[[2630.516845703125, 2546.43994140625, 3284.82568359375, 2719.62451171875]]"
1160,1162,IMG_8353,-1.2705527777777776,36.995730555555554,2023,2,Used/,,Self,IMG_8353,[],[]
1161,1163,IMG_7706,-1.3156277777777778,36.869194444444446,2023,2,Used/,,Self,IMG_7706,[],[]
1162,1164,IMG_8435,-1.2789,37.04141944444444,2023,2,Used/,,Self,IMG_8435,"[0.7905204892158508, 0.6566951274871826]","[[0.0, 2473.60595703125, 857.0482788085938, 2672.000732421875], [2238.49951171875, 2359.62646484375, 3300.653564453125, 2661.984130859375]]"
1163,1165,IMG_6197,-1.2940611111111109,36.81502777777777,2023,2,Used/,,Self,IMG_6197,"[0.5148656964302063, 0.3678034543991089]","[[284.5828857421875, 2013.622802734375, 3287.583984375, 3017.3115234375], [3316.317626953125, 1948.90673828125, 4030.8017578125, 2443.513916015625]]"
1164,1166,IMG_7289,-1.2853138888888889,36.80514166666666,2023,2,Used/,,Self,IMG_7289,[0.5173273086547852],"[[0.0, 2185.62158203125, 2070.391845703125, 3021.65234375]]"
1165,1167,IMG_6183,-1.3100888888888889,36.828813888888895,2023,2,Used/,,Self,IMG_6183,[],[]
1166,1168,IMG_8186,-1.3187805555555556,36.91372777777778,2023,2,Used/,,Self,IMG_8186,[],[]
1167,1169,IMG_8192,-1.3127222222222223,36.92312777777777,2023,2,Used/,,Self,IMG_8192,[],[]
1168,1170,IMG_8179,-1.3194944444444443,36.90694722222222,2023,2,Used/,,Self,IMG_8179,[0.47867724299430847],"[[2137.90087890625, 1609.0133056640625, 2863.757568359375, 2132.12744140625]]"
1169,1171,IMG_6154,-1.3288666666666666,36.87763888888889,2023,2,Used/,,Self,IMG_6154,[],[]
1170,1172,IMG_8145,-1.3292166666666667,36.87493611111111,2023,2,Used/,,Self,IMG_8145,[],[]
1171,1173,IMG_7276,-1.2819027777777776,36.80727777777778,2023,2,Used/,,Self,IMG_7276,[],[]
1172,1174,IMG_6168,-1.3387777777777776,36.92157222222222,2023,2,Used/,,Self,IMG_6168,"[0.4408775568008423, 0.25606513023376465]","[[3448.531494140625, 2751.48095703125, 4032.0, 3023.801513671875], [1100.06103515625, 2638.049072265625, 2297.829833984375, 3023.85791015625]]"
1173,1175,IMG_8623,-1.299811111111111,36.78384722222222,2023,2,Used/,,Self,IMG_8623,[],[]
1174,1176,IMG_7510,-1.2384611111111112,36.81036944444444,2023,2,Used/,,Self,IMG_7510,[],[]
1175,1177,IMG_8637,-1.2992638888888888,36.76296944444445,2023,2,Used/,,Self,IMG_8637,[],[]
1176,1178,IMG_7504,-1.2461722222222222,36.81539166666666,2023,2,Used/,,Self,IMG_7504,[],[]
1177,1179,IMG_8151,-1.3286055555555556,36.87936111111111,2023,2,Used/,,Self,IMG_8151,"[0.4133709967136383, 0.31502610445022583]","[[2140.25732421875, 2130.980712890625, 2794.011474609375, 2318.56640625], [1070.4200439453125, 2231.994384765625, 1667.6922607421875, 2543.806640625]]"
1178,1180,IMG_7262,-1.278422222222222,36.80618333333333,2023,2,Used/,,Self,IMG_7262,[],[]
1179,1181,IMG_6949,-1.3747694444444445,36.74618888888889,2023,2,Used/,,Self,IMG_6949,[],[]
1180,1182,IMG_6961,-1.3706833333333333,36.744102777777776,2023,2,Used/,,Self,IMG_6961,[],[]
1181,1183,IMG_6975,-1.3537750000000002,36.7485,2023,2,Used/,,Self,IMG_6975,[],[]
1182,1184,IMG_7458,-1.2763694444444444,36.82272222222223,2023,2,Used/,,Self,IMG_7458,[0.3224842846393585],"[[2412.652099609375, 2671.2353515625, 2888.2265625, 2987.428955078125]]"
1183,1185,IMG_8031,-1.297411111111111,36.79656666666666,2023,2,Used/,,Self,IMG_8031,[],[]
1184,1186,IMG_7302,-1.2867555555555554,36.80374444444444,2023,2,Used/,,Self,IMG_7302,[],[]
1185,1187,IMG_7464,-1.2656944444444445,36.83522777777778,2023,2,Used/,,Self,IMG_7464,[],[]
1186,1188,IMG_8743,-1.097986111111111,36.141102777777775,2023,2,Used/,,Self,IMG_8743,[],[]
1187,1189,IMG_7470,-1.2610472222222222,36.83836388888889,2023,2,Used/,,Self,IMG_7470,[],[]
1188,1190,IMG_8025,-1.2976055555555557,36.795341666666666,2023,2,Used/,,Self,IMG_8025,[],[]
1189,1191,IMG_7316,-1.2871305555555554,36.80114444444444,2023,2,Used/,,Self,IMG_7316,[0.5514746904373169],"[[1031.514404296875, 2443.28564453125, 1700.7388916015625, 2908.20263671875]]"
1190,1192,IMG_7699,-1.3161333333333334,36.868319444444445,2023,2,Used/,,Self,IMG_7699,[],[]
1191,1193,IMG_6587,-1.294897222222222,36.79917222222222,2023,2,Used/,,Self,IMG_6587,[],[]
1192,1194,IMG_7841,-1.3127,36.87007777777778,2023,2,Used/,,Self,IMG_7841,[0.7902289032936096],"[[0.0, 1758.4647216796875, 4030.389892578125, 3014.196533203125]]"
1193,1195,IMG_0848,-1.3805444444444446,36.77035833333333,2023,2,Used/,,Self,IMG_0848,[],[]
1194,1196,IMG_0690,-1.3146944444444444,36.72027222222222,2023,2,Used/,,Self,IMG_0690,[],[]
1195,1197,IMG_0684,-1.3106472222222223,36.72501111111112,2023,2,Used/,,Self,IMG_0684,[],[]
1196,1198,IMG_6593,-1.2950416666666666,36.80044166666666,2023,2,Used/,,Self,IMG_6593,[0.36125344038009644],"[[522.1232299804688, 582.5917358398438, 1170.2635498046875, 1186.1143798828125]]"
1197,1199,IMG_7855,-1.3134305555555557,36.87139444444445,2023,2,Used/,,Self,IMG_7855,[],[]
1198,1200,IMG_0874,-1.3147805555555556,36.80941111111111,2023,2,Used/,,Self,IMG_0874,[],[]
1199,1201,IMG_0860,-1.3437805555555555,36.76633888888889,2023,2,Used/,,Self,IMG_0860,[],[]
1200,1202,IMG_7869,-1.313325,36.87177222222222,2023,2,Used/,,Self,IMG_7869,"[0.3821839690208435, 0.3553083539009094, 0.29252156615257263]","[[213.27281188964844, 900.740966796875, 847.726318359375, 1582.727294921875], [2133.025146484375, 2115.95166015625, 3024.0, 3233.06298828125], [0.0, 3835.376220703125, 2107.05859375, 4030.872314453125]]"
1201,1203,IMG_6544,-1.297947222222222,36.78839166666666,2023,2,Used/,,Self,IMG_6544,[],[]
1202,1204,IMG_0653,-1.2991083333333333,36.762077777777776,2023,2,Used/,,Self,IMG_0653,[],[]
1203,1205,IMG_6222,-1.280861111111111,36.816833333333335,2023,2,Used/,,Self,IMG_6222,[],[]
1204,1206,IMG_7128,-1.2970583333333332,36.80261944444444,2023,2,Used/,,Self,IMG_7128,[],[]
1205,1207,IMG_0647,-1.3005111111111112,36.76968333333333,2023,2,Used/,,Self,IMG_0647,[],[]
1206,1208,IMG_6236,-1.277372222222222,36.82141111111112,2023,2,Used/,,Self,IMG_6236,[],[]
1207,1209,IMG_6550,-1.2979083333333332,36.78906944444444,2023,2,Used/,,Self,IMG_6550,[],[]
1208,1210,IMG_6578,-1.2939527777777775,36.79514722222222,2023,2,Used/,,Self,IMG_6578,[],[]
1209,1211,IMG_7666,-1.3155527777777778,36.86264722222222,2023,2,Used/,,Self,IMG_7666,[],[]
1210,1212,IMG_8555,-1.2814333333333332,36.81540555555555,2023,2,Used/,,Self,IMG_8555,[0.2509254217147827],"[[841.4863891601562, 891.6891479492188, 1488.028076171875, 1267.084716796875]]"
1211,1213,IMG_7100,-1.299311111111111,36.793680555555554,2023,2,Used/,,Self,IMG_7100,[0.326578825712204],"[[2751.042724609375, 2074.735107421875, 3328.119140625, 2294.059326171875]]"
1212,1214,IMG_8233,-1.288025,36.95163333333333,2023,2,Used/,,Self,IMG_8233,[0.34913191199302673],"[[2770.344970703125, 2002.3316650390625, 3866.34326171875, 2679.6708984375]]"
1213,1215,IMG_7114,-1.2991499999999998,36.79626944444444,2023,2,Used/,,Self,IMG_7114,[],[]
1214,1216,IMG_8227,-1.289097222222222,36.949930555555554,2023,2,Used/,,Self,IMG_8227,[0.26959630846977234],"[[1361.8450927734375, 2692.67236328125, 1913.5714111328125, 2861.151123046875]]"
1215,1217,IMG_7672,-1.314952777777778,36.86317777777778,2023,2,Used/,,Self,IMG_7672,[],[]
1216,1218,IMG_8541,-1.2664861111111112,36.98893611111111,2023,2,Used/,,Self,IMG_8541,[],[]
1217,1219,IMG_8226,-1.2894638888888887,36.94933888888889,2023,2,Used/,,Self,IMG_8226,"[0.440020352602005, 0.42467689514160156, 0.27693745493888855]","[[0.0, 2384.08349609375, 249.22023010253906, 2544.464599609375], [2175.6640625, 2296.9365234375, 2690.63818359375, 2512.1181640625], [471.6691589355469, 2566.025146484375, 1739.8275146484375, 2787.1357421875]]"
1218,1220,IMG_7115,-1.2990777777777776,36.79660833333333,2023,2,Used/,,Self,IMG_7115,[],[]
1219,1221,IMG_8540,-1.2667722222222222,36.98941111111111,2023,2,Used/,,Self,IMG_8540,[],[]
1220,1222,IMG_7673,-1.3147916666666668,36.86327777777778,2023,2,Used/,,Self,IMG_7673,[],[]
1221,1223,IMG_8554,-1.2817444444444444,36.81472222222222,2023,2,Used/,,Self,IMG_8554,[],[]
1222,1224,IMG_7667,-1.3153805555555556,36.86281111111112,2023,2,Used/,,Self,IMG_7667,[0.6318958401679993],"[[8.941373825073242, 1636.86572265625, 909.182373046875, 2557.186767578125]]"
1223,1225,IMG_6579,-1.2939027777777776,36.795475,2023,2,Used/,,Self,IMG_6579,[],[]
1224,1226,IMG_8232,-1.2882527777777777,36.95126666666667,2023,2,Used/,,Self,IMG_8232,[],[]
1225,1227,IMG_7101,-1.2993083333333333,36.79378055555556,2023,2,Used/,,Self,IMG_7101,[0.5586464405059814],"[[2151.784912109375, 2031.546875, 2685.811767578125, 2222.411865234375]]"
1226,1228,IMG_6237,-1.2771777777777775,36.821622222222224,2023,2,Used/,,Self,IMG_6237,[0.29152724146842957],"[[1787.198486328125, 2771.440673828125, 2178.0283203125, 2952.6103515625]]"
1227,1229,IMG_0646,-1.300475,36.77047777777778,2023,2,Used/,,Self,IMG_0646,[],[]
1228,1230,IMG_7129,-1.2969055555555555,36.80260555555555,2023,2,Used/,,Self,IMG_7129,[],[]
1229,1231,IMG_6551,-1.297897222222222,36.789325,2023,2,Used/,,Self,IMG_6551,"[0.5342632532119751, 0.2673128843307495]","[[785.3475341796875, 1478.7874755859375, 1607.1014404296875, 1982.6370849609375], [0.0, 2119.860595703125, 1783.8916015625, 3023.200927734375]]"
1230,1232,IMG_6545,-1.2979444444444443,36.78844444444445,2023,2,Used/,,Self,IMG_6545,[],[]
1231,1233,IMG_6223,-1.2807722222222222,36.81697777777778,2023,2,Used/,,Self,IMG_6223,[],[]
1232,1234,IMG_0652,-1.2993805555555555,36.763466666666666,2023,2,Used/,,Self,IMG_0652,"[0.3760637640953064, 0.27678462862968445]","[[3284.488525390625, 1821.230224609375, 3634.75830078125, 2005.7789306640625], [3326.760986328125, 1821.6031494140625, 3616.283935546875, 1977.1912841796875]]"
1233,1235,IMG_0861,-1.3422527777777775,36.76733888888889,2023,2,Used/,,Self,IMG_0861,[],[]
1234,1236,IMG_7868,-1.3133194444444445,36.87177222222222,2023,2,Used/,,Self,IMG_7868,"[0.4906452000141144, 0.3143256902694702, 0.2884971499443054]","[[3.2499754428863525, 3729.654541015625, 2097.035888671875, 4022.185302734375], [0.0, 2292.511962890625, 593.8771362304688, 2930.392333984375], [413.648193359375, 3767.38525390625, 2109.79345703125, 4027.99853515625]]"
1235,1237,IMG_0875,-1.3120444444444446,36.80618333333333,2023,2,Used/,,Self,IMG_0875,"[0.5157461762428284, 0.4226440191268921]","[[0.0, 2767.393310546875, 929.361083984375, 2982.70751953125], [1158.0521240234375, 2121.30615234375, 1763.3199462890625, 2595.541748046875]]"
1236,1238,IMG_0685,-1.311588888888889,36.7239,2023,2,Used/,,Self,IMG_0685,[],[]
1237,1239,IMG_7854,-1.3130861111111112,36.87151111111111,2023,2,Used/,,Self,IMG_7854,"[0.6703212857246399, 0.2528609335422516]","[[0.0, 2451.35791015625, 932.5430297851562, 3021.138671875], [0.0, 2415.029296875, 1901.92431640625, 3021.175048828125]]"
1238,1240,IMG_6592,-1.2950722222222222,36.800330555555554,2023,2,Used/,,Self,IMG_6592,[],[]
1239,1241,IMG_7840,-1.3127,36.870075,2023,2,Used/,,Self,IMG_7840,"[0.6872079372406006, 0.6199207901954651, 0.5446599721908569, 0.44601958990097046]","[[15.273576736450195, 986.2557373046875, 4030.272216796875, 3003.60986328125], [0.0, 17.18272590637207, 387.92315673828125, 1095.4971923828125], [2523.533935546875, 383.6559143066406, 4032.0, 1782.84765625], [2.301072597503662, 24.302141189575195, 889.2242431640625, 1099.0316162109375]]"
1240,1242,IMG_6586,-1.2948527777777776,36.798922222222224,2023,2,Used/,,Self,IMG_6586,[],[]
1241,1243,IMG_7698,-1.3160972222222225,36.86807777777778,2023,2,Used/,,Self,IMG_7698,[],[]
1242,1244,IMG_0691,-1.3155305555555556,36.71932777777778,2023,2,Used/,,Self,IMG_0691,[0.2629081606864929],"[[1559.5665283203125, 1100.8338623046875, 1919.920654296875, 1343.3887939453125]]"
1243,1245,IMG_0849,-1.380386111111111,36.77030277777778,2023,2,Used/,,Self,IMG_0849,[],[]
1244,1246,IMG_7471,-1.2609805555555555,36.83825555555556,2023,2,Used/,,Self,IMG_7471,[],[]
1245,1247,IMG_8742,-1.097986111111111,36.141102777777775,2023,2,Used/,,Self,IMG_8742,[],[]
1246,1248,IMG_7317,-1.2870916666666663,36.800955555555554,2023,2,Used/,,Self,IMG_7317,"[0.6129164695739746, 0.4201869070529938]","[[3409.15087890625, 10.598949432373047, 3926.5751953125, 463.3939208984375], [3288.66357421875, 709.71142578125, 4031.12548828125, 1424.1319580078125]]"
1247,1249,IMG_7303,-1.2869,36.80363611111111,2023,2,Used/,,Self,IMG_7303,[],[]
1248,1250,IMG_8030,-1.297561111111111,36.79597222222222,2023,2,Used/,,Self,IMG_8030,[],[]
1249,1251,IMG_7465,-1.2656083333333332,36.8353,2023,2,Used/,,Self,IMG_7465,[],[]
1250,1252,IMG_7459,-1.267236111111111,36.83397777777778,2023,2,Used/,,Self,IMG_7459,[],[]
1251,1253,IMG_6974,-1.3534333333333337,36.74834444444445,2023,2,Used/,,Self,IMG_6974,"[0.5995880961418152, 0.45422568917274475, 0.43152278661727905, 0.342301607131958]","[[1.6152304410934448, 31.420978546142578, 722.1461791992188, 1504.476806640625], [893.8871459960938, 877.5858154296875, 1461.0020751953125, 1100.4998779296875], [15.640410423278809, 2204.251220703125, 1674.35107421875, 3012.4580078125], [699.4266967773438, 2190.64599609375, 1716.3157958984375, 2629.994873046875]]"
1252,1254,IMG_6960,-1.370761111111111,36.74410555555556,2023,2,Used/,,Self,IMG_6960,[],[]
1253,1255,IMG_6948,-1.3748194444444444,36.74619722222222,2023,2,Used/,,Self,IMG_6948,[0.33322611451148987],"[[2977.856201171875, 796.1382446289062, 4031.0126953125, 1721.2955322265625]]"
1254,1256,IMG_7505,-1.246033333333333,36.81533888888889,2023,2,Used/,,Self,IMG_7505,[],[]
1255,1257,IMG_8636,-1.299511111111111,36.76423333333334,2023,2,Used/,,Self,IMG_8636,[],[]
1256,1258,IMG_7263,-1.2784916666666666,36.80621666666666,2023,2,Used/,,Self,IMG_7263,[],[]
1257,1259,IMG_8150,-1.3286722222222225,36.87898333333333,2023,2,Used/,,Self,IMG_8150,[0.2585318684577942],"[[696.263427734375, 2273.59326171875, 1364.4117431640625, 2516.804443359375]]"
1258,1260,IMG_6169,-1.338411111111111,36.92206111111111,2023,2,Used/,,Self,IMG_6169,[0.6601338386535645],"[[280.2065734863281, 2226.5146484375, 3987.248779296875, 3021.780517578125]]"
1259,1261,IMG_7277,-1.2821527777777777,36.80727777777778,2023,2,Used/,,Self,IMG_7277,[],[]
1260,1262,IMG_8144,-1.3293305555555557,36.87412222222223,2023,2,Used/,,Self,IMG_8144,"[0.38990166783332825, 0.27639785408973694]","[[145.54598999023438, 1892.4744873046875, 2842.9462890625, 2349.792724609375], [892.2940063476562, 1888.7744140625, 2856.323974609375, 2332.929443359375]]"
1261,1263,IMG_8622,-1.2996777777777777,36.78737777777778,2023,2,Used/,,Self,IMG_8622,[0.6044878363609314],"[[906.6304931640625, 1608.7547607421875, 1682.457763671875, 2124.424560546875]]"
1262,1264,IMG_6155,-1.3288666666666666,36.87763888888889,2023,2,Used/,,Self,IMG_6155,[],[]
1263,1265,IMG_8178,-1.32005,36.90601111111111,2023,2,Used/,,Self,IMG_8178,[],[]
1264,1266,IMG_8193,-1.3110027777777775,36.92798888888888,2023,2,Used/,,Self,IMG_8193,[0.2772441804409027],"[[1299.432861328125, 522.9574584960938, 1651.7652587890625, 749.3361206054688]]"
1265,1267,IMG_8187,-1.3139472222222222,36.92258888888889,2023,2,Used/,,Self,IMG_8187,[],[]
1266,1268,IMG_6182,-1.310186111111111,36.82884166666667,2023,2,Used/,,Self,IMG_6182,"[0.6794018149375916, 0.3236161470413208]","[[2.6493048667907715, 2442.574462890625, 787.8681640625, 2722.0185546875], [914.8938598632812, 2284.52978515625, 3521.7802734375, 2584.215087890625]]"
1267,1269,IMG_7288,-1.284822222222222,36.80553055555555,2023,2,Used/,,Self,IMG_7288,[],[]
1268,1270,IMG_6196,-1.296836111111111,36.81860555555556,2023,2,Used/,,Self,IMG_6196,[],[]
1269,1271,IMG_8352,-1.2704527777777777,36.99556111111112,2023,2,Used/,,Self,IMG_8352,[],[]
1270,1272,IMG_7061,-1.2995138888888889,36.78847777777778,2023,2,Used/,,Self,IMG_7061,[0.4968652129173279],"[[1747.8834228515625, 2522.106689453125, 3064.065185546875, 3023.3212890625]]"
1271,1273,IMG_8434,-1.278836111111111,37.04085555555555,2023,2,Used/,,Self,IMG_8434,[],[]
1272,1274,IMG_7707,-1.3155527777777778,36.86921666666667,2023,2,Used/,,Self,IMG_7707,[],[]
1273,1275,IMG_8420,-1.2779361111111112,37.03154722222222,2023,2,Used/,,Self,IMG_8420,[],[]
1274,1276,IMG_7713,-1.3145777777777778,36.86955555555556,2023,2,Used/,,Self,IMG_7713,[],[]
1275,1277,IMG_8346,-1.2691861111111111,36.99352777777778,2023,2,Used/,,Self,IMG_8346,[],[]
1276,1278,IMG_7075,-1.2995305555555554,36.78957222222222,2023,2,Used/,,Self,IMG_7075,[],[]
1277,1279,IMG_0732,-1.3374888888888887,36.72982777777778,2023,2,Used/,,Self,IMG_0732,[],[]
1278,1280,IMG_6343,-1.225563888888889,36.78830555555555,2023,2,Used/,,Self,IMG_6343,[0.5679993033409119],"[[2567.838134765625, 1808.5889892578125, 3847.77392578125, 2159.580322265625]]"
1279,1281,IMG_8408,-1.2774388888888888,37.02626388888888,2023,2,Used/,,Self,IMG_8408,"[0.8342863917350769, 0.5657557845115662]","[[0.2981002628803253, 6.017905235290527, 1256.3502197265625, 733.6732788085938], [1821.7857666015625, 0.0, 3343.784912109375, 708.7321166992188]]"
1280,1282,IMG_6431,-1.3186055555555556,36.79396944444444,2023,2,Used/,,Self,IMG_6431,[],[]
1281,1283,IMG_7049,-1.3117416666666668,36.79134444444444,2023,2,Used/,,Self,IMG_7049,[],[]
1282,1284,IMG_0726,-1.336938888888889,36.72603611111112,2023,2,Used/,,Self,IMG_0726,[],[]
1283,1285,IMG_6357,-1.2713194444444444,36.76804444444444,2023,2,Used/,,Self,IMG_6357,[],[]
1284,1286,IMG_0915,-1.2941916666666666,36.79636388888888,2023,2,Used/,,Self,IMG_0915,[],[]
1285,1287,IMG_8391,-1.2766555555555554,37.01775833333333,2023,2,Used/,,Self,IMG_8391,[],[]
1286,1288,IMG_0901,-1.293336111111111,36.79251388888888,2023,2,Used/,,Self,IMG_0901,[],[]
1287,1289,IMG_8385,-1.2762361111111111,37.01322222222223,2023,2,Used/,,Self,IMG_8385,[],[]
1288,1290,IMG_6380,-1.2927138888888887,36.77519722222222,2023,2,Used/,,Self,IMG_6380,[0.7125203609466553],"[[950.3318481445312, 2439.3369140625, 2785.129638671875, 3024.0]]"
1289,1291,IMG_8381,-1.2759944444444444,37.010577777777776,2023,2,Used/,,Self,IMG_8381,[0.3245716989040375],"[[2424.579345703125, 2479.93505859375, 3999.352294921875, 2752.386962890625]]"
1290,1292,IMG_0905,-1.2935138888888889,36.79345277777777,2023,2,Used/,,Self,IMG_0905,[],[]
1291,1293,IMG_8395,-1.277013888888889,37.02160277777778,2023,2,Used/,,Self,IMG_8395,[0.5692078471183777],"[[1908.7872314453125, 2137.84375, 2754.896728515625, 2383.70458984375]]"
1292,1294,IMG_0911,-1.293972222222222,36.795497222222224,2023,2,Used/,,Self,IMG_0911,[],[]
1293,1295,IMG_6390,-1.296486111111111,36.79431388888889,2023,2,Used/,,Self,IMG_6390,[],[]
1294,1296,IMG_6384,-1.2953472222222222,36.78398611111111,2023,2,Used/,,Self,IMG_6384,[],[]
1295,1297,IMG_7071,-1.2995472222222222,36.789119444444445,2023,2,Used/,,Self,IMG_7071,[],[]
1296,1298,IMG_8342,-1.268222222222222,36.99191666666667,2023,2,Used/,,Self,IMG_8342,[],[]
1297,1299,IMG_7717,-1.3142722222222225,36.86964444444445,2023,2,Used/,,Self,IMG_7717,[],[]
1298,1300,IMG_8424,-1.2782194444444444,37.034619444444445,2023,2,Used/,,Self,IMG_8424,[],[]
1299,1301,IMG_7703,-1.3159944444444445,36.86910555555556,2023,2,Used/,,Self,IMG_7703,[],[]
1300,1302,IMG_8430,-1.2787583333333332,37.04015833333333,2023,2,Used/,,Self,IMG_8430,[],[]
1301,1303,IMG_7065,-1.2996055555555557,36.78828611111111,2023,2,Used/,,Self,IMG_7065,[],[]
1302,1304,IMG_8356,-1.270836111111111,36.99619722222222,2023,2,Used/,,Self,IMG_8356,[],[]
1303,1305,IMG_6353,-1.2621583333333333,36.77413611111111,2023,2,Used/,,Self,IMG_6353,[],[]
1304,1306,IMG_0722,-1.3364583333333333,36.72251944444445,2023,2,Used/,,Self,IMG_0722,[],[]
1305,1307,IMG_8418,-1.2778138888888888,37.03032777777778,2023,2,Used/,,Self,IMG_8418,[],[]
1306,1308,IMG_6435,-1.3156527777777778,36.79025277777777,2023,2,Used/,,Self,IMG_6435,"[0.6694158911705017, 0.42559003829956055, 0.33786651492118835]","[[1303.5382080078125, 2476.891845703125, 1816.8531494140625, 2705.602294921875], [2115.545166015625, 2251.468505859375, 3002.892822265625, 2985.66064453125], [1966.1488037109375, 2639.78662109375, 2350.42138671875, 2945.691162109375]]"
1307,1309,IMG_6347,-1.2502166666666668,36.77632777777778,2023,2,Used/,,Self,IMG_6347,[],[]
1308,1310,IMG_7059,-1.2998638888888887,36.78818055555556,2023,2,Used/,,Self,IMG_7059,[],[]
1309,1311,IMG_0736,-1.3379305555555554,36.73295555555556,2023,2,Used/,,Self,IMG_0736,[0.338906854391098],"[[948.9259033203125, 961.70654296875, 1534.220703125, 1360.6275634765625]]"
1310,1312,IMG_8183,-1.3184277777777778,36.91105555555556,2023,2,Used/,,Self,IMG_8183,[],[]
1311,1313,IMG_8197,-1.3082972222222222,36.93248055555555,2023,2,Used/,,Self,IMG_8197,[0.40831616520881653],"[[2179.09228515625, 2311.822998046875, 2589.387451171875, 2440.9091796875]]"
1312,1314,IMG_6192,-1.2996166666666666,36.82211111111111,2023,2,Used/,,Self,IMG_6192,[],[]
1313,1315,IMG_6186,-1.3004777777777778,36.82421111111111,2023,2,Used/,,Self,IMG_6186,[0.7140312790870667],"[[1063.318115234375, 1545.349853515625, 1849.8353271484375, 2156.478759765625]]"
1314,1316,IMG_7298,-1.2864805555555554,36.804316666666665,2023,2,Used/,,Self,IMG_7298,[],[]
1315,1317,IMG_8626,-1.3000972222222222,36.77860277777778,2023,2,Used/,,Self,IMG_8626,[],[]
1316,1318,IMG_7515,-1.2377805555555557,36.81076944444444,2023,2,Used/,,Self,IMG_7515,[],[]
1317,1319,IMG_8140,-1.3295777777777775,36.87228055555556,2023,2,Used/,,Self,IMG_8140,[],[]
1318,1320,IMG_7273,-1.2811333333333332,36.80724444444444,2023,2,Used/,,Self,IMG_7273,[],[]
1319,1321,IMG_8154,-1.3283833333333332,36.88120277777778,2023,2,Used/,,Self,IMG_8154,"[0.633389949798584, 0.2879347801208496]","[[3.0192625522613525, 2369.834716796875, 1134.193603515625, 2647.100341796875], [1682.0072021484375, 1892.3802490234375, 2926.501708984375, 2115.049072265625]]"
1320,1322,IMG_7267,-1.2793583333333334,36.80689722222222,2023,2,Used/,,Self,IMG_7267,"[0.39211422204971313, 0.2594316005706787]","[[1795.93212890625, 2589.66064453125, 2561.087646484375, 3024.0], [1503.9110107421875, 2619.618896484375, 2554.705322265625, 3022.25341796875]]"
1321,1323,IMG_6179,-1.3297777777777775,36.85509444444445,2023,2,Used/,,Self,IMG_6179,[0.3260004222393036],"[[0.0, 2320.85400390625, 2244.275390625, 2865.0595703125]]"
1322,1324,IMG_8632,-1.300138888888889,36.76727777777778,2023,2,Used/,,Self,IMG_8632,[],[]
1323,1325,IMG_7501,-1.2466861111111112,36.815597222222216,2023,2,Used/,,Self,IMG_7501,"[0.5996142625808716, 0.4784095883369446]","[[409.4776916503906, 51.03484344482422, 4032.0, 2706.430419921875], [283.7295837402344, 2262.69482421875, 1490.6063232421875, 2822.60009765625]]"
1324,1326,IMG_6151,-1.3293777777777778,36.874375,2023,2,Used/,,Self,IMG_6151,[],[]
1325,1327,IMG_8168,-1.3273305555555557,36.89420277777778,2023,2,Used/,,Self,IMG_8168,[],[]
1326,1328,IMG_6964,-1.3659444444444446,36.74363055555556,2023,2,Used/,,Self,IMG_6964,[],[]
1327,1329,IMG_6970,-1.3568250000000002,36.74666111111111,2023,2,Used/,,Self,IMG_6970,[0.5550470948219299],"[[1034.701904296875, 2626.076171875, 1690.4505615234375, 3017.00732421875]]"
1328,1330,IMG_6958,-1.3714861111111112,36.74418611111111,2023,2,Used/,,Self,IMG_6958,[],[]
1329,1331,IMG_7461,-1.2665694444444444,36.834408333333336,2023,2,Used/,,Self,IMG_7461,[],[]
1330,1332,IMG_8034,-1.2972777777777778,36.79708888888889,2023,2,Used/,,Self,IMG_8034,"[0.29442691802978516, 0.28094154596328735]","[[832.728271484375, 0.0, 4026.240478515625, 1653.245849609375], [1026.490478515625, 812.0599365234375, 1510.357666015625, 1219.5909423828125]]"
1331,1333,IMG_7307,-1.2875638888888887,36.80291111111111,2023,2,Used/,,Self,IMG_7307,[],[]
1332,1334,IMG_7313,-1.2873,36.80181944444444,2023,2,Used/,,Self,IMG_7313,[],[]
1333,1335,IMG_7475,-1.259747222222222,36.83630277777778,2023,2,Used/,,Self,IMG_7475,[],[]
1334,1336,IMG_0871,-1.3127777777777778,36.815302777777774,2023,2,Used/,,Self,IMG_0871,[],[]
1335,1337,IMG_7878,-1.3133777777777778,36.87139722222222,2023,2,Used/,,Self,IMG_7878,[],[]
1336,1338,IScommercial,-1.3155777777777775,36.86261666666667,2023,2,Used/,,Self,IScommercial,[],[]
1337,1339,IMG_0695,-1.3168305555555555,36.71879444444445,2023,2,Used/,,Self,IMG_0695,[],[]
1338,1340,IMG_7844,-1.3128222222222223,36.87006944444445,2023,2,Used/,,Self,IMG_7844,[],[]
1339,1341,IMG_6582,-1.2940944444444444,36.79584444444444,2023,2,Used/,,Self,IMG_6582,[],[]
1340,1342,IMG_7688,-1.3159694444444443,36.86620277777778,2023,2,Used/,,Self,IMG_7688,[],[]
1341,1343,IMG_7850,-1.3131694444444444,36.87131388888889,2023,2,Used/,,Self,IMG_7850,"[0.382884681224823, 0.32616108655929565]","[[3222.80322265625, 2126.844482421875, 3764.76318359375, 2317.115478515625], [18.397045135498047, 1874.8990478515625, 1890.9700927734375, 2441.708984375]]"
1342,1344,IMG_0859,-1.346386111111111,36.76501944444444,2023,2,Used/,,Self,IMG_0859,[0.48250487446784973],"[[0.0, 2350.883544921875, 2508.713623046875, 3024.0]]"
1343,1345,IMG_0681,-1.3093833333333331,36.72719166666667,2023,2,Used/,,Self,IMG_0681,[],[]
1344,1346,IMG_7105,-1.2993027777777777,36.79441944444444,2023,2,Used/,,Self,IMG_7105,"[0.5550904273986816, 0.39255672693252563]","[[697.3909301757812, 2302.2373046875, 1093.4188232421875, 2411.122314453125], [1713.6964111328125, 1418.8968505859375, 2427.9111328125, 1946.3699951171875]]"
1345,1347,IMG_8236,-1.287522222222222,36.95245555555556,2023,2,Used/,,Self,IMG_8236,[0.5622156858444214],"[[1772.0513916015625, 2296.55908203125, 4019.624755859375, 2878.508544921875]]"
1346,1348,IMG_7663,-1.315763888888889,36.86244166666667,2023,2,Used/,,Self,IMG_7663,[],[]
1347,1349,IMG_8550,-1.2824694444444444,36.81424722222222,2023,2,Used/,,Self,IMG_8550,[],[]
1348,1350,IMG_6569,-1.296072222222222,36.79532222222222,2023,2,Used/,,Self,IMG_6569,[],[]
1349,1351,IMG_7677,-1.3154527777777778,36.86435555555556,2023,2,Used/,,Self,IMG_7677,[],[]
1350,1352,IMG_8544,-1.2636666666666667,36.98112777777778,2023,2,Used/,,Self,IMG_8544,[],[]
1351,1353,IMG_7111,-1.299213888888889,36.795922222222224,2023,2,Used/,,Self,IMG_7111,[],[]
1352,1354,IMG_8222,-1.2904027777777776,36.947827777777775,2023,2,Used/,,Self,IMG_8222,[],[]
1353,1355,IMG_0656,-1.3061222222222222,36.7411,2023,2,Used/,,Self,IMG_0656,[],[]
1354,1356,IMG_7139,-1.296361111111111,36.79534722222222,2023,2,Used/,,Self,IMG_7139,[],[]
1355,1357,IMG_6227,-1.2796138888888888,36.81994166666667,2023,2,Used/,,Self,IMG_6227,[],[]
1356,1358,IMG_6541,-1.297975,36.78811944444444,2023,2,Used/,,Self,IMG_6541,[],[]
1357,1359,IMG_6555,-1.2977944444444445,36.79120277777778,2023,2,Used/,,Self,IMG_6555,[],[]
1358,1360,IMG_0642,-1.300313888888889,36.77413055555555,2023,2,Used/,,Self,IMG_0642,[],[]
1359,1361,IMG_6233,-1.2778138888888888,36.82091388888889,2023,2,Used/,,Self,IMG_6233,[0.6117838621139526],"[[661.7130737304688, 722.5314331054688, 1232.29638671875, 1118.1163330078125]]"
1360,1362,IMG_6554,-1.2978277777777776,36.79053888888889,2023,2,Used/,,Self,IMG_6554,[],[]
1361,1363,IMG_6232,-1.277986111111111,36.82071388888889,2023,2,Used/,,Self,IMG_6232,[],[]
1362,1364,IMG_0643,-1.3003333333333331,36.77340555555556,2023,2,Used/,,Self,IMG_0643,[],[]
1363,1365,IMG_6226,-1.2799138888888888,36.81858055555556,2023,2,Used/,,Self,IMG_6226,[],[]
1364,1366,IMG_0657,-1.306213888888889,36.74065,2023,2,Used/,,Self,IMG_0657,[],[]
1365,1367,IMG_6540,-1.2980555555555555,36.788075,2023,2,Used/,,Self,IMG_6540,[0.6650610566139221],"[[5.329563617706299, 2009.80224609375, 1308.896484375, 2528.504638671875]]"
1366,1368,IMG_8545,-1.2636666666666667,36.98112777777778,2023,2,Used/,,Self,IMG_8545,[],[]
1367,1369,IMG_7676,-1.3154777777777775,36.86430555555555,2023,2,Used/,,Self,IMG_7676,"[0.3626255989074707, 0.34337395429611206, 0.2554800510406494]","[[0.0, 2515.444091796875, 529.3336181640625, 3023.408935546875], [0.0, 1178.4056396484375, 766.707763671875, 1892.2581787109375], [2154.61962890625, 1879.6024169921875, 3243.20703125, 3024.0]]"
1368,1370,IMG_6568,-1.2967194444444443,36.79543333333333,2023,2,Used/,,Self,IMG_6568,[],[]
1369,1371,IMG_8223,-1.2902833333333332,36.948025,2023,2,Used/,,Self,IMG_8223,[],[]
1370,1372,IMG_7110,-1.299236111111111,36.795763888888885,2023,2,Used/,,Self,IMG_7110,[],[]
1371,1373,IMG_8237,-1.2874472222222222,36.95257222222222,2023,2,Used/,,Self,IMG_8237,[0.617843508720398],"[[700.954833984375, 1838.539794921875, 1016.1968994140625, 1975.8304443359375]]"
1372,1374,IMG_7104,-1.2993027777777777,36.79420277777778,2023,2,Used/,,Self,IMG_7104,[],[]
1373,1375,IMG_8551,-1.2821583333333333,36.814322222222216,2023,2,Used/,,Self,IMG_8551,[],[]
1374,1376,IMG_7662,-1.315838888888889,36.86235,2023,2,Used/,,Self,IMG_7662,[],[]
1375,1377,IMG_7851,-1.313125,36.87136111111111,2023,2,Used/,,Self,IMG_7851,[0.6532690525054932],"[[1554.92333984375, 1954.632568359375, 2515.343017578125, 2242.685302734375]]"
1376,1378,IMG_7689,-1.3159833333333333,36.86629444444445,2023,2,Used/,,Self,IMG_7689,[],[]
1377,1379,IMG_0680,-1.3089555555555556,36.72767222222223,2023,2,Used/,,Self,IMG_0680,[],[]
1378,1380,IMG_0858,-1.3584027777777778,36.76255,2023,2,Used/,,Self,IMG_0858,[],[]
1379,1381,IMG_0694,-1.316438888888889,36.71885277777778,2023,2,Used/,,Self,IMG_0694,[],[]
1380,1382,IMG_6583,-1.294097222222222,36.79586944444444,2023,2,Used/,,Self,IMG_6583,[],[]
1381,1383,IMG_7845,-1.3128388888888889,36.870152777777776,2023,2,Used/,,Self,IMG_7845,"[0.9002719521522522, 0.714726984500885]","[[419.9205017089844, 1083.8980712890625, 4019.446044921875, 3005.393310546875], [2521.842529296875, 666.72607421875, 3016.3056640625, 865.7069091796875]]"
1382,1384,IMG_0864,-1.3398,36.77118611111111,2023,2,Used/,,Self,IMG_0864,[],[]
1383,1385,IMG_0870,-1.3136611111111112,36.81527222222222,2023,2,Used/,,Self,IMG_0870,[],[]
1384,1386,IMG_7312,-1.2873472222222222,36.80204722222222,2023,2,Used/,,Self,IMG_7312,[0.50909423828125],"[[208.29498291015625, 2679.184814453125, 870.1917114257812, 3022.538330078125]]"
1385,1387,IMG_7474,-1.260238888888889,36.83707777777778,2023,2,Used/,,Self,IMG_7474,"[0.3229312002658844, 0.29011964797973633]","[[729.1112060546875, 1933.477783203125, 1267.0028076171875, 2487.190673828125], [5.152780055999756, 3.8102471828460693, 1474.0313720703125, 398.9774169921875]]"
1386,1388,IMG_7460,-1.2671305555555554,36.83401944444444,2023,2,Used/,,Self,IMG_7460,[],[]
1387,1389,IMG_7306,-1.2875527777777778,36.80308611111111,2023,2,Used/,,Self,IMG_7306,[],[]
1388,1390,IMG_8035,-1.297197222222222,36.79741944444445,2023,2,Used/,,Self,IMG_8035,"[0.7437928318977356, 0.37480825185775757, 0.3737228810787201]","[[0.0, 11.653932571411133, 3284.537841796875, 1623.3387451171875], [952.2301025390625, 30.57445526123047, 3279.485107421875, 2612.760986328125], [0.0, 43.09120559692383, 3285.751708984375, 2472.483154296875]]"
1389,1391,IMG_6959,-1.3714444444444445,36.74415555555556,2023,2,Used/,,Self,IMG_6959,[],[]
1390,1392,IMG_6971,-1.3567805555555557,36.74666666666667,2023,2,Used/,,Self,IMG_6971,[],[]
1391,1393,IMG_6965,-1.3644861111111113,36.74579722222222,2023,2,Used/,,Self,IMG_6965,[0.2779925763607025],"[[0.33020779490470886, 489.6894226074219, 469.27960205078125, 1250.5439453125]]"
1392,1394,river2,-1.3121027777777778,36.87036111111111,2023,2,Used/,,Self,river2,"[0.8944737911224365, 0.7341405749320984]","[[0.0, 1390.94482421875, 2120.78662109375, 3012.33203125], [2212.122802734375, 1727.672607421875, 3239.3388671875, 2506.78515625]]"
1393,1395,IMG_8169,-1.326922222222222,36.89486111111111,2023,2,Used/,,Self,IMG_8169,[],[]
1394,1396,IMG_6150,-1.3294388888888888,36.87395277777778,2023,2,Used/,,Self,IMG_6150,[],[]
1395,1397,IMG_6178,-1.3298555555555556,36.85524722222223,2023,2,Used/,,Self,IMG_6178,[],[]
1396,1398,IMG_7266,-1.2791027777777777,36.80670555555555,2023,2,Used/,,Self,IMG_7266,[],[]
1397,1399,IMG_8155,-1.328447222222222,36.883377777777774,2023,2,Used/,,Self,IMG_8155,[],[]
1398,1400,IMG_7500,-1.2476277777777778,36.815952777777774,2023,2,Used/,,Self,IMG_7500,[],[]
1399,1401,IMG_8633,-1.300013888888889,36.76679166666666,2023,2,Used/,,Self,IMG_8633,[0.6484554409980774],"[[2320.76708984375, 1610.1490478515625, 4000.884033203125, 1799.2828369140625]]"
1400,1402,IMG_7514,-1.2378833333333334,36.81071388888888,2023,2,Used/,,Self,IMG_7514,[0.2840719521045685],"[[595.3429565429688, 990.4965209960938, 1023.4187622070312, 1283.287353515625]]"
1401,1403,IMG_8627,-1.3001166666666668,36.77807222222222,2023,2,Used/,,Self,IMG_8627,[],[]
1402,1404,IMG_7272,-1.2804083333333334,36.80721666666666,2023,2,Used/,,Self,IMG_7272,[],[]
1403,1405,IMG_8141,-1.3294805555555556,36.87306111111111,2023,2,Used/,,Self,IMG_8141,[],[]
1404,1406,IMG_7299,-1.286411111111111,36.80418888888889,2023,2,Used/,,Self,IMG_7299,[],[]
1405,1407,IMG_6187,-1.2998777777777777,36.82350555555556,2023,2,Used/,,Self,IMG_6187,[0.287795752286911],"[[177.84156799316406, 2731.025146484375, 2502.155029296875, 3016.695556640625]]"
1406,1408,IMG_6193,-1.299522222222222,36.82157777777778,2023,2,Used/,,Self,IMG_6193,[],[]
1407,1409,IMG_8196,-1.3085916666666668,36.93223611111111,2023,2,Used/,,Self,IMG_8196,[],[]
1408,1410,IMG_8182,-1.3184111111111112,36.91051111111111,2023,2,Used/,,Self,IMG_8182,[],[]
1409,1411,IMG_0737,-1.337997222222222,36.73335277777778,2023,2,Used/,,Self,IMG_0737,"[0.2960091531276703, 0.26541346311569214]","[[448.3615417480469, 423.4280700683594, 3476.98193359375, 1499.5084228515625], [464.2604675292969, 466.7052307128906, 2944.423583984375, 1354.6695556640625]]"
1410,1412,IMG_7058,-1.2998638888888887,36.78818055555556,2023,2,Used/,,Self,IMG_7058,[],[]
1411,1413,IMG_6346,-1.2472527777777778,36.77809722222222,2023,2,Used/,,Self,IMG_6346,[],[]
1412,1414,IMG_0723,-1.3365555555555555,36.72318611111111,2023,2,Used/,,Self,IMG_0723,[],[]
1413,1415,IMG_6352,-1.2572472222222222,36.77455277777778,2023,2,Used/,,Self,IMG_6352,[0.3417890667915344],"[[1384.811767578125, 18.758831024169922, 2182.426513671875, 801.8212280273438]]"
1414,1416,IMG_6434,-1.3174222222222225,36.79191111111111,2023,2,Used/,,Self,IMG_6434,"[0.6682820320129395, 0.38903284072875977]","[[2932.037841796875, 2181.765625, 4025.07080078125, 2412.408203125], [2293.713134765625, 2654.0693359375, 4032.0, 3018.573486328125]]"
1415,1417,IMG_8419,-1.2778666666666667,37.03092222222222,2023,2,Used/,,Self,IMG_8419,[],[]
1416,1418,IMG_8431,-1.2787722222222222,37.04029444444444,2023,2,Used/,,Self,IMG_8431,[],[]
1417,1419,IMG_7702,-1.3162111111111112,36.86907222222222,2023,2,Used/,,Self,IMG_7702,[],[]
1418,1420,IMG_8357,-1.2708833333333334,36.99628611111111,2023,2,Used/,,Self,IMG_8357,[],[]
1419,1421,IMG_7064,-1.2996055555555557,36.78828611111111,2023,2,Used/,,Self,IMG_7064,[],[]
1420,1422,IMG_8343,-1.26845,36.99231388888889,2023,2,Used/,,Self,IMG_8343,[],[]
1421,1423,IMG_7070,-1.2995527777777776,36.78903611111111,2023,2,Used/,,Self,IMG_7070,[],[]
1422,1424,IMG_8425,-1.278311111111111,37.035625,2023,2,Used/,,Self,IMG_8425,"[0.42403507232666016, 0.3033483326435089]","[[0.0, 2534.02294921875, 806.6829833984375, 2834.589599609375], [1.8713939189910889, 2324.564453125, 806.8999633789062, 2830.298828125]]"
1423,1425,IMG_7716,-1.314352777777778,36.869625,2023,2,Used/,,Self,IMG_7716,[],[]
1424,1426,IMG_6385,-1.2950277777777777,36.78758888888888,2023,2,Used/,,Self,IMG_6385,[],[]
1425,1427,IMG_0910,-1.2939194444444444,36.795477777777776,2023,2,Used/,,Self,IMG_0910,[0.6411683559417725],"[[1368.3592529296875, 2392.48046875, 2529.43603515625, 3010.892578125]]"
1426,1428,IMG_8394,-1.2769861111111112,37.02131388888889,2023,2,Used/,,Self,IMG_8394,[],[]
1427,1429,IMG_0904,-1.293497222222222,36.79335277777778,2023,2,Used/,,Self,IMG_0904,[],[]
1428,1430,IMG_8380,-1.2759361111111112,37.00998611111111,2023,2,Used/,,Self,IMG_8380,[],[]
1429,1431,IMG_8396,-1.2770277777777777,37.02175,2023,2,Used/,,Self,IMG_8396,[],[]
1430,1432,IMG_0912,-1.2940277777777776,36.79561111111111,2023,2,Used/,,Self,IMG_0912,"[0.5164461731910706, 0.45610469579696655, 0.4409097731113434]","[[2126.625732421875, 2513.422119140625, 2860.72412109375, 2740.92724609375], [0.0, 2723.99609375, 2062.78759765625, 3015.258544921875], [2115.518798828125, 2427.53466796875, 2857.358642578125, 2766.685791015625]]"
1431,1433,IMG_8382,-1.276061111111111,37.01135,2023,2,Used/,,Self,IMG_8382,[],[]
1432,1434,IMG_0906,-1.2935833333333333,36.79382777777778,2023,2,Used/,,Self,IMG_0906,[],[]
1433,1435,IMG_7099,-1.299322222222222,36.79358611111111,2023,2,Used/,,Self,IMG_7099,"[0.8184748291969299, 0.33327940106391907]","[[3223.53125, 2043.0655517578125, 3553.888916015625, 2231.07666015625], [1559.9656982421875, 2301.85693359375, 1892.685546875, 2487.320068359375]]"
1434,1436,IMG_6387,-1.2951,36.78760277777778,2023,2,Used/,,Self,IMG_6387,[],[]
1435,1437,IMG_6378,-1.2925972222222222,36.77473888888889,2023,2,Used/,,Self,IMG_6378,[0.7488827109336853],"[[0.0, 5.916247367858887, 1178.43310546875, 1127.8804931640625]]"
1436,1438,IMG_8355,-1.270697222222222,36.995975,2023,2,Used/,,Self,IMG_8355,[],[]
1437,1439,IMG_7066,-1.2995861111111109,36.78833888888889,2023,2,Used/,,Self,IMG_7066,[],[]
1438,1440,IMG_0709,-1.3310027777777778,36.71656388888889,2023,2,Used/,,Self,IMG_0709,[],[]
1439,1441,IMG_8433,-1.2788027777777775,37.040572222222224,2023,2,Used/,,Self,IMG_8433,[],[]
1440,1442,IMG_7700,-1.3161472222222224,36.86843611111111,2023,2,Used/,,Self,IMG_7700,[],[]
1441,1443,IMG_8427,-1.2785305555555555,37.037997222222224,2023,2,Used/,,Self,IMG_8427,[],[]
1442,1444,IMG_7714,-1.314452777777778,36.86959722222223,2023,2,Used/,,Self,IMG_7714,[],[]
1443,1445,IMG_8341,-1.2680749999999998,36.99165555555555,2023,2,Used/,,Self,IMG_8341,[],[]
1444,1446,IMG_7072,-1.2995388888888888,36.78923333333333,2023,2,Used/,,Self,IMG_7072,[],[]
1445,1447,IMG_6344,-1.226563888888889,36.78726944444444,2023,2,Used/,,Self,IMG_6344,[0.46661487221717834],"[[721.4974365234375, 1249.2945556640625, 2637.019287109375, 2322.22314453125]]"
1446,1448,IMG_8369,-1.2743805555555554,37.00199166666667,2023,2,Used/,,Self,IMG_8369,[0.6225850582122803],"[[2675.08056640625, 2047.549560546875, 3552.177001953125, 2479.675537109375]]"
1447,1449,IMG_0735,-1.3378305555555554,36.73213055555556,2023,2,Used/,,Self,IMG_0735,[],[]
1448,1450,IMG_7728,-1.3142083333333334,36.87049444444445,2023,2,Used/,,Self,IMG_7728,[],[]
1449,1451,IMG_6436,-1.31565,36.79024722222222,2023,2,Used/,,Self,IMG_6436,"[0.5190340280532837, 0.46803832054138184]","[[1254.9588623046875, 2748.46142578125, 2034.8192138671875, 3022.967529296875], [2123.464111328125, 2525.611572265625, 3006.2099609375, 3021.58203125]]"
1450,1452,IMG_6350,-1.2531,36.77592222222222,2023,2,Used/,,Self,IMG_6350,[],[]
1451,1453,IMG_0721,-1.3364277777777778,36.72195555555556,2023,2,Used/,,Self,IMG_0721,[],[]
1452,1454,IMG_8194,-1.310533333333333,36.92952222222222,2023,2,Used/,,Self,IMG_8194,[],[]
1453,1455,IMG_8180,-1.3185944444444444,36.908875,2023,2,Used/,,Self,IMG_8180,[0.37825721502304077],"[[368.8705749511719, 1680.8140869140625, 922.2998046875, 2221.502685546875]]"
1454,1456,IMG_6185,-1.3004777777777778,36.82421111111111,2023,2,Used/,,Self,IMG_6185,[0.7268147468566895],"[[929.3287963867188, 1699.1888427734375, 1781.4498291015625, 2330.314208984375]]"
1455,1457,IMG_6191,-1.2997638888888887,36.82260555555556,2023,2,Used/,,Self,IMG_6191,[],[]
1456,1458,IMG_7502,-1.2466861111111112,36.815597222222216,2023,2,Used/,,Self,IMG_7502,[0.30451369285583496],"[[0.0, 2362.527099609375, 590.52392578125, 3001.66650390625]]"
1457,1459,IMG_8631,-1.3003694444444445,36.768388888888886,2023,2,Used/,,Self,IMG_8631,[],[]
1458,1460,IMG_7264,-1.2787777777777778,36.80645277777778,2023,2,Used/,,Self,IMG_7264,[0.27516281604766846],"[[589.0414428710938, 2311.696044921875, 1195.9517822265625, 2747.52197265625]]"
1459,1461,IMG_8157,-1.3293666666666666,36.885438888888885,2023,2,Used/,,Self,IMG_8157,[],[]
1460,1462,IMG_7270,-1.2799944444444444,36.80716388888889,2023,2,Used/,,Self,IMG_7270,[],[]
1461,1463,IMG_8143,-1.329411111111111,36.87358888888889,2023,2,Used/,,Self,IMG_8143,[0.29963767528533936],"[[1452.8663330078125, 2171.9990234375, 2578.302490234375, 2342.787109375]]"
1462,1464,IMG_7516,-1.2375861111111113,36.810825,2023,2,Used/,,Self,IMG_7516,[],[]
1463,1465,IMG_8625,-1.299958333333333,36.7807,2023,2,Used/,,Self,IMG_8625,[],[]
1464,1466,IMG_7258,-1.2777222222222222,36.80601388888888,2023,2,Used/,,Self,IMG_7258,[0.853485643863678],"[[0.0, 2196.27001953125, 2828.178466796875, 3023.43994140625]]"
1465,1467,IMG_6152,-1.3292027777777775,36.87561388888889,2023,2,Used/,,Self,IMG_6152,[],[]
1466,1468,IMG_8619,-1.2995,36.79088888888889,2023,2,Used/,,Self,IMG_8619,[],[]
1467,1469,IMG_6973,-1.354588888888889,36.746575,2023,2,Used/,,Self,IMG_6973,[0.3987146317958832],"[[1386.3624267578125, 1968.25390625, 1902.9840087890625, 2208.49951171875]]"
1468,1470,IMG_6967,-1.3642861111111113,36.74660277777778,2023,2,Used/,,Self,IMG_6967,[0.7672352194786072],"[[27.734188079833984, 2083.699462890625, 2648.4599609375, 3022.05078125]]"
1469,1471,IMG_7489,-1.2491805555555555,36.81965277777778,2023,2,Used/,,Self,IMG_7489,"[0.26478004455566406, 0.2525474429130554]","[[811.3115234375, 2642.65869140625, 3979.759033203125, 3022.943603515625], [0.8854568004608154, 1887.4559326171875, 1599.2333984375, 3024.0]]"
1470,1472,IMG_7476,-1.2597305555555556,36.83626111111112,2023,2,Used/,,Self,IMG_7476,[0.5038214325904846],"[[1596.835693359375, 2205.505859375, 2035.6435546875, 2448.013671875]]"
1471,1473,IMG_7310,-1.28745,36.80244722222222,2023,2,Used/,,Self,IMG_7310,[],[]
1472,1474,IMG_7304,-1.2873666666666663,36.803352777777775,2023,2,Used/,,Self,IMG_7304,[0.406701922416687],"[[880.2994384765625, 1748.208740234375, 1655.7135009765625, 2076.512939453125]]"
1473,1475,IMG_8037,-1.2971277777777777,36.79786388888888,2023,2,Used/,,Self,IMG_8037,[],[]
1474,1476,IMG_7462,-1.266475,36.83448333333334,2023,2,Used/,,Self,IMG_7462,[0.5736170411109924],"[[897.4221801757812, 1314.7230224609375, 1521.315185546875, 1605.2474365234375]]"
1475,1477,IMG_7338,-1.2887277777777777,36.79835555555555,2023,2,Used/,,Self,IMG_7338,[],[]
1476,1478,IMG_6998,-1.3488138888888888,36.76462222222222,2023,2,Used/,,Self,IMG_6998,[0.3276607096195221],"[[2524.431884765625, 1966.77734375, 3778.556396484375, 2325.51513671875]]"
1477,1479,IMG_0866,-1.3203305555555556,36.80848333333333,2023,2,Used/,,Self,IMG_0866,[],[]
1478,1480,IMG_0872,-1.3135333333333334,36.81335833333333,2023,2,Used/,,Self,IMG_0872,[],[]
1479,1481,IMG_0682,-1.3098694444444443,36.726552777777776,2023,2,Used/,,Self,IMG_0682,[],[]
1480,1482,IMG_7853,-1.3130722222222222,36.87148888888889,2023,2,Used/,,Self,IMG_7853,"[0.6720549464225769, 0.6630707383155823]","[[1348.8974609375, 2557.674072265625, 2392.44287109375, 3021.300048828125], [66.03195190429688, 1974.318603515625, 2415.562255859375, 3024.0]]"
1481,1483,IMG_6595,-1.2952055555555555,36.80058333333333,2023,2,Used/,,Self,IMG_6595,[],[]
1482,1484,IMG_7847,-1.3128694444444444,36.87079166666667,2023,2,Used/,,Self,IMG_7847,"[0.6881498694419861, 0.5463689565658569]","[[313.76519775390625, 2144.3759765625, 1003.2857055664062, 2692.701416015625], [2552.2119140625, 1835.0802001953125, 3991.700439453125, 3020.63671875]]"
1483,1485,IMG_6581,-1.2940805555555557,36.79577777777778,2023,2,Used/,,Self,IMG_6581,[0.3052908182144165],"[[2406.977783203125, 324.4389343261719, 3201.740966796875, 1047.4493408203125]]"
1484,1486,IMG_0696,-1.3175583333333334,36.71867777777778,2023,2,Used/,,Self,IMG_0696,[],[]
1485,1487,IMG_8221,-1.2905138888888887,36.94754722222222,2023,2,Used/,,Self,IMG_8221,[],[]
1486,1488,IMG_7112,-1.299211111111111,36.795963888888885,2023,2,Used/,,Self,IMG_7112,[],[]
1487,1489,IMG_7674,-1.3148611111111113,36.86362777777778,2023,2,Used/,,Self,IMG_7674,[],[]
1488,1490,IMG_8553,-1.281872222222222,36.814655555555554,2023,2,Used/,,Self,IMG_8553,[],[]
1489,1491,IMG_7660,-1.3159555555555555,36.86220555555556,2023,2,Used/,,Self,IMG_7660,[0.5822820663452148],"[[0.0, 2190.730712890625, 727.9644165039062, 2372.843994140625]]"
1490,1492,IMG_0669,-1.3077194444444444,36.73476111111111,2023,2,Used/,,Self,IMG_0669,[],[]
1491,1493,IMG_8235,-1.2878138888888888,36.95198055555556,2023,2,Used/,,Self,IMG_8235,"[0.41385093331336975, 0.2911995053291321, 0.2766866087913513]","[[20.097015380859375, 1467.526123046875, 2079.35546875, 2013.794677734375], [1868.6885986328125, 2493.10205078125, 3129.138427734375, 2708.9951171875], [1438.7822265625, 2496.241455078125, 3133.1279296875, 2739.363525390625]]"
1492,1494,IMG_7106,-1.2993055555555555,36.79465277777778,2023,2,Used/,,Self,IMG_7106,[],[]
1493,1495,IMG_6218,-1.2815416666666666,36.81502777777777,2023,2,Used/,,Self,IMG_6218,[0.2669287621974945],"[[1925.88232421875, 2064.885009765625, 2590.243896484375, 2409.0107421875]]"
1494,1496,IMG_0641,-1.2999944444444442,36.77433888888888,2023,2,Used/,,Self,IMG_0641,[],[]
1495,1497,IMG_6230,-1.2790777777777778,36.82060555555556,2023,2,Used/,,Self,IMG_6230,[0.4476621150970459],"[[91.6496810913086, 1569.7803955078125, 473.5190124511719, 1853.6407470703125]]"
1496,1498,IMG_0899,-1.293222222222222,36.79212222222222,2023,2,Used/,,Self,IMG_0899,[],[]
1497,1499,IMG_6556,-1.2977416666666666,36.79186666666666,2023,2,Used/,,Self,IMG_6556,[],[]
1498,1500,IMG_7648,-1.314852777777778,36.85962222222222,2023,2,Used/,,Self,IMG_7648,[],[]
1499,1501,IMG_6542,-1.2979694444444445,36.78813888888889,2023,2,Used/,,Self,IMG_6542,[],[]
1500,1502,IMG_0655,-1.306058333333333,36.74140555555556,2023,2,Used/,,Self,IMG_0655,[],[]
1501,1503,IMG_8209,-1.2924055555555554,36.94473611111111,2023,2,Used/,,Self,IMG_8209,[],[]
1502,1504,IMG_6224,-1.2803,36.81789444444445,2023,2,Used/,,Self,IMG_6224,[],[]
1503,1505,IMG_6543,-1.2979694444444445,36.78814444444444,2023,2,Used/,,Self,IMG_6543,[],[]
1504,1506,IMG_6225,-1.2799777777777777,36.81846111111111,2023,2,Used/,,Self,IMG_6225,[],[]
1505,1507,IMG_8208,-1.292422222222222,36.944716666666665,2023,2,Used/,,Self,IMG_8208,[],[]
1506,1508,IMG_0654,-1.2990277777777777,36.761544444444446,2023,2,Used/,,Self,IMG_0654,[],[]
1507,1509,IMG_0898,-1.2931805555555551,36.791777777777774,2023,2,Used/,,Self,IMG_0898,[],[]
1508,1510,IMG_6231,-1.2789805555555556,36.82056111111111,2023,2,Used/,,Self,IMG_6231,[],[]
1509,1511,IMG_0640,-1.2996305555555554,36.774344444444445,2023,2,Used/,,Self,IMG_0640,[],[]
1510,1512,IMG_7649,-1.3150777777777778,36.86058611111111,2023,2,Used/,,Self,IMG_7649,[],[]
1511,1513,IMG_6557,-1.297772222222222,36.79203888888889,2023,2,Used/,,Self,IMG_6557,[0.6662265658378601],"[[2736.4384765625, 11.64806842803955, 3549.455078125, 602.26318359375]]"
1512,1514,IMG_7661,-1.315877777777778,36.86230555555556,2023,2,Used/,,Self,IMG_7661,[0.6012513041496277],"[[0.0, 2042.8507080078125, 1408.7462158203125, 2432.269287109375]]"
1513,1515,IMG_8552,-1.2820916666666666,36.81442222222222,2023,2,Used/,,Self,IMG_8552,[],[]
1514,1516,IMG_6219,-1.2814166666666666,36.81561944444445,2023,2,Used/,,Self,IMG_6219,[],[]
1515,1517,IMG_7107,-1.2992777777777778,36.795338888888885,2023,2,Used/,,Self,IMG_7107,[0.4887787103652954],"[[1238.864990234375, 1763.30859375, 2474.467041015625, 2148.150634765625]]"
1516,1518,IMG_8234,-1.287886111111111,36.95186666666667,2023,2,Used/,,Self,IMG_8234,[],[]
1517,1519,IMG_0668,-1.3075944444444445,36.73518333333333,2023,2,Used/,,Self,IMG_0668,"[0.2906630039215088, 0.28679245710372925]","[[1913.754638671875, 1643.380126953125, 2185.5947265625, 1773.7259521484375], [3019.48779296875, 695.909912109375, 3532.0302734375, 993.1796264648438]]"
1518,1520,IMG_7113,-1.2991777777777778,36.79612777777778,2023,2,Used/,,Self,IMG_7113,[],[]
1519,1521,IMG_8220,-1.2904944444444444,36.94746944444445,2023,2,Used/,,Self,IMG_8220,[0.6031564474105835],"[[2494.7421875, 1777.178955078125, 4016.816650390625, 2741.55029296875]]"
1520,1522,IMG_7675,-1.314936111111111,36.863772222222224,2023,2,Used/,,Self,IMG_7675,[],[]
1521,1523,IMG_6580,-1.2940194444444444,36.79554722222222,2023,2,Used/,,Self,IMG_6580,[],[]
1522,1524,IMG_7846,-1.3128305555555555,36.87018888888889,2023,2,Used/,,Self,IMG_7846,[0.26544567942619324],"[[845.6587524414062, 1572.1181640625, 1601.192626953125, 2764.684814453125]]"
1523,1525,IMG_0697,-1.3183805555555554,36.71853333333333,2023,2,Used/,,Self,IMG_0697,[],[]
1524,1526,IMG_0683,-1.3101194444444444,36.72606388888889,2023,2,Used/,,Self,IMG_0683,[],[]
1525,1527,IMG_6594,-1.295175,36.80056944444444,2023,2,Used/,,Self,IMG_6594,[],[]
1526,1528,IMG_7852,-1.3130694444444444,36.87144166666667,2023,2,Used/,,Self,IMG_7852,[],[]
1527,1529,IMG_0873,-1.3144583333333333,36.81083611111111,2023,2,Used/,,Self,IMG_0873,[0.45585760474205017],"[[18.7811336517334, 2211.95751953125, 753.9114990234375, 2693.62353515625]]"
1528,1530,IMG_0867,-1.3176916666666667,36.81207777777777,2023,2,Used/,,Self,IMG_0867,"[0.33765512704849243, 0.29839184880256653]","[[1689.734619140625, 2299.615966796875, 3018.5576171875, 2720.9130859375], [1694.8756103515625, 2447.79443359375, 3084.091064453125, 2721.45751953125]]"
1529,1531,IMG_7339,-1.289008333333333,36.79828611111111,2023,2,Used/,,Self,IMG_7339,[],[]
1530,1532,IMG_6999,-1.346786111111111,36.76562777777778,2023,2,Used/,,Self,IMG_6999,[],[]
1531,1533,IMG_8036,-1.2972,36.79753611111111,2023,2,Used/,,Self,IMG_8036,[],[]
1532,1534,IMG_7305,-1.2874805555555555,36.803238888888885,2023,2,Used/,,Self,IMG_7305,[],[]
1533,1535,IMG_7463,-1.2663916666666666,36.83455277777778,2023,2,Used/,,Self,IMG_7463,[0.7032459378242493],"[[664.0469360351562, 1172.3927001953125, 1446.11865234375, 1690.79931640625]]"
1534,1536,IMG_7477,-1.2581555555555557,36.83406388888889,2023,2,Used/,,Self,IMG_7477,[],[]
1535,1537,IMG_7311,-1.2873916666666665,36.80225833333333,2023,2,Used/,,Self,IMG_7311,[],[]
1536,1538,IMG_7488,-1.2516277777777778,36.82451944444445,2023,2,Used/,,Self,IMG_7488,[],[]
1537,1539,IMG_6966,-1.3643083333333337,36.746525,2023,2,Used/,,Self,IMG_6966,[],[]
1538,1540,IMG_6972,-1.3547444444444443,36.746475,2023,2,Used/,,Self,IMG_6972,[],[]
1539,1541,IMG_6153,-1.3290277777777777,36.87668055555556,2023,2,Used/,,Self,IMG_6153,[],[]
1540,1542,IMG_8618,-1.2995083333333333,36.79134722222222,2023,2,Used/,,Self,IMG_8618,[],[]
1541,1543,IMG_7259,-1.2777888888888889,36.80604444444444,2023,2,Used/,,Self,IMG_7259,"[0.8402907252311707, 0.25764986872673035]","[[0.0, 2139.15087890625, 1964.0894775390625, 3021.03857421875], [2061.049072265625, 2319.58544921875, 2769.750732421875, 2722.16943359375]]"
1542,1544,IMG_8142,-1.3294666666666666,36.87318888888889,2023,2,Used/,,Self,IMG_8142,[0.2950795292854309],"[[1913.576416015625, 1327.6549072265625, 2729.135009765625, 1686.290771484375]]"
1543,1545,IMG_7271,-1.2800972222222222,36.807175,2023,2,Used/,,Self,IMG_7271,[0.673252284526825],"[[704.2141723632812, 2573.25537109375, 1698.51904296875, 3020.907470703125]]"
1544,1546,IMG_8624,-1.2998777777777777,36.78256111111111,2023,2,Used/,,Self,IMG_8624,[],[]
1545,1547,IMG_7517,-1.237463888888889,36.81086666666666,2023,2,Used/,,Self,IMG_7517,[0.4655875265598297],"[[1285.1842041015625, 1730.1705322265625, 1985.130126953125, 2157.0439453125]]"
1546,1548,IMG_8630,-1.3005027777777778,36.76914722222222,2023,2,Used/,,Self,IMG_8630,[],[]
1547,1549,IMG_7503,-1.2466055555555555,36.815577777777776,2023,2,Used/,,Self,IMG_7503,[],[]
1548,1550,IMG_8156,-1.3285722222222225,36.884077777777776,2023,2,Used/,,Self,IMG_8156,[],[]
1549,1551,IMG_7265,-1.2788555555555554,36.80651388888889,2023,2,Used/,,Self,IMG_7265,[],[]
1550,1552,IMG_6190,-1.2998138888888888,36.82277222222223,2023,2,Used/,,Self,IMG_6190,[],[]
1551,1553,IMG_6184,-1.3099722222222223,36.82873611111111,2023,2,Used/,,Self,IMG_6184,[],[]
1552,1554,IMG_8181,-1.3184694444444445,36.90959166666666,2023,2,Used/,,Self,IMG_8181,[],[]
1553,1555,IMG_8195,-1.3103944444444444,36.92984444444444,2023,2,Used/,,Self,IMG_8195,[],[]
1554,1556,IMG_6437,-1.3155722222222224,36.78991388888889,2023,2,Used/,,Self,IMG_6437,[0.44524499773979187],"[[1009.6149291992188, 2251.706298828125, 2580.4931640625, 2444.78271484375]]"
1555,1557,IMG_7729,-1.3142194444444444,36.87057222222222,2023,2,Used/,,Self,IMG_7729,[],[]
1556,1558,IMG_0720,-1.3363805555555557,36.72121111111111,2023,2,Used/,,Self,IMG_0720,[],[]
1557,1559,IMG_6351,-1.253263888888889,36.775888888888886,2023,2,Used/,,Self,IMG_6351,[],[]
1558,1560,IMG_0734,-1.3376416666666666,36.73085277777778,2023,2,Used/,,Self,IMG_0734,[],[]
1559,1561,IMG_8368,-1.2741972222222222,37.00168611111111,2023,2,Used/,,Self,IMG_8368,[],[]
1560,1562,IMG_6345,-1.2449944444444443,36.779377777777775,2023,2,Used/,,Self,IMG_6345,[],[]
1561,1563,IMG_7715,-1.3143861111111113,36.869616666666666,2023,2,Used/,,Self,IMG_7715,[],[]
1562,1564,IMG_8426,-1.2784555555555557,37.03714444444444,2023,2,Used/,,Self,IMG_8426,[],[]
1563,1565,IMG_7073,-1.2995388888888888,36.78923333333333,2023,2,Used/,,Self,IMG_7073,[],[]
1564,1566,IMG_8340,-1.2678527777777775,36.99131388888889,2023,2,Used/,,Self,IMG_8340,[0.7909315824508667],"[[6.392092704772949, 2143.443359375, 2286.550048828125, 3011.752197265625]]"
1565,1567,IMG_0708,-1.3293805555555556,36.71682777777778,2023,2,Used/,,Self,IMG_0708,[],[]
1566,1568,IMG_7067,-1.2995777777777775,36.78839444444444,2023,2,Used/,,Self,IMG_7067,[],[]
1567,1569,IMG_8354,-1.270697222222222,36.995975,2023,2,Used/,,Self,IMG_8354,[],[]
1568,1570,IMG_6379,-1.2927138888888887,36.77512222222222,2023,2,Used/,,Self,IMG_6379,"[0.596920371055603, 0.38982802629470825, 0.268863707780838]","[[5.216129779815674, 6.625497341156006, 1114.44970703125, 1137.2061767578125], [42.78632736206055, 2679.25146484375, 1572.4276123046875, 3022.199951171875], [120.69725036621094, 2676.111083984375, 2189.423095703125, 3015.86181640625]]"
1569,1571,IMG_7701,-1.3162027777777778,36.86875833333333,2023,2,Used/,,Self,IMG_7701,[],[]
1570,1572,IMG_8432,-1.278786111111111,37.04043611111111,2023,2,Used/,,Self,IMG_8432,[0.33942532539367676],"[[320.8301086425781, 2314.1875, 3252.21630859375, 3024.0]]"
1571,1573,IMG_6386,-1.295122222222222,36.78741111111111,2023,2,Used/,,Self,IMG_6386,[],[]
1572,1574,IMG_7098,-1.2993472222222222,36.79330833333333,2023,2,Used/,,Self,IMG_7098,[],[]
1573,1575,IMG_0907,-1.2939916666666669,36.79436944444444,2023,2,Used/,,Self,IMG_0907,[],[]
1574,1576,IMG_8383,-1.2761027777777778,37.01179444444445,2023,2,Used/,,Self,IMG_8383,[],[]
1575,1577,IMG_0913,-1.294063888888889,36.79586111111111,2023,2,Used/,,Self,IMG_0913,[],[]
1576,1578,IMG_8397,-1.2770916666666663,37.02249166666667,2023,2,Used/,,Self,IMG_8397,[0.4936509132385254],"[[0.0, 1771.0435791015625, 1228.868896484375, 2161.5390625]]"
1577,1579,IMG_0790,-1.3580361111111112,36.76255,2023,2,Used/,,Self,IMG_0790,[],[]
1578,1580,IMG_6487,-1.3058444444444446,36.78559722222222,2023,2,Used/,,Self,IMG_6487,[0.6277820467948914],"[[2299.82568359375, 2175.497314453125, 2816.06005859375, 2574.060302734375]]"
1579,1581,IMG_7799,-1.3131555555555556,36.872347222222224,2023,2,Used/,,Self,IMG_7799,[],[]
1580,1582,IMG_6493,-1.3061111111111112,36.78634722222222,2023,2,Used/,,Self,IMG_6493,[0.2538740336894989],"[[868.7160034179688, 2446.309814453125, 1574.3792724609375, 2811.812744140625]]"
1581,1583,IMG_0784,-1.35495,36.76186388888889,2023,2,Used/,,Self,IMG_0784,[],[]
1582,1584,IMG_8496,-1.2778055555555554,37.02956666666667,2023,2,Used/,,Self,IMG_8496,[],[]
1583,1585,IMG_8482,-1.2791,37.04272777777778,2023,2,Used/,,Self,IMG_8482,[],[]
1584,1586,IMG_6322,-1.2293583333333336,36.80428055555555,2023,2,Used/,,Self,IMG_6322,[0.36139437556266785],"[[1.8479139804840088, 1723.409423828125, 240.52139282226562, 2679.4267578125]]"
1585,1587,IMG_0753,-1.3414944444444443,36.75812777777778,2023,2,Used/,,Self,IMG_0753,[],[]
1586,1588,IMG_8469,-1.280238888888889,37.053525,2023,2,Used/,,Self,IMG_8469,[0.7823752760887146],"[[2864.589599609375, 2084.228271484375, 3826.194580078125, 2330.272705078125]]"
1587,1589,IMG_6444,-1.3147805555555556,36.78994444444445,2023,2,Used/,,Self,IMG_6444,"[0.524458646774292, 0.36779481172561646]","[[2118.587158203125, 1547.3201904296875, 4017.31103515625, 1980.4405517578125], [2673.487548828125, 1561.008544921875, 4019.748291015625, 1977.0142822265625]]"
1588,1590,IMG_6450,-1.3087694444444444,36.78278333333333,2023,2,Used/,,Self,IMG_6450,[],[]
1589,1591,IMG_6336,-1.231177777777778,36.79866111111111,2023,2,Used/,,Self,IMG_6336,[],[]
1590,1592,IMG_0747,-1.340961111111111,36.754327777777775,2023,2,Used/,,Self,IMG_0747,[],[]
1591,1593,IMG_7028,-1.322538888888889,36.78355833333333,2023,2,Used/,,Self,IMG_7028,[],[]
1592,1594,IMG_8333,-1.2665972222222222,36.9893,2023,2,Used/,,Self,IMG_8333,[],[]
1593,1595,IMG_8455,-1.280411111111111,37.0545,2023,2,Used/,,Self,IMG_8455,[0.32372406125068665],"[[1706.6595458984375, 2249.259033203125, 2542.725341796875, 2474.167236328125]]"
1594,1596,IMG_6478,-1.3058888888888889,36.784663888888886,2023,2,Used/,,Self,IMG_6478,[0.5950595736503601],"[[132.62472534179688, 2032.54736328125, 3105.14990234375, 3019.7646484375]]"
1595,1597,IMG_8441,-1.279311111111111,37.045475,2023,2,Used/,,Self,IMG_8441,"[0.42883220314979553, 0.25970259308815]","[[0.0, 1943.819091796875, 535.07177734375, 2128.904541015625], [2911.033203125, 2156.236572265625, 3482.063720703125, 2331.55615234375]]"
1596,1598,IMG_7014,-1.3394444444444444,36.77055555555555,2023,2,Used/,,Self,IMG_7014,[0.25191324949264526],"[[0.0, 1928.0875244140625, 420.3072814941406, 2406.169921875]]"
1597,1599,IMG_8327,-1.265877777777778,36.98798333333333,2023,2,Used/,,Self,IMG_8327,[],[]
1598,1600,IMG_8694,-1.259411111111111,36.66159722222222,2023,2,Used/,,Self,IMG_8694,[],[]
1599,1601,IMG_6875,-1.335161111111111,36.77775555555556,2023,2,Used/,,Self,IMG_6875,[],[]
1600,1602,IMG_8680,-1.2849388888888889,36.67793333333333,2023,2,Used/,,Self,IMG_8680,[],[]
1601,1603,IMG_6120,-1.2963305555555555,36.79536944444444,2023,1,Used/,,Self,IMG_6120,[],[]
1602,1604,IMG_8119,-1.3271027777777775,36.85172222222222,2023,2,Used/,,Self,IMG_8119,[0.25917214155197144],"[[0.5525573492050171, 2186.559326171875, 1204.806884765625, 2620.260498046875]]"
1603,1605,IMG_8657,-1.308086111111111,36.72943055555556,2023,2,Used/,,Self,IMG_8657,[],[]
1604,1606,IMG_7564,-1.2673527777777778,36.82248333333334,2023,2,Used/,,Self,IMG_7564,[],[]
1605,1607,IMG_8131,-1.3303944444444444,36.86617222222223,2023,2,Used/,,Self,IMG_8131,[],[]
1606,1608,IMG_7202,-1.2860944444444444,36.80481111111111,2023,2,Used/,,Self,IMG_7202,[],[]
1607,1609,IMG_8125,-1.3307527777777777,36.85807777777778,2023,2,Used/,,Self,IMG_8125,[],[]
1608,1610,IMG_7216,-1.2810055555555555,36.80719722222222,2023,2,Used/,,Self,IMG_7216,[],[]
1609,1611,IMG_8643,-1.3019694444444443,36.75337222222223,2023,2,Used/,,Self,IMG_8643,[],[]
1610,1612,IMG_7570,-1.2831472222222222,36.816875,2023,2,Used/,,Self,IMG_7570,[0.3203943967819214],"[[0.0, 10.010824203491211, 274.1190185546875, 590.3244018554688]]"
1611,1613,IMG_7389,-1.2983583333333333,36.80288333333333,2023,2,Used/,,Self,IMG_7389,[],[]
1612,1614,IMG_8086,-1.2993138888888889,36.824113888888895,2023,2,Used/,,Self,IMG_8086,[0.26138928532600403],"[[0.0, 2609.119384765625, 799.0613403320312, 2938.2255859375]]"
1613,1615,IMG_8092,-1.3065222222222224,36.82733055555556,2023,2,Used/,,Self,IMG_8092,[],[]
1614,1616,IMG_8079,-1.2926055555555551,36.82021666666667,2023,2,Used/,,Self,IMG_8079,[],[]
1615,1617,IMG_8723,-1.0592722222222222,36.60246388888889,2023,2,Used/,,Self,IMG_8723,[],[]
1616,1618,IMG_7410,-1.298986111111111,36.79763888888888,2023,2,Used/,,Self,IMG_7410,[],[]
1617,1619,IMG_8045,-1.2986055555555551,36.798402777777774,2023,2,Used/,,Self,IMG_8045,[0.5573568940162659],"[[1485.2896728515625, 2455.339599609375, 2130.676025390625, 2834.67138671875]]"
1618,1620,IMG_7376,-1.2971444444444444,36.80274444444444,2023,2,Used/,,Self,IMG_7376,[],[]
1619,1621,IMG_8051,-1.2980555555555555,36.801877777777776,2023,2,Used/,,Self,IMG_8051,[0.36871054768562317],"[[68.13004302978516, 2279.0361328125, 568.7482299804688, 2970.561279296875]]"
1620,1622,IMG_7362,-1.2951722222222222,36.801963888888885,2023,2,Used/,,Self,IMG_7362,[],[]
1621,1623,IMG_8737,-1.1069,36.23997777777778,2023,2,Used/,,Self,IMG_8737,[0.6115793585777283],"[[2615.1044921875, 2173.39111328125, 3966.362060546875, 2598.86572265625]]"
1622,1624,IMG_7404,-1.2988277777777777,36.798519444444445,2023,2,Used/,,Self,IMG_7404,[],[]
1623,1625,IMG_6295,-1.2573333333333334,36.83380277777778,2023,2,Used/,,Self,IMG_6295,[],[]
1624,1626,IMG_7835,-1.3123861111111113,36.87035,2023,2,Used/,,Self,IMG_7835,[0.25681787729263306],"[[3330.711181640625, 2480.254638671875, 4031.087646484375, 3022.775146484375]]"
1625,1627,IMG_7821,-1.312175,36.87031111111112,2023,2,Used/,,Self,IMG_7821,[0.7796502113342285],"[[101.72746276855469, 1438.0130615234375, 3354.87060546875, 3012.9072265625]]"
1626,1628,IMG_6281,-1.2621,36.83983888888889,2023,2,Used/,,Self,IMG_6281,[],[]
1627,1629,IMG_0800,-1.3663305555555556,36.76705277777778,2023,2,Used/,,Self,IMG_0800,[0.32610929012298584],"[[32.81631088256836, 2161.244873046875, 418.28570556640625, 2311.166748046875]]"
1628,1630,IMG_8284,-1.2737944444444445,36.97316111111111,2023,2,Used/,,Self,IMG_8284,[0.7482882738113403],"[[5.899905204772949, 2388.56396484375, 1546.3277587890625, 2718.3349609375]]"
1629,1631,IMG_7809,-1.3127805555555556,36.871658333333336,2023,2,Used/,,Self,IMG_7809,[0.8478452563285828],"[[567.37451171875, 1921.7852783203125, 4013.894287109375, 3024.0]]"
1630,1632,IMG_0814,-1.3785805555555557,36.77010277777778,2023,2,Used/,,Self,IMG_0814,[],[]
1631,1633,IMG_8290,-1.270997222222222,36.97675277777778,2023,2,Used/,,Self,IMG_8290,[],[]
1632,1634,IMG_7148,-1.2916305555555554,36.79555555555555,2023,2,Used/,,Self,IMG_7148,[],[]
1633,1635,IMG_0627,-1.298897222222222,36.779555555555554,2023,2,Used/,,Self,IMG_0627,[],[]
1634,1636,IMG_6256,-1.272675,36.82675555555556,2023,2,Used/,,Self,IMG_6256,[],[]
1635,1637,IMG_6530,-1.30075,36.78820833333333,2023,2,Used/,,Self,IMG_6530,[0.5879955291748047],"[[3388.953125, 1636.8663330078125, 4032.0, 1937.051513671875]]"
1636,1638,IMG_6524,-1.302661111111111,36.78819722222222,2023,2,Used/,,Self,IMG_6524,[0.3425855040550232],"[[434.6305847167969, 2199.96875, 756.4088745117188, 2364.03564453125]]"
1637,1639,IMG_8509,-1.2756888888888889,37.00663055555555,2023,2,Used/,,Self,IMG_8509,"[0.35293248295783997, 0.31174585223197937]","[[441.7907409667969, 2410.150390625, 1496.156494140625, 2812.309814453125], [0.0, 899.5126342773438, 605.8843994140625, 1568.971435546875]]"
1638,1640,IMG_0633,-1.2990944444444443,36.77553055555556,2023,2,Used/,,Self,IMG_0633,[],[]
1639,1641,IMG_6242,-1.2760027777777778,36.82296111111111,2023,2,Used/,,Self,IMG_6242,[],[]
1640,1642,IMG_7174,-1.2895055555555557,36.79810277777778,2023,2,Used/,,Self,IMG_7174,"[0.6701252460479736, 0.4799306392669678, 0.29358699917793274]","[[1182.32275390625, 1398.984619140625, 1871.05224609375, 1819.6715087890625], [2037.6419677734375, 1942.0875244140625, 2328.487548828125, 2049.80078125], [1163.0753173828125, 1386.4698486328125, 1886.7996826171875, 2034.5184326171875]]"
1641,1643,IMG_8247,-1.284913888888889,36.95657222222223,2023,2,Used/,,Self,IMG_8247,[0.5392558574676514],"[[102.01993560791016, 2400.959228515625, 764.2072143554688, 2894.231689453125]]"
1642,1644,IMG_7612,-1.2848388888888889,36.8209,2023,2,Used/,,Self,IMG_7612,[0.5205501317977905],"[[2058.5263671875, 1632.505859375, 3214.010498046875, 1954.6287841796875]]"
1643,1645,IMG_8521,-1.2715472222222222,36.9972,2023,2,Used/,,Self,IMG_8521,[0.27124717831611633],"[[1291.9500732421875, 2235.157470703125, 2226.98828125, 2718.56640625]]"
1644,1646,IMG_6518,-1.3042888888888888,36.78818611111111,2023,2,Used/,,Self,IMG_6518,[],[]
1645,1647,IMG_7606,-1.28965,36.81059444444444,2023,2,Used/,,Self,IMG_7606,[0.6772816777229309],"[[1273.7767333984375, 1147.605712890625, 1907.159423828125, 1610.716064453125]]"
1646,1648,IMG_8535,-1.2677972222222222,36.99110833333334,2023,2,Used/,,Self,IMG_8535,[],[]
1647,1649,IMG_7160,-1.2894277777777776,36.79669166666667,2023,2,Used/,,Self,IMG_7160,[0.4646870195865631],"[[13.13448429107666, 2435.09130859375, 3858.127685546875, 3024.0]]"
1648,1650,IMG_8253,-1.2833805555555555,36.95909166666667,2023,2,Used/,,Self,IMG_8253,[0.6015785336494446],"[[888.2122802734375, 2569.544189453125, 2092.763427734375, 2841.29345703125]]"
1649,1651,IMG_8534,-1.2681027777777778,36.99162777777778,2023,2,Used/,,Self,IMG_8534,[],[]
1650,1652,IMG_7607,-1.2890833333333331,36.81203611111111,2023,2,Used/,,Self,IMG_7607,[],[]
1651,1653,IMG_6519,-1.3038944444444445,36.788130555555554,2023,2,Used/,,Self,IMG_6519,[],[]
1652,1654,IMG_8252,-1.283522222222222,36.95887777777778,2023,2,Used/,,Self,IMG_8252,"[0.6616195440292358, 0.565372884273529]","[[1411.100341796875, 791.0485229492188, 1752.0732421875, 923.8587646484375], [240.7256317138672, 1511.8927001953125, 2546.354248046875, 1816.4990234375]]"
1653,1655,IMG_7161,-1.2894555555555554,36.796752777777776,2023,2,Used/,,Self,IMG_7161,[],[]
1654,1656,IMG_8246,-1.2851638888888888,36.95617777777778,2023,2,Used/,,Self,IMG_8246,[0.32990413904190063],"[[1596.895751953125, 2080.121826171875, 3884.7451171875, 2716.417236328125]]"
1655,1657,IMG_7175,-1.2893305555555554,36.798141666666666,2023,2,Used/,,Self,IMG_7175,"[0.5426152348518372, 0.32488080859184265]","[[3033.41748046875, 1219.4613037109375, 4028.2421875, 1567.79541015625], [2414.225830078125, 1223.536865234375, 4032.0, 1584.4871826171875]]"
1656,1658,IMG_8520,-1.2719527777777777,36.99788611111112,2023,2,Used/,,Self,IMG_8520,"[0.3401402533054352, 0.2608777582645416]","[[0.589351236820221, 2153.883056640625, 267.9317626953125, 3020.567626953125], [0.0, 2143.72021484375, 497.6395568847656, 3016.885498046875]]"
1657,1659,IMG_7613,-1.2847555555555554,36.821869444444445,2023,2,Used/,,Self,IMG_7613,[],[]
1658,1660,IMG_8508,-1.2757777777777777,37.00751944444445,2023,2,Used/,,Self,IMG_8508,[],[]
1659,1661,IMG_6525,-1.302366666666667,36.78821944444445,2023,2,Used/,,Self,IMG_6525,[0.31086862087249756],"[[2246.097900390625, 2079.123779296875, 2925.469970703125, 2295.069091796875]]"
1660,1662,IMG_6243,-1.2758777777777777,36.82301111111112,2023,2,Used/,,Self,IMG_6243,[],[]
1661,1663,IMG_0632,-1.2990805555555551,36.77623611111111,2023,2,Used/,,Self,IMG_0632,[],[]
1662,1664,IMG_6257,-1.2723305555555555,36.82723055555556,2023,2,Used/,,Self,IMG_6257,[],[]
1663,1665,IMG_0626,-1.2988694444444444,36.78025,2023,2,Used/,,Self,IMG_0626,[],[]
1664,1666,IMG_7149,-1.2902583333333333,36.796013888888886,2023,2,Used/,,Self,IMG_7149,[],[]
1665,1667,IMG_6531,-1.300425,36.78819444444444,2023,2,Used/,,Self,IMG_6531,[],[]
1666,1668,IMG_8291,-1.2704055555555556,36.97736111111112,2023,2,Used/,,Self,IMG_8291,[],[]
1667,1669,IMG_0815,-1.3800444444444444,36.77032222222222,2023,2,Used/,,Self,IMG_0815,[],[]
1668,1670,IMG_8285,-1.2736777777777777,36.97331111111112,2023,2,Used/,,Self,IMG_8285,[],[]
1669,1671,IMG_0801,-1.3669888888888888,36.76740555555556,2023,2,Used/,,Self,IMG_0801,[],[]
1670,1672,IMG_7808,-1.3128083333333334,36.87176388888889,2023,2,Used/,,Self,IMG_7808,[],[]
1671,1673,IMG_7820,-1.3121805555555557,36.87030277777778,2023,2,Used/,,Self,IMG_7820,[0.8906010985374451],"[[0.0, 1506.8798828125, 3009.859619140625, 3002.753662109375]]"
1672,1674,IMG_6280,-1.2623444444444445,36.83970555555556,2023,2,Used/,,Self,IMG_6280,[],[]
1673,1675,IMG_6294,-1.257663888888889,36.83390555555556,2023,2,Used/,,Self,IMG_6294,[0.2726515531539917],"[[315.95281982421875, 2121.55517578125, 2669.687744140625, 3021.014404296875]]"
1674,1676,IMG_7834,-1.3122166666666668,36.87032777777778,2023,2,Used/,,Self,IMG_7834,[],[]
1675,1677,IMG_7363,-1.2951388888888888,36.80223888888889,2023,2,Used/,,Self,IMG_7363,[0.28775960206985474],"[[0.0, 2523.485107421875, 446.52166748046875, 3024.0]]"
1676,1678,IMG_8050,-1.2981888888888888,36.80098611111111,2023,2,Used/,,Self,IMG_8050,[],[]
1677,1679,IMG_7405,-1.298847222222222,36.79842222222222,2023,2,Used/,,Self,IMG_7405,[],[]
1678,1680,IMG_8736,-1.101977777777778,36.26387222222223,2023,2,Used/,,Self,IMG_8736,[],[]
1679,1681,IMG_7411,-1.2990333333333333,36.79730277777777,2023,2,Used/,,Self,IMG_7411,[0.4599675238132477],"[[1345.907470703125, 2252.889892578125, 1698.998046875, 2350.4365234375]]"
1680,1682,IMG_7377,-1.2973249999999998,36.80278055555555,2023,2,Used/,,Self,IMG_7377,[],[]
1681,1683,IMG_8044,-1.298611111111111,36.798405555555554,2023,2,Used/,,Self,IMG_8044,[0.5547463297843933],"[[2558.71435546875, 1369.365478515625, 3948.10498046875, 1723.1756591796875]]"
1682,1684,IMG_8078,-1.292897222222222,36.81953055555556,2023,2,Used/,,Self,IMG_8078,[],[]
1683,1685,IMG_8093,-1.3069472222222225,36.82752222222223,2023,2,Used/,,Self,IMG_8093,[],[]
1684,1686,IMG_8087,-1.2997888888888889,36.82433888888889,2023,2,Used/,,Self,IMG_8087,[],[]
1685,1687,IMG_7388,-1.2983638888888889,36.802952777777776,2023,2,Used/,,Self,IMG_7388,[],[]
1686,1688,IMG_7217,-1.280861111111111,36.80718888888889,2023,2,Used/,,Self,IMG_7217,[],[]
1687,1689,IMG_8124,-1.3305,36.8573,2023,2,Used/,,Self,IMG_8124,[],[]
1688,1690,IMG_7571,-1.2839388888888887,36.81670833333334,2023,2,Used/,,Self,IMG_7571,[],[]
1689,1691,IMG_8642,-1.301488888888889,36.75459444444444,2023,2,Used/,,Self,IMG_8642,[0.26739731431007385],"[[2402.018310546875, 2281.482666015625, 2670.609619140625, 2562.990966796875]]"
1690,1692,IMG_7565,-1.2673222222222222,36.82233055555556,2023,2,Used/,,Self,IMG_7565,[],[]
1691,1693,IMG_8656,-1.3083833333333337,36.73125555555556,2023,2,Used/,,Self,IMG_8656,[],[]
1692,1694,IMG_7203,-1.2859305555555554,36.804852777777775,2023,2,Used/,,Self,IMG_7203,[],[]
1693,1695,IMG_8130,-1.3306,36.864647222222224,2023,2,Used/,,Self,IMG_8130,[],[]
1694,1696,IMG_8118,-1.326775,36.85121388888889,2023,2,Used/,,Self,IMG_8118,[],[]
1695,1697,IMG_6121,-1.2963305555555555,36.79522222222222,2023,1,Used/,,Self,IMG_6121,[],[]
1696,1698,IMG_8681,-1.2831694444444444,36.67559444444444,2023,2,Used/,,Self,IMG_8681,[],[]
1697,1699,IMG_6874,-1.3350555555555554,36.77795,2023,2,Used/,,Self,IMG_6874,[0.46758970618247986],"[[848.7572021484375, 1321.0213623046875, 1466.6815185546875, 1699.4613037109375]]"
1698,1700,IMG_8695,-1.2574055555555557,36.66234722222222,2023,2,Used/,,Self,IMG_8695,[],[]
1699,1701,IMG_8440,-1.2792916666666667,37.04524166666666,2023,2,Used/,,Self,IMG_8440,[],[]
1700,1702,IMG_8326,-1.2658444444444443,36.98791111111111,2023,2,Used/,,Self,IMG_8326,[],[]
1701,1703,IMG_7015,-1.339536111111111,36.771452777777775,2023,2,Used/,,Self,IMG_7015,[],[]
1702,1704,IMG_8332,-1.2665388888888889,36.98920555555556,2023,2,Used/,,Self,IMG_8332,[0.2774283289909363],"[[565.2625122070312, 1949.0166015625, 1746.89404296875, 2277.275634765625]]"
1703,1705,IMG_7001,-1.3462027777777776,36.76546388888889,2023,2,Used/,,Self,IMG_7001,[],[]
1704,1706,IMG_6479,-1.305886111111111,36.78468055555555,2023,2,Used/,,Self,IMG_6479,"[0.43569162487983704, 0.40976983308792114]","[[121.19654846191406, 2425.352294921875, 1484.6158447265625, 3017.33837890625], [751.2447509765625, 2042.578857421875, 2038.7030029296875, 2423.453369140625]]"
1705,1707,IMG_8454,-1.2801194444444444,37.05295555555556,2023,2,Used/,,Self,IMG_8454,[0.3465036451816559],"[[1064.017333984375, 2409.220703125, 3037.307861328125, 3020.064208984375]]"
1706,1708,IMG_6451,-1.3087722222222222,36.78278333333333,2023,2,Used/,,Self,IMG_6451,[],[]
1707,1709,IMG_7029,-1.322325,36.78362222222222,2023,2,Used/,,Self,IMG_7029,[],[]
1708,1710,IMG_0746,-1.340911111111111,36.753933333333336,2023,2,Used/,,Self,IMG_0746,[0.7567721605300903],"[[1432.4228515625, 2261.58349609375, 2431.36376953125, 3014.5712890625]]"
1709,1711,IMG_6337,-1.2309472222222224,36.798675,2023,2,Used/,,Self,IMG_6337,[0.2720428705215454],"[[6.374212265014648, 2126.057861328125, 1513.441162109375, 2457.4384765625]]"
1710,1712,IMG_0752,-1.341422222222222,36.75776944444444,2023,2,Used/,,Self,IMG_0752,[],[]
1711,1713,IMG_6323,-1.229713888888889,36.80415555555555,2023,2,Used/,,Self,IMG_6323,[],[]
1712,1714,IMG_6445,-1.31545,36.78955833333333,2023,2,Used/,,Self,IMG_6445,[0.29209575057029724],"[[1031.5087890625, 2453.550048828125, 1373.568359375, 2672.8564453125]]"
1713,1715,IMG_8468,-1.280897222222222,37.05631944444444,2023,2,Used/,,Self,IMG_8468,[0.2768264412879944],"[[883.3790283203125, 2330.104248046875, 1303.69873046875, 2594.012939453125]]"
1714,1716,IMG_8483,-1.278997222222222,37.041825,2023,2,Used/,,Self,IMG_8483,[],[]
1715,1717,IMG_8497,-1.277736111111111,37.028777777777776,2023,2,Used/,,Self,IMG_8497,[0.3867499530315399],"[[14.530874252319336, 2343.1904296875, 2210.021728515625, 3017.849853515625]]"
1716,1718,IMG_6492,-1.306075,36.78627222222222,2023,2,Used/,,Self,IMG_6492,[0.3283710181713104],"[[0.0, 2198.42822265625, 1702.2349853515625, 2702.29638671875]]"
1717,1719,IMG_0785,-1.3555555555555556,36.761975,2023,2,Used/,,Self,IMG_0785,[],[]
1718,1720,IMG_0791,-1.3591000000000002,36.76262777777778,2023,2,Used/,,Self,IMG_0791,[],[]
1719,1721,IMG_7798,-1.3131555555555556,36.872347222222224,2023,2,Used/,,Self,IMG_7798,[],[]
1720,1722,IMG_6486,-1.3058222222222222,36.78551944444444,2023,2,Used/,,Self,IMG_6486,[0.807673454284668],"[[3296.376708984375, 2116.833251953125, 3755.003173828125, 2295.66162109375]]"
1721,1723,IMG_0787,-1.3563861111111113,36.76217222222222,2023,2,Used/,,Self,IMG_0787,[],[]
1722,1724,IMG_6490,-1.3059888888888889,36.786,2023,2,Used/,,Self,IMG_6490,"[0.3715129494667053, 0.3127511441707611, 0.25100627541542053]","[[2016.7669677734375, 2249.082763671875, 2916.743408203125, 2607.555908203125], [0.0, 2214.377685546875, 561.4651489257812, 2935.11083984375], [2022.002685546875, 2245.577392578125, 2919.415771484375, 2819.37109375]]"
1723,1725,IMG_6484,-1.3057805555555555,36.78519444444444,2023,2,Used/,,Self,IMG_6484,"[0.49412301182746887, 0.3058420717716217]","[[1998.558349609375, 2057.86669921875, 3214.122314453125, 2719.645751953125], [0.0, 961.44921875, 687.0922241210938, 1527.136474609375]]"
1724,1726,IMG_0793,-1.360813888888889,36.76288888888889,2023,2,Used/,,Self,IMG_0793,[],[]
1725,1727,IMG_8481,-1.2791805555555555,37.04351388888889,2023,2,Used/,,Self,IMG_8481,[],[]
1726,1728,IMG_8495,-1.2779361111111112,37.03096388888889,2023,2,Used/,,Self,IMG_8495,[0.733741044998169],"[[6.697595119476318, 2375.22216796875, 2043.04443359375, 3006.28271484375]]"
1727,1729,IMG_6335,-1.2312305555555556,36.79871111111111,2023,2,Used/,,Self,IMG_6335,[],[]
1728,1730,IMG_0744,-1.3407944444444444,36.752922222222224,2023,2,Used/,,Self,IMG_0744,[],[]
1729,1731,IMG_8318,-1.264811111111111,36.98523333333333,2023,2,Used/,,Self,IMG_8318,[0.35827937722206116],"[[1474.6865234375, 2371.89794921875, 2015.2457275390625, 2527.396240234375]]"
1730,1732,IMG_6453,-1.308827777777778,36.78275277777778,2023,2,Used/,,Self,IMG_6453,[],[]
1731,1733,IMG_6447,-1.3087611111111113,36.78274444444445,2023,2,Used/,,Self,IMG_6447,[],[]
1732,1734,IMG_6321,-1.2286416666666669,36.804563888888886,2023,2,Used/,,Self,IMG_6321,[],[]
1733,1735,IMG_0750,-1.3411888888888888,36.75593611111111,2023,2,Used/,,Self,IMG_0750,[],[]
1734,1736,IMG_6309,-1.2486222222222223,36.81713055555556,2023,2,Used/,,Self,IMG_6309,[0.2853509187698364],"[[609.4930419921875, 2829.964111328125, 2353.5205078125, 3016.06103515625]]"
1735,1737,IMG_0778,-1.350375,36.763669444444446,2023,2,Used/,,Self,IMG_0778,[0.5366504788398743],"[[2418.1279296875, 771.4057006835938, 2877.648681640625, 1036.5140380859375]]"
1736,1738,IMG_8324,-1.2656777777777777,36.98750555555556,2023,2,Used/,,Self,IMG_8324,[],[]
1737,1739,IMG_7017,-1.3389166666666663,36.77233611111111,2023,2,Used/,,Self,IMG_7017,[0.7172916531562805],"[[353.75927734375, 1861.667236328125, 1169.3577880859375, 2201.877197265625]]"
1738,1740,IMG_8442,-1.2793472222222222,37.045741666666665,2023,2,Used/,,Self,IMG_8442,[],[]
1739,1741,IMG_8456,-1.2807805555555556,37.05603333333333,2023,2,Used/,,Self,IMG_8456,"[0.5589686632156372, 0.4848209619522095, 0.3501574695110321, 0.31589773297309875]","[[1116.2052001953125, 2229.113525390625, 1989.0474853515625, 2594.462158203125], [0.0, 2616.441650390625, 1026.6861572265625, 2984.762451171875], [1153.6326904296875, 2710.359130859375, 2579.0400390625, 3018.033935546875], [1112.3297119140625, 2236.905517578125, 1744.2540283203125, 2578.764404296875]]"
1740,1742,IMG_8330,-1.2663055555555556,36.98878055555556,2023,2,Used/,,Self,IMG_8330,[],[]
1741,1743,IMG_7003,-1.3460555555555556,36.76556388888889,2023,2,Used/,,Self,IMG_7003,[0.6540590524673462],"[[16.21161651611328, 1179.87646484375, 1023.6546020507812, 1586.605712890625]]"
1742,1744,IMG_6876,-1.3374722222222222,36.77417777777778,2023,2,Used/,,Self,IMG_6876,[],[]
1743,1745,IMG_8683,-1.2799388888888887,36.67237222222222,2023,2,Used/,,Self,IMG_8683,[],[]
1744,1746,IMG_8697,-1.2513083333333332,36.664119444444445,2023,2,Used/,,Self,IMG_8697,[],[]
1745,1747,IMG_7229,-1.2780972222222222,36.80521944444444,2023,2,Used/,,Self,IMG_7229,[],[]
1746,1748,IMG_8668,-1.3035194444444445,36.70609722222223,2023,2,Used/,,Self,IMG_8668,[],[]
1747,1749,IMG_8640,-1.3005166666666668,36.757019444444445,2023,2,Used/,,Self,IMG_8640,[],[]
1748,1750,IMG_7215,-1.2811472222222222,36.80720555555556,2023,2,Used/,,Self,IMG_7215,[0.4079616069793701],"[[15.681025505065918, 1903.4169921875, 697.5108032226562, 2203.742919921875]]"
1749,1751,IMG_8126,-1.3310805555555556,36.859775,2023,2,Used/,,Self,IMG_8126,[0.3619556725025177],"[[291.36004638671875, 2829.18115234375, 1789.96240234375, 3015.85791015625]]"
1750,1752,IMG_7201,-1.286361111111111,36.80475555555555,2023,2,Used/,,Self,IMG_7201,[],[]
1751,1753,IMG_8132,-1.3301944444444445,36.867713888888886,2023,2,Used/,,Self,IMG_8132,"[0.26562589406967163, 0.2603083848953247]","[[0.0, 2166.70654296875, 745.8436889648438, 3001.316650390625], [1721.469970703125, 2075.406005859375, 2753.141845703125, 2383.148193359375]]"
1752,1754,IMG_7567,-1.2676138888888888,36.82199444444445,2023,2,Used/,,Self,IMG_7567,[0.4898359477519989],"[[0.0, 2233.75830078125, 607.3572387695312, 2981.322509765625]]"
1753,1755,IMG_8654,-1.3074722222222224,36.735508333333335,2023,2,Used/,,Self,IMG_8654,[],[]
1754,1756,IMG_8091,-1.3056944444444445,36.82694166666667,2023,2,Used/,,Self,IMG_8091,[],[]
1755,1757,IMG_8085,-1.2981999999999998,36.82372222222222,2023,2,Used/,,Self,IMG_8085,[],[]
1756,1758,IMG_8708,-1.231552777777778,36.66806111111111,2023,2,Used/,,Self,IMG_8708,[],[]
1757,1759,IMG_7349,-1.290522222222222,36.79846388888889,2023,2,Used/,,Self,IMG_7349,[],[]
1758,1760,IMG_7407,-1.298911111111111,36.79806111111111,2023,2,Used/,,Self,IMG_7407,[],[]
1759,1761,IMG_8734,-0.9967583333333332,36.60083333333333,2023,2,Used/,,Self,IMG_8734,[],[]
1760,1762,IMG_7361,-1.2951777777777778,36.801405555555554,2023,2,Used/,,Self,IMG_7361,[],[]
1761,1763,IMG_8052,-1.2978055555555554,36.80277777777778,2023,2,Used/,,Self,IMG_8052,[],[]
1762,1764,IMG_7375,-1.2971416666666666,36.80274166666666,2023,2,Used/,,Self,IMG_7375,[],[]
1763,1765,IMG_8046,-1.2986444444444445,36.79845833333333,2023,2,Used/,,Self,IMG_8046,[],[]
1764,1766,IMG_8720,-1.2155166666666666,36.662327777777776,2023,2,Used/,,Self,IMG_8720,[],[]
1765,1767,IMG_6282,-1.2615583333333331,36.83919166666667,2023,2,Used/,,Self,IMG_6282,[],[]
1766,1768,IMG_7822,-1.312125,36.87033888888889,2023,2,Used/,,Self,IMG_7822,"[0.8295374512672424, 0.5644508600234985, 0.26665499806404114, 0.25076940655708313]","[[0.0, 1693.280517578125, 1380.175537109375, 3010.458251953125], [1388.0106201171875, 1662.779296875, 2520.5048828125, 2463.689697265625], [3299.753662109375, 2242.736083984375, 4029.59619140625, 2976.41064453125], [3272.245849609375, 2169.391357421875, 4030.686767578125, 2784.8056640625]]"
1767,1769,IMG_7836,-1.3124222222222222,36.870197222222224,2023,2,Used/,,Self,IMG_7836,"[0.4712042510509491, 0.3742930591106415]","[[3308.452392578125, 2584.4208984375, 4031.44580078125, 3023.94287109375], [39.389801025390625, 2194.718994140625, 1933.66748046875, 3017.368896484375]]"
1768,1770,IMG_6296,-1.2571944444444445,36.83373888888889,2023,2,Used/,,Self,IMG_6296,[0.309102326631546],"[[0.0, 1901.0863037109375, 975.7101440429688, 2216.6064453125]]"
1769,1771,IMG_7188,-1.286536111111111,36.79889722222222,2023,2,Used/,,Self,IMG_7188,[],[]
1770,1772,IMG_8293,-1.2686055555555555,36.978947222222224,2023,2,Used/,,Self,IMG_8293,[],[]
1771,1773,IMG_0803,-1.3681555555555556,36.76763611111111,2023,2,Used/,,Self,IMG_0803,[],[]
1772,1774,IMG_8287,-1.2727,36.97461111111112,2023,2,Used/,,Self,IMG_8287,"[0.5480067133903503, 0.25831007957458496]","[[601.4413452148438, 2654.608642578125, 1437.9375, 2848.44580078125], [2393.618896484375, 2512.48291015625, 2796.4609375, 2687.3232421875]]"
1773,1775,IMG_0630,-1.2990138888888887,36.77727222222222,2023,2,Used/,,Self,IMG_0630,[],[]
1774,1776,IMG_6241,-1.2766083333333331,36.822544444444446,2023,2,Used/,,Self,IMG_6241,[0.6401039361953735],"[[2067.657958984375, 1307.406005859375, 2703.202880859375, 1661.6302490234375]]"
1775,1777,IMG_6527,-1.3015916666666667,36.78825,2023,2,Used/,,Self,IMG_6527,"[0.8229409456253052, 0.5636783242225647, 0.44424062967300415]","[[519.1664428710938, 2458.31005859375, 1612.6458740234375, 2832.573974609375], [1399.41748046875, 1153.1068115234375, 1971.2957763671875, 1484.66796875], [1400.914306640625, 1107.05419921875, 3069.539794921875, 1710.518310546875]]"
1776,1778,IMG_7639,-1.3134861111111111,36.85600555555556,2023,2,Used/,,Self,IMG_7639,[],[]
1777,1779,IMG_6533,-1.298822222222222,36.78802222222222,2023,2,Used/,,Self,IMG_6533,"[0.7095290422439575, 0.3638541102409363, 0.3523581326007843]","[[2506.15869140625, 1037.67236328125, 2762.643798828125, 1262.1964111328125], [2498.24951171875, 976.0377807617188, 2757.8037109375, 1235.022216796875], [7.453083515167236, 2096.4287109375, 1286.669921875, 2779.1826171875]]"
1778,1780,IMG_8278,-1.276675,36.97016388888889,2023,2,Used/,,Self,IMG_8278,"[0.49889707565307617, 0.2695746123790741]","[[34.1378173828125, 2412.010986328125, 2993.63720703125, 3024.0], [12.162894248962402, 2603.8037109375, 1255.3525390625, 3021.517822265625]]"
1779,1781,IMG_0624,-1.2987916666666666,36.781102777777775,2023,2,Used/,,Self,IMG_0624,"[0.45629099011421204, 0.2688979208469391]","[[990.268310546875, 2576.656494140625, 1832.56103515625, 2884.94140625], [989.8115234375, 2571.22802734375, 1841.6888427734375, 3012.47412109375]]"
1780,1782,IMG_6255,-1.2729027777777775,36.82644444444445,2023,2,Used/,,Self,IMG_6255,[],[]
1781,1783,IMG_8250,-1.284186111111111,36.95776388888889,2023,2,Used/,,Self,IMG_8250,[],[]
1782,1784,IMG_7163,-1.2895277777777776,36.79702777777778,2023,2,Used/,,Self,IMG_7163,[0.6130281090736389],"[[1968.252685546875, 1394.047607421875, 2930.931396484375, 1612.6134033203125]]"
1783,1785,IMG_8536,-1.2675944444444445,36.99076388888889,2023,2,Used/,,Self,IMG_8536,[0.4451356530189514],"[[1509.0445556640625, 2512.156494140625, 1996.493896484375, 3015.78564453125]]"
1784,1786,IMG_7605,-1.2898305555555554,36.810025,2023,2,Used/,,Self,IMG_7605,[],[]
1785,1787,IMG_8522,-1.2712805555555555,36.9968,2023,2,Used/,,Self,IMG_8522,[],[]
1786,1788,IMG_7611,-1.285686111111111,36.81901388888889,2023,2,Used/,,Self,IMG_7611,[],[]
1787,1789,IMG_8244,-1.285847222222222,36.95513888888889,2023,2,Used/,,Self,IMG_8244,"[0.6801277995109558, 0.42025789618492126]","[[23.267778396606445, 2248.476318359375, 1516.3798828125, 2718.6474609375], [3030.191162109375, 2208.412841796875, 3790.8251953125, 2540.652099609375]]"
1788,1790,IMG_7177,-1.2890333333333333,36.79823055555556,2023,2,Used/,,Self,IMG_7177,[0.25140029191970825],"[[2652.2099609375, 1373.235595703125, 4029.130615234375, 1501.9075927734375]]"
1789,1791,IMG_6269,-1.2690527777777778,36.83233333333334,2023,2,Used/,,Self,IMG_6269,[],[]
1790,1792,IMG_7610,-1.286808333333333,36.81666944444445,2023,2,Used/,,Self,IMG_7610,[0.2752993106842041],"[[2556.345458984375, 2684.52490234375, 3160.537841796875, 3024.0]]"
1791,1793,IMG_8523,-1.2708888888888887,36.99616111111112,2023,2,Used/,,Self,IMG_8523,[],[]
1792,1794,IMG_6268,-1.2693027777777777,36.83196666666667,2023,2,Used/,,Self,IMG_6268,[],[]
1793,1795,IMG_7176,-1.289236111111111,36.79817222222222,2023,2,Used/,,Self,IMG_7176,[],[]
1794,1796,IMG_8245,-1.2856249999999998,36.95545277777778,2023,2,Used/,,Self,IMG_8245,[],[]
1795,1797,IMG_7162,-1.2895027777777777,36.79688611111111,2023,2,Used/,,Self,IMG_7162,[0.27529966831207275],"[[361.0412292480469, 1680.6265869140625, 1119.3800048828125, 1871.9571533203125]]"
1796,1798,IMG_8251,-1.2837805555555557,36.95840833333334,2023,2,Used/,,Self,IMG_8251,[0.27070870995521545],"[[61.215049743652344, 2064.8056640625, 4032.0, 3023.816162109375]]"
1797,1799,IMG_7604,-1.2899027777777776,36.80976944444444,2023,2,Used/,,Self,IMG_7604,[],[]
1798,1800,IMG_8537,-1.2674777777777777,36.990569444444446,2023,2,Used/,,Self,IMG_8537,"[0.49303221702575684, 0.4017776548862457]","[[0.0, 2279.79345703125, 708.81689453125, 2726.0283203125], [0.0, 2268.488525390625, 696.6231689453125, 2975.85595703125]]"
1799,1801,IMG_6532,-1.298997222222222,36.78818055555556,2023,2,Used/,,Self,IMG_6532,"[0.7114465832710266, 0.484445184469223, 0.3186538815498352, 0.27117788791656494, 0.266507625579834]","[[3229.245849609375, 1005.8343505859375, 3495.980712890625, 1217.739501953125], [293.7817077636719, 1917.8228759765625, 2242.78857421875, 2395.380859375], [3235.302001953125, 937.2862548828125, 3485.339599609375, 1184.337890625], [2363.2373046875, 1413.9866943359375, 2671.454345703125, 1586.47998046875], [462.55047607421875, 1940.6282958984375, 2234.275146484375, 2256.060546875]]"
1800,1802,IMG_6254,-1.2731305555555554,36.82612777777778,2023,2,Used/,,Self,IMG_6254,[],[]
1801,1803,IMG_0625,-1.2988666666666666,36.78068055555556,2023,2,Used/,,Self,IMG_0625,[],[]
1802,1804,IMG_8279,-1.2756166666666666,36.97123055555556,2023,2,Used/,,Self,IMG_8279,[],[]
1803,1805,IMG_6240,-1.2766944444444444,36.82239166666667,2023,2,Used/,,Self,IMG_6240,[],[]
1804,1806,IMG_0631,-1.2990388888888889,36.77685555555556,2023,2,Used/,,Self,IMG_0631,[],[]
1805,1807,IMG_7638,-1.3131111111111111,36.85501944444445,2023,2,Used/,,Self,IMG_7638,[],[]
1806,1808,IMG_6526,-1.3020444444444446,36.78823888888888,2023,2,Used/,,Self,IMG_6526,[],[]
1807,1809,IMG_8286,-1.2734527777777778,36.97360555555556,2023,2,Used/,,Self,IMG_8286,"[0.5213434100151062, 0.37249407172203064, 0.3185511827468872]","[[992.2465209960938, 2533.51123046875, 2018.5406494140625, 2730.4169921875], [568.1848754882812, 2530.2919921875, 2022.1865234375, 2749.11474609375], [215.18283081054688, 2529.26220703125, 1993.70458984375, 2790.4931640625]]"
1808,1810,IMG_0802,-1.367727777777778,36.76765555555556,2023,2,Used/,,Self,IMG_0802,[],[]
1809,1811,IMG_8292,-1.2691333333333332,36.97847222222222,2023,2,Used/,,Self,IMG_8292,[],[]
1810,1812,IMG_0816,-1.380475,36.770577777777774,2023,2,Used/,,Self,IMG_0816,[],[]
1811,1813,IMG_7837,-1.3126027777777778,36.87007222222222,2023,2,Used/,,Self,IMG_7837,[],[]
1812,1814,IMG_7189,-1.2866166666666663,36.79908888888889,2023,2,Used/,,Self,IMG_7189,[],[]
1813,1815,IMG_6297,-1.2568916666666667,36.83364722222223,2023,2,Used/,,Self,IMG_6297,[0.3018651604652405],"[[600.0925903320312, 2006.3011474609375, 1409.158935546875, 2834.814208984375]]"
1814,1816,IMG_6283,-1.2614277777777778,36.83899722222223,2023,2,Used/,,Self,IMG_6283,[0.2735971212387085],"[[2116.28271484375, 666.5232543945312, 2547.2109375, 1090.50830078125]]"
1815,1817,IMG_7823,-1.3121027777777778,36.87036111111111,2023,2,Used/,,Self,IMG_7823,"[0.8944737911224365, 0.7341405749320984]","[[0.0, 1390.94482421875, 2120.78662109375, 3012.33203125], [2212.122802734375, 1727.672607421875, 3239.3388671875, 2506.78515625]]"
1816,1818,IMG_8047,-1.2985749999999998,36.79873611111111,2023,2,Used/,,Self,IMG_8047,[],[]
1817,1819,IMG_7374,-1.297011111111111,36.80271944444444,2023,2,Used/,,Self,IMG_7374,[],[]
1818,1820,IMG_8721,-1.2139694444444444,36.661202777777774,2023,2,Used/,,Self,IMG_8721,[],[]
1819,1821,IMG_7412,-1.2990638888888888,36.79723055555555,2023,2,Used/,,Self,IMG_7412,[],[]
1820,1822,IMG_8735,-1.0765083333333334,36.32808888888889,2023,2,Used/,,Self,IMG_8735,[],[]
1821,1823,IMG_7406,-1.2988805555555554,36.79823333333333,2023,2,Used/,,Self,IMG_7406,[],[]
1822,1824,IMG_8053,-1.297811111111111,36.80339444444444,2023,2,Used/,,Self,IMG_8053,"[0.5379577875137329, 0.2684352695941925]","[[32.66096496582031, 1973.720947265625, 1236.1329345703125, 2286.9248046875], [557.7848510742188, 1964.660888671875, 1230.808349609375, 2258.716064453125]]"
1823,1825,IMG_7360,-1.295222222222222,36.800777777777775,2023,2,Used/,,Self,IMG_7360,[],[]
1824,1826,IMG_7348,-1.2901777777777776,36.79828888888888,2023,2,Used/,,Self,IMG_7348,[],[]
1825,1827,IMG_8709,-1.230963888888889,36.66782222222222,2023,2,Used/,,Self,IMG_8709,[],[]
1826,1828,IMG_8084,-1.2972166666666665,36.82315555555556,2023,2,Used/,,Self,IMG_8084,[],[]
1827,1829,IMG_8090,-1.3049555555555556,36.826725,2023,2,Used/,,Self,IMG_8090,[],[]
1828,1830,IMG_8133,-1.3299388888888888,36.86956944444445,2023,2,Used/,,Self,IMG_8133,[0.467184454202652],"[[82.5688705444336, 2503.99560546875, 1963.32275390625, 2860.769287109375]]"
1829,1831,IMG_7200,-1.2864583333333333,36.80472222222222,2023,2,Used/,,Self,IMG_7200,[0.4978979229927063],"[[3.889723062515259, 376.18853759765625, 914.6068115234375, 1315.9844970703125]]"
1830,1832,IMG_8655,-1.307975,36.73393888888889,2023,2,Used/,,Self,IMG_8655,[],[]
1831,1833,IMG_7566,-1.2674277777777778,36.822208333333336,2023,2,Used/,,Self,IMG_7566,[0.5217264890670776],"[[3394.738525390625, 1026.8187255859375, 4027.0732421875, 1447.2469482421875]]"
1832,1834,IMG_8641,-1.3011194444444445,36.75558888888889,2023,2,Used/,,Self,IMG_8641,[],[]
1833,1835,IMG_8127,-1.331052777777778,36.86141666666667,2023,2,Used/,,Self,IMG_8127,[],[]
1834,1836,IMG_7214,-1.2814333333333332,36.80721388888889,2023,2,Used/,,Self,IMG_7214,[0.6483738422393799],"[[1799.4376220703125, 2481.2138671875, 2228.41162109375, 2827.7373046875]]"
1835,1837,IMG_8669,-1.3033611111111112,36.70579444444445,2023,2,Used/,,Self,IMG_8669,[],[]
1836,1838,IMG_7228,-1.2778194444444444,36.8055,2023,2,Used/,,Self,IMG_7228,[],[]
1837,1839,IMG_8696,-1.2536944444444444,36.663525,2023,2,Used/,,Self,IMG_8696,[],[]
1838,1840,IMG_8682,-1.2820361111111112,36.67445277777777,2023,2,Used/,,Self,IMG_8682,[],[]
1839,1841,IMG_6877,-1.3373416666666669,36.77460555555555,2023,2,Used/,,Self,IMG_6877,[],[]
1840,1842,IMG_8457,-1.2810055555555555,37.05704444444444,2023,2,Used/,,Self,IMG_8457,[0.3172791600227356],"[[220.3966522216797, 2810.065185546875, 1279.270263671875, 3020.896728515625]]"
1841,1843,IMG_7002,-1.346097222222222,36.76553611111111,2023,2,Used/,,Self,IMG_7002,"[0.7322901487350464, 0.5630185604095459]","[[1400.17236328125, 1469.704345703125, 2457.778564453125, 1934.4354248046875], [450.220947265625, 1255.2296142578125, 1424.0054931640625, 1608.924072265625]]"
1842,1844,IMG_8331,-1.2664055555555556,36.98895555555556,2023,2,Used/,,Self,IMG_8331,[],[]
1843,1845,IMG_7016,-1.3391583333333332,36.77204444444445,2023,2,Used/,,Self,IMG_7016,[],[]
1844,1846,IMG_8325,-1.265825,36.98784722222222,2023,2,Used/,,Self,IMG_8325,[0.7132923603057861],"[[1800.9071044921875, 797.5679931640625, 2685.52490234375, 1448.78271484375]]"
1845,1847,IMG_0779,-1.351038888888889,36.763219444444445,2023,2,Used/,,Self,IMG_0779,[],[]
1846,1848,IMG_6308,-1.2488194444444445,36.81786666666667,2023,2,Used/,,Self,IMG_6308,"[0.6243113279342651, 0.3329637050628662]","[[397.7524719238281, 1733.1243896484375, 1402.351318359375, 4032.0], [522.0511474609375, 2525.91650390625, 1276.069091796875, 4031.7548828125]]"
1847,1849,IMG_8443,-1.2793194444444445,37.04604722222222,2023,2,Used/,,Self,IMG_8443,[],[]
1848,1850,IMG_6446,-1.3141055555555556,36.79049722222222,2023,2,Used/,,Self,IMG_6446,[0.4476108253002167],"[[3526.80859375, 1995.2039794921875, 4029.6611328125, 2395.00439453125]]"
1849,1851,IMG_0751,-1.341411111111111,36.75757222222222,2023,2,Used/,,Self,IMG_0751,[],[]
1850,1852,IMG_6320,-1.2286416666666669,36.804563888888886,2023,2,Used/,,Self,IMG_6320,[],[]
1851,1853,IMG_8319,-1.264925,36.985594444444445,2023,2,Used/,,Self,IMG_8319,[],[]
1852,1854,IMG_0745,-1.3408555555555557,36.75354444444445,2023,2,Used/,,Self,IMG_0745,[],[]
1853,1855,IMG_6334,-1.2346694444444446,36.80338333333333,2023,2,Used/,,Self,IMG_6334,[],[]
1854,1856,IMG_6452,-1.308836111111111,36.78277222222222,2023,2,Used/,,Self,IMG_6452,"[0.7046751976013184, 0.4871625602245331, 0.45786476135253906]","[[1681.505126953125, 106.34236907958984, 2256.31396484375, 390.00457763671875], [127.13562774658203, 1539.8004150390625, 1590.18603515625, 3022.123291015625], [183.4827880859375, 2149.922119140625, 1573.5771484375, 3019.177734375]]"
1855,1857,IMG_8494,-1.2780527777777777,37.03219166666666,2023,2,Used/,,Self,IMG_8494,"[0.5170947313308716, 0.3652101457118988]","[[1200.3363037109375, 2515.838623046875, 1914.20654296875, 3003.310302734375], [76.44786834716797, 2500.570068359375, 1916.5716552734375, 3024.0]]"
1856,1858,IMG_8480,-1.2792222222222225,37.04405555555555,2023,2,Used/,,Self,IMG_8480,[0.41067755222320557],"[[1616.9356689453125, 2090.908203125, 2154.79345703125, 2202.162109375]]"
1857,1859,IMG_6485,-1.3057888888888889,36.78535,2023,2,Used/,,Self,IMG_6485,"[0.3422068953514099, 0.28137534856796265]","[[2657.8916015625, 1499.03662109375, 3379.069580078125, 1785.31201171875], [61.56284713745117, 1375.8316650390625, 1758.8980712890625, 1841.291015625]]"
1858,1860,IMG_0792,-1.3597361111111113,36.76267222222222,2023,2,Used/,,Self,IMG_0792,[],[]
1859,1861,IMG_0786,-1.3559583333333334,36.76206666666667,2023,2,Used/,,Self,IMG_0786,[],[]
1860,1862,IMG_6491,-1.3060083333333334,36.78605555555556,2023,2,Used/,,Self,IMG_6491,[],[]
1861,1863,IMG_8484,-1.2788694444444444,37.04059166666666,2023,2,Used/,,Self,IMG_8484,[],[]
1862,1864,IMG_8490,-1.278338888888889,37.03517222222222,2023,2,Used/,,Self,IMG_8490,[],[]
1863,1865,IMG_6495,-1.3061944444444444,36.78660555555555,2023,2,Used/,,Self,IMG_6495,[],[]
1864,1866,IMG_0782,-1.352688888888889,36.76274444444445,2023,2,Used/,,Self,IMG_0782,[],[]
1865,1867,IMG_0796,-1.3637694444444446,36.765502777777776,2023,2,Used/,,Self,IMG_0796,[],[]
1866,1868,IMG_6481,-1.3058222222222222,36.78491666666667,2023,2,Used/,,Self,IMG_6481,[],[]
1867,1869,IMG_8447,-1.2796694444444443,37.048763888888885,2023,2,Used/,,Self,IMG_8447,[],[]
1868,1870,IMG_8321,-1.26515,36.98623888888889,2023,2,Used/,,Self,IMG_8321,[],[]
1869,1871,IMG_7012,-1.3414166666666667,36.76893055555556,2023,2,Used/,,Self,IMG_7012,[],[]
1870,1872,IMG_6318,-1.2280444444444445,36.80515277777778,2023,2,Used/,,Self,IMG_6318,[],[]
1871,1873,IMG_8335,-1.2667777777777778,36.989577777777775,2023,2,Used/,,Self,IMG_8335,"[0.31524622440338135, 0.28267407417297363]","[[0.0, 2333.703125, 492.87615966796875, 2547.68701171875], [3.6140692234039307, 2318.09765625, 781.7433471679688, 3000.1025390625]]"
1872,1874,IMG_7006,-1.3423222222222222,36.76691944444444,2023,2,Used/,,Self,IMG_7006,[0.47069597244262695],"[[1363.8507080078125, 2065.058349609375, 2225.1103515625, 2405.0234375]]"
1873,1875,IMG_0769,-1.3452166666666665,36.765927777777776,2023,2,Used/,,Self,IMG_0769,[0.301684707403183],"[[2177.233642578125, 2011.1353759765625, 2619.841552734375, 2306.71923828125]]"
1874,1876,IMG_8453,-1.2799944444444444,37.05184166666666,2023,2,Used/,,Self,IMG_8453,[],[]
1875,1877,IMG_6456,-1.3085777777777778,36.781844444444445,2023,2,Used/,,Self,IMG_6456,[0.26173117756843567],"[[560.4165649414062, 674.1697387695312, 2243.539306640625, 1008.6171264648438]]"
1876,1878,IMG_6330,-1.2333527777777775,36.80323055555555,2023,2,Used/,,Self,IMG_6330,[],[]
1877,1879,IMG_0741,-1.3387944444444444,36.73910277777778,2023,2,Used/,,Self,IMG_0741,[],[]
1878,1880,IMG_6324,-1.2317833333333337,36.803397222222216,2023,2,Used/,,Self,IMG_6324,[0.4510875344276428],"[[484.373046875, 1826.1351318359375, 1149.525390625, 2199.44921875]]"
1879,1881,IMG_8309,-1.2642583333333333,36.98334444444445,2023,2,Used/,,Self,IMG_8309,[0.4821813404560089],"[[2822.576416015625, 2288.7265625, 3290.110595703125, 2644.18310546875]]"
1880,1882,IMG_0755,-1.3416805555555555,36.759613888888886,2023,2,Used/,,Self,IMG_0755,[],[]
1881,1883,IMG_6442,-1.3152722222222222,36.78973888888888,2023,2,Used/,,Self,IMG_6442,[0.31849613785743713],"[[196.2947540283203, 111.37847137451172, 3005.9951171875, 1606.9761962890625]]"
1882,1884,IMG_8686,-1.275025,36.667319444444445,2023,2,Used/,,Self,IMG_8686,[],[]
1883,1885,IMG_6873,-1.3350027777777778,36.778055555555554,2023,2,Used/,,Self,IMG_6873,[],[]
1884,1886,IMG_8692,-1.263402777777778,36.66011111111111,2023,2,Used/,,Self,IMG_8692,[0.3278278708457947],"[[74.13631439208984, 2422.2041015625, 3040.607177734375, 2843.455810546875]]"
1885,1887,Animal,-1.3127027777777778,36.87007777777778,2023,2,Used/,,Self,Animal,"[0.6471745371818542, 0.6256520748138428, 0.4733981788158417, 0.44267359375953674]","[[1698.890869140625, 962.7979125976562, 4025.02685546875, 1903.101318359375], [0.0, 18.838476181030273, 1232.302490234375, 1067.5185546875], [263.7001953125, 930.5121459960938, 4015.719970703125, 1925.35009765625], [9.37001895904541, 1032.5699462890625, 4032.0, 3017.099853515625]]"
1886,1888,IMG_7210,-1.2848805555555554,36.80544722222222,2023,2,Used/,,Self,IMG_7210,[],[]
1887,1889,IMG_8123,-1.329772222222222,36.8559,2023,2,Used/,,Self,IMG_8123,[],[]
1888,1890,IMG_7576,-1.289211111111111,36.81221388888888,2023,2,Used/,,Self,IMG_7576,[0.4193263351917267],"[[770.5367431640625, 2428.5556640625, 1518.381103515625, 2701.26904296875]]"
1889,1891,IMG_8645,-1.3037805555555555,36.74833888888889,2023,2,Used/,,Self,IMG_8645,[],[]
1890,1892,IMG_7562,-1.248352777777778,36.81652777777777,2023,2,Used/,,Self,IMG_7562,[],[]
1891,1893,IMG_8651,-1.3064361111111111,36.73952222222222,2023,2,Used/,,Self,IMG_8651,[],[]
1892,1894,IMG_7204,-1.2857944444444442,36.80490277777778,2023,2,Used/,,Self,IMG_7204,[0.5968361496925354],"[[179.5660400390625, 1228.3818359375, 1166.851318359375, 2470.645751953125]]"
1893,1895,IMG_8137,-1.329688888888889,36.87135,2023,2,Used/,,Self,IMG_8137,[],[]
1894,1896,IMG_8679,-1.2862888888888888,36.680455555555554,2023,2,Used/,,Self,IMG_8679,[],[]
1895,1897,IMG_7238,-1.2786,36.803463888888885,2023,2,Used/,,Self,IMG_7238,[0.5274258255958557],"[[0.0, 0.0557556115090847, 1640.7840576171875, 1613.5274658203125]]"
1896,1898,IMG_8094,-1.3085194444444446,36.82826111111111,2023,2,Used/,,Self,IMG_8094,[],[]
1897,1899,IMG_8080,-1.2926138888888887,36.820552777777785,2023,2,Used/,,Self,IMG_8080,[],[]
1898,1900,IMG_7364,-1.295122222222222,36.80226388888889,2023,2,Used/,,Self,IMG_7364,[],[]
1899,1901,IMG_8057,-1.2975055555555557,36.80486944444444,2023,2,Used/,,Self,IMG_8057,[0.689839243888855],"[[48.72329330444336, 570.6431274414062, 1214.5458984375, 796.7792358398438]]"
1900,1902,IMG_7402,-1.2987638888888888,36.798830555555554,2023,2,Used/,,Self,IMG_7402,[],[]
1901,1903,IMG_8731,-1.0103722222222222,36.601680555555554,2023,2,Used/,,Self,IMG_8731,[],[]
1902,1904,IMG_8725,-1.055938888888889,36.60271388888889,2023,2,Used/,,Self,IMG_8725,[],[]
1903,1905,IMG_7370,-1.2953472222222222,36.80257222222222,2023,2,Used/,,Self,IMG_7370,[],[]
1904,1906,IMG_8043,-1.2984555555555557,36.798344444444446,2023,2,Used/,,Self,IMG_8043,[],[]
1905,1907,IMG_7358,-1.2944444444444445,36.80019444444444,2023,2,Used/,,Self,IMG_7358,[],[]
1906,1908,IMG_8719,-1.216616666666667,36.66255555555556,2023,2,Used/,,Self,IMG_8719,[],[]
1907,1909,IMG_0812,-1.375916666666667,36.76972222222222,2023,2,Used/,,Self,IMG_0812,[],[]
1908,1910,IMG_8296,-1.2675694444444443,36.97989444444445,2023,2,Used/,,Self,IMG_8296,[0.882355272769928],"[[1259.6627197265625, 1543.285400390625, 1853.35888671875, 2471.18212890625]]"
1909,1911,IMG_0806,-1.370625,36.767852777777776,2023,2,Used/,,Self,IMG_0806,[],[]
1910,1912,IMG_8282,-1.274222222222222,36.97268611111112,2023,2,Used/,,Self,IMG_8282,[],[]
1911,1913,IMG_7827,-1.3121027777777778,36.87036388888889,2023,2,Used/,,Self,IMG_7827,[0.8915465474128723],"[[1484.671630859375, 1357.255615234375, 4018.90234375, 3000.4150390625]]"
1912,1914,IMG_6287,-1.2600472222222223,36.83680277777778,2023,2,Used/,,Self,IMG_6287,[0.7087886929512024],"[[2849.30810546875, 1661.5830078125, 3942.465576171875, 1970.59521484375]]"
1913,1915,IMG_7199,-1.2865555555555557,36.80467222222222,2023,2,Used/,,Self,IMG_7199,"[0.7720303535461426, 0.3018385171890259]","[[3054.012451171875, 2238.552001953125, 4032.0, 3024.0], [2166.507080078125, 476.9416809082031, 2913.436767578125, 1105.86767578125]]"
1914,1916,IMG_6293,-1.2592333333333334,36.83551944444445,2023,2,Used/,,Self,IMG_6293,[],[]
1915,1917,IMG_7833,-1.312013888888889,36.87039444444444,2023,2,Used/,,Self,IMG_7833,[],[]
1916,1918,IMG_8533,-1.2686527777777776,36.9925,2023,2,Used/,,Self,IMG_8533,[0.2547224462032318],"[[2.1980209350585938, 2610.731689453125, 237.13121032714844, 3021.6611328125]]"
1917,1919,IMG_8255,-1.282908333333333,36.95982222222222,2023,2,Used/,,Self,IMG_8255,[0.31738731265068054],"[[802.9354248046875, 2659.650390625, 4029.58740234375, 3024.0]]"
1918,1920,IMG_7166,-1.2896249999999998,36.79740833333333,2023,2,Used/,,Self,IMG_7166,[0.39294588565826416],"[[3221.2744140625, 2564.65478515625, 4031.158203125, 3013.579345703125]]"
1919,1921,IMG_6278,-1.2626305555555557,36.839444444444446,2023,2,Used/,,Self,IMG_6278,[0.4899660646915436],"[[477.8414611816406, 1713.89990234375, 813.2080078125, 1922.3812255859375]]"
1920,1922,IMG_8241,-1.2865888888888888,36.95395277777778,2023,2,Used/,,Self,IMG_8241,"[0.620127260684967, 0.5719566345214844, 0.28662222623825073]","[[385.1986083984375, 2502.400390625, 3414.748291015625, 2994.291015625], [863.7274780273438, 2507.149169921875, 3403.607177734375, 2902.267333984375], [1823.5518798828125, 2509.193359375, 3425.555908203125, 2812.0546875]]"
1921,1923,IMG_7172,-1.2896916666666665,36.798002777777775,2023,2,Used/,,Self,IMG_7172,[],[]
1922,1924,IMG_8527,-1.2694055555555557,36.99372222222223,2023,2,Used/,,Self,IMG_8527,[0.5991607308387756],"[[4.734228134155273, 2015.622314453125, 1507.24853515625, 2447.6484375]]"
1923,1925,IMG_7614,-1.2856777777777777,36.82081111111111,2023,2,Used/,,Self,IMG_7614,[],[]
1924,1926,IMG_6522,-1.303063888888889,36.78815555555556,2023,2,Used/,,Self,IMG_6522,[],[]
1925,1927,IMG_0635,-1.2991277777777777,36.77508888888889,2023,2,Used/,,Self,IMG_0635,[0.31949135661125183],"[[1.575384497642517, 2020.053955078125, 1027.942138671875, 2343.29638671875]]"
1926,1928,IMG_8269,-1.2796472222222222,36.966119444444445,2023,2,Used/,,Self,IMG_8269,[],[]
1927,1929,IMG_6244,-1.275611111111111,36.82312777777778,2023,2,Used/,,Self,IMG_6244,[],[]
1928,1930,IMG_6250,-1.2745805555555556,36.82420555555556,2023,2,Used/,,Self,IMG_6250,[],[]
1929,1931,IMG_6536,-1.298447222222222,36.788069444444446,2023,2,Used/,,Self,IMG_6536,[],[]
1930,1932,IMG_7628,-1.3012555555555556,36.83768055555556,2023,2,Used/,,Self,IMG_7628,[],[]
1931,1933,IMG_6251,-1.2744666666666666,36.82435555555556,2023,2,Used/,,Self,IMG_6251,[],[]
1932,1934,IMG_7629,-1.302538888888889,36.83831944444445,2023,2,Used/,,Self,IMG_7629,[],[]
1933,1935,IMG_6537,-1.2983305555555555,36.788069444444446,2023,2,Used/,,Self,IMG_6537,[],[]
1934,1936,IMG_6523,-1.3029222222222223,36.78817222222222,2023,2,Used/,,Self,IMG_6523,[0.5225424766540527],"[[0.0, 1225.4517822265625, 579.390625, 1515.2152099609375]]"
1935,1937,IMG_6245,-1.2754805555555555,36.8232,2023,2,Used/,,Self,IMG_6245,[0.6612133383750916],"[[2418.11328125, 2170.251953125, 2709.246337890625, 2336.7529296875]]"
1936,1938,IMG_8268,-1.279875,36.96563055555556,2023,2,Used/,,Self,IMG_8268,[],[]
1937,1939,IMG_0634,-1.299122222222222,36.77516944444445,2023,2,Used/,,Self,IMG_0634,[0.3347642123699188],"[[813.4494018554688, 1884.5516357421875, 1718.2313232421875, 2423.696044921875]]"
1938,1940,IMG_7173,-1.289586111111111,36.79807777777778,2023,2,Used/,,Self,IMG_7173,[0.7642160654067993],"[[1297.775390625, 1640.0970458984375, 2603.34716796875, 1983.4171142578125]]"
1939,1941,IMG_8240,-1.2868805555555554,36.95347777777778,2023,2,Used/,,Self,IMG_8240,[],[]
1940,1942,IMG_7615,-1.285197222222222,36.82051944444445,2023,2,Used/,,Self,IMG_7615,[0.6362502574920654],"[[1414.8209228515625, 44.726383209228516, 2230.8955078125, 1107.517333984375]]"
1941,1943,IMG_8526,-1.2694944444444445,36.99388611111111,2023,2,Used/,,Self,IMG_8526,"[0.4443412721157074, 0.3811190128326416]","[[1730.28857421875, 1812.59130859375, 2114.812744140625, 2089.828125], [8.02169418334961, 2269.61474609375, 1094.1553955078125, 2702.479736328125]]"
1942,1944,IMG_8532,-1.2687305555555557,36.99264444444445,2023,2,Used/,,Self,IMG_8532,[0.2848973572254181],"[[811.5169677734375, 1458.7010498046875, 1637.8076171875, 1795.4569091796875]]"
1943,1945,IMG_6279,-1.2625694444444444,36.83951388888889,2023,2,Used/,,Self,IMG_6279,[],[]
1944,1946,IMG_7167,-1.2896444444444444,36.79752777777777,2023,2,Used/,,Self,IMG_7167,"[0.44084182381629944, 0.41264429688453674, 0.39057910442352295, 0.28519266843795776]","[[3.0019590854644775, 2626.480224609375, 220.45191955566406, 2982.1748046875], [1866.2982177734375, 506.0825500488281, 2446.379638671875, 954.7371826171875], [1053.2120361328125, 2732.68359375, 2694.786865234375, 3017.8701171875], [1519.0880126953125, 2732.095703125, 2719.3740234375, 2974.851806640625]]"
1945,1947,IMG_8254,-1.283111111111111,36.95951111111111,2023,2,Used/,,Self,IMG_8254,[0.5420258045196533],"[[3225.133544921875, 2196.660888671875, 4030.708984375, 3024.0]]"
1946,1948,IMG_6292,-1.259311111111111,36.83565277777778,2023,2,Used/,,Self,IMG_6292,[],[]
1947,1949,IMG_7832,-1.312013888888889,36.87039444444444,2023,2,Used/,,Self,IMG_7832,[0.28531184792518616],"[[3248.190185546875, 2523.54248046875, 4032.0, 3021.419677734375]]"
1948,1950,IMG_7826,-1.3121027777777778,36.87036388888889,2023,2,Used/,,Self,IMG_7826,"[0.8931070566177368, 0.7796788215637207]","[[0.0, 1079.3985595703125, 1825.840576171875, 3011.9619140625], [1952.552001953125, 1478.302001953125, 2928.73974609375, 2221.673095703125]]"
1949,1951,IMG_7198,-1.2866444444444445,36.80463888888889,2023,2,Used/,,Self,IMG_7198,[],[]
1950,1952,IMG_6286,-1.260113888888889,36.83690555555556,2023,2,Used/,,Self,IMG_6286,[],[]
1951,1953,IMG_8283,-1.2741,36.97283611111112,2023,2,Used/,,Self,IMG_8283,[],[]
1952,1954,IMG_0807,-1.3714055555555555,36.76824166666667,2023,2,Used/,,Self,IMG_0807,[],[]
1953,1955,IMG_8297,-1.267097222222222,36.98031111111112,2023,2,Used/,,Self,IMG_8297,[0.7353160381317139],"[[182.11080932617188, 2634.107421875, 1364.90234375, 2784.862060546875]]"
1954,1956,IMG_0813,-1.3775638888888888,36.76995555555556,2023,2,Used/,,Self,IMG_0813,[],[]
1955,1957,IMG_8718,-1.2179805555555556,36.66274722222222,2023,2,Used/,,Self,IMG_8718,[],[]
1956,1958,IMG_7359,-1.294925,36.80038888888889,2023,2,Used/,,Self,IMG_7359,[],[]
1957,1959,IMG_8724,-1.0560888888888889,36.602647222222224,2023,2,Used/,,Self,IMG_8724,[],[]
1958,1960,IMG_8042,-1.2981388888888887,36.79826666666666,2023,2,Used/,,Self,IMG_8042,[],[]
1959,1961,IMG_7371,-1.295461111111111,36.80251666666666,2023,2,Used/,,Self,IMG_7371,[],[]
1960,1962,IMG_8056,-1.2975833333333333,36.80418333333333,2023,2,Used/,,Self,IMG_8056,[],[]
1961,1963,IMG_7365,-1.2950527777777776,36.802391666666665,2023,2,Used/,,Self,IMG_7365,[],[]
1962,1964,IMG_8730,-1.0106666666666666,36.60147777777778,2023,2,Used/,,Self,IMG_8730,[],[]
1963,1965,IMG_7403,-1.2988055555555555,36.79862222222222,2023,2,Used/,,Self,IMG_7403,[],[]
1964,1966,IMG_8081,-1.2935777777777775,36.82098055555556,2023,2,Used/,,Self,IMG_8081,[],[]
1965,1967,IMG_8095,-1.3092777777777778,36.828613888888896,2023,2,Used/,,Self,IMG_8095,[],[]
1966,1968,IMG_7239,-1.278522222222222,36.80334722222222,2023,2,Used/,,Self,IMG_7239,[],[]
1967,1969,IMG_8678,-1.287113888888889,36.68160555555556,2023,2,Used/,,Self,IMG_8678,[],[]
1968,1970,IMG_8650,-1.3061027777777778,36.74114166666667,2023,2,Used/,,Self,IMG_8650,[],[]
1969,1971,IMG_8136,-1.3296972222222223,36.87116111111112,2023,2,Used/,,Self,IMG_8136,[],[]
1970,1972,IMG_7205,-1.2856527777777778,36.804944444444445,2023,2,Used/,,Self,IMG_7205,[],[]
1971,1973,IMG_8122,-1.329288888888889,36.85506388888889,2023,2,Used/,,Self,IMG_8122,[],[]
1972,1974,IMG_7211,-1.2820388888888887,36.80696944444444,2023,2,Used/,,Self,IMG_7211,[],[]
1973,1975,IMG_8644,-1.3028666666666666,36.750972222222224,2023,2,Used/,,Self,IMG_8644,[],[]
1974,1976,IMG_8693,-1.2612472222222222,36.66092777777778,2023,2,Used/,,Self,IMG_8693,[],[]
1975,1977,IMG_6872,-1.3346888888888888,36.778675,2023,2,Used/,,Self,IMG_6872,[0.4127589762210846],"[[0.0, 1295.57373046875, 514.6295166015625, 1570.903564453125]]"
1976,1978,IMG_8687,-1.2737611111111111,36.66573333333333,2023,2,Used/,,Self,IMG_8687,[],[]
1977,1979,IMG_0754,-1.3415527777777776,36.75852777777778,2023,2,Used/,,Self,IMG_0754,[],[]
1978,1980,IMG_8308,-1.264138888888889,36.98293055555556,2023,2,Used/,,Self,IMG_8308,[],[]
1979,1981,IMG_6325,-1.2317972222222224,36.80337222222222,2023,2,Used/,,Self,IMG_6325,[],[]
1980,1982,IMG_6443,-1.3147555555555557,36.78991944444444,2023,2,Used/,,Self,IMG_6443,"[0.703758716583252, 0.6734139323234558, 0.2917918264865875]","[[1625.41455078125, 1724.0504150390625, 2976.788330078125, 2025.236083984375], [2619.223876953125, 2269.93408203125, 4025.474609375, 3022.00927734375], [1083.1031494140625, 714.4861450195312, 2899.395751953125, 1331.97705078125]]"
1981,1983,IMG_6457,-1.3090805555555556,36.78264166666666,2023,2,Used/,,Self,IMG_6457,[],[]
1982,1984,IMG_0740,-1.338666666666667,36.73812777777778,2023,2,Used/,,Self,IMG_0740,[],[]
1983,1985,IMG_6331,-1.234688888888889,36.80383055555555,2023,2,Used/,,Self,IMG_6331,[0.25847986340522766],"[[678.2098999023438, 2550.577392578125, 1026.965087890625, 2781.498046875]]"
1984,1986,IMG_0768,-1.344486111111111,36.76620555555556,2023,2,Used/,,Self,IMG_0768,[],[]
1985,1987,IMG_7007,-1.3423388888888887,36.76714444444444,2023,2,Used/,,Self,IMG_7007,[],[]
1986,1988,IMG_8334,-1.2666388888888889,36.98936944444444,2023,2,Used/,,Self,IMG_8334,[],[]
1987,1989,IMG_6319,-1.2283361111111113,36.804744444444445,2023,2,Used/,,Self,IMG_6319,[],[]
1988,1990,IMG_8452,-1.279986111111111,37.05165555555556,2023,2,Used/,,Self,IMG_8452,[],[]
1989,1991,IMG_8446,-1.2796083333333332,37.04815,2023,2,Used/,,Self,IMG_8446,[],[]
1990,1992,IMG_7013,-1.3413305555555557,36.76905,2023,2,Used/,,Self,IMG_7013,[],[]
1991,1993,IMG_8320,-1.2649972222222223,36.985819444444445,2023,2,Used/,,Self,IMG_8320,[],[]
1992,1994,IMG_0797,-1.3646222222222224,36.76613055555556,2023,2,Used/,,Self,IMG_0797,[],[]
1993,1995,IMG_6480,-1.3058444444444446,36.78479444444445,2023,2,Used/,,Self,IMG_6480,[],[]
1994,1996,IMG_6494,-1.3061333333333334,36.786427777777774,2023,2,Used/,,Self,IMG_6494,[],[]
1995,1997,IMG_0783,-1.353827777777778,36.76222777777778,2023,2,Used/,,Self,IMG_0783,[],[]
1996,1998,IMG_8491,-1.2782444444444443,37.03423055555555,2023,2,Used/,,Self,IMG_8491,[0.4659128487110138],"[[0.0, 2608.51806640625, 816.322509765625, 3019.85693359375]]"
1997,1999,IMG_8485,-1.278736111111111,37.03936111111111,2023,2,Used/,,Self,IMG_8485,[0.5313160419464111],"[[2079.2822265625, 2244.63671875, 2691.585693359375, 2727.198974609375]]"
1998,2000,IMG_8493,-1.2781194444444444,37.03292222222222,2023,2,Used/,,Self,IMG_8493,"[0.5113889575004578, 0.3766607344150543, 0.3469013571739197]","[[1440.859619140625, 2079.6337890625, 2704.674072265625, 3006.453857421875], [48.50709533691406, 2404.390380859375, 1340.426513671875, 3024.0], [2838.1767578125, 1967.81591796875, 3194.666748046875, 2087.609619140625]]"
1999,2001,IMG_8487,-1.2784694444444444,37.03665833333333,2023,2,Used/,,Self,IMG_8487,[0.7459416389465332],"[[2413.43408203125, 1827.9520263671875, 4016.885498046875, 2224.10205078125]]"
2000,2002,IMG_6482,-1.3058055555555557,36.78498055555556,2023,2,Used/,,Self,IMG_6482,"[0.37062862515449524, 0.26096832752227783]","[[1.8969404697418213, 1088.3701171875, 909.630126953125, 1406.45556640625], [0.0, 2.2896811962127686, 384.3807373046875, 431.9621887207031]]"
2001,2003,IMG_0795,-1.3628555555555557,36.764675,2023,2,Used/,,Self,IMG_0795,[],[]
2002,2004,IMG_0781,-1.3520194444444444,36.76290555555556,2023,2,Used/,,Self,IMG_0781,[],[]
2003,2005,IMG_6496,-1.3062222222222222,36.78669444444444,2023,2,Used/,,Self,IMG_6496,"[0.6565219163894653, 0.28406137228012085]","[[14.639501571655273, 1518.0111083984375, 2437.46728515625, 2955.203857421875], [2967.081787109375, 1879.0218505859375, 3264.44775390625, 2211.88623046875]]"
2004,2006,IMG_7788,-1.3147111111111112,36.87216388888889,2023,2,Used/,,Self,IMG_7788,[],[]
2005,2007,IMG_8450,-1.279886111111111,37.05073055555555,2023,2,Used/,,Self,IMG_8450,[],[]
2006,2008,IMG_7005,-1.3423444444444443,36.76691111111111,2023,2,Used/,,Self,IMG_7005,[],[]
2007,2009,IMG_8336,-1.266997222222222,36.98991388888889,2023,2,Used/,,Self,IMG_8336,"[0.33570390939712524, 0.2909654378890991]","[[1764.9815673828125, 2418.9384765625, 2391.492431640625, 2694.131103515625], [1766.2982177734375, 2202.842041015625, 2395.8017578125, 2703.2578125]]"
2008,2010,IMG_7011,-1.3416027777777777,36.76869166666667,2023,2,Used/,,Self,IMG_7011,[],[]
2009,2011,IMG_8322,-1.265363888888889,36.98677777777778,2023,2,Used/,,Self,IMG_8322,[],[]
2010,2012,IMG_8444,-1.2800888888888888,37.04691388888889,2023,2,Used/,,Self,IMG_8444,[0.5269317626953125],"[[310.92828369140625, 2252.13232421875, 3005.921630859375, 3011.95166015625]]"
2011,2013,IMG_6469,-1.3067222222222223,36.78318888888889,2023,2,Used/,,Self,IMG_6469,[],[]
2012,2014,IMG_6441,-1.315463888888889,36.790255555555554,2023,2,Used/,,Self,IMG_6441,[],[]
2013,2015,IMG_6327,-1.232677777777778,36.80315,2023,2,Used/,,Self,IMG_6327,[],[]
2014,2016,IMG_7039,-1.3151111111111111,36.78948888888889,2023,2,Used/,,Self,IMG_7039,[],[]
2015,2017,IMG_0756,-1.3417472222222222,36.76031944444444,2023,2,Used/,,Self,IMG_0756,[],[]
2016,2018,IMG_6333,-1.2346666666666668,36.803425,2023,2,Used/,,Self,IMG_6333,[0.5940914154052734],"[[1411.6788330078125, 1327.0269775390625, 1939.6175537109375, 1550.983642578125]]"
2017,2019,IMG_0742,-1.339175,36.74164444444445,2023,2,Used/,,Self,IMG_0742,[],[]
2018,2020,IMG_8478,-1.2793666666666663,37.045497222222224,2023,2,Used/,,Self,IMG_8478,[0.5089987516403198],"[[807.2440795898438, 2524.554443359375, 3275.489501953125, 3024.0]]"
2019,2021,IMG_6455,-1.308775,36.78276388888889,2023,2,Used/,,Self,IMG_6455,[],[]
2020,2022,IMG_8691,-1.2650222222222225,36.65974722222222,2023,2,Used/,,Self,IMG_8691,[],[]
2021,2023,IMG_8685,-1.2762944444444444,36.66874444444444,2023,2,Used/,,Self,IMG_8685,[],[]
2022,2024,IMG_6870,-1.3344583333333333,36.77909722222222,2023,2,Used/,,Self,IMG_6870,[0.756544291973114],"[[3.593064785003662, 1104.27783203125, 1603.453125, 1552.539794921875]]"
2023,2025,IMG_8134,-1.329772222222222,36.87046111111111,2023,2,Used/,,Self,IMG_8134,[],[]
2024,2026,IMG_7207,-1.2854444444444444,36.80506111111111,2023,2,Used/,,Self,IMG_7207,[],[]
2025,2027,IMG_8652,-1.3067,36.73837222222223,2023,2,Used/,,Self,IMG_8652,[],[]
2026,2028,IMG_7561,-1.2484444444444445,36.81662222222222,2023,2,Used/,,Self,IMG_7561,[],[]
2027,2029,IMG_8646,-1.3043277777777778,36.74672222222223,2023,2,Used/,,Self,IMG_8646,[],[]
2028,2030,IMG_7575,-1.289,36.81248055555555,2023,2,Used/,,Self,IMG_7575,[0.3795057237148285],"[[18.5416259765625, 2139.589111328125, 2164.781982421875, 2422.259033203125]]"
2029,2031,IMG_8120,-1.3271777777777778,36.85179166666667,2023,2,Used/,,Self,IMG_8120,[],[]
2030,2032,IMG_7213,-1.2817055555555554,36.80721944444444,2023,2,Used/,,Self,IMG_7213,[0.8607202768325806],"[[632.8424682617188, 2511.678955078125, 1290.1170654296875, 2852.1142578125]]"
2031,2033,IMG_8108,-1.3199277777777778,36.83914444444445,2023,2,Used/,,Self,IMG_8108,[0.2764405608177185],"[[0.0, 2032.8419189453125, 1316.6773681640625, 2858.2421875]]"
2032,2034,IMG_8083,-1.296486111111111,36.82271388888889,2023,2,Used/,,Self,IMG_8083,[],[]
2033,2035,IMG_8097,-1.3105472222222223,36.82922222222223,2023,2,Used/,,Self,IMG_8097,[],[]
2034,2036,IMG_7398,-1.2984638888888889,36.80029444444444,2023,2,Used/,,Self,IMG_7398,[],[]
2035,2037,IMG_8040,-1.2973027777777777,36.79808055555555,2023,2,Used/,,Self,IMG_8040,[],[]
2036,2038,IMG_7373,-1.296672222222222,36.80266111111111,2023,2,Used/,,Self,IMG_7373,[],[]
2037,2039,IMG_8726,-1.0431916666666667,36.60279722222222,2023,2,Used/,,Self,IMG_8726,[0.6036238074302673],"[[1418.407470703125, 135.10411071777344, 2111.220458984375, 437.14410400390625]]"
2038,2040,IMG_8732,-0.9971472222222222,36.60093611111111,2023,2,Used/,,Self,IMG_8732,[],[]
2039,2041,IMG_7401,-1.2987416666666665,36.79893888888888,2023,2,Used/,,Self,IMG_7401,[],[]
2040,2042,IMG_8054,-1.2976694444444443,36.80392777777777,2023,2,Used/,,Self,IMG_8054,[0.35094505548477173],"[[2.043347120285034, 2290.660888671875, 2189.376708984375, 3023.71337890625]]"
2041,2043,IMG_7367,-1.2950555555555554,36.80246666666666,2023,2,Used/,,Self,IMG_7367,[],[]
2042,2044,IMG_8068,-1.2939138888888888,36.81177777777778,2023,2,Used/,,Self,IMG_8068,[],[]
2043,2045,IMG_0805,-1.3700777777777775,36.76758611111111,2023,2,Used/,,Self,IMG_0805,[],[]
2044,2046,IMG_8281,-1.274922222222222,36.97194722222223,2023,2,Used/,,Self,IMG_8281,[],[]
2045,2047,IMG_0811,-1.375133333333333,36.76961111111111,2023,2,Used/,,Self,IMG_0811,[],[]
2046,2048,IMG_8295,-1.2678138888888888,36.97968333333333,2023,2,Used/,,Self,IMG_8295,[],[]
2047,2049,IMG_7818,-1.3121833333333337,36.870266666666666,2023,2,Used/,,Self,IMG_7818,[0.670653223991394],"[[91.03661346435547, 1891.344970703125, 3982.32470703125, 3024.0]]"
2048,2050,IMG_7830,-1.3121194444444444,36.87037222222222,2023,2,Used/,,Self,IMG_7830,"[0.34154635667800903, 0.2836812138557434]","[[0.0, 2111.078125, 557.22705078125, 3021.600830078125], [2214.35888671875, 2831.201416015625, 3112.63720703125, 3021.400390625]]"
2049,2051,IMG_6290,-1.2596916666666669,36.83623611111111,2023,2,Used/,,Self,IMG_6290,[],[]
2050,2052,IMG_6284,-1.2602694444444444,36.83721388888889,2023,2,Used/,,Self,IMG_6284,[],[]
2051,2053,IMG_7824,-1.3121027777777778,36.87036388888889,2023,2,Used/,,Self,IMG_7824,"[0.7674531936645508, 0.6789126396179199]","[[1955.9937744140625, 1636.47802734375, 4029.0986328125, 3024.0], [0.0, 1586.464111328125, 1790.60302734375, 3019.64599609375]]"
2052,2054,IMG_6509,-1.3051333333333337,36.78775,2023,2,Used/,,Self,IMG_6509,[0.3192126452922821],"[[0.0, 3.519380807876587, 538.5250244140625, 475.97576904296875]]"
2053,2055,IMG_7617,-1.2891194444444445,36.82062777777778,2023,2,Used/,,Self,IMG_7617,[0.34604454040527344],"[[2133.91455078125, 2781.79248046875, 3375.231689453125, 3017.52001953125]]"
2054,2056,IMG_8524,-1.270436111111111,36.99553888888889,2023,2,Used/,,Self,IMG_8524,[0.8376873731613159],"[[0.0, 2419.009521484375, 1212.4886474609375, 2973.873291015625]]"
2055,2057,IMG_7171,-1.289736111111111,36.797919444444446,2023,2,Used/,,Self,IMG_7171,[],[]
2056,2058,IMG_8242,-1.286522222222222,36.95405555555556,2023,2,Used/,,Self,IMG_8242,[],[]
2057,2059,IMG_7165,-1.289572222222222,36.79728055555555,2023,2,Used/,,Self,IMG_7165,"[0.7799979448318481, 0.39627259969711304]","[[0.0, 2367.811279296875, 963.1870727539062, 3024.0], [1391.9415283203125, 2584.86376953125, 3099.67626953125, 3021.761474609375]]"
2058,2060,IMG_8256,-1.282713888888889,36.96014722222223,2023,2,Used/,,Self,IMG_8256,[],[]
2059,2061,IMG_7603,-1.2899027777777776,36.80976944444444,2023,2,Used/,,Self,IMG_7603,[],[]
2060,2062,IMG_8530,-1.2689472222222222,36.99299166666667,2023,2,Used/,,Self,IMG_8530,[],[]
2061,2063,IMG_6535,-1.2985972222222222,36.788069444444446,2023,2,Used/,,Self,IMG_6535,[],[]
2062,2064,IMG_8518,-1.2729472222222222,36.99950833333333,2023,2,Used/,,Self,IMG_8518,[0.3476288914680481],"[[0.0, 2432.0205078125, 469.6268005371094, 2702.11572265625]]"
2063,2065,IMG_6253,-1.2733472222222222,36.82582222222223,2023,2,Used/,,Self,IMG_6253,[0.2719487249851227],"[[1731.7501220703125, 610.4910888671875, 2116.919189453125, 929.4419555664062]]"
2064,2066,IMG_0636,-1.2991388888888888,36.774855555555554,2023,2,Used/,,Self,IMG_0636,[],[]
2065,2067,IMG_7159,-1.2893694444444443,36.79656666666666,2023,2,Used/,,Self,IMG_7159,[0.563507080078125],"[[1443.612060546875, 1224.060791015625, 2623.9267578125, 2123.656982421875]]"
2066,2068,IMG_6247,-1.2751138888888889,36.82349444444445,2023,2,Used/,,Self,IMG_6247,[],[]
2067,2069,IMG_6521,-1.3037444444444446,36.78812222222222,2023,2,Used/,,Self,IMG_6521,[],[]
2068,2070,IMG_6246,-1.2752277777777776,36.82338055555556,2023,2,Used/,,Self,IMG_6246,[],[]
2069,2071,IMG_7158,-1.2892944444444443,36.79645277777777,2023,2,Used/,,Self,IMG_7158,[],[]
2070,2072,IMG_0637,-1.2991722222222222,36.77453055555556,2023,2,Used/,,Self,IMG_0637,[],[]
2071,2073,IMG_6520,-1.3037444444444446,36.78812222222222,2023,2,Used/,,Self,IMG_6520,[],[]
2072,2074,IMG_8519,-1.2725805555555556,36.99890555555556,2023,2,Used/,,Self,IMG_8519,[0.4744071662425995],"[[0.0, 2354.1953125, 1128.23291015625, 2708.3955078125]]"
2073,2075,IMG_6534,-1.2986972222222222,36.788069444444446,2023,2,Used/,,Self,IMG_6534,[0.32141414284706116],"[[823.14990234375, 1244.6456298828125, 1437.1087646484375, 1464.445068359375]]"
2074,2076,IMG_6252,-1.27435,36.82451666666667,2023,2,Used/,,Self,IMG_6252,[],[]
2075,2077,IMG_8257,-1.2825777777777778,36.960369444444446,2023,2,Used/,,Self,IMG_8257,[],[]
2076,2078,IMG_7164,-1.2895527777777778,36.79722777777778,2023,2,Used/,,Self,IMG_7164,[],[]
2077,2079,IMG_8531,-1.2688472222222222,36.992825,2023,2,Used/,,Self,IMG_8531,[],[]
2078,2080,IMG_7602,-1.2900666666666665,36.809530555555554,2023,2,Used/,,Self,IMG_7602,[],[]
2079,2081,IMG_8525,-1.2701694444444445,36.99499444444445,2023,2,Used/,,Self,IMG_8525,[],[]
2080,2082,IMG_7616,-1.2890388888888888,36.820569444444445,2023,2,Used/,,Self,IMG_7616,"[0.32808852195739746, 0.25139400362968445]","[[2448.061279296875, 1362.116943359375, 3104.197509765625, 1868.3486328125], [1367.3729248046875, 2820.98974609375, 3031.751708984375, 3018.31591796875]]"
2081,2083,IMG_6508,-1.3052777777777778,36.787708333333335,2023,2,Used/,,Self,IMG_6508,[],[]
2082,2084,IMG_8243,-1.2864583333333333,36.954169444444446,2023,2,Used/,,Self,IMG_8243,[],[]
2083,2085,IMG_7170,-1.2897277777777776,36.797875,2023,2,Used/,,Self,IMG_7170,"[0.5215641856193542, 0.323100745677948]","[[2593.070556640625, 1901.302978515625, 3230.7138671875, 2569.1728515625], [2047.21923828125, 1916.1866455078125, 3225.8505859375, 2562.641845703125]]"
2084,2086,IMG_6285,-1.2602472222222223,36.837069444444445,2023,2,Used/,,Self,IMG_6285,[],[]
2085,2087,IMG_7825,-1.3121027777777778,36.87036388888889,2023,2,Used/,,Self,IMG_7825,"[0.8982677459716797, 0.8113803267478943]","[[0.0, 1278.59716796875, 1889.2039794921875, 3012.626708984375], [1947.8388671875, 1660.5032958984375, 2977.19580078125, 2418.1025390625]]"
2086,2088,IMG_7831,-1.3121194444444444,36.870358333333336,2023,2,Used/,,Self,IMG_7831,[],[]
2087,2089,IMG_6291,-1.2593472222222222,36.83571944444445,2023,2,Used/,,Self,IMG_6291,[],[]
2088,2090,IMG_8294,-1.2680305555555555,36.97948611111112,2023,2,Used/,,Self,IMG_8294,[],[]
2089,2091,IMG_0810,-1.3742444444444444,36.76944722222222,2023,2,Used/,,Self,IMG_0810,[],[]
2090,2092,IMG_7819,-1.3121805555555557,36.870266666666666,2023,2,Used/,,Self,IMG_7819,"[0.7855902910232544, 0.5016783475875854]","[[2534.35009765625, 1969.0263671875, 4024.073974609375, 2198.764892578125], [742.3150634765625, 1920.8896484375, 1341.496826171875, 2163.552734375]]"
2091,2093,IMG_8280,-1.2750694444444444,36.97178611111112,2023,2,Used/,,Self,IMG_8280,[0.31938645243644714],"[[921.6448974609375, 2274.92626953125, 4032.0, 3020.70654296875]]"
2092,2094,IMG_0804,-1.3689472222222223,36.76747777777778,2023,2,Used/,,Self,IMG_0804,[],[]
2093,2095,IMG_8069,-1.2939222222222222,36.81205,2023,2,Used/,,Self,IMG_8069,[0.32161685824394226],"[[878.9750366210938, 2380.512451171875, 1179.501953125, 2599.031005859375]]"
2094,2096,IMG_7400,-1.2987027777777778,36.79914444444445,2023,2,Used/,,Self,IMG_7400,[0.26924312114715576],"[[3572.731201171875, 1359.774658203125, 4027.36328125, 1666.1585693359375]]"
2095,2097,IMG_8733,-0.9968805555555555,36.60086111111112,2023,2,Used/,,Self,IMG_8733,[],[]
2096,2098,IMG_7366,-1.2950499999999998,36.80243055555555,2023,2,Used/,,Self,IMG_7366,[],[]
2097,2099,IMG_8055,-1.2976388888888888,36.80396944444444,2023,2,Used/,,Self,IMG_8055,[0.5369064211845398],"[[0.0, 2102.344482421875, 2468.770751953125, 3020.808837890625]]"
2098,2100,IMG_7372,-1.296472222222222,36.80262222222222,2023,2,Used/,,Self,IMG_7372,[],[]
2099,2101,IMG_8041,-1.2979027777777776,36.79821944444444,2023,2,Used/,,Self,IMG_8041,"[0.31280815601348877, 0.2937214970588684]","[[0.0, 2582.489501953125, 686.8634643554688, 3018.4228515625], [0.0, 2347.007080078125, 681.643798828125, 3016.741943359375]]"
2100,2102,IMG_8727,-1.001363888888889,36.59317222222222,2023,2,Used/,,Self,IMG_8727,[],[]
2101,2103,IMG_7399,-1.2986777777777776,36.79924722222222,2023,2,Used/,,Self,IMG_7399,[],[]
2102,2104,IMG_8096,-1.3099055555555557,36.82893055555556,2023,2,Used/,,Self,IMG_8096,[],[]
2103,2105,IMG_8082,-1.294922222222222,36.821738888888895,2023,2,Used/,,Self,IMG_8082,[0.2623092830181122],"[[1407.5015869140625, 1536.4156494140625, 1733.3343505859375, 1944.02734375]]"
2104,2106,IMG_6124,-1.2964388888888887,36.79532777777778,2023,1,Used/,,Self,IMG_6124,[0.34352248907089233],"[[2991.90087890625, 1245.6436767578125, 3914.90771484375, 1449.5045166015625]]"
2105,2107,IMG_8109,-1.3201972222222222,36.8396,2023,2,Used/,,Self,IMG_8109,[],[]
2106,2108,IMG_8647,-1.3051527777777778,36.74452222222222,2023,2,Used/,,Self,IMG_8647,[],[]
2107,2109,IMG_7212,-1.2818805555555557,36.80704444444444,2023,2,Used/,,Self,IMG_7212,[],[]
2108,2110,IMG_8121,-1.328922222222222,36.85447222222222,2023,2,Used/,,Self,IMG_8121,"[0.5592494010925293, 0.2777598798274994]","[[2107.0703125, 1787.8895263671875, 3094.71484375, 1988.664306640625], [946.2900390625, 1739.1552734375, 1437.0338134765625, 2100.566650390625]]"
2109,2111,IMG_7206,-1.2855916666666665,36.80497777777777,2023,2,Used/,,Self,IMG_7206,[],[]
2110,2112,IMG_8135,-1.3297444444444444,36.87074722222222,2023,2,Used/,,Self,IMG_8135,[],[]
2111,2113,IMG_8653,-1.3072222222222225,36.73646111111111,2023,2,Used/,,Self,IMG_8653,[],[]
2112,2114,IMG_6871,-1.3346305555555555,36.77876666666666,2023,2,Used/,,Self,IMG_6871,[],[]
2113,2115,IMG_8684,-1.2779166666666666,36.67038333333333,2023,2,Used/,,Self,IMG_8684,[],[]
2114,2116,IMG_8690,-1.2667194444444445,36.65979444444445,2023,2,Used/,,Self,IMG_8690,[],[]
2115,2117,IMG_0743,-1.3407055555555554,36.75248333333333,2023,2,Used/,,Self,IMG_0743,[],[]
2116,2118,IMG_6332,-1.2346361111111113,36.80351944444444,2023,2,Used/,,Self,IMG_6332,[],[]
2117,2119,IMG_6454,-1.3088333333333333,36.78275,2023,2,Used/,,Self,IMG_6454,[],[]
2118,2120,IMG_8479,-1.2792805555555555,37.04469722222222,2023,2,Used/,,Self,IMG_8479,[],[]
2119,2121,IMG_6440,-1.3154333333333337,36.79029722222222,2023,2,Used/,,Self,IMG_6440,"[0.6520187854766846, 0.5197611451148987, 0.4459947347640991]","[[2404.486572265625, 1026.2425537109375, 3334.134765625, 1746.3809814453125], [1639.2791748046875, 2800.240234375, 2180.4775390625, 3017.49951171875], [2557.87255859375, 2756.4599609375, 3508.037109375, 3021.68212890625]]"
2120,2122,IMG_0757,-1.3418444444444444,36.76108055555556,2023,2,Used/,,Self,IMG_0757,[],[]
2121,2123,IMG_7038,-1.315208333333333,36.78941111111111,2023,2,Used/,,Self,IMG_7038,[],[]
2122,2124,IMG_6326,-1.2323055555555558,36.8032,2023,2,Used/,,Self,IMG_6326,[],[]
2123,2125,IMG_8323,-1.2655083333333332,36.98713333333333,2023,2,Used/,,Self,IMG_8323,[],[]
2124,2126,IMG_7010,-1.3417694444444443,36.76844722222222,2023,2,Used/,,Self,IMG_7010,[],[]
2125,2127,IMG_6468,-1.3067611111111113,36.78313055555555,2023,2,Used/,,Self,IMG_6468,"[0.6098556518554688, 0.261050820350647]","[[2758.658203125, 2140.688232421875, 4032.0, 2705.120361328125], [3097.042724609375, 2169.872802734375, 4030.993896484375, 2706.72265625]]"
2126,2128,IMG_8445,-1.2795416666666666,37.04765277777778,2023,2,Used/,,Self,IMG_8445,[0.7236088514328003],"[[1186.0048828125, 2436.783447265625, 4032.0, 3017.80810546875]]"
2127,2129,IMG_8451,-1.279986111111111,37.05165555555556,2023,2,Used/,,Self,IMG_8451,[0.29805681109428406],"[[625.5343017578125, 2442.687744140625, 2635.9453125, 3020.539794921875]]"
2128,2130,IMG_8337,-1.2671027777777777,36.99009722222223,2023,2,Used/,,Self,IMG_8337,[],[]
2129,2131,IMG_7004,-1.3424055555555554,36.76673611111111,2023,2,Used/,,Self,IMG_7004,[],[]
2130,2132,IMG_0780,-1.3513916666666668,36.76306111111112,2023,2,Used/,,Self,IMG_0780,[],[]
2131,2133,IMG_7789,-1.3142416666666668,36.87220833333333,2023,2,Used/,,Self,IMG_7789,[0.5431241989135742],"[[122.02827453613281, 2319.824951171875, 2087.3671875, 3023.36962890625]]"
2132,2134,IMG_6497,-1.306238888888889,36.78677777777778,2023,2,Used/,,Self,IMG_6497,[0.2665706276893616],"[[1521.968994140625, 1790.60107421875, 2477.997802734375, 2195.54833984375]]"
2133,2135,IMG_6483,-1.305791666666667,36.78505,2023,2,Used/,,Self,IMG_6483,[0.7184738516807556],"[[2.994845390319824, 1858.51025390625, 2597.97265625, 3022.007568359375]]"
2134,2136,IMG_0794,-1.3616194444444445,36.76356944444444,2023,2,Used/,,Self,IMG_0794,[],[]
2135,2137,IMG_8486,-1.2786472222222225,37.038513888888886,2023,2,Used/,,Self,IMG_8486,[],[]
2136,2138,IMG_8492,-1.2781833333333332,37.03363333333333,2023,2,Used/,,Self,IMG_8492,[0.7030932903289795],"[[26.56562614440918, 1050.7646484375, 838.6082763671875, 1813.2542724609375]]"
2137,0,IMG_7790,-1.3140888888888889,36.87233055555556,2023,2,Used/,,Self,IMG_7790,,
2138,1000,IMG_0903,-1.293522222222222,36.79326666666667,2023,2,Used/,,Self,IMG_0903,-1,-1
2139,2139,IMG_20230212_080700,-1.2992503641666666,36.762954711666666,2023,2,Used/,,Self,IMG_20230212_080700,"[0.5942121148109436, 0.351833701133728]","[[0.0, 2263.149658203125, 585.1959838867188, 2608.52734375], [0.0, 2266.003662109375, 584.7318115234375, 2846.353759765625]]"
2140,2140,IMG_20230212_082117,-1.2504570483333333,36.66455841055556,2023,2,Used/,,Self,IMG_20230212_082117,[],[]
2141,2141,IMG_20230212_082103,-1.2560166119444445,36.66281890861111,2023,2,Used/,,Self,IMG_20230212_082103,[],[]
2142,2142,IMG_20230212_081344,-1.3033380508333334,36.70571136472223,2023,2,Used/,,Self,IMG_20230212_081344,[],[]
2143,2143,IMG_20230212_081350,-1.3033380508333334,36.70571136472223,2023,2,Used/,,Self,IMG_20230212_081350,[],[]
2144,2144,IMG_20230212_080728,-1.3002673386111112,36.75717926,2023,2,Used/,,Self,IMG_20230212_080728,[],[]
2145,2145,IMG_20230212_081218,-1.3051530122222224,36.71574783305556,2023,2,Used/,,Self,IMG_20230212_081218,[0.4425766170024872],"[[0.0, 653.1090087890625, 2621.393798828125, 1736.7822265625]]"
2146,2146,IMG_20230212_081224,-1.3051530122222224,36.71574783305556,2023,2,Used/,,Self,IMG_20230212_081224,[],[]
2147,2147,IMG_20230212_080847,-1.305370211388889,36.74350357055555,2023,2,Used/,,Self,IMG_20230212_080847,"[0.36043551564216614, 0.2708987593650818]","[[2611.123779296875, 634.433837890625, 3030.759033203125, 1505.9393310546875], [1551.9681396484375, 1070.3013916015625, 2534.427490234375, 1887.059814453125]]"
2148,2148,IMG_20230212_080852,-1.305370211388889,36.74350357055555,2023,2,Used/,,Self,IMG_20230212_080852,[],[]
2149,2149,IMG_20230212_081231,-1.3051530122222224,36.71574783305556,2023,2,Used/,,Self,IMG_20230212_081231,[],[]
2150,2150,IMG_20230212_080715,-1.3002673386111112,36.75717926,2023,2,Used/,,Self,IMG_20230212_080715,[],[]
2151,2151,IMG_20230212_081147,-1.3052599427777778,36.71598052972222,2023,2,Used/,,Self,IMG_20230212_081147,[0.2642817795276642],"[[0.0, 589.33544921875, 835.9247436523438, 1769.9915771484375]]"
2152,2152,IMG_20230212_081151,-1.3052599427777778,36.71598052972222,2023,2,Used/,,Self,IMG_20230212_081151,[],[]
2153,2153,IMG_20230212_082128,-1.2504570483333333,36.66455841055556,2023,2,Used/,,Self,IMG_20230212_082128,[0.38135597109794617],"[[2266.322509765625, 2180.81103515625, 3928.743896484375, 2964.389892578125]]"
2154,2154,IMG_20230212_080924,-1.306132793333333,36.73926162694445,2023,2,Used/,,Self,IMG_20230212_080924,[],[]
2155,2155,IMG_20230212_081227,-1.3051530122222224,36.71574783305556,2023,2,Used/,,Self,IMG_20230212_081227,[],[]
2156,2156,IMG_20230212_081019,-1.3075469730555556,36.73464965805556,2023,2,Used/,,Self,IMG_20230212_081019,[0.29571083188056946],"[[2102.342041015625, 2310.970458984375, 2875.3173828125, 2556.27001953125]]"
2157,2157,IMG_20230212_081025,-1.3075469730555556,36.73464965805556,2023,2,Used/,,Self,IMG_20230212_081025,[0.3311901390552521],"[[969.5244750976562, 8.623766899108887, 1903.6153564453125, 999.5596923828125]]"
2158,2158,IMG_20230212_081958,-1.2605748175,36.661159515277774,2023,2,Used/,,Self,IMG_20230212_081958,[],[]
2159,2159,IMG_20230212_080845,-1.305370211388889,36.74350357055555,2023,2,Used/,,Self,IMG_20230212_080845,[],[]
2160,2160,IMG_20230212_081232,-1.3051530122222224,36.71574783305556,2023,2,Used/,,Self,IMG_20230212_081232,[],[]
2161,2161,IMG_20230212_080931,-1.306132793333333,36.73926162694445,2023,2,Used/,,Self,IMG_20230212_080931,[],[]
2162,2162,IMG_20230212_081346,-1.3033380508333334,36.70571136472223,2023,2,Used/,,Self,IMG_20230212_081346,[],[]
2163,2163,IMG_20230212_080702,-1.2992503641666666,36.762954711666666,2023,2,Used/,,Self,IMG_20230212_080702,"[0.47381627559661865, 0.2621636688709259]","[[2278.270751953125, 1619.966552734375, 3950.248046875, 1889.3675537109375], [2708.14599609375, 1245.180419921875, 3948.9755859375, 1407.97509765625]]"
2164,2164,IMG_20230212_080716,-1.3002673386111112,36.75717926,2023,2,Used/,,Self,IMG_20230212_080716,[],[]
2165,2165,IMG_20230212_080712,-1.3002673386111112,36.75717926,2023,2,Used/,,Self,IMG_20230212_080712,[],[]
2166,2166,IMG_20230212_080706,-1.3002673386111112,36.75717926,2023,2,Used/,,Self,IMG_20230212_080706,[],[]
2167,2167,IMG_20230212_081236,-1.3051530122222224,36.71574783305556,2023,2,Used/,,Self,IMG_20230212_081236,"[0.3330686688423157, 0.31928369402885437]","[[830.1530151367188, 1224.654052734375, 2652.386962890625, 1555.40673828125], [8.746752738952637, 1268.528076171875, 1675.6322021484375, 1585.341064453125]]"
2168,2168,IMG_20230212_081034,-1.3075469730555556,36.73464965805556,2023,2,Used/,,Self,IMG_20230212_081034,[],[]
2169,2169,IMG_20230212_081009,-1.3075469730555556,36.73464965805556,2023,2,Used/,,Self,IMG_20230212_081009,[],[]
2170,2170,IMG_20230212_080908,-1.306132793333333,36.73926162694445,2023,2,Used/,,Self,IMG_20230212_080908,[],[]
2171,2171,IMG_20230212_080934,-1.306132793333333,36.73926162694445,2023,2,Used/,,Self,IMG_20230212_080934,[0.46642786264419556],"[[15.360742568969727, 1933.6094970703125, 2967.392578125, 2834.40771484375]]"
2172,2172,IMG_20230212_081343,-1.3033380508333334,36.70571136472223,2023,2,Used/,,Self,IMG_20230212_081343,[0.4984210133552551],"[[12.449005126953125, 1168.4996337890625, 1462.308837890625, 1586.2681884765625]]"
2173,2173,IMG_20230212_082138,-1.244521021666667,36.665328979444446,2023,2,Used/,,Self,IMG_20230212_082138,[],[]
2174,2174,IMG_20230212_081141,-1.3052599427777778,36.71598052972222,2023,2,Used/,,Self,IMG_20230212_081141,[],[]
2175,2175,IMG_20230212_080711,-1.3002673386111112,36.75717926,2023,2,Used/,,Self,IMG_20230212_080711,[],[]
2176,2176,IMG_20230212_081221,-1.3051530122222224,36.71574783305556,2023,2,Used/,,Self,IMG_20230212_081221,[],[]
2177,2177,IMG_20230212_081037,-1.3103799819444444,36.72858047472222,2023,2,Used/,,Self,IMG_20230212_081037,[],[]
2178,2178,IMG_20230212_081023,-1.3075469730555556,36.73464965805556,2023,2,Used/,,Self,IMG_20230212_081023,[],[]
2179,2179,IMG_20230212_081022,-1.3075469730555556,36.73464965805556,2023,2,Used/,,Self,IMG_20230212_081022,[0.2644113004207611],"[[518.6385498046875, 4.246228218078613, 1432.270751953125, 266.8056335449219]]"
2180,2180,IMG_20230212_080857,-1.305370211388889,36.74350357055555,2023,2,Used/,,Self,IMG_20230212_080857,[],[]
2181,2181,IMG_20230212_080658,-1.2992503641666666,36.762954711666666,2023,2,Used/,,Self,IMG_20230212_080658,[0.4496934711933136],"[[2702.80224609375, 912.07568359375, 3247.822265625, 1065.8692626953125]]"
2182,2182,IMG_20230212_081234,-1.3051530122222224,36.71574783305556,2023,2,Used/,,Self,IMG_20230212_081234,"[0.41675707697868347, 0.38147127628326416, 0.3033982813358307]","[[1374.2664794921875, 1106.7060546875, 3926.67431640625, 1557.619873046875], [2977.054443359375, 1111.504150390625, 3954.915283203125, 1302.0523681640625], [1371.0931396484375, 1159.08447265625, 3076.895751953125, 1548.4833984375]]"
2183,2183,IMG_20230212_080937,-1.3076189755555556,36.73464965805556,2023,2,Used/,,Self,IMG_20230212_080937,[],[]
2184,2184,IMG_20230212_082113,-1.2504570483333333,36.66455841055556,2023,2,Used/,,Self,IMG_20230212_082113,[],[]
2185,2185,IMG_20230212_080704,-1.2992503641666666,36.762954711666666,2023,2,Used/,,Self,IMG_20230212_080704,[0.3421340584754944],"[[820.9769287109375, 710.4254760742188, 1282.1666259765625, 948.7005004882812]]"
2186,2186,IMG_20230212_081354,-1.3033380508333334,36.70571136472223,2023,2,Used/,,Self,IMG_20230212_081354,[],[]
2187,2187,IMG_20230212_081340,-1.3033380508333334,36.70571136472223,2023,2,Used/,,Self,IMG_20230212_081340,[0.5353350639343262],"[[484.3681640625, 1318.332763671875, 1568.3056640625, 1880.362548828125]]"
2188,2188,IMG_20230212_080738,-1.3015580175,36.75379180888889,2023,2,Used/,,Self,IMG_20230212_080738,"[0.32471179962158203, 0.2821059823036194]","[[0.0, 1513.145751953125, 392.8714904785156, 2042.6005859375], [2524.79345703125, 1291.18310546875, 3690.163330078125, 1514.4964599609375]]"
2189,2189,IMG_20230212_081125,-1.3105809686111112,36.72499847388889,2023,2,Used/,,Self,IMG_20230212_081125,[0.5000829696655273],"[[0.0, 1181.6956787109375, 862.5335693359375, 1893.94677734375]]"
2190,2190,IMG_20230212_081333,-1.3051530122222224,36.71574783305556,2023,2,Used/,,Self,IMG_20230212_081333,"[0.39665496349334717, 0.30359309911727905]","[[3337.940185546875, 270.43829345703125, 3968.0, 1577.2911376953125], [3312.49853515625, 845.0056762695312, 3968.0, 1572.4490966796875]]"
2191,2191,IMG_20230212_080617,-1.2992503641666666,36.762954711666666,2023,2,Used/,,Self,IMG_20230212_080617,[0.5447194576263428],"[[81.859375, 1962.60888671875, 3919.330322265625, 2973.438232421875]]"
2192,2192,IMG_20230212_081247,-1.3051530122222224,36.71574783305556,2023,2,Used/,,Self,IMG_20230212_081247,[0.26319441199302673],"[[16.730710983276367, 1423.9637451171875, 1408.8814697265625, 1741.341064453125]]"
2193,2193,IMG_20230212_080830,-1.3036500213888889,36.74822998027778,2023,2,Used/,,Self,IMG_20230212_080830,[],[]
2194,2194,IMG_20230212_080824,-1.3036500213888889,36.74822998027778,2023,2,Used/,,Self,IMG_20230212_080824,[],[]
2195,2195,IMG_20230212_081044,-1.3103799819444444,36.72858047472222,2023,2,Used/,,Self,IMG_20230212_081044,[],[]
2196,2196,IMG_20230212_080819,-1.3036500213888889,36.74822998027778,2023,2,Used/,,Self,IMG_20230212_080819,[],[]
2197,2197,IMG_20230212_081246,-1.3051530122222224,36.71574783305556,2023,2,Used/,,Self,IMG_20230212_081246,[],[]
2198,2198,IMG_20230212_081252,-1.3051530122222224,36.71574783305556,2023,2,Used/,,Self,IMG_20230212_081252,[],[]
2199,2199,IMG_20230212_080945,-1.3076189755555556,36.73464965805556,2023,2,Used/,,Self,IMG_20230212_080945,[],[]
2200,2200,IMG_20230212_081326,-1.3051530122222224,36.71574783305556,2023,2,Used/,,Self,IMG_20230212_081326,"[0.481851726770401, 0.293822705745697]","[[3414.533447265625, 1407.3309326171875, 3968.0, 1827.3946533203125], [1391.590087890625, 813.4673461914062, 3914.59765625, 1842.9996337890625]]"
2201,2201,IMG_20230212_081130,-1.3105809686111112,36.72499847388889,2023,2,Used/,,Self,IMG_20230212_081130,[0.5833726525306702],"[[2360.359130859375, 992.2249755859375, 3030.25048828125, 1320.1884765625]]"
2202,2202,IMG_20230212_081118,-1.3105809686111112,36.72499847388889,2023,2,Used/,,Self,IMG_20230212_081118,[],[]
2203,2203,IMG_20230212_080748,-1.3015580175,36.75379180888889,2023,2,Used/,,Self,IMG_20230212_080748,[],[]
2204,2204,IMG_20230212_082017,-1.2605748175,36.661159515277774,2023,2,Used/,,Self,IMG_20230212_082017,[0.46365153789520264],"[[1579.3043212890625, 553.8834228515625, 2218.3251953125, 1554.886962890625]]"
2205,2205,IMG_20230212_082003,-1.2605748175,36.661159515277774,2023,2,Used/,,Self,IMG_20230212_082003,"[0.36453840136528015, 0.32449859380722046]","[[1510.9569091796875, 984.237548828125, 2758.066650390625, 1357.67626953125], [190.70225524902344, 973.6159057617188, 971.9527587890625, 1591.056640625]]"
2206,2206,IMG_20230212_080614,-1.2992503641666666,36.762954711666666,2023,2,Used/,,Self,IMG_20230212_080614,[],[]
2207,2207,IMG_20230212_081250,-1.3051530122222224,36.71574783305556,2023,2,Used/,,Self,IMG_20230212_081250,[],[]
2208,2208,IMG_20230212_081046,-1.3103799819444444,36.72858047472222,2023,2,Used/,,Self,IMG_20230212_081046,[0.742847740650177],"[[1765.9144287109375, 201.62640380859375, 2610.441162109375, 806.468994140625]]"
2209,2209,IMG_20230212_081052,-1.3103799819444444,36.72858047472222,2023,2,Used/,,Self,IMG_20230212_081052,[],[]
2210,2210,IMG_20230212_080832,-1.3036500213888889,36.74822998027778,2023,2,Used/,,Self,IMG_20230212_080832,[],[]
2211,2211,IMG_20230212_080629,-1.2992503641666666,36.762954711666666,2023,2,Used/,,Self,IMG_20230212_080629,[],[]
2212,2212,IMG_20230212_080952,-1.3076189755555556,36.73464965805556,2023,2,Used/,,Self,IMG_20230212_080952,[0.474053293466568],"[[736.7130126953125, 2319.26318359375, 1923.0963134765625, 2967.682373046875]]"
2213,2213,IMG_20230212_081331,-1.3051530122222224,36.71574783305556,2023,2,Used/,,Self,IMG_20230212_081331,[0.6033128499984741],"[[1939.7088623046875, 1158.6903076171875, 2804.98583984375, 1872.564453125]]"
2214,2214,IMG_20230212_080749,-1.3015580175,36.75379180888889,2023,2,Used/,,Self,IMG_20230212_080749,[],[]
2215,2215,IMG_20230212_081319,-1.3051530122222224,36.71574783305556,2023,2,Used/,,Self,IMG_20230212_081319,[0.4205796718597412],"[[2689.3154296875, 1084.5450439453125, 3769.989501953125, 1736.699951171875]]"
2216,2216,IMG_20230212_081133,-1.3105809686111112,36.72499847388889,2023,2,Used/,,Self,IMG_20230212_081133,[],[]
2217,2217,IMG_20230212_081309,-1.3051530122222224,36.71574783305556,2023,2,Used/,,Self,IMG_20230212_081309,[0.2515668570995331],"[[33.783077239990234, 903.8761596679688, 3031.26171875, 1889.0662841796875]]"
2218,2218,IMG_20230212_080956,-1.3076189755555556,36.73464965805556,2023,2,Used/,,Self,IMG_20230212_080956,[],[]
2219,2219,IMG_20230212_080639,-1.2992503641666666,36.762954711666666,2023,2,Used/,,Self,IMG_20230212_080639,[],[]
2220,2220,IMG_20230212_081057,-1.3103799819444444,36.72858047472222,2023,2,Used/,,Self,IMG_20230212_081057,[0.3741442561149597],"[[2688.124755859375, 3.897090196609497, 3964.316650390625, 665.1029663085938]]"
2221,2221,IMG_20230212_081254,-1.3051530122222224,36.71574783305556,2023,2,Used/,,Self,IMG_20230212_081254,[0.38867443799972534],"[[1212.2017822265625, 1041.7501220703125, 3804.02392578125, 1684.96484375]]"
2222,2222,IMG_20230212_081240,-1.3051530122222224,36.71574783305556,2023,2,Used/,,Self,IMG_20230212_081240,[],[]
2223,2223,IMG_20230212_080758,-1.3015580175,36.75379180888889,2023,2,Used/,,Self,IMG_20230212_080758,[],[]
2224,2224,IMG_20230212_081122,-1.3105809686111112,36.72499847388889,2023,2,Used/,,Self,IMG_20230212_081122,[],[]
2225,2225,IMG_20230212_081322,-1.3051530122222224,36.71574783305556,2023,2,Used/,,Self,IMG_20230212_081322,[0.5707588791847229],"[[4.109241008758545, 2461.628173828125, 2169.19287109375, 2976.0]]"
2226,2226,IMG_20230212_080941,-1.3076189755555556,36.73464965805556,2023,2,Used/,,Self,IMG_20230212_080941,[],[]
2227,2227,IMG_20230212_080612,-1.2992503641666666,36.762954711666666,2023,2,Used/,,Self,IMG_20230212_080612,"[0.3415831923484802, 0.3135524392127991]","[[923.72216796875, 2240.489990234375, 3956.9873046875, 2975.50390625], [0.0, 728.694091796875, 347.875, 1033.409912109375]]"
2228,2228,IMG_20230212_080835,-1.3036500213888889,36.74822998027778,2023,2,Used/,,Self,IMG_20230212_080835,[],[]
2229,2229,IMG_20230212_081041,-1.3103799819444444,36.72858047472222,2023,2,Used/,,Self,IMG_20230212_081041,[],[]
2230,2230,IMG_20230212_081055,-1.3103799819444444,36.72858047472222,2023,2,Used/,,Self,IMG_20230212_081055,[],[]
2231,2231,IMG_20230212_080820,-1.3036500213888889,36.74822998027778,2023,2,Used/,,Self,IMG_20230212_080820,[0.5664355754852295],"[[2288.6904296875, 617.411376953125, 2686.345703125, 1319.694580078125]]"
2232,2232,IMG_20230212_080607,-1.2992503641666666,36.762954711666666,2023,2,Used/,,Self,IMG_20230212_080607,[0.5304545164108276],"[[48.65509033203125, 2027.8419189453125, 3959.492919921875, 2976.0]]"
2233,2233,IMG_20230212_081243,-1.3051530122222224,36.71574783305556,2023,2,Used/,,Self,IMG_20230212_081243,[0.40679678320884705],"[[552.9820556640625, 1162.96435546875, 1366.6881103515625, 1415.9700927734375]]"
2234,2234,IMG_20230212_081257,-1.3051530122222224,36.71574783305556,2023,2,Used/,,Self,IMG_20230212_081257,[],[]
2235,2235,IMG_20230212_080940,-1.3076189755555556,36.73464965805556,2023,2,Used/,,Self,IMG_20230212_080940,"[0.574988067150116, 0.3389684855937958]","[[1062.241943359375, 592.58740234375, 1716.5020751953125, 1104.219482421875], [250.60134887695312, 1769.19677734375, 1197.424560546875, 2323.43603515625]]"
2236,2236,IMG_20230212_081337,-1.3051530122222224,36.71574783305556,2023,2,Used/,,Self,IMG_20230212_081337,"[0.5041045546531677, 0.3522762060165405]","[[2636.928466796875, 780.022216796875, 3968.0, 1818.827392578125], [3411.651123046875, 816.8803100585938, 3967.074951171875, 1798.49560546875]]"
2237,2237,IMG_20230212_081109,-1.3105809686111112,36.72499847388889,2023,2,Used/,,Self,IMG_20230212_081109,[0.5905916094779968],"[[2678.887939453125, 1056.2330322265625, 3550.839599609375, 1374.2591552734375]]"
2238,2238,IMG_20230212_081135,-1.3105809686111112,36.72499847388889,2023,2,Used/,,Self,IMG_20230212_081135,[],[]
2239,2239,IMG_20230212_081138,-1.3052599427777778,36.71598052972222,2023,2,Used/,,Self,IMG_20230212_081138,[],[]
2240,2240,IMG_20230212_081104,-1.3103799819444444,36.72858047472222,2023,2,Used/,,Self,IMG_20230212_081104,[0.30011099576950073],"[[3483.659912109375, 590.4826049804688, 3966.519775390625, 1574.6573486328125]]"
2241,2241,IMG_20230212_080756,-1.3015580175,36.75379180888889,2023,2,Used/,,Self,IMG_20230212_080756,[],[]
2242,2242,IMG_20230212_082035,-1.2560166119444445,36.66281890861111,2023,2,Used/,,Self,IMG_20230212_082035,[],[]
2243,2243,IMG_20230212_080622,-1.2992503641666666,36.762954711666666,2023,2,Used/,,Self,IMG_20230212_080622,[0.383905291557312],"[[97.4797134399414, 1931.1043701171875, 3794.48779296875, 2919.095947265625]]"
2244,2244,IMG_20230212_080839,-1.305370211388889,36.74350357055555,2023,2,Used/,,Self,IMG_20230212_080839,[],[]
2245,2245,IMG_20230212_080805,-1.3015580175,36.75379180888889,2023,2,Used/,,Self,IMG_20230212_080805,[],[]
2246,2246,IMG_20230212_081059,-1.3103799819444444,36.72858047472222,2023,2,Used/,,Self,IMG_20230212_081059,[0.6390596032142639],"[[1381.3475341796875, 26.72368812561035, 3952.541748046875, 1141.30615234375]]"
2247,2247,IMG_20230212_080958,-1.3076189755555556,36.73464965805556,2023,2,Used/,,Self,IMG_20230212_080958,[],[]
2248,2248,IMG_20230212_080743,-1.3015580175,36.75379180888889,2023,2,Used/,,Self,IMG_20230212_080743,[],[]
2249,2249,IMG_20230212_080755,-1.3015580175,36.75379180888889,2023,2,Used/,,Self,IMG_20230212_080755,[],[]
2250,2250,IMG_20230212_080741,-1.3015580175,36.75379180888889,2023,2,Used/,,Self,IMG_20230212_080741,[],[]
2251,2251,IMG_20230212_081305,-1.3051530122222224,36.71574783305556,2023,2,Used/,,Self,IMG_20230212_081305,[],[]
2252,2252,IMG_20230212_080635,-1.2992503641666666,36.762954711666666,2023,2,Used/,,Self,IMG_20230212_080635,[],[]
2253,2253,IMG_20230212_080609,-1.2992503641666666,36.762954711666666,2023,2,Used/,,Self,IMG_20230212_080609,[0.5902765393257141],"[[14.458972930908203, 1945.910400390625, 3124.2138671875, 2976.0]]"
2254,2254,IMG_20230212_080812,-1.3036500213888889,36.74822998027778,2023,2,Used/,,Self,IMG_20230212_080812,[0.3554088771343231],"[[2690.421630859375, 516.1393432617188, 3345.197509765625, 999.2122192382812]]"
2255,2255,IMG_20230212_081933,-1.2605555555555557,36.66111111111111,2023,2,Used/,,Self,IMG_20230212_081933,[],[]
2256,2256,IMG_20230212_080807,-1.3036500213888889,36.74822998027778,2023,2,Used/,,Self,IMG_20230212_080807,[0.3556630611419678],"[[893.2959594726562, 360.77935791015625, 1186.7509765625, 590.1116333007812]]"
2257,2257,IMG_20230212_082037,-1.2560166119444445,36.66281890861111,2023,2,Used/,,Self,IMG_20230212_082037,[],[]
2258,2258,IMG_20230212_082157,-1.244521021666667,36.665328979444446,2023,2,Used/,,Self,IMG_20230212_082157,[0.2743516266345978],"[[306.6156311035156, 1484.6591796875, 1654.15673828125, 1998.1629638671875]]"
2259,2259,IMG_20230212_080740,-1.3015580175,36.75379180888889,2023,2,Used/,,Self,IMG_20230212_080740,[],[]
2260,2260,IMG_20230212_082143,-1.244521021666667,36.665328979444446,2023,2,Used/,,Self,IMG_20230212_082143,[0.28768303990364075],"[[700.6978149414062, 412.3119201660156, 1886.7984619140625, 1033.5645751953125]]"
2261,2261,IMG_20230212_081106,-1.3103799819444444,36.72858047472222,2023,2,Used/,,Self,IMG_20230212_081106,[],[]
2262,2262,IMG_20230212_081112,-1.3105809686111112,36.72499847388889,2023,2,Used/,,Self,IMG_20230212_081112,[0.5589554905891418],"[[1386.025634765625, 347.75360107421875, 2637.00732421875, 1378.0450439453125]]"
2263,2263,IMG_20230212_081116,-1.3105809686111112,36.72499847388889,2023,2,Used/,,Self,IMG_20230212_081116,[],[]
2264,2264,IMG_20230212_080624,-1.2992503641666666,36.762954711666666,2023,2,Used/,,Self,IMG_20230212_080624,[],[]
2265,2265,IMG_20230212_080630,-1.2992503641666666,36.762954711666666,2023,2,Used/,,Self,IMG_20230212_080630,[],[]
2266,2266,IMG_20230212_080803,-1.3015580175,36.75379180888889,2023,2,Used/,,Self,IMG_20230212_080803,[],[]
2267,2267,IMG_20230212_081936,-1.2605748175,36.661159515277774,2023,2,Used/,,Self,IMG_20230212_081936,"[0.4293766915798187, 0.3535674214363098]","[[0.0, 1278.6578369140625, 478.7314758300781, 2416.49462890625], [200.20213317871094, 98.5462875366211, 2997.895263671875, 1548.6290283203125]]"
2268,2268,IMG_20230212_080619,-1.2992503641666666,36.762954711666666,2023,2,Used/,,Self,IMG_20230212_080619,[],[]
2269,2269,IMG_20230212_081329,-1.3051530122222224,36.71574783305556,2023,2,Used/,,Self,IMG_20230212_081329,[0.39435654878616333],"[[2094.263916015625, 1006.9176635742188, 3968.0, 1612.7591552734375]]"
2270,2270,IMG_20230212_081315,-1.3051530122222224,36.71574783305556,2023,2,Used/,,Self,IMG_20230212_081315,[0.7219153046607971],"[[0.6459594964981079, 1460.8626708984375, 785.7445068359375, 1856.428955078125]]"
2271,2271,IMG_20230212_082150,-1.244521021666667,36.665328979444446,2023,2,Used/,,Self,IMG_20230212_082150,[0.49830690026283264],"[[248.54550170898438, 847.8114013671875, 2917.564453125, 2976.0]]"
2272,2272,IMG_20230212_080753,-1.3015580175,36.75379180888889,2023,2,Used/,,Self,IMG_20230212_080753,[],[]
2273,2273,IMG_20230212_080633,-1.2992503641666666,36.762954711666666,2023,2,Used/,,Self,IMG_20230212_080633,[],[]
2274,2274,IMG_20230212_082024,-1.2605748175,36.661159515277774,2023,2,Used/,,Self,IMG_20230212_082024,[0.29988133907318115],"[[0.0, 0.7705063223838806, 688.4343872070312, 321.6361389160156]]"
2275,2275,IMG_20230212_080627,-1.2992503641666666,36.762954711666666,2023,2,Used/,,Self,IMG_20230212_080627,[],[]
2276,2276,IMG_20230212_080800,-1.3015580175,36.75379180888889,2023,2,Used/,,Self,IMG_20230212_080800,[],[]
2277,2277,IMG_20230212_081049,-1.3103799819444444,36.72858047472222,2023,2,Used/,,Self,IMG_20230212_081049,[0.448137491941452],"[[0.24039001762866974, 16.244916915893555, 524.4154052734375, 814.8301391601562]]"
2278,2278,IMG_20230212_080815,-1.3036500213888889,36.74822998027778,2023,2,Used/,,Self,IMG_20230212_080815,[0.6916727423667908],"[[2299.262451171875, 646.4420776367188, 3021.229736328125, 1050.2823486328125]]"
2279,2279,IMG_20230212_080949,-1.3076189755555556,36.73464965805556,2023,2,Used/,,Self,IMG_20230212_080949,[],[]
2280,2280,IMG_20230212_080752,-1.3015580175,36.75379180888889,2023,2,Used/,,Self,IMG_20230212_080752,[0.3874637186527252],"[[2240.60791015625, 329.02484130859375, 2588.919677734375, 613.9061889648438]]"
2281,2281,IMG_20230212_080746,-1.3015580175,36.75379180888889,2023,2,Used/,,Self,IMG_20230212_080746,[],[]
2282,2282,IMG_20230212_081302,-1.3051530122222224,36.71574783305556,2023,2,Used/,,Self,IMG_20230212_081302,[],[]
2283,2283,IMG_20230212_081114,-1.3105809686111112,36.72499847388889,2023,2,Used/,,Self,IMG_20230212_081114,[],[]
2284,2284,IMG_20230212_081239,-1.3051530122222224,36.71574783305556,2023,2,Used/,,Self,IMG_20230212_081239,[],[]
2285,2285,IMG_20230212_080641,-1.2992503641666666,36.762954711666666,2023,2,Used/,,Self,IMG_20230212_080641,[],[]
2286,2286,IMG_20230212_081211,-1.3051530122222224,36.71574783305556,2023,2,Used/,,Self,IMG_20230212_081211,[0.38939380645751953],"[[0.0, 2085.193603515625, 510.5744934082031, 2217.123779296875]]"
2287,2287,IMG_20230212_081013,-1.3075469730555556,36.73464965805556,2023,2,Used/,,Self,IMG_20230212_081013,[],[]
2288,2288,IMG_20230212_081007,-1.3076189755555556,36.73464965805556,2023,2,Used/,,Self,IMG_20230212_081007,[],[]
2289,2289,IMG_20230212_081947,-1.2605748175,36.661159515277774,2023,2,Used/,,Self,IMG_20230212_081947,[0.7947854995727539],"[[2.6790101528167725, 1058.809326171875, 1008.2246704101562, 1724.25244140625]]"
2290,2290,IMG_20230212_081953,-1.2605748175,36.661159515277774,2023,2,Used/,,Self,IMG_20230212_081953,[0.3665846884250641],"[[752.4761962890625, 1693.1441650390625, 1668.851806640625, 2324.316650390625]]"
2291,2291,IMG_20230212_080654,-1.2992503641666666,36.762954711666666,2023,2,Used/,,Self,IMG_20230212_080654,[0.3906160593032837],"[[2663.491455078125, 1378.2156982421875, 3821.4921875, 2367.7548828125]]"
2292,2292,IMG_20230212_080913,-1.306132793333333,36.73926162694445,2023,2,Used/,,Self,IMG_20230212_080913,[],[]
2293,2293,IMG_20230212_080708,-1.3002673386111112,36.75717926,2023,2,Used/,,Self,IMG_20230212_080708,[0.43524739146232605],"[[840.6458740234375, 687.0078125, 2971.121826171875, 1266.263916015625]]"
2294,2294,IMG_20230212_080720,-1.3002673386111112,36.75717926,2023,2,Used/,,Self,IMG_20230212_080720,[],[]
2295,2295,IMG_20230212_081158,-1.3052599427777778,36.71598052972222,2023,2,Used/,,Self,IMG_20230212_081158,[0.4701455533504486],"[[0.0, 1511.072509765625, 995.0968017578125, 1897.6318359375]]"
2296,2296,IMG_20230212_080736,-1.3002673386111112,36.75717926,2023,2,Used/,,Self,IMG_20230212_080736,[],[]
2297,2297,IMG_20230212_080722,-1.3002673386111112,36.75717926,2023,2,Used/,,Self,IMG_20230212_080722,[],[]
2298,2298,IMG_20230212_080905,-1.305370211388889,36.74350357055555,2023,2,Used/,,Self,IMG_20230212_080905,[0.45219534635543823],"[[2774.19091796875, 672.0076904296875, 3070.259765625, 842.2740478515625]]"
2299,2299,IMG_20230212_080642,-1.2992503641666666,36.762954711666666,2023,2,Used/,,Self,IMG_20230212_080642,[0.46878671646118164],"[[2157.5439453125, 1086.3975830078125, 2636.955078125, 1374.01904296875]]"
2300,2300,IMG_20230212_080656,-1.2992503641666666,36.762954711666666,2023,2,Used/,,Self,IMG_20230212_080656,[0.688769519329071],"[[1326.827880859375, 807.7570190429688, 2175.47216796875, 1143.01904296875]]"
2301,2301,IMG_20230212_081945,-1.2605748175,36.661159515277774,2023,2,Used/,,Self,IMG_20230212_081945,[],[]
2302,2302,IMG_20230212_081011,-1.3075469730555556,36.73464965805556,2023,2,Used/,,Self,IMG_20230212_081011,"[0.5695370435714722, 0.26690438389778137]","[[1984.05078125, 1052.3050537109375, 3961.53515625, 2203.944091796875], [2087.720947265625, 315.4237976074219, 2420.592529296875, 498.729248046875]]"
2303,2303,IMG_20230212_081039,-1.3103799819444444,36.72858047472222,2023,2,Used/,,Self,IMG_20230212_081039,[],[]
2304,2304,IMG_20230212_080910,-1.306132793333333,36.73926162694445,2023,2,Used/,,Self,IMG_20230212_080910,[],[]
2305,2305,IMG_20230212_082108,-1.2504570483333333,36.66455841055556,2023,2,Used/,,Self,IMG_20230212_082108,[],[]
2306,2306,IMG_20230212_082124,-1.2504570483333333,36.66455841055556,2023,2,Used/,,Self,IMG_20230212_082124,[],[]
2307,2307,IMG_20230212_081217,-1.3051530122222224,36.71574783305556,2023,2,Used/,,Self,IMG_20230212_081217,[0.5293723344802856],"[[2041.890380859375, 623.721923828125, 3955.17626953125, 1624.5455322265625]]"
2308,2308,IMG_20230212_080647,-1.2992503641666666,36.762954711666666,2023,2,Used/,,Self,IMG_20230212_080647,[],[]
2309,2309,IMG_20230212_081015,-1.3075469730555556,36.73464965805556,2023,2,Used/,,Self,IMG_20230212_081015,[],[]
2310,2310,IMG_20230212_081029,-1.3075469730555556,36.73464965805556,2023,2,Used/,,Self,IMG_20230212_081029,[],[]
2311,2311,IMG_20230212_081028,-1.3075469730555556,36.73464965805556,2023,2,Used/,,Self,IMG_20230212_081028,[],[]
2312,2312,IMG_20230212_081000,-1.3076189755555556,36.73464965805556,2023,2,Used/,,Self,IMG_20230212_081000,[],[]
2313,2313,IMG_20230212_080652,-1.2992503641666666,36.762954711666666,2023,2,Used/,,Self,IMG_20230212_080652,[],[]
2314,2314,IMG_20230212_080646,-1.2992503641666666,36.762954711666666,2023,2,Used/,,Self,IMG_20230212_080646,[],[]
2315,2315,IMG_20230212_080929,-1.306132793333333,36.73926162694445,2023,2,Used/,,Self,IMG_20230212_080929,[0.3957529664039612],"[[1071.80029296875, 611.7474975585938, 2432.359130859375, 1367.7803955078125]]"
2316,2316,IMG_20230212_080726,-1.3002673386111112,36.75717926,2023,2,Used/,,Self,IMG_20230212_080726,[],[]
2317,2317,IMG_20230212_082119,-1.2504570483333333,36.66455841055556,2023,2,Used/,,Self,IMG_20230212_082119,[],[]
2318,2318,IMG_20230212_080730,-1.3002673386111112,36.75717926,2023,2,Used/,,Self,IMG_20230212_080730,[],[]
2319,2319,IMG_20230212_080917,-1.306132793333333,36.73926162694445,2023,2,Used/,,Self,IMG_20230212_080917,[0.3308432102203369],"[[2943.7041015625, 845.1068725585938, 3486.244140625, 1083.9503173828125]]"
2320,2320,IMG_20230212_081214,-1.3051530122222224,36.71574783305556,2023,2,Used/,,Self,IMG_20230212_081214,[0.668906569480896],"[[1473.8294677734375, 1136.3701171875, 2583.34326171875, 1745.185546875]]"
2321,2321,IMG_20230212_081228,-1.3051530122222224,36.71574783305556,2023,2,Used/,,Self,IMG_20230212_081228,[],[]
2322,2322,IMG_20230212_080650,-1.2992503641666666,36.762954711666666,2023,2,Used/,,Self,IMG_20230212_080650,[],[]
2323,2323,IMG_20230212_081016,-1.3075469730555556,36.73464965805556,2023,2,Used/,,Self,IMG_20230212_081016,[],[]
2324,2324,IMG_20230212_081003,-1.3076189755555556,36.73464965805556,2023,2,Used/,,Self,IMG_20230212_081003,[],[]
2325,2325,IMG_20230212_081017,-1.3075469730555556,36.73464965805556,2023,2,Used/,,Self,IMG_20230212_081017,"[0.5341472029685974, 0.3198191821575165]","[[3174.6650390625, 0.0, 3964.56640625, 1101.47412109375], [776.5091552734375, 2220.901123046875, 3958.164306640625, 2967.59326171875]]"
2326,2326,IMG_20230212_082052,-1.2560166119444445,36.66281890861111,2023,2,Used/,,Self,IMG_20230212_082052,[],[]
2327,2327,IMG_20230212_080902,-1.305370211388889,36.74350357055555,2023,2,Used/,,Self,IMG_20230212_080902,[],[]
