,panoid,lat,lon,year,month,img_path,angle,type,img_name,conf,bbox
0,IMG_7790,-1.3140888888888889,36.87233055555556,2023,2,Used/,,Self,IMG_7790,-1,-1
1,IMG_0799,-1.3660222222222222,36.76688333333333,2023,2,Used/,,Self,IMG_0799,[],[]
2,IMG_6303,-1.2518972222222222,36.82538611111112,2023,2,Used/,,Self,IMG_6303,[0.4785332679748535],"[[384.7498779296875, 2212.64599609375, 4032.0, 3021.783203125]]"
3,IMG_0772,-1.3467583333333333,36.765344444444445,2023,2,Used/,,Self,IMG_0772,[],[]
4,IMG_8448,-1.2797305555555556,37.04933611111111,2023,2,Used/,,Self,IMG_8448,[],[]
5,IMG_6465,-1.3069388888888889,36.78382222222222,2023,2,Used/,,Self,IMG_6465,[],[]
6,IMG_6471,-1.3064944444444444,36.78350833333333,2023,2,Used/,,Self,IMG_6471,[],[]
7,IMG_6317,-1.2280444444444445,36.80515277777778,2023,2,Used/,,Self,IMG_6317,[],[]
8,IMG_0766,-1.3427749999999998,36.76687222222222,2023,2,Used/,,Self,IMG_0766,[],[]
9,IMG_7009,-1.3421194444444444,36.767719444444445,2023,2,Used/,,Self,IMG_7009,[],[]
10,IMG_7021,-1.3370583333333332,36.77475277777778,2023,2,Used/,,Self,IMG_7021,[],[]
11,IMG_8312,-1.2645194444444443,36.98424166666667,2023,2,Used/,,Self,IMG_8312,[],[]
12,IMG_7747,-1.3150722222222222,36.87216111111111,2023,2,Used/,,Self,IMG_7747,[],[]
13,IMG_8474,-1.279736111111111,37.048788888888886,2023,2,Used/,,Self,IMG_8474,"[0.6306285262107849, 0.35508689284324646]","[[0.0, 2415.912353515625, 3441.830810546875, 3024.0], [327.1170349121094, 2435.4052734375, 4032.0, 3003.77392578125]]"
14,IMG_6459,-1.309036111111111,36.78270555555555,2023,2,Used/,,Self,IMG_6459,[],[]
15,IMG_8460,-1.281863888888889,37.06008611111111,2023,2,Used/,,Self,IMG_8460,[],[]
16,IMG_7035,-1.3156861111111111,36.78896666666667,2023,2,Used/,,Self,IMG_7035,[0.42672640085220337],"[[0.0, 1964.566650390625, 2074.377197265625, 2384.1171875]]"
17,IMG_8306,-1.2641694444444445,36.98248333333333,2023,2,Used/,,Self,IMG_8306,[],[]
18,IMG_8689,-1.2690027777777777,36.66056111111111,2023,2,Used/,,Self,IMG_8689,[],[]
19,IMG_8138,-1.3296805555555555,36.87144722222222,2023,2,Used/,,Self,IMG_8138,[],[]
20,IMG_8676,-1.2896027777777777,36.68384444444444,2023,2,Used/,,Self,IMG_8676,[],[]
21,IMG_8110,-1.321161111111111,36.84127777777778,2023,2,Used/,,Self,IMG_8110,[],[]
22,IMG_7223,-1.279288888888889,36.80681666666666,2023,2,Used/,,Self,IMG_7223,[],[]
23,IMG_8104,-1.3173638888888888,36.83488888888889,2023,2,Used/,,Self,IMG_8104,[],[]
24,IMG_7237,-1.278725,36.80363611111111,2023,2,Used/,,Self,IMG_7237,[],[]
25,IMG_8662,-1.3094222222222225,36.72746388888889,2023,2,Used/,,Self,IMG_8662,[],[]
26,IMG_7394,-1.2982333333333331,36.80170833333333,2023,2,Used/,,Self,IMG_7394,[],[]
27,IMG_7380,-1.297711111111111,36.80299444444445,2023,2,Used/,,Self,IMG_7380,[],[]
28,IMG_8058,-1.2973277777777776,36.80565555555555,2023,2,Used/,,Self,IMG_8058,[],[]
29,IMG_8702,-1.2401777777777778,36.66569444444444,2023,2,Used/,,Self,IMG_8702,[],[]
30,IMG_8064,-1.2960083333333332,36.808727777777776,2023,2,Used/,,Self,IMG_8064,[],[]
31,IMG_7357,-1.294311111111111,36.80016388888889,2023,2,Used/,,Self,IMG_7357,[],[]
32,IMG_8070,-1.2950722222222222,36.81259166666666,2023,2,Used/,,Self,IMG_8070,[],[]
33,IMG_7343,-1.2896416666666666,36.7981,2023,2,Used/,,Self,IMG_7343,[],[]
34,IMG_8716,-1.2214250000000002,36.66322777777778,2023,2,Used/,,Self,IMG_8716,[],[]
35,IMG_8299,-1.2657027777777778,36.98136111111111,2023,2,Used/,,Self,IMG_8299,[],[]
36,IMG_7814,-1.3126277777777775,36.87094444444445,2023,2,Used/,,Self,IMG_7814,[0.7073689699172974],"[[1410.309814453125, 2866.137939453125, 3024.0, 3622.160400390625]]"
37,IMG_7800,-1.312913888888889,36.87211666666667,2023,2,Used/,,Self,IMG_7800,[],[]
38,IMG_0809,-1.3735444444444445,36.769213888888885,2023,2,Used/,,Self,IMG_0809,[],[]
39,IMG_6288,-1.259961111111111,36.836666666666666,2023,2,Used/,,Self,IMG_6288,[],[]
40,IMG_7196,-1.2869555555555554,36.80060555555556,2023,2,Used/,,Self,IMG_7196,[],[]
41,IMG_7828,-1.3121055555555556,36.87036111111111,2023,2,Used/,,Self,IMG_7828,[],[]
42,IMG_7182,-1.288333333333333,36.79842222222222,2023,2,Used/,,Self,IMG_7182,[],[]
43,IMG_7169,-1.2897055555555554,36.79776388888889,2023,2,Used/,,Self,IMG_7169,[0.5590984225273132],"[[1534.6220703125, 2255.146484375, 2174.85107421875, 2531.166748046875]]"
44,IMG_6277,-1.2632555555555556,36.83839444444445,2023,2,Used/,,Self,IMG_6277,[],[]
45,IMG_6511,-1.304936111111111,36.7878,2023,2,Used/,,Self,IMG_6511,[],[]
46,IMG_6505,-1.3055361111111112,36.787619444444445,2023,2,Used/,,Self,IMG_6505,[],[]
47,IMG_8528,-1.2693055555555557,36.99356111111111,2023,2,Used/,,Self,IMG_8528,[],[]
48,IMG_6263,-1.2710055555555555,36.82926111111112,2023,2,Used/,,Self,IMG_6263,[],[]
49,IMG_7155,-1.289655555555555,36.79624166666667,2023,2,Used/,,Self,IMG_7155,[],[]
50,IMG_8266,-1.2802361111111111,36.964775,2023,2,Used/,,Self,IMG_8266,[],[]
51,IMG_7633,-1.3119583333333331,36.85140555555556,2023,2,Used/,,Self,IMG_7633,"[0.42293015122413635, 0.34717702865600586, 0.27591782808303833]","[[612.3092651367188, 1730.2568359375, 4032.0, 2406.26171875], [1729.0291748046875, 1743.9771728515625, 3320.668212890625, 2391.3466796875], [1590.103515625, 1715.274169921875, 4032.0, 2402.70654296875]]"
52,IMG_8500,-1.2772416666666666,37.02365555555556,2023,2,Used/,,Self,IMG_8500,[0.2576245367527008],"[[0.0, 2171.93212890625, 3203.4521484375, 2870.50244140625]]"
53,IMG_6539,-1.2980944444444442,36.788075,2023,2,Used/,,Self,IMG_6539,[],[]
54,IMG_7627,-1.3003472222222223,36.83722777777778,2023,2,Used/,,Self,IMG_7627,[],[]
55,IMG_8514,-1.275283333333333,37.003875,2023,2,Used/,,Self,IMG_8514,[],[]
56,IMG_7141,-1.2960027777777776,36.79541111111111,2023,2,Used/,,Self,IMG_7141,[],[]
57,IMG_8272,-1.2789638888888888,36.96742777777778,2023,2,Used/,,Self,IMG_8272,[0.4795902967453003],"[[1245.7457275390625, 1888.748291015625, 1798.45458984375, 2073.869140625]]"
58,IMG_8515,-1.2740361111111111,37.00127777777778,2023,2,Used/,,Self,IMG_8515,[],[]
59,IMG_7626,-1.299811111111111,36.83710833333333,2023,2,Used/,,Self,IMG_7626,[],[]
60,IMG_6538,-1.2982777777777776,36.788066666666666,2023,2,Used/,,Self,IMG_6538,[],[]
61,IMG_8273,-1.278761111111111,36.96776111111112,2023,2,Used/,,Self,IMG_8273,[],[]
62,IMG_7140,-1.296086111111111,36.79543333333333,2023,2,Used/,,Self,IMG_7140,[],[]
63,IMG_8267,-1.2799222222222222,36.96553611111111,2023,2,Used/,,Self,IMG_8267,[],[]
64,IMG_7154,-1.2897888888888889,36.796188888888885,2023,2,Used/,,Self,IMG_7154,[],[]
65,IMG_8501,-1.2769388888888888,37.02003055555556,2023,2,Used/,,Self,IMG_8501,[],[]
66,IMG_7632,-1.3119166666666666,36.85130277777778,2023,2,Used/,,Self,IMG_7632,[0.6772720813751221],"[[6.4162211418151855, 1555.5003662109375, 832.9688720703125, 1974.977294921875]]"
67,IMG_8529,-1.269172222222222,36.99336944444445,2023,2,Used/,,Self,IMG_8529,[],[]
68,IMG_6504,-1.305725,36.78754444444444,2023,2,Used/,,Self,IMG_6504,[],[]
69,IMG_6262,-1.2712222222222225,36.828919444444445,2023,2,Used/,,Self,IMG_6262,[],[]
70,IMG_6276,-1.2635722222222223,36.837872222222224,2023,2,Used/,,Self,IMG_6276,[],[]
71,IMG_7168,-1.289672222222222,36.79765277777778,2023,2,Used/,,Self,IMG_7168,[0.6493216753005981],"[[2314.883056640625, 2565.239990234375, 4024.29248046875, 2996.4638671875]]"
72,IMG_6510,-1.3050388888888889,36.78776388888889,2023,2,Used/,,Self,IMG_6510,[],[]
73,IMG_7183,-1.2876138888888888,36.79861388888889,2023,2,Used/,,Self,IMG_7183,[],[]
74,IMG_7197,-1.28755,36.80258055555555,2023,2,Used/,,Self,IMG_7197,[],[]
75,IMG_6289,-1.2597138888888888,36.836288888888895,2023,2,Used/,,Self,IMG_6289,"[0.31092461943626404, 0.2812096178531647]","[[1.277380347251892, 2575.65185546875, 1996.457763671875, 3021.925537109375], [127.60191345214844, 2397.10302734375, 4032.0, 3018.017578125]]"
76,IMG_7829,-1.3121222222222222,36.87036111111111,2023,2,Used/,,Self,IMG_7829,"[0.48911479115486145, 0.46020764112472534, 0.2603490650653839]","[[1023.4224243164062, 1789.8680419921875, 3053.645751953125, 3024.0], [3401.654052734375, 1752.25244140625, 4025.3056640625, 3019.709716796875], [2405.968017578125, 1780.7939453125, 3188.053466796875, 2152.369384765625]]"
77,IMG_7801,-1.31275,36.87213611111111,2023,2,Used/,,Self,IMG_7801,"[0.3955996036529541, 0.3374100625514984, 0.29494524002075195]","[[10.367467880249023, 5.576330184936523, 4024.499267578125, 2142.672119140625], [38.95702362060547, 4.890920639038086, 4014.424072265625, 1295.27783203125], [73.23749542236328, 827.742431640625, 4032.0, 2310.466552734375]]"
78,IMG_0808,-1.3727222222222222,36.76889722222222,2023,2,Used/,,Self,IMG_0808,[],[]
79,IMG_8298,-1.2662166666666668,36.98101388888889,2023,2,Used/,,Self,IMG_8298,[0.36049631237983704],"[[39.915252685546875, 2835.52001953125, 1012.8706665039062, 3020.576171875]]"
80,IMG_7815,-1.3127305555555555,36.87069722222223,2023,2,Used/,,Self,IMG_7815,"[0.5733850598335266, 0.4567793309688568]","[[0.0, 2105.526123046875, 2546.60595703125, 3013.928466796875], [2726.2109375, 2646.629150390625, 4028.520751953125, 3017.28564453125]]"
81,IMG_7342,-1.289597222222222,36.79810555555555,2023,2,Used/,,Self,IMG_7342,[],[]
82,IMG_8071,-1.2948694444444444,36.813538888888885,2023,2,Used/,,Self,IMG_8071,[],[]
83,IMG_8717,-1.2192833333333335,36.662952777777775,2023,2,Used/,,Self,IMG_8717,[],[]
84,IMG_8703,-1.239988888888889,36.665725,2023,2,Used/,,Self,IMG_8703,[],[]
85,IMG_7356,-1.2939305555555554,36.79987222222222,2023,2,Used/,,Self,IMG_7356,[],[]
86,IMG_8065,-1.295436111111111,36.80943611111111,2023,2,Used/,,Self,IMG_8065,[],[]
87,IMG_8059,-1.2970805555555551,36.80679444444444,2023,2,Used/,,Self,IMG_8059,[],[]
88,IMG_7381,-1.2977638888888887,36.80304444444444,2023,2,Used/,,Self,IMG_7381,[],[]
89,IMG_7395,-1.2983333333333331,36.80111111111111,2023,2,Used/,,Self,IMG_7395,[],[]
90,IMG_7236,-1.2787694444444444,36.803825,2023,2,Used/,,Self,IMG_7236,[],[]
91,IMG_8105,-1.3179277777777778,36.835794444444446,2023,2,Used/,,Self,IMG_8105,[],[]
92,IMG_8663,-1.308652777777778,36.72634722222222,2023,2,Used/,,Self,IMG_8663,[],[]
93,IMG_8677,-1.288186111111111,36.68273611111111,2023,2,Used/,,Self,IMG_8677,[],[]
94,IMG_7222,-1.2795138888888888,36.806955555555554,2023,2,Used/,,Self,IMG_7222,[],[]
95,IMG_8111,-1.3215472222222222,36.84203611111111,2023,2,Used/,,Self,IMG_8111,[],[]
96,IMG_8139,-1.3296083333333333,36.87215555555556,2023,2,Used/,,Self,IMG_8139,[],[]
97,IMG_6869,-1.3343972222222222,36.77933055555555,2023,2,Used/,,Self,IMG_6869,"[0.7364703416824341, 0.38122856616973877, 0.27494925260543823]","[[891.9136962890625, 1397.9666748046875, 1478.7576904296875, 1792.7659912109375], [351.3841857910156, 2241.47900390625, 4014.565673828125, 2828.78173828125], [77.05848693847656, 2311.8515625, 3989.67626953125, 2944.40771484375]]"
98,IMG_8688,-1.2714694444444443,36.662752777777776,2023,2,Used/,,Self,IMG_8688,[],[]
99,IMG_8461,-1.2822055555555556,37.06131388888888,2023,2,Used/,,Self,IMG_8461,[],[]
100,IMG_8307,-1.264113888888889,36.982594444444445,2023,2,Used/,,Self,IMG_8307,[],[]
101,IMG_7034,-1.3159361111111112,36.788783333333335,2023,2,Used/,,Self,IMG_7034,[],[]
102,IMG_8313,-1.2645277777777777,36.98430555555556,2023,2,Used/,,Self,IMG_8313,[0.6158798336982727],"[[2209.6845703125, 2584.5595703125, 3444.916748046875, 2842.66943359375]]"
103,IMG_7020,-1.3374194444444445,36.77393611111111,2023,2,Used/,,Self,IMG_7020,[],[]
104,IMG_6458,-1.3090416666666669,36.782694444444445,2023,2,Used/,,Self,IMG_6458,[],[]
105,IMG_8475,-1.2796999999999998,37.04845833333333,2023,2,Used/,,Self,IMG_8475,[],[]
106,IMG_7746,-1.3149111111111111,36.87208055555556,2023,2,Used/,,Self,IMG_7746,[],[]
107,IMG_6470,-1.3066111111111112,36.78337222222222,2023,2,Used/,,Self,IMG_6470,[0.4545265734195709],"[[959.6173706054688, 2268.235595703125, 2088.010986328125, 2464.76025390625]]"
108,IMG_7008,-1.342275,36.76730555555555,2023,2,Used/,,Self,IMG_7008,[],[]
109,IMG_0767,-1.343511111111111,36.766533333333335,2023,2,Used/,,Self,IMG_0767,[],[]
110,IMG_6316,-1.2336583333333333,36.80325277777777,2023,2,Used/,,Self,IMG_6316,[],[]
111,IMG_0773,-1.347247222222222,36.76517222222222,2023,2,Used/,,Self,IMG_0773,[],[]
112,IMG_6302,-1.2522055555555556,36.82864722222222,2023,2,Used/,,Self,IMG_6302,[],[]
113,IMG_6464,-1.3069388888888889,36.78382222222222,2023,2,Used/,,Self,IMG_6464,[],[]
114,IMG_8449,-1.2797611111111111,37.04963611111111,2023,2,Used/,,Self,IMG_8449,[],[]
115,IMG_7791,-1.3132666666666668,36.87263611111111,2023,2,Used/,,Self,IMG_7791,[],[]
116,IMG_0798,-1.365313888888889,36.76649722222222,2023,2,Used/,,Self,IMG_0798,[],[]
117,IMG_8488,-1.2784555555555557,37.036544444444445,2023,2,Used/,,Self,IMG_8488,"[0.44633373618125916, 0.3695032596588135, 0.3311441242694855, 0.31117933988571167]","[[318.666015625, 1794.4901123046875, 4026.871826171875, 2682.952880859375], [0.3006957769393921, 2002.6181640625, 1806.4549560546875, 2886.1708984375], [1781.979736328125, 1770.1337890625, 4022.621826171875, 2599.883544921875], [1927.6552734375, 1748.66015625, 4004.59814453125, 2252.341064453125]]"
118,IMG_7793,-1.3132555555555556,36.8726,2023,2,Used/,,Self,IMG_7793,[],[]
119,IMG_6499,-1.3062027777777778,36.787052777777774,2023,2,Used/,,Self,IMG_6499,[],[]
120,IMG_6314,-1.2404611111111112,36.81297222222222,2023,2,Used/,,Self,IMG_6314,[],[]
121,IMG_0765,-1.3425333333333334,36.76698611111111,2023,2,Used/,,Self,IMG_0765,[],[]
122,IMG_8339,-1.2676888888888889,36.99104444444445,2023,2,Used/,,Self,IMG_8339,[],[]
123,IMG_6472,-1.3064,36.78366388888889,2023,2,Used/,,Self,IMG_6472,"[0.5373325347900391, 0.39347395300865173, 0.257816344499588]","[[0.0, 2126.306396484375, 1876.8980712890625, 3024.0], [337.1687927246094, 2383.14013671875, 4022.02294921875, 3002.6904296875], [1894.940185546875, 2402.99609375, 4026.32275390625, 3024.0]]"
124,IMG_6466,-1.3068222222222223,36.78303888888889,2023,2,Used/,,Self,IMG_6466,[],[]
125,IMG_6300,-1.2555305555555556,36.83241944444445,2023,2,Used/,,Self,IMG_6300,[],[]
126,IMG_0771,-1.3460527777777778,36.76558888888889,2023,2,Used/,,Self,IMG_0771,[],[]
127,IMG_6328,-1.2329305555555556,36.80314722222222,2023,2,Used/,,Self,IMG_6328,[],[]
128,IMG_0759,-1.3420555555555556,36.76299722222223,2023,2,Used/,,Self,IMG_0759,[],[]
129,IMG_8305,-1.264775,36.982108333333336,2023,2,Used/,,Self,IMG_8305,[],[]
130,IMG_7036,-1.3155444444444444,36.78909444444445,2023,2,Used/,,Self,IMG_7036,[0.4598519504070282],"[[158.25750732421875, 1417.109619140625, 4032.0, 2137.59033203125]]"
131,IMG_8463,-1.2825305555555555,37.062977777777775,2023,2,Used/,,Self,IMG_8463,[],[]
132,IMG_8477,-1.2794027777777777,37.04583333333333,2023,2,Used/,,Self,IMG_8477,[0.30204537510871887],"[[137.64561462402344, 2467.84423828125, 4032.0, 3024.0]]"
133,IMG_7744,-1.314661111111111,36.87193611111111,2023,2,Used/,,Self,IMG_7744,[],[]
134,IMG_8311,-1.2643694444444444,36.98368611111111,2023,2,Used/,,Self,IMG_8311,[],[]
135,IMG_7022,-1.336822222222222,36.775055555555554,2023,2,Used/,,Self,IMG_7022,[],[]
136,IMG_7208,-1.285147222222222,36.805213888888886,2023,2,Used/,,Self,IMG_7208,[],[]
137,IMG_8649,-1.305913888888889,36.74205277777778,2023,2,Used/,,Self,IMG_8649,[],[]
138,IMG_8661,-1.3103694444444445,36.72813055555556,2023,2,Used/,,Self,IMG_8661,[0.3609634339809418],"[[416.1814270019531, 2375.125244140625, 4020.95556640625, 3010.678466796875]]"
139,IMG_7234,-1.2787694444444444,36.80396944444444,2023,2,Used/,,Self,IMG_7234,[],[]
140,IMG_8107,-1.3190222222222223,36.83763611111112,2023,2,Used/,,Self,IMG_8107,[],[]
141,IMG_7220,-1.2800194444444444,36.80713333333333,2023,2,Used/,,Self,IMG_7220,[],[]
142,IMG_8113,-1.322622222222222,36.84410277777778,2023,2,Used/,,Self,IMG_8113,[0.30791133642196655],"[[2395.095703125, 2027.259521484375, 2906.52001953125, 2197.107177734375]]"
143,IMG_6880,-1.3644,36.74620555555556,2023,2,Used/,,Self,IMG_6880,[],[]
144,IMG_8675,-1.2915027777777777,36.68499444444444,2023,2,Used/,,Self,IMG_8675,[],[]
145,IMG_8098,-1.312561111111111,36.83015833333334,2023,2,Used/,,Self,IMG_8098,[],[]
146,IMG_7383,-1.2980833333333333,36.803177777777776,2023,2,Used/,,Self,IMG_7383,[],[]
147,IMG_7397,-1.29845,36.80040555555555,2023,2,Used/,,Self,IMG_7397,[],[]
148,IMG_8729,-1.0141583333333333,36.60085277777778,2023,2,Used/,,Self,IMG_8729,[],[]
149,IMG_7368,-1.2951388888888888,36.80258611111111,2023,2,Used/,,Self,IMG_7368,[0.31087803840637207],"[[2694.16357421875, 2014.192626953125, 4032.0, 2227.324462890625]]"
150,IMG_8715,-1.2254083333333334,36.66381944444444,2023,2,Used/,,Self,IMG_8715,[],[]
151,IMG_7340,-1.2892944444444443,36.79821111111111,2023,2,Used/,,Self,IMG_7340,[],[]
152,IMG_8073,-1.294336111111111,36.81443333333333,2023,2,Used/,,Self,IMG_8073,[0.4418635070323944],"[[2.29732346534729, 821.36474609375, 939.2029418945312, 1601.4554443359375]]"
153,IMG_7354,-1.2918888888888889,36.79916388888888,2023,2,Used/,,Self,IMG_7354,[],[]
154,IMG_8067,-1.2945555555555557,36.81105,2023,2,Used/,,Self,IMG_8067,[],[]
155,IMG_8701,-1.2413277777777778,36.66553611111111,2023,2,Used/,,Self,IMG_8701,[],[]
156,IMG_7803,-1.312738888888889,36.87212777777778,2023,2,Used/,,Self,IMG_7803,"[0.7000468373298645, 0.43124920129776, 0.3883921205997467]","[[38.42100143432617, 1754.552978515625, 3969.56201171875, 3024.0], [1819.1710205078125, 1192.3878173828125, 3376.50146484375, 1679.92529296875], [0.0, 1288.5369873046875, 1364.7547607421875, 1911.27490234375]]"
157,IMG_7817,-1.3121833333333337,36.87025555555556,2023,2,Used/,,Self,IMG_7817,"[0.6740372776985168, 0.34435129165649414]","[[1.791581630706787, 1695.39892578125, 1492.0201416015625, 3024.0], [522.8976440429688, 1685.5126953125, 1421.5826416015625, 1942.7484130859375]]"
158,IMG_7181,-1.288333333333333,36.79842222222222,2023,2,Used/,,Self,IMG_7181,[],[]
159,IMG_7195,-1.2869138888888887,36.80044166666666,2023,2,Used/,,Self,IMG_7195,[],[]
160,IMG_6260,-1.2716444444444444,36.82822777777778,2023,2,Used/,,Self,IMG_6260,[],[]
161,IMG_6506,-1.3054666666666668,36.787638888888885,2023,2,Used/,,Self,IMG_6506,[],[]
162,IMG_7618,-1.2911833333333331,36.81981666666667,2023,2,Used/,,Self,IMG_7618,[],[]
163,IMG_6512,-1.3047777777777778,36.78789722222222,2023,2,Used/,,Self,IMG_6512,[],[]
164,IMG_8259,-1.2822194444444444,36.96094166666667,2023,2,Used/,,Self,IMG_8259,[],[]
165,IMG_6274,-1.2644194444444443,36.83669444444445,2023,2,Used/,,Self,IMG_6274,[0.4088706076145172],"[[1.017924427986145, 2162.679443359375, 554.7169189453125, 2393.760009765625]]"
166,IMG_8271,-1.2791527777777778,36.96710555555556,2023,2,Used/,,Self,IMG_8271,[],[]
167,IMG_7142,-1.295811111111111,36.79536111111111,2023,2,Used/,,Self,IMG_7142,[],[]
168,IMG_8517,-1.2733805555555555,37.00023611111112,2023,2,Used/,,Self,IMG_8517,[],[]
169,IMG_7624,-1.299786111111111,36.83690555555556,2023,2,Used/,,Self,IMG_7624,[],[]
170,IMG_8503,-1.276536111111111,37.01580833333333,2023,2,Used/,,Self,IMG_8503,[],[]
171,IMG_7630,-1.3120805555555557,36.850947222222224,2023,2,Used/,,Self,IMG_7630,"[0.5774234533309937, 0.5351155400276184]","[[0.0, 1607.4906005859375, 3521.56591796875, 2245.2001953125], [0.0, 1754.63525390625, 1970.93701171875, 2298.065185546875]]"
172,IMG_8265,-1.280461111111111,36.964288888888895,2023,2,Used/,,Self,IMG_8265,[0.2774417996406555],"[[2448.835693359375, 1833.5179443359375, 3008.302978515625, 2057.11865234375]]"
173,IMG_7156,-1.2894277777777776,36.79624166666667,2023,2,Used/,,Self,IMG_7156,[],[]
174,IMG_0639,-1.2992638888888888,36.77433888888888,2023,2,Used/,,Self,IMG_0639,[],[]
175,IMG_6248,-1.2750055555555555,36.82363055555556,2023,2,Used/,,Self,IMG_6248,[],[]
176,IMG_7631,-1.3117138888888888,36.85075,2023,2,Used/,,Self,IMG_7631,[0.6642181873321533],"[[34.51906967163086, 913.4088134765625, 3042.078125, 1863.30029296875]]"
177,IMG_8502,-1.2766388888888889,37.01695,2023,2,Used/,,Self,IMG_8502,[],[]
178,IMG_6249,-1.2749055555555555,36.82377222222223,2023,2,Used/,,Self,IMG_6249,[],[]
179,IMG_0638,-1.2991722222222222,36.774391666666666,2023,2,Used/,,Self,IMG_0638,[0.38649386167526245],"[[2183.0517578125, 2040.9622802734375, 3085.692138671875, 2373.037353515625]]"
180,IMG_7157,-1.2894,36.79625,2023,2,Used/,,Self,IMG_7157,[],[]
181,IMG_8264,-1.2806472222222225,36.96390555555556,2023,2,Used/,,Self,IMG_8264,[],[]
182,IMG_7143,-1.2957638888888887,36.79535555555555,2023,2,Used/,,Self,IMG_7143,[],[]
183,IMG_8270,-1.279388888888889,36.96666388888889,2023,2,Used/,,Self,IMG_8270,[],[]
184,IMG_7625,-1.299688888888889,36.83693611111112,2023,2,Used/,,Self,IMG_7625,[],[]
185,IMG_8516,-1.273863888888889,37.00098333333333,2023,2,Used/,,Self,IMG_8516,[],[]
186,IMG_6513,-1.3047555555555557,36.78793611111111,2023,2,Used/,,Self,IMG_6513,[],[]
187,IMG_6275,-1.2638666666666667,36.837447222222224,2023,2,Used/,,Self,IMG_6275,[],[]
188,IMG_8258,-1.282433333333333,36.96058888888889,2023,2,Used/,,Self,IMG_8258,[0.33468201756477356],"[[796.1613159179688, 2112.76806640625, 1171.083984375, 2463.22900390625]]"
189,IMG_6261,-1.271536111111111,36.8284,2023,2,Used/,,Self,IMG_6261,[],[]
190,IMG_7619,-1.2977277777777776,36.82960833333334,2023,2,Used/,,Self,IMG_7619,[],[]
191,IMG_6507,-1.3053333333333337,36.78768611111111,2023,2,Used/,,Self,IMG_6507,[],[]
192,IMG_7194,-1.2868638888888888,36.800244444444445,2023,2,Used/,,Self,IMG_7194,[],[]
193,IMG_7180,-1.288436111111111,36.79839722222222,2023,2,Used/,,Self,IMG_7180,[],[]
194,IMG_7816,-1.312186111111111,36.87022777777778,2023,2,Used/,,Self,IMG_7816,"[0.7148358821868896, 0.6324650645256042, 0.3194150924682617]","[[0.0, 1461.03271484375, 1505.813232421875, 3024.0], [2145.196044921875, 1250.8358154296875, 2719.142822265625, 1818.2437744140625], [554.73779296875, 1552.1365966796875, 1411.097900390625, 1769.8011474609375]]"
195,IMG_7802,-1.3127472222222225,36.87213055555556,2023,2,Used/,,Self,IMG_7802,"[0.37289828062057495, 0.3156052529811859]","[[10.118682861328125, 0.0, 4024.318603515625, 2033.3548583984375], [36.14655685424805, 2.693572759628296, 4014.890869140625, 1279.6063232421875]]"
196,IMG_8066,-1.2950277777777777,36.810294444444445,2023,2,Used/,,Self,IMG_8066,[],[]
197,IMG_7355,-1.2921944444444444,36.79931666666666,2023,2,Used/,,Self,IMG_7355,[],[]
198,IMG_8700,-1.2424222222222223,36.66532222222222,2023,2,Used/,,Self,IMG_8700,[],[]
199,IMG_8714,-1.2265444444444449,36.663980555555554,2023,2,Used/,,Self,IMG_8714,[],[]
200,IMG_8072,-1.2947277777777777,36.81386388888889,2023,2,Used/,,Self,IMG_8072,[],[]
201,IMG_7341,-1.289561111111111,36.79811111111111,2023,2,Used/,,Self,IMG_7341,[],[]
202,IMG_7369,-1.2952388888888888,36.80261111111111,2023,2,Used/,,Self,IMG_7369,[],[]
203,IMG_8728,-1.0142083333333334,36.60087777777778,2023,2,Used/,,Self,IMG_8728,[],[]
204,IMG_7396,-1.2983694444444442,36.80086388888888,2023,2,Used/,,Self,IMG_7396,[],[]
205,IMG_7382,-1.2979833333333333,36.803177777777776,2023,2,Used/,,Self,IMG_7382,[],[]
206,IMG_8099,-1.3151555555555556,36.83177222222223,2023,2,Used/,,Self,IMG_8099,[],[]
207,IMG_8112,-1.3219944444444445,36.84287777777778,2023,2,Used/,,Self,IMG_8112,[],[]
208,IMG_7221,-1.279758333333333,36.80706388888888,2023,2,Used/,,Self,IMG_7221,[],[]
209,IMG_8674,-1.2940277777777776,36.68714722222222,2023,2,Used/,,Self,IMG_8674,[],[]
210,IMG_8660,-1.3099694444444443,36.72677222222222,2023,2,Used/,,Self,IMG_8660,[],[]
211,IMG_8106,-1.3182055555555556,36.83624722222223,2023,2,Used/,,Self,IMG_8106,[],[]
212,IMG_7235,-1.2787722222222222,36.80389722222222,2023,2,Used/,,Self,IMG_7235,[],[]
213,IMG_8648,-1.3055694444444446,36.74336944444445,2023,2,Used/,,Self,IMG_8648,[],[]
214,IMG_7209,-1.2850555555555554,36.80528888888889,2023,2,Used/,,Self,IMG_7209,[],[]
215,IMG_7745,-1.3147777777777778,36.87201944444445,2023,2,Used/,,Self,IMG_7745,[],[]
216,IMG_8476,-1.2795944444444445,37.04749722222222,2023,2,Used/,,Self,IMG_8476,[0.5667734146118164],"[[4.415844440460205, 2142.41796875, 1633.248779296875, 2626.30859375]]"
217,IMG_7023,-1.3294638888888888,36.78012222222222,2023,2,Used/,,Self,IMG_7023,[],[]
218,IMG_8310,-1.264325,36.98356111111112,2023,2,Used/,,Self,IMG_8310,[],[]
219,IMG_7037,-1.3153472222222222,36.78927222222222,2023,2,Used/,,Self,IMG_7037,[],[]
220,IMG_8304,-1.2649694444444444,36.98187222222222,2023,2,Used/,,Self,IMG_8304,[],[]
221,IMG_0758,-1.3419166666666666,36.761744444444446,2023,2,Used/,,Self,IMG_0758,[],[]
222,IMG_6329,-1.2333527777777775,36.80323055555555,2023,2,Used/,,Self,IMG_6329,[],[]
223,IMG_8462,-1.2824027777777778,37.062172222222216,2023,2,Used/,,Self,IMG_8462,[],[]
224,IMG_6467,-1.3067944444444446,36.78308055555556,2023,2,Used/,,Self,IMG_6467,[],[]
225,IMG_0770,-1.345636111111111,36.76572777777778,2023,2,Used/,,Self,IMG_0770,[],[]
226,IMG_6301,-1.2523944444444444,36.82873611111111,2023,2,Used/,,Self,IMG_6301,[],[]
227,IMG_8338,-1.2674527777777778,36.99066111111111,2023,2,Used/,,Self,IMG_8338,[],[]
228,IMG_0764,-1.342375,36.76694444444444,2023,2,Used/,,Self,IMG_0764,[],[]
229,IMG_6315,-1.2343055555555555,36.803475,2023,2,Used/,,Self,IMG_6315,[],[]
230,IMG_6473,-1.306361111111111,36.783763888888885,2023,2,Used/,,Self,IMG_6473,"[0.5713006854057312, 0.46321046352386475, 0.3092683255672455]","[[485.0696105957031, 2438.872802734375, 2485.801025390625, 3021.336669921875], [0.0, 2483.375732421875, 2891.705078125, 3012.4326171875], [0.0, 2502.020751953125, 1936.7015380859375, 3017.74365234375]]"
231,IMG_6498,-1.3062305555555556,36.78696388888888,2023,2,Used/,,Self,IMG_6498,[0.3629107177257538],"[[23.020723342895508, 1863.2745361328125, 2062.331298828125, 3015.669189453125]]"
232,IMG_7792,-1.3132666666666668,36.87263611111111,2023,2,Used/,,Self,IMG_7792,[0.2791621685028076],"[[0.0, 1462.2655029296875, 2860.19384765625, 2968.859130859375]]"
233,IMG_8489,-1.2784027777777778,37.035980555555554,2023,2,Used/,,Self,IMG_8489,"[0.5943123698234558, 0.49068084359169006]","[[2117.353271484375, 2009.5301513671875, 4024.427734375, 2382.1279296875], [45.38352966308594, 1849.3033447265625, 3987.785888671875, 2634.274658203125]]"
234,IMG_6488,-1.305863888888889,36.785675,2023,2,Used/,,Self,IMG_6488,[],[]
235,IMG_7796,-1.3132805555555556,36.87255277777778,2023,2,Used/,,Self,IMG_7796,[],[]
236,IMG_8499,-1.277425,37.025241666666666,2023,2,Used/,,Self,IMG_8499,[0.28236496448516846],"[[1.662093997001648, 2809.216064453125, 800.9227294921875, 3024.0]]"
237,IMG_8466,-1.282722222222222,37.06497222222222,2023,2,Used/,,Self,IMG_8466,"[0.3372911512851715, 0.29566308856010437]","[[700.9736938476562, 2564.40625, 2792.0107421875, 3023.01513671875], [1163.177001953125, 2516.751708984375, 3238.356689453125, 3024.0]]"
238,IMG_8300,-1.2657027777777778,36.98136388888889,2023,2,Used/,,Self,IMG_8300,"[0.2991164028644562, 0.27492398023605347, 0.27026602625846863]","[[998.6433715820312, 2032.1182861328125, 2794.08251953125, 3000.09716796875], [939.0241088867188, 2007.4447021484375, 1803.635986328125, 2965.471435546875], [972.500732421875, 2025.15576171875, 2222.60888671875, 2970.777099609375]]"
239,IMG_7033,-1.316838888888889,36.788802777777775,2023,2,Used/,,Self,IMG_7033,[],[]
240,IMG_6339,-1.225552777777778,36.79038055555555,2023,2,Used/,,Self,IMG_6339,[],[]
241,IMG_8314,-1.2646277777777777,36.98461111111112,2023,2,Used/,,Self,IMG_8314,[],[]
242,IMG_7027,-1.3267361111111111,36.78028888888889,2023,2,Used/,,Self,IMG_7027,[],[]
243,IMG_0748,-1.3410444444444445,36.754925,2023,2,Used/,,Self,IMG_0748,[],[]
244,IMG_8472,-1.279972222222222,37.05097222222222,2023,2,Used/,,Self,IMG_8472,[0.2930825650691986],"[[162.7433319091797, 2360.066650390625, 4032.0, 3015.28857421875]]"
245,IMG_7741,-1.314488888888889,36.87160833333333,2023,2,Used/,,Self,IMG_7741,[],[]
246,IMG_6477,-1.306075,36.78434722222222,2023,2,Used/,,Self,IMG_6477,[],[]
247,IMG_0760,-1.3420999999999998,36.763375,2023,2,Used/,,Self,IMG_0760,[],[]
248,IMG_6305,-1.2498361111111111,36.82121388888889,2023,2,Used/,,Self,IMG_6305,[],[]
249,IMG_8328,-1.2659277777777778,36.98807777777778,2023,2,Used/,,Self,IMG_8328,[],[]
250,IMG_0774,-1.3478638888888888,36.76494722222222,2023,2,Used/,,Self,IMG_0774,[],[]
251,IMG_6463,-1.3074055555555557,36.78304444444444,2023,2,Used/,,Self,IMG_6463,[0.5008169412612915],"[[331.6505432128906, 2258.65576171875, 4014.15869140625, 3006.258544921875]]"
252,IMG_7231,-1.2783555555555557,36.80484722222222,2023,2,Used/,,Self,IMG_7231,[],[]
253,IMG_8102,-1.316813888888889,36.83394166666667,2023,2,Used/,,Self,IMG_8102,[],[]
254,IMG_8664,-1.3079222222222222,36.7252,2023,2,Used/,,Self,IMG_8664,[],[]
255,IMG_8670,-1.2998027777777776,36.70173888888889,2023,2,Used/,,Self,IMG_8670,[],[]
256,IMG_7225,-1.2787777777777778,36.806441666666665,2023,2,Used/,,Self,IMG_7225,[],[]
257,IMG_8116,-1.3251638888888888,36.84808611111112,2023,2,Used/,,Self,IMG_8116,[],[]
258,IMG_8658,-1.308836111111111,36.72781111111112,2023,2,Used/,,Self,IMG_8658,[],[]
259,IMG_7219,-1.2802805555555554,36.80716388888889,2023,2,Used/,,Self,IMG_7219,[0.2509278357028961],"[[0.0, 915.2299194335938, 490.86773681640625, 1902.22998046875]]"
260,IMG_7386,-1.2982527777777777,36.80309444444444,2023,2,Used/,,Self,IMG_7386,[],[]
261,river,-1.3186027777777778,36.793952777777776,2023,2,Used/,,Self,river,"[0.5426275730133057, 0.2945382595062256, 0.2745833396911621]","[[43.95042037963867, 2508.162841796875, 4032.0, 3008.6474609375], [568.049072265625, 2036.5048828125, 3242.435791015625, 2383.970703125], [56.53849792480469, 1915.8787841796875, 4032.0, 2406.08447265625]]"
262,IMG_7392,-1.2981222222222222,36.80245277777777,2023,2,Used/,,Self,IMG_7392,[],[]
263,IMG_8089,-1.3039944444444445,36.82613888888889,2023,2,Used/,,Self,IMG_8089,[],[]
264,IMG_7345,-1.289786111111111,36.79810555555555,2023,2,Used/,,Self,IMG_7345,[0.7561522722244263],"[[2221.875, 1936.421630859375, 4032.0, 2600.097900390625]]"
265,IMG_8076,-1.2934527777777776,36.81672777777778,2023,2,Used/,,Self,IMG_8076,[],[]
266,IMG_8710,-1.2301972222222224,36.66744722222222,2023,2,Used/,,Self,IMG_8710,[],[]
267,IMG_8704,-1.2381583333333337,36.66619166666666,2023,2,Used/,,Self,IMG_8704,[],[]
268,IMG_7351,-1.290897222222222,36.79866388888889,2023,2,Used/,,Self,IMG_7351,[],[]
269,IMG_8062,-1.2965888888888888,36.80793333333333,2023,2,Used/,,Self,IMG_8062,[],[]
270,IMG_7379,-1.297522222222222,36.802841666666666,2023,2,Used/,,Self,IMG_7379,[],[]
271,IMG_8738,-1.106938888888889,36.23973055555555,2023,2,Used/,,Self,IMG_8738,[],[]
272,IMG_7184,-1.2873888888888887,36.79866944444444,2023,2,Used/,,Self,IMG_7184,[],[]
273,IMG_7190,-1.2866972222222222,36.79933611111111,2023,2,Used/,,Self,IMG_7190,[],[]
274,IMG_7806,-1.3127833333333334,36.87211666666667,2023,2,Used/,,Self,IMG_7806,"[0.7433032393455505, 0.5939459204673767, 0.5564457178115845, 0.40711769461631775, 0.3217509984970093]","[[3.769848346710205, 1626.502685546875, 1606.646728515625, 2011.3087158203125], [2221.124755859375, 2399.33251953125, 4032.0, 3024.0], [2273.630859375, 1859.7864990234375, 4032.0, 2339.8408203125], [0.0, 1652.1837158203125, 1549.370849609375, 1926.1776123046875], [1544.26513671875, 2439.14501953125, 4021.61767578125, 3000.389404296875]]"
275,IMG_7812,-1.3127472222222225,36.87166666666667,2023,2,Used/,,Self,IMG_7812,[0.7812749743461609],"[[26.89996910095215, 1933.42236328125, 2407.97314453125, 3024.0]]"
276,IMG_8512,-1.2755388888888888,37.00505555555556,2023,2,Used/,,Self,IMG_8512,"[0.35727381706237793, 0.33974695205688477]","[[0.0, 2388.52001953125, 2339.810302734375, 2981.565185546875], [11.289454460144043, 2359.3076171875, 1557.861083984375, 2972.46484375]]"
277,IMG_7621,-1.297261111111111,36.83006666666667,2023,2,Used/,,Self,IMG_7621,[],[]
278,IMG_0628,-1.2989416666666664,36.77882222222223,2023,2,Used/,,Self,IMG_0628,[],[]
279,IMG_8274,-1.2785722222222222,36.968075,2023,2,Used/,,Self,IMG_8274,[0.3866369128227234],"[[0.10305175185203552, 2383.84423828125, 399.61700439453125, 2615.340087890625]]"
280,IMG_7147,-1.294961111111111,36.795319444444445,2023,2,Used/,,Self,IMG_7147,[0.3885493576526642],"[[1386.816650390625, 2724.4814453125, 3292.072509765625, 3005.863525390625]]"
281,IMG_6259,-1.271861111111111,36.82788888888889,2023,2,Used/,,Self,IMG_6259,[],[]
282,IMG_8260,-1.281858333333333,36.96154722222222,2023,2,Used/,,Self,IMG_8260,[],[]
283,IMG_7153,-1.2899166666666666,36.79614722222222,2023,2,Used/,,Self,IMG_7153,[],[]
284,IMG_8506,-1.2761194444444444,37.01128333333333,2023,2,Used/,,Self,IMG_8506,[],[]
285,IMG_7635,-1.3121972222222222,36.85215,2023,2,Used/,,Self,IMG_7635,"[0.5484538078308105, 0.5287072062492371, 0.4757513701915741, 0.2844890356063843]","[[2899.31689453125, 1413.7021484375, 3737.48828125, 1832.855224609375], [0.0, 1761.3084716796875, 2102.86572265625, 2224.34033203125], [0.0, 1694.300537109375, 2931.0947265625, 2211.3154296875], [622.8455810546875, 1802.9044189453125, 2914.649658203125, 2124.154052734375]]"
286,IMG_6503,-1.3058444444444446,36.787475,2023,2,Used/,,Self,IMG_6503,[],[]
287,IMG_8248,-1.2846638888888888,36.95699444444445,2023,2,Used/,,Self,IMG_8248,[0.3992680311203003],"[[0.0, 2374.20556640625, 1701.125244140625, 2846.705810546875]]"
288,IMG_6265,-1.2705638888888888,36.829972222222224,2023,2,Used/,,Self,IMG_6265,[],[]
289,IMG_6271,-1.2684638888888888,36.83298055555556,2023,2,Used/,,Self,IMG_6271,[],[]
290,IMG_6517,-1.3043472222222223,36.78820555555556,2023,2,Used/,,Self,IMG_6517,[],[]
291,IMG_7609,-1.286947222222222,36.81626111111111,2023,2,Used/,,Self,IMG_7609,[],[]
292,IMG_6270,-1.2687777777777778,36.83268055555556,2023,2,Used/,,Self,IMG_6270,[],[]
293,IMG_7608,-1.2870527777777776,36.81603611111111,2023,2,Used/,,Self,IMG_7608,[],[]
294,IMG_6516,-1.3044944444444444,36.78821944444445,2023,2,Used/,,Self,IMG_6516,[0.5102860927581787],"[[268.3056335449219, 2460.628662109375, 1327.818603515625, 2805.141357421875]]"
295,IMG_6502,-1.3059555555555555,36.78738055555555,2023,2,Used/,,Self,IMG_6502,[],[]
296,IMG_6264,-1.2708888888888887,36.82944166666667,2023,2,Used/,,Self,IMG_6264,[],[]
297,IMG_8249,-1.2844972222222222,36.95726944444445,2023,2,Used/,,Self,IMG_8249,"[0.42923590540885925, 0.250436931848526]","[[13.629363059997559, 2414.321044921875, 1660.2318115234375, 2821.587646484375], [1266.7060546875, 2206.997802734375, 3253.541015625, 2524.049560546875]]"
298,IMG_7152,-1.290036111111111,36.79610555555556,2023,2,Used/,,Self,IMG_7152,[],[]
299,IMG_8261,-1.281575,36.96204722222223,2023,2,Used/,,Self,IMG_8261,[],[]
300,IMG_7634,-1.3120305555555556,36.85166111111111,2023,2,Used/,,Self,IMG_7634,"[0.5491651296615601, 0.4338872730731964]","[[1039.32958984375, 1594.5157470703125, 3123.095703125, 2060.080810546875], [0.0, 1579.5113525390625, 3224.804931640625, 2246.7333984375]]"
301,IMG_8507,-1.275947222222222,37.009455555555554,2023,2,Used/,,Self,IMG_8507,[],[]
302,IMG_7620,-1.2976333333333332,36.82968611111112,2023,2,Used/,,Self,IMG_7620,[],[]
303,IMG_8513,-1.2754222222222222,37.00441388888889,2023,2,Used/,,Self,IMG_8513,[0.3487101197242737],"[[0.0, 2323.418212890625, 1857.6458740234375, 2890.158203125]]"
304,IMG_6258,-1.2720916666666666,36.82756111111112,2023,2,Used/,,Self,IMG_6258,[],[]
305,IMG_7146,-1.295086111111111,36.79533333333333,2023,2,Used/,,Self,IMG_7146,[],[]
306,IMG_8275,-1.2782416666666665,36.96849722222223,2023,2,Used/,,Self,IMG_8275,[],[]
307,IMG_0629,-1.2989527777777776,36.778125,2023,2,Used/,,Self,IMG_0629,[],[]
308,IMG_7813,-1.31265,36.87093611111112,2023,2,Used/,,Self,IMG_7813,[0.43768054246902466],"[[1333.18212890625, 3389.483642578125, 3024.0, 4030.487060546875]]"
309,IMG_7807,-1.3128083333333334,36.87176388888889,2023,2,Used/,,Self,IMG_7807,[],[]
310,IMG_7191,-1.2867722222222222,36.79961111111111,2023,2,Used/,,Self,IMG_7191,[],[]
311,IMG_7185,-1.2871194444444445,36.79873333333333,2023,2,Used/,,Self,IMG_7185,[0.3743416368961334],"[[59.13839340209961, 1584.5672607421875, 627.1353759765625, 2043.9273681640625]]"
312,IMG_8739,-1.107036111111111,36.238391666666665,2023,2,Used/,,Self,IMG_8739,[],[]
313,IMG_7378,-1.2974138888888889,36.80279444444445,2023,2,Used/,,Self,IMG_7378,[],[]
314,IMG_8705,-1.2356444444444443,36.66750555555555,2023,2,Used/,,Self,IMG_8705,[],[]
315,IMG_8063,-1.2962972222222222,36.80835555555555,2023,2,Used/,,Self,IMG_8063,[],[]
316,IMG_7350,-1.2907027777777778,36.79855,2023,2,Used/,,Self,IMG_7350,[],[]
317,IMG_8077,-1.2932249999999998,36.81790555555556,2023,2,Used/,,Self,IMG_8077,[],[]
318,IMG_7344,-1.2897194444444444,36.79809166666666,2023,2,Used/,,Self,IMG_7344,[0.7305440902709961],"[[3031.646484375, 2015.2047119140625, 4025.593017578125, 2333.027099609375]]"
319,IMG_8711,-1.2294250000000002,36.66671111111111,2023,2,Used/,,Self,IMG_8711,[],[]
320,IMG_8088,-1.3008694444444444,36.82468055555556,2023,2,Used/,,Self,IMG_8088,[],[]
321,IMG_7393,-1.2981694444444445,36.80205555555556,2023,2,Used/,,Self,IMG_7393,[],[]
322,IMG_7387,-1.2983138888888888,36.80305277777777,2023,2,Used/,,Self,IMG_7387,[],[]
323,IMG_7218,-1.2807194444444443,36.807180555555554,2023,2,Used/,,Self,IMG_7218,[],[]
324,IMG_8659,-1.3094972222222223,36.72711944444445,2023,2,Used/,,Self,IMG_8659,[],[]
325,IMG_8671,-1.2991944444444443,36.70093055555556,2023,2,Used/,,Self,IMG_8671,[],[]
326,IMG_8117,-1.3255972222222223,36.84895277777778,2023,2,Used/,,Self,IMG_8117,[],[]
327,IMG_7224,-1.2789833333333334,36.80659166666666,2023,2,Used/,,Self,IMG_7224,[],[]
328,IMG_8103,-1.3170861111111112,36.83441388888889,2023,2,Used/,,Self,IMG_8103,"[0.4653943181037903, 0.3743633031845093]","[[940.3473510742188, 2480.080810546875, 1594.80322265625, 2775.33251953125], [1.3916312456130981, 2632.688232421875, 739.998779296875, 3015.15625]]"
329,IMG_7230,-1.2782777777777776,36.80495,2023,2,Used/,,Self,IMG_7230,[],[]
330,IMG_8665,-1.306561111111111,36.72218333333333,2023,2,Used/,,Self,IMG_8665,[],[]
331,IMG_0775,-1.3486138888888888,36.76472222222223,2023,2,Used/,,Self,IMG_0775,[],[]
332,IMG_8329,-1.2660833333333332,36.98836944444445,2023,2,Used/,,Self,IMG_8329,[],[]
333,IMG_6304,-1.2518916666666666,36.82528333333334,2023,2,Used/,,Self,IMG_6304,[],[]
334,IMG_6462,-1.3083916666666666,36.782025,2023,2,Used/,,Self,IMG_6462,[],[]
335,IMG_6476,-1.3061722222222223,36.78414166666666,2023,2,Used/,,Self,IMG_6476,[],[]
336,IMG_0761,-1.3422222222222222,36.76454444444445,2023,2,Used/,,Self,IMG_0761,[],[]
337,IMG_6310,-1.2485472222222225,36.81687222222222,2023,2,Used/,,Self,IMG_6310,[],[]
338,IMG_0749,-1.3411305555555555,36.75548888888889,2023,2,Used/,,Self,IMG_0749,[],[]
339,IMG_7026,-1.326952777777778,36.78020833333333,2023,2,Used/,,Self,IMG_7026,[],[]
340,IMG_8315,-1.264636111111111,36.98465,2023,2,Used/,,Self,IMG_8315,[],[]
341,IMG_6338,-1.225538888888889,36.79045277777777,2023,2,Used/,,Self,IMG_6338,[],[]
342,IMG_7740,-1.3144722222222225,36.871566666666666,2023,2,Used/,,Self,IMG_7740,[0.5312263369560242],"[[13.683196067810059, 2493.39599609375, 1288.5218505859375, 2963.284423828125]]"
343,IMG_8473,-1.2798416666666663,37.04991666666667,2023,2,Used/,,Self,IMG_8473,[],[]
344,IMG_8467,-1.2810861111111111,37.05710555555555,2023,2,Used/,,Self,IMG_8467,[0.2534598112106323],"[[1905.784912109375, 2002.6070556640625, 4032.0, 2470.739501953125]]"
345,IMG_7032,-1.3215194444444445,36.78421111111111,2023,2,Used/,,Self,IMG_7032,[],[]
346,IMG_8301,-1.2653388888888888,36.98166666666667,2023,2,Used/,,Self,IMG_8301,[],[]
347,IMG_8498,-1.2774305555555554,37.0255,2023,2,Used/,,Self,IMG_8498,[0.5843126773834229],"[[443.5157165527344, 1954.2496337890625, 3218.789306640625, 2609.24951171875]]"
348,IMG_7797,-1.3131777777777778,36.872413888888886,2023,2,Used/,,Self,IMG_7797,[],[]
349,IMG_6489,-1.3059611111111111,36.78592222222222,2023,2,Used/,,Self,IMG_6489,[],[]
350,IMG_0788,-1.3566416666666667,36.76223888888889,2023,2,Used/,,Self,IMG_0788,[],[]
351,IMG_7795,-1.313288888888889,36.87255555555556,2023,2,Used/,,Self,IMG_7795,[],[]
352,IMG_7742,-1.3145194444444446,36.8717,2023,2,Used/,,Self,IMG_7742,[],[]
353,IMG_8471,-1.2800555555555555,37.05181944444444,2023,2,Used/,,Self,IMG_8471,[0.5415515303611755],"[[0.0, 2270.54345703125, 3865.435791015625, 3013.3681640625]]"
354,IMG_7024,-1.3293305555555557,36.78007777777778,2023,2,Used/,,Self,IMG_7024,[],[]
355,IMG_8317,-1.2647583333333334,36.98506944444445,2023,2,Used/,,Self,IMG_8317,[],[]
356,IMG_7030,-1.3221083333333332,36.783763888888885,2023,2,Used/,,Self,IMG_7030,[],[]
357,IMG_8303,-1.2649972222222223,36.98180833333333,2023,2,Used/,,Self,IMG_8303,[],[]
358,IMG_8465,-1.2827,37.06463888888889,2023,2,Used/,,Self,IMG_8465,[0.32052183151245117],"[[2198.297607421875, 2474.868896484375, 2571.423583984375, 2722.394775390625]]"
359,IMG_6460,-1.308452777777778,36.78158888888889,2023,2,Used/,,Self,IMG_6460,[],[]
360,IMG_6306,-1.2497027777777778,36.821125,2023,2,Used/,,Self,IMG_6306,[],[]
361,IMG_7018,-1.3387666666666669,36.77252222222222,2023,2,Used/,,Self,IMG_7018,[],[]
362,IMG_0777,-1.3498,36.76405555555556,2023,2,Used/,,Self,IMG_0777,[],[]
363,IMG_6312,-1.241011111111111,36.81336666666667,2023,2,Used/,,Self,IMG_6312,[],[]
364,IMG_0763,-1.3423916666666666,36.766575,2023,2,Used/,,Self,IMG_0763,[],[]
365,IMG_8459,-1.2814,37.05839444444444,2023,2,Used/,,Self,IMG_8459,[],[]
366,IMG_6474,-1.306263888888889,36.78395,2023,2,Used/,,Self,IMG_6474,[],[]
367,IMG_6879,-1.364325,36.74640555555556,2023,2,Used/,,Self,IMG_6879,[],[]
368,IMG_8698,-1.247952777777778,36.664627777777774,2023,2,Used/,,Self,IMG_8698,[],[]
369,IMG_8115,-1.3244194444444444,36.84681388888889,2023,2,Used/,,Self,IMG_8115,[],[]
370,IMG_7226,-1.2777888888888889,36.806,2023,2,Used/,,Self,IMG_7226,[],[]
371,IMG_8673,-1.2953916666666665,36.68908055555555,2023,2,Used/,,Self,IMG_8673,[],[]
372,IMG_8667,-1.304688888888889,36.71347777777778,2023,2,Used/,,Self,IMG_8667,[],[]
373,IMG_8101,-1.3166805555555556,36.83368333333333,2023,2,Used/,,Self,IMG_8101,[],[]
374,IMG_7232,-1.2784694444444444,36.80469444444444,2023,2,Used/,,Self,IMG_7232,[],[]
375,IMG_8129,-1.330761111111111,36.863455555555554,2023,2,Used/,,Self,IMG_8129,[],[]
376,IMG_7568,-1.267675,36.82191111111111,2023,2,Used/,,Self,IMG_7568,[],[]
377,IMG_7391,-1.2982055555555554,36.80265555555555,2023,2,Used/,,Self,IMG_7391,[],[]
378,IMG_7385,-1.2982138888888888,36.80311111111111,2023,2,Used/,,Self,IMG_7385,[],[]
379,IMG_8061,-1.2966833333333332,36.80777222222222,2023,2,Used/,,Self,IMG_8061,[],[]
380,IMG_7352,-1.2913138888888889,36.79887222222222,2023,2,Used/,,Self,IMG_7352,[],[]
381,IMG_8707,-1.2322611111111113,36.66841111111111,2023,2,Used/,,Self,IMG_8707,[],[]
382,IMG_8713,-1.228388888888889,36.66505833333333,2023,2,Used/,,Self,IMG_8713,[],[]
383,IMG_8075,-1.293597222222222,36.815977777777775,2023,2,Used/,,Self,IMG_8075,[],[]
384,IMG_7346,-1.2898944444444442,36.79816944444444,2023,2,Used/,,Self,IMG_7346,[0.3071047067642212],"[[0.0, 2278.435791015625, 3126.523193359375, 3013.308349609375]]"
385,IMG_7408,-1.298936111111111,36.797977777777774,2023,2,Used/,,Self,IMG_7408,[],[]
386,IMG_8049,-1.2982388888888887,36.80068611111111,2023,2,Used/,,Self,IMG_8049,[],[]
387,IMG_7193,-1.2868444444444442,36.79991944444444,2023,2,Used/,,Self,IMG_7193,[],[]
388,IMG_6299,-1.2555305555555556,36.83241944444445,2023,2,Used/,,Self,IMG_6299,[],[]
389,IMG_7187,-1.2866527777777776,36.798827777777774,2023,2,Used/,,Self,IMG_7187,[],[]
390,IMG_7839,-1.3127027777777778,36.87007777777778,2023,2,Used/,,Self,IMG_7839,"[0.6010825037956238, 0.4758600890636444]","[[43.43131637573242, 820.8114624023438, 3995.16455078125, 2025.4049072265625], [2098.240966796875, 909.2477416992188, 3994.109130859375, 1949.8580322265625]]"
391,IMG_7811,-1.312752777777778,36.87166111111111,2023,2,Used/,,Self,IMG_7811,"[0.49598991870880127, 0.39165252447128296]","[[24.555156707763672, 2303.0107421875, 2334.295166015625, 3008.27197265625], [0.0, 2026.75537109375, 3432.74267578125, 3024.0]]"
392,IMG_8288,-1.2721888888888888,36.97529166666667,2023,2,Used/,,Self,IMG_8288,[],[]
393,IMG_7805,-1.312775,36.87210833333334,2023,2,Used/,,Self,IMG_7805,"[0.556473970413208, 0.5248109102249146, 0.4435046315193176, 0.3792060315608978, 0.2872438430786133, 0.2540559768676758]","[[188.61854553222656, 2382.989990234375, 4032.0, 3012.85693359375], [1.1212645769119263, 1857.4251708984375, 722.6392211914062, 2133.307861328125], [188.2474822998047, 1720.37939453125, 4032.0, 3024.0], [1373.2288818359375, 2496.01220703125, 3235.2451171875, 3024.0], [184.62106323242188, 1757.2476806640625, 4032.0, 2555.9150390625], [1732.603759765625, 1902.623779296875, 3993.0166015625, 2488.58642578125]]"
394,IMG_6528,-1.3013555555555556,36.78824166666666,2023,2,Used/,,Self,IMG_6528,[],[]
395,IMG_7636,-1.3125916666666666,36.85341944444445,2023,2,Used/,,Self,IMG_7636,[],[]
396,IMG_8505,-1.2762888888888888,37.01306111111112,2023,2,Used/,,Self,IMG_8505,[],[]
397,IMG_7150,-1.2901944444444444,36.796052777777774,2023,2,Used/,,Self,IMG_7150,[],[]
398,IMG_8263,-1.280908333333333,36.96335277777778,2023,2,Used/,,Self,IMG_8263,[],[]
399,IMG_7144,-1.2955083333333333,36.7953,2023,2,Used/,,Self,IMG_7144,[],[]
400,IMG_8277,-1.2770194444444445,36.96982222222223,2023,2,Used/,,Self,IMG_8277,[],[]
401,IMG_7622,-1.2985,36.836666666666666,2023,2,Used/,,Self,IMG_7622,[],[]
402,IMG_8511,-1.2755944444444445,37.00561944444444,2023,2,Used/,,Self,IMG_8511,[],[]
403,IMG_6514,-1.3046638888888888,36.7882,2023,2,Used/,,Self,IMG_6514,[],[]
404,IMG_8539,-1.2670249999999998,36.98982222222222,2023,2,Used/,,Self,IMG_8539,[],[]
405,IMG_6272,-1.2681194444444444,36.83324722222223,2023,2,Used/,,Self,IMG_6272,[],[]
406,IMG_7178,-1.2887333333333333,36.798313888888885,2023,2,Used/,,Self,IMG_7178,[],[]
407,IMG_6266,-1.270338888888889,36.83032777777778,2023,2,Used/,,Self,IMG_6266,[],[]
408,IMG_6500,-1.306038888888889,36.78728611111111,2023,2,Used/,,Self,IMG_6500,[],[]
409,IMG_6267,-1.269886111111111,36.83105555555556,2023,2,Used/,,Self,IMG_6267,[],[]
410,IMG_7179,-1.2885361111111109,36.798366666666666,2023,2,Used/,,Self,IMG_7179,[],[]
411,IMG_6501,-1.306,36.78733611111111,2023,2,Used/,,Self,IMG_6501,[],[]
412,IMG_8538,-1.2673138888888889,36.9903,2023,2,Used/,,Self,IMG_8538,[0.28663119673728943],"[[28.92774200439453, 2440.674560546875, 1334.901611328125, 2791.8427734375]]"
413,IMG_6515,-1.304538888888889,36.78822777777778,2023,2,Used/,,Self,IMG_6515,[],[]
414,IMG_6273,-1.2647444444444444,36.836263888888894,2023,2,Used/,,Self,IMG_6273,[],[]
415,IMG_8276,-1.277872222222222,36.96896111111111,2023,2,Used/,,Self,IMG_8276,[],[]
416,IMG_7145,-1.2952083333333333,36.795319444444445,2023,2,Used/,,Self,IMG_7145,[],[]
417,IMG_8510,-1.2756277777777778,37.006030555555554,2023,2,Used/,,Self,IMG_8510,[],[]
418,IMG_7623,-1.2984805555555554,36.83671944444445,2023,2,Used/,,Self,IMG_7623,[],[]
419,IMG_8504,-1.2764027777777778,37.01435833333333,2023,2,Used/,,Self,IMG_8504,"[0.5933457016944885, 0.2832258939743042]","[[4.723317623138428, 2035.689697265625, 769.1731567382812, 2339.68310546875], [1070.62890625, 1929.5135498046875, 1887.08251953125, 2172.357177734375]]"
420,IMG_7637,-1.3125916666666666,36.85341944444445,2023,2,Used/,,Self,IMG_7637,[],[]
421,IMG_6529,-1.301,36.78823055555555,2023,2,Used/,,Self,IMG_6529,[],[]
422,IMG_8262,-1.2811638888888888,36.96282222222222,2023,2,Used/,,Self,IMG_8262,[],[]
423,IMG_7151,-1.290125,36.79606944444444,2023,2,Used/,,Self,IMG_7151,[],[]
424,IMG_8289,-1.2715694444444443,36.97608888888889,2023,2,Used/,,Self,IMG_8289,[],[]
425,IMG_7804,-1.312752777777778,36.87211666666667,2023,2,Used/,,Self,IMG_7804,"[0.6380044221878052, 0.40399858355522156, 0.2852385342121124]","[[126.80479431152344, 1921.068115234375, 3911.066650390625, 3024.0], [8.28316879272461, 1458.009765625, 1137.1512451171875, 2109.261474609375], [1405.632080078125, 1357.9864501953125, 3157.64599609375, 1862.7100830078125]]"
426,IMG_7810,-1.3127722222222222,36.87165555555556,2023,2,Used/,,Self,IMG_7810,[0.6972904801368713],"[[528.4347534179688, 1684.204833984375, 4014.41650390625, 3022.706298828125]]"
427,IMG_7186,-1.286761111111111,36.798830555555554,2023,2,Used/,,Self,IMG_7186,[],[]
428,IMG_6298,-1.2558694444444445,36.83245277777778,2023,2,Used/,,Self,IMG_6298,[],[]
429,IMG_7838,-1.3126944444444444,36.870075,2023,2,Used/,,Self,IMG_7838,[0.6659242510795593],"[[0.0, 1741.74462890625, 3991.64208984375, 3024.0]]"
430,IMG_7192,-1.286797222222222,36.79971111111111,2023,2,Used/,,Self,IMG_7192,[],[]
431,IMG_8048,-1.2984694444444442,36.79923888888889,2023,2,Used/,,Self,IMG_8048,[],[]
432,IMG_7409,-1.2989694444444444,36.79783611111111,2023,2,Used/,,Self,IMG_7409,[],[]
433,IMG_8712,-1.2289555555555556,36.66593611111111,2023,2,Used/,,Self,IMG_8712,[],[]
434,IMG_7347,-1.2901083333333332,36.79825555555556,2023,2,Used/,,Self,IMG_7347,[],[]
435,IMG_8074,-1.293897222222222,36.8149,2023,2,Used/,,Self,IMG_8074,[],[]
436,IMG_7353,-1.291497222222222,36.79897777777778,2023,2,Used/,,Self,IMG_7353,[],[]
437,IMG_8060,-1.296886111111111,36.80743888888889,2023,2,Used/,,Self,IMG_8060,[],[]
438,IMG_8706,-1.232527777777778,36.66854444444444,2023,2,Used/,,Self,IMG_8706,[],[]
439,IMG_7384,-1.2981305555555551,36.80316944444444,2023,2,Used/,,Self,IMG_7384,[],[]
440,IMG_7390,-1.298286111111111,36.80276111111111,2023,2,Used/,,Self,IMG_7390,[],[]
441,IMG_8128,-1.3308666666666666,36.86270833333334,2023,2,Used/,,Self,IMG_8128,[],[]
442,IMG_8666,-1.3065055555555556,36.72202777777778,2023,2,Used/,,Self,IMG_8666,[],[]
443,IMG_7233,-1.2787944444444443,36.80409722222222,2023,2,Used/,,Self,IMG_7233,[],[]
444,IMG_8100,-1.3152583333333334,36.83185277777778,2023,2,Used/,,Self,IMG_8100,[],[]
445,IMG_7227,-1.2776527777777775,36.80565555555555,2023,2,Used/,,Self,IMG_7227,[],[]
446,IMG_8114,-1.3231,36.84476111111111,2023,2,Used/,,Self,IMG_8114,[],[]
447,IMG_8672,-1.2970444444444442,36.69491111111111,2023,2,Used/,,Self,IMG_8672,[],[]
448,IMG_8699,-1.243938888888889,36.66512222222222,2023,2,Used/,,Self,IMG_8699,[],[]
449,IMG_6878,-1.3584361111111112,36.74720277777778,2023,2,Used/,,Self,IMG_6878,[],[]
450,IMG_0762,-1.3424222222222222,36.76618888888889,2023,2,Used/,,Self,IMG_0762,[],[]
451,IMG_6313,-1.2407472222222222,36.81323611111111,2023,2,Used/,,Self,IMG_6313,[],[]
452,IMG_6475,-1.3062194444444446,36.78404166666667,2023,2,Used/,,Self,IMG_6475,[],[]
453,IMG_8458,-1.2812083333333333,37.05772777777778,2023,2,Used/,,Self,IMG_8458,[],[]
454,IMG_6461,-1.308452777777778,36.78158888888889,2023,2,Used/,,Self,IMG_6461,[],[]
455,IMG_0776,-1.3493027777777775,36.76438888888889,2023,2,Used/,,Self,IMG_0776,[],[]
456,IMG_7019,-1.3374527777777776,36.77390555555556,2023,2,Used/,,Self,IMG_7019,[],[]
457,IMG_6307,-1.2496361111111112,36.82105277777778,2023,2,Used/,,Self,IMG_6307,[],[]
458,IMG_8302,-1.2653361111111112,36.98166666666667,2023,2,Used/,,Self,IMG_8302,[0.2668169140815735],"[[3710.01123046875, 2366.67041015625, 4032.0, 2976.650634765625]]"
459,IMG_7031,-1.3218694444444443,36.78394722222222,2023,2,Used/,,Self,IMG_7031,[],[]
460,IMG_6449,-1.3087861111111112,36.78276111111111,2023,2,Used/,,Self,IMG_6449,[],[]
461,IMG_8464,-1.2826777777777778,37.06425833333333,2023,2,Used/,,Self,IMG_8464,[],[]
462,IMG_8470,-1.2801749999999998,37.05281944444444,2023,2,Used/,,Self,IMG_8470,"[0.5277657508850098, 0.3735407590866089, 0.25928401947021484]","[[290.0973205566406, 2191.61328125, 3061.07275390625, 2934.137939453125], [994.2442626953125, 2195.238525390625, 3075.98046875, 2760.2607421875], [579.6088256835938, 2246.7080078125, 2581.107177734375, 2667.578369140625]]"
463,IMG_7743,-1.3145694444444445,36.87182777777778,2023,2,Used/,,Self,IMG_7743,[],[]
464,IMG_8316,-1.2647111111111111,36.98489722222222,2023,2,Used/,,Self,IMG_8316,[],[]
465,IMG_7025,-1.3275972222222223,36.78005555555556,2023,2,Used/,,Self,IMG_7025,[],[]
466,IMG_7794,-1.3132472222222222,36.87257777777778,2023,2,Used/,,Self,IMG_7794,[],[]
467,IMG_0789,-1.3572305555555555,36.762375,2023,2,Used/,,Self,IMG_0789,[],[]
468,IMG_7081,-1.2995027777777777,36.790394444444445,2023,2,Used/,,Self,IMG_7081,[],[]
469,IMG_7095,-1.2993444444444444,36.79288611111111,2023,2,Used/,,Self,IMG_7095,[],[]
470,IMG_0922,-1.294725,36.79841944444444,2023,2,Used/,,Self,IMG_0922,[],[]
471,IMG_7718,-1.3142055555555556,36.86966666666667,2023,2,Used/,,Self,IMG_7718,[],[]
472,IMG_6360,-1.271772222222222,36.76784166666667,2023,2,Used/,,Self,IMG_6360,[],[]
473,IMG_0711,-1.3321555555555555,36.716369444444446,2023,2,Used/,,Self,IMG_0711,[],[]
474,IMG_6374,-1.2833333333333332,36.76981111111111,2023,2,Used/,,Self,IMG_6374,[],[]
475,IMG_0705,-1.3258777777777777,36.71735833333334,2023,2,Used/,,Self,IMG_0705,[],[]
476,IMG_8359,-1.2714638888888887,36.99723611111112,2023,2,Used/,,Self,IMG_8359,[],[]
477,IMG_6412,-1.2919833333333333,36.82458888888889,2023,2,Used/,,Self,IMG_6412,[],[]
478,IMG_8417,-1.2777805555555557,37.02990833333333,2023,2,Used/,,Self,IMG_8417,[],[]
479,IMG_7724,-1.314175,36.87009722222222,2023,2,Used/,,Self,IMG_7724,[],[]
480,IMG_8371,-1.2751194444444445,37.003575,2023,2,Used/,,Self,IMG_8371,[],[]
481,IMG_7042,-1.3147722222222222,36.789744444444445,2023,2,Used/,,Self,IMG_7042,[],[]
482,IMG_6348,-1.2505055555555555,36.77630277777778,2023,2,Used/,,Self,IMG_6348,[],[]
483,IMG_0739,-1.3383805555555557,36.73627777777778,2023,2,Used/,,Self,IMG_0739,[],[]
484,IMG_8365,-1.2733527777777778,37.00028888888889,2023,2,Used/,,Self,IMG_8365,[],[]
485,IMG_7056,-1.2998777777777777,36.78816944444444,2023,2,Used/,,Self,IMG_7056,[],[]
486,IMG_8403,-1.2773444444444444,37.02518333333333,2023,2,Used/,,Self,IMG_8403,[],[]
487,IMG_7730,-1.314238888888889,36.87070833333333,2023,2,Used/,,Self,IMG_7730,[0.43976718187332153],"[[0.0, 2285.8349609375, 2928.943115234375, 3024.0]]"
488,IMG_8198,-1.3054083333333333,36.93461111111111,2023,2,Used/,,Self,IMG_8198,[],[]
489,IMG_7283,-1.2835638888888887,36.806752777777774,2023,2,Used/,,Self,IMG_7283,[],[]
490,IMG_6189,-1.2998694444444443,36.82308055555556,2023,2,Used/,,Self,IMG_6189,[],[]
491,IMG_7297,-1.2865833333333332,36.8045,2023,2,Used/,,Self,IMG_7297,[],[]
492,IMG_6162,-1.328411111111111,36.88341944444444,2023,2,Used/,,Self,IMG_6162,[],[]
493,IMG_8629,-1.3003555555555557,36.77294166666667,2023,2,Used/,,Self,IMG_8629,[],[]
494,IMG_7268,-1.2794388888888888,36.80694166666667,2023,2,Used/,,Self,IMG_7268,[],[]
495,IMG_6176,-1.3303055555555556,36.85617777777778,2023,2,Used/,,Self,IMG_6176,[],[]
496,IMG_7240,-1.2784194444444443,36.80319722222222,2023,2,Used/,,Self,IMG_7240,[0.28042447566986084],"[[2788.5234375, 2833.59521484375, 4027.410888671875, 3022.141357421875]]"
497,IMG_8173,-1.3249055555555556,36.898152777777774,2023,2,Used/,,Self,IMG_8173,[],[]
498,IMG_8615,-1.2990944444444443,36.7967,2023,2,Used/,,Self,IMG_8615,[],[]
499,IMG_7254,-1.2778138888888888,36.80551944444444,2023,2,Used/,,Self,IMG_7254,[],[]
500,IMG_8167,-1.328158333333333,36.892925,2023,2,Used/,,Self,IMG_8167,[],[]
501,IMG_7491,-1.2490972222222223,36.81923888888889,2023,2,Used/,,Self,IMG_7491,[0.5154902935028076],"[[0.0, 2104.6318359375, 3998.804931640625, 3009.618408203125]]"
502,IMG_6957,-1.3715583333333334,36.74417222222223,2023,2,Used/,,Self,IMG_6957,[],[]
503,IMG_7485,-1.25545,36.83221111111112,2023,2,Used/,,Self,IMG_7485,[],[]
504,IMG_7308,-1.2875527777777778,36.80282222222222,2023,2,Used/,,Self,IMG_7308,[],[]
505,IMG_7334,-1.288075,36.79853611111111,2023,2,Used/,,Self,IMG_7334,[],[]
506,IMG_6994,-1.351136111111111,36.76311388888889,2023,2,Used/,,Self,IMG_6994,[],[]
507,IMG_6980,-1.3525972222222222,36.75815277777778,2023,2,Used/,,Self,IMG_6980,[],[]
508,IMG_7320,-1.2866749999999998,36.79908888888889,2023,2,Used/,,Self,IMG_7320,[],[]
509,IMG_7877,-1.3132833333333334,36.87144444444444,2023,2,Used/,,Self,IMG_7877,[0.3843262791633606],"[[43.288848876953125, 33.39203643798828, 2607.131591796875, 1769.4365234375]]"
510,IMG_7863,-1.3132222222222223,36.871769444444446,2023,2,Used/,,Self,IMG_7863,[0.49128466844558716],"[[239.7895050048828, 1735.9180908203125, 4032.0, 2336.37646484375]]"
511,IMG_7693,-1.3159833333333333,36.86685277777778,2023,2,Used/,,Self,IMG_7693,[],[]
512,IMG_0856,-1.3611027777777778,36.76306388888889,2023,2,Used/,,Self,IMG_0856,[],[]
513,IMG_7687,-1.3159888888888889,36.86615277777778,2023,2,Used/,,Self,IMG_7687,[],[]
514,IMG_6572,-1.2956944444444445,36.79527222222222,2023,2,Used/,,Self,IMG_6572,[],[]
515,IMG_8239,-1.2869583333333332,36.95334722222223,2023,2,Used/,,Self,IMG_8239,[],[]
516,IMG_0665,-1.307227777777778,36.73649722222223,2023,2,Used/,,Self,IMG_0665,[],[]
517,IMG_6214,-1.2934444444444444,36.80322777777778,2023,2,Used/,,Self,IMG_6214,[],[]
518,IMG_0671,-1.3080055555555556,36.733872222222224,2023,2,Used/,,Self,IMG_0671,[],[]
519,IMG_6200,-1.2954055555555557,36.81063055555556,2023,2,Used/,,Self,IMG_6200,[],[]
520,IMG_6566,-1.297008333333333,36.79543333333333,2023,2,Used/,,Self,IMG_6566,[],[]
521,IMG_7678,-1.3154305555555557,36.86439444444444,2023,2,Used/,,Self,IMG_7678,[],[]
522,IMG_8563,-1.279,36.81683611111112,2023,2,Used/,,Self,IMG_8563,[],[]
523,IMG_7650,-1.3151222222222223,36.86060555555556,2023,2,Used/,,Self,IMG_7650,[],[]
524,IMG_8205,-1.2947694444444444,36.94243611111111,2023,2,Used/,,Self,IMG_8205,[],[]
525,IMG_7136,-1.2953305555555554,36.8022,2023,2,Used/,,Self,IMG_7136,[],[]
526,IMG_0659,-1.306413888888889,36.73970277777778,2023,2,Used/,,Self,IMG_0659,[],[]
527,IMG_6228,-1.2794222222222222,36.82028055555556,2023,2,Used/,,Self,IMG_6228,[0.44846296310424805],"[[32.16925811767578, 1734.3768310546875, 1650.669677734375, 2009.70263671875]]"
528,IMG_8211,-1.2918444444444444,36.94554444444445,2023,2,Used/,,Self,IMG_8211,[],[]
529,IMG_7122,-1.2987583333333332,36.79790555555555,2023,2,Used/,,Self,IMG_7122,[],[]
530,IMG_0895,-1.2929888888888887,36.791266666666665,2023,2,Used/,,Self,IMG_0895,[],[]
531,IMG_7644,-1.3139722222222223,36.85730555555556,2023,2,Used/,,Self,IMG_7644,[0.30581292510032654],"[[2959.641357421875, 953.3287963867188, 3584.099609375, 1189.3284912109375]]"
532,IMG_0894,-1.2929194444444445,36.79077777777778,2023,2,Used/,,Self,IMG_0894,[],[]
533,IMG_7123,-1.2986027777777776,36.79879722222222,2023,2,Used/,,Self,IMG_7123,[],[]
534,IMG_8210,-1.29235,36.944805555555554,2023,2,Used/,,Self,IMG_8210,[],[]
535,IMG_7645,-1.3144083333333334,36.85858888888889,2023,2,Used/,,Self,IMG_7645,[],[]
536,IMG_7651,-1.3156527777777778,36.86133888888889,2023,2,Used/,,Self,IMG_7651,[],[]
537,IMG_8562,-1.2793777777777775,36.81770555555556,2023,2,Used/,,Self,IMG_8562,[],[]
538,IMG_6229,-1.279311111111111,36.82044722222223,2023,2,Used/,,Self,IMG_6229,[],[]
539,IMG_0880,-1.2993,36.79533055555555,2023,2,Used/,,Self,IMG_0880,[],[]
540,IMG_0658,-1.3063083333333334,36.74018888888889,2023,2,Used/,,Self,IMG_0658,[],[]
541,IMG_7137,-1.2953055555555557,36.80214444444445,2023,2,Used/,,Self,IMG_7137,[],[]
542,IMG_8204,-1.2955777777777775,36.94183611111111,2023,2,Used/,,Self,IMG_8204,[],[]
543,IMG_6201,-1.295411111111111,36.81027777777778,2023,2,Used/,,Self,IMG_6201,[],[]
544,IMG_0670,-1.3078555555555555,36.734325,2023,2,Used/,,Self,IMG_0670,[],[]
545,IMG_7679,-1.3154222222222225,36.86441111111111,2023,2,Used/,,Self,IMG_7679,"[0.42035073041915894, 0.32395389676094055]","[[0.0, 1945.7908935546875, 302.0855712890625, 2896.34326171875], [937.8859252929688, 1673.148681640625, 1439.6126708984375, 1988.0140380859375]]"
546,IMG_6567,-1.2967722222222222,36.79543611111111,2023,2,Used/,,Self,IMG_6567,[0.3333280384540558],"[[973.0260009765625, 1381.1484375, 1522.720947265625, 1614.1956787109375]]"
547,IMG_6573,-1.2953777777777775,36.795252777777776,2023,2,Used/,,Self,IMG_6573,[],[]
548,IMG_6215,-1.2931444444444444,36.80376944444444,2023,2,Used/,,Self,IMG_6215,[],[]
549,IMG_0664,-1.3070416666666669,36.73713333333333,2023,2,Used/,,Self,IMG_0664,[],[]
550,IMG_8238,-1.287122222222222,36.95308333333334,2023,2,Used/,,Self,IMG_8238,[],[]
551,IMG_0857,-1.3591000000000002,36.762591666666665,2023,2,Used/,,Self,IMG_0857,[],[]
552,IMG_7686,-1.3159805555555557,36.865994444444446,2023,2,Used/,,Self,IMG_7686,[],[]
553,IMG_7692,-1.3159722222222223,36.866702777777775,2023,2,Used/,,Self,IMG_7692,[],[]
554,IMG_7862,-1.3132805555555556,36.87183888888889,2023,2,Used/,,Self,IMG_7862,[],[]
555,IMG_7876,-1.313227777777778,36.87170277777778,2023,2,Used/,,Self,IMG_7876,[0.354635089635849],"[[139.76739501953125, 2430.321044921875, 4032.0, 3012.908447265625]]"
556,IMG_6981,-1.3525694444444445,36.7583,2023,2,Used/,,Self,IMG_6981,[],[]
557,IMG_7321,-1.2866749999999998,36.79908888888889,2023,2,Used/,,Self,IMG_7321,[],[]
558,IMG_7335,-1.2881805555555554,36.79850833333333,2023,2,Used/,,Self,IMG_7335,[],[]
559,IMG_6995,-1.3491777777777778,36.76436944444445,2023,2,Used/,,Self,IMG_6995,[],[]
560,IMG_7309,-1.2874805555555555,36.80253055555556,2023,2,Used/,,Self,IMG_7309,[],[]
561,IMG_7484,-1.2555222222222222,36.83230555555556,2023,2,Used/,,Self,IMG_7484,[],[]
562,IMG_6956,-1.374577777777778,36.74443888888889,2023,2,Used/,,Self,IMG_6956,[],[]
563,IMG_7490,-1.2491583333333334,36.81953611111111,2023,2,Used/,,Self,IMG_7490,[],[]
564,IMG_8166,-1.3286694444444445,36.89218611111111,2023,2,Used/,,Self,IMG_8166,[],[]
565,IMG_7255,-1.2777555555555555,36.8056,2023,2,Used/,,Self,IMG_7255,[],[]
566,IMG_8172,-1.326011111111111,36.89631944444445,2023,2,Used/,,Self,IMG_8172,[],[]
567,IMG_7241,-1.278836111111111,36.80376111111111,2023,2,Used/,,Self,IMG_7241,[],[]
568,IMG_8614,-1.299061111111111,36.79688333333333,2023,2,Used/,,Self,IMG_8614,[],[]
569,IMG_6177,-1.33025,36.85600277777778,2023,2,Used/,,Self,IMG_6177,[0.2930706739425659],"[[0.0, 2225.091064453125, 1922.1658935546875, 2440.154052734375]]"
570,IMG_7269,-1.2795138888888888,36.807,2023,2,Used/,,Self,IMG_7269,[],[]
571,IMG_6163,-1.328461111111111,36.88377222222222,2023,2,Used/,,Self,IMG_6163,[],[]
572,IMG_8628,-1.3003333333333331,36.77374722222222,2023,2,Used/,,Self,IMG_8628,[],[]
573,IMG_7296,-1.286611111111111,36.80455833333333,2023,2,Used/,,Self,IMG_7296,[],[]
574,IMG_6188,-1.2998777777777777,36.82350555555556,2023,2,Used/,,Self,IMG_6188,[],[]
575,IMG_7282,-1.2833888888888887,36.806869444444445,2023,2,Used/,,Self,IMG_7282,[],[]
576,IMG_8199,-1.303663888888889,36.935897222222216,2023,2,Used/,,Self,IMG_8199,[],[]
577,IMG_7057,-1.2998444444444444,36.788177777777776,2023,2,Used/,,Self,IMG_7057,[0.3559802770614624],"[[0.0, 1412.6712646484375, 1854.27099609375, 2348.584228515625]]"
578,IMG_8364,-1.2729888888888887,36.99970277777778,2023,2,Used/,,Self,IMG_8364,[],[]
579,IMG_0738,-1.3380472222222222,36.73373333333333,2023,2,Used/,,Self,IMG_0738,[],[]
580,IMG_6349,-1.2506638888888888,36.77627222222222,2023,2,Used/,,Self,IMG_6349,[],[]
581,IMG_7731,-1.3142444444444443,36.87076111111112,2023,2,Used/,,Self,IMG_7731,[0.30072852969169617],"[[276.25616455078125, 2608.910888671875, 2112.749755859375, 3021.38330078125]]"
582,IMG_8402,-1.2773333333333332,37.02509166666667,2023,2,Used/,,Self,IMG_8402,[],[]
583,IMG_7725,-1.3141805555555557,36.870175,2023,2,Used/,,Self,IMG_7725,[],[]
584,IMG_8416,-1.2777444444444443,37.02955277777777,2023,2,Used/,,Self,IMG_8416,[],[]
585,IMG_7043,-1.3147027777777778,36.78980555555555,2023,2,Used/,,Self,IMG_7043,[],[]
586,IMG_8370,-1.274636111111111,37.00245,2023,2,Used/,,Self,IMG_8370,[],[]
587,IMG_8358,-1.2712138888888889,36.99684722222222,2023,2,Used/,,Self,IMG_8358,[],[]
588,IMG_0704,-1.3247805555555556,36.717525,2023,2,Used/,,Self,IMG_0704,[],[]
589,IMG_6375,-1.284572222222222,36.76999444444444,2023,2,Used/,,Self,IMG_6375,[],[]
590,IMG_6413,-1.2919833333333333,36.82458888888889,2023,2,Used/,,Self,IMG_6413,[],[]
591,IMG_7719,-1.314125,36.86969444444445,2023,2,Used/,,Self,IMG_7719,[],[]
592,IMG_0710,-1.331736111111111,36.71645277777778,2023,2,Used/,,Self,IMG_0710,[],[]
593,IMG_6361,-1.2738194444444444,36.76772777777778,2023,2,Used/,,Self,IMG_6361,[],[]
594,IMG_0923,-1.2947499999999998,36.798563888888886,2023,2,Used/,,Self,IMG_0923,[],[]
595,IMG_7094,-1.2993472222222222,36.79278055555555,2023,2,Used/,,Self,IMG_7094,[],[]
596,IMG_7080,-1.2995027777777777,36.790394444444445,2023,2,Used/,,Self,IMG_7080,[],[]
597,IMG_8399,-1.2772277777777776,37.023872222222224,2023,2,Used/,,Self,IMG_8399,[],[]
598,IMG_0909,-1.2938138888888888,36.79479166666666,2023,2,Used/,,Self,IMG_0909,[],[]
599,IMG_7096,-1.299336111111111,36.79309722222222,2023,2,Used/,,Self,IMG_7096,[],[]
600,IMG_6388,-1.295136111111111,36.787619444444445,2023,2,Used/,,Self,IMG_6388,[],[]
601,IMG_0921,-1.294622222222222,36.79808055555555,2023,2,Used/,,Self,IMG_0921,[],[]
602,IMG_7082,-1.2994944444444445,36.79055833333333,2023,2,Used/,,Self,IMG_7082,[],[]
603,IMG_6411,-1.2918138888888888,36.82467777777778,2023,2,Used/,,Self,IMG_6411,[],[]
604,IMG_6377,-1.2925972222222222,36.77473888888889,2023,2,Used/,,Self,IMG_6377,[],[]
605,IMG_0706,-1.326875,36.71722222222223,2023,2,Used/,,Self,IMG_0706,[],[]
606,IMG_7069,-1.299561111111111,36.78894444444444,2023,2,Used/,,Self,IMG_7069,[0.44224974513053894],"[[3227.3740234375, 1414.828857421875, 4027.092529296875, 1747.7476806640625]]"
607,IMG_6363,-1.2771055555555555,36.765005555555554,2023,2,Used/,,Self,IMG_6363,[],[]
608,IMG_0712,-1.3325805555555554,36.71631111111111,2023,2,Used/,,Self,IMG_0712,[],[]
609,IMG_8428,-1.2785444444444445,37.038130555555554,2023,2,Used/,,Self,IMG_8428,[],[]
610,IMG_7733,-1.3142944444444444,36.871027777777776,2023,2,Used/,,Self,IMG_7733,[0.5471044182777405],"[[3031.303466796875, 1897.822265625, 3557.594970703125, 2304.10595703125]]"
611,IMG_8400,-1.277272222222222,37.02443611111111,2023,2,Used/,,Self,IMG_8400,[],[]
612,IMG_7055,-1.3001361111111112,36.78818055555556,2023,2,Used/,,Self,IMG_7055,[],[]
613,IMG_8366,-1.2735527777777778,37.00063611111111,2023,2,Used/,,Self,IMG_8366,[],[]
614,IMG_7041,-1.3148472222222225,36.78968888888889,2023,2,Used/,,Self,IMG_7041,[],[]
615,IMG_8372,-1.2753138888888889,37.00423888888889,2023,2,Used/,,Self,IMG_8372,[0.28518566489219666],"[[591.162841796875, 760.1907958984375, 1122.993408203125, 1297.8594970703125]]"
616,IMG_7727,-1.3141944444444444,36.87038055555556,2023,2,Used/,,Self,IMG_7727,[],[]
617,IMG_8414,-1.2777027777777776,37.02914166666667,2023,2,Used/,,Self,IMG_8414,[0.5553618669509888],"[[2064.439697265625, 2239.35498046875, 2740.835205078125, 2511.09326171875]]"
618,IMG_6439,-1.3159222222222222,36.78994444444445,2023,2,Used/,,Self,IMG_6439,"[0.437048077583313, 0.26342329382896423]","[[2277.576904296875, 918.2484130859375, 4032.0, 1270.7841796875], [2162.30615234375, 2322.588134765625, 3073.07470703125, 2559.3740234375]]"
619,IMG_7294,-1.2865777777777776,36.80467222222222,2023,2,Used/,,Self,IMG_7294,[0.4538002908229828],"[[379.62054443359375, 1862.6627197265625, 1594.9276123046875, 2219.409423828125]]"
620,IMG_7280,-1.2829722222222222,36.80708055555555,2023,2,Used/,,Self,IMG_7280,[],[]
621,IMG_8158,-1.329872222222222,36.88638888888889,2023,2,Used/,,Self,IMG_8158,[],[]
622,IMG_6175,-1.330477777777778,36.85650277777778,2023,2,Used/,,Self,IMG_6175,[],[]
623,IMG_7519,-1.2357166666666668,36.81168611111111,2023,2,Used/,,Self,IMG_7519,[],[]
624,IMG_6161,-1.3283694444444445,36.88245277777778,2023,2,Used/,,Self,IMG_6161,[],[]
625,IMG_8164,-1.3297388888888888,36.89062222222222,2023,2,Used/,,Self,IMG_8164,[],[]
626,IMG_7257,-1.277575,36.80584722222222,2023,2,Used/,,Self,IMG_7257,[],[]
627,IMG_6149,-1.329536111111111,36.87340555555556,2023,2,Used/,,Self,IMG_6149,[],[]
628,IMG_8616,-1.2994499999999998,36.79399166666666,2023,2,Used/,,Self,IMG_8616,[],[]
629,IMG_8170,-1.3265833333333332,36.89538055555556,2023,2,Used/,,Self,IMG_8170,[],[]
630,IMG_7243,-1.2787638888888888,36.803925,2023,2,Used/,,Self,IMG_7243,[],[]
631,IMG_6968,-1.357138888888889,36.74661388888889,2023,2,Used/,,Self,IMG_6968,[],[]
632,IMG_7486,-1.2517722222222225,36.82479722222222,2023,2,Used/,,Self,IMG_7486,[],[]
633,IMG_7492,-1.2490444444444444,36.81903611111112,2023,2,Used/,,Self,IMG_7492,[],[]
634,IMG_6954,-1.3748638888888889,36.74453055555556,2023,2,Used/,,Self,IMG_6954,[0.3195266127586365],"[[1972.673583984375, 2072.795166015625, 3003.37646484375, 2377.907470703125]]"
635,IMG_7479,-1.2565694444444444,36.8335,2023,2,Used/,,Self,IMG_7479,[],[]
636,IMG_8038,-1.2970944444444443,36.79797222222222,2023,2,Used/,,Self,IMG_8038,[],[]
637,IMG_7323,-1.2866833333333332,36.79893611111111,2023,2,Used/,,Self,IMG_7323,[],[]
638,IMG_6983,-1.352538888888889,36.75856111111111,2023,2,Used/,,Self,IMG_6983,[],[]
639,IMG_6997,-1.3488888888888888,36.76459722222222,2023,2,Used/,,Self,IMG_6997,[],[]
640,IMG_7337,-1.2885138888888887,36.79841666666667,2023,2,Used/,,Self,IMG_7337,[],[]
641,IMG_7860,-1.3134,36.87139722222222,2023,2,Used/,,Self,IMG_7860,[],[]
642,IMG_0869,-1.3136611111111112,36.81527222222222,2023,2,Used/,,Self,IMG_0869,[],[]
643,IMG_7874,-1.3132222222222223,36.871697222222224,2023,2,Used/,,Self,IMG_7874,[0.35375601053237915],"[[0.0, 2061.1376953125, 1578.1107177734375, 2709.15869140625]]"
644,IMG_7684,-1.3159972222222225,36.86577777777778,2023,2,Used/,,Self,IMG_7684,[],[]
645,IMG_0855,-1.362513888888889,36.764325,2023,2,Used/,,Self,IMG_0855,[],[]
646,IMG_0699,-1.3203305555555556,36.7182,2023,2,Used/,,Self,IMG_0699,[],[]
647,IMG_7690,-1.315975,36.86654722222222,2023,2,Used/,,Self,IMG_7690,[0.3553299903869629],"[[37.6084098815918, 2119.574951171875, 1007.1423950195312, 2425.661865234375]]"
648,IMG_7848,-1.3127972222222222,36.871075,2023,2,Used/,,Self,IMG_7848,[],[]
649,IMG_6565,-1.2971638888888888,36.795363888888886,2023,2,Used/,,Self,IMG_6565,[],[]
650,IMG_0672,-1.3081055555555556,36.73356111111112,2023,2,Used/,,Self,IMG_0672,[],[]
651,IMG_7109,-1.299247222222222,36.79559722222222,2023,2,Used/,,Self,IMG_7109,[],[]
652,IMG_0666,-1.3073611111111112,36.73605,2023,2,Used/,,Self,IMG_0666,[],[]
653,IMG_6217,-1.282936111111111,36.81553611111111,2023,2,Used/,,Self,IMG_6217,[],[]
654,IMG_6571,-1.295811111111111,36.79530277777778,2023,2,Used/,,Self,IMG_6571,[0.3346605896949768],"[[194.82472229003906, 2022.23779296875, 4032.0, 3006.40478515625]]"
655,IMG_6559,-1.2978027777777776,36.79248888888889,2023,2,Used/,,Self,IMG_6559,[],[]
656,IMG_7647,-1.314852777777778,36.85962222222222,2023,2,Used/,,Self,IMG_7647,[],[]
657,IMG_7121,-1.2987694444444444,36.79783055555556,2023,2,Used/,,Self,IMG_7121,[],[]
658,IMG_8212,-1.291275,36.94641388888888,2023,2,Used/,,Self,IMG_8212,[0.3780152499675751],"[[2983.999755859375, 2148.8994140625, 4022.318359375, 2360.134765625]]"
659,IMG_0896,-1.2929388888888889,36.79098055555556,2023,2,Used/,,Self,IMG_0896,[],[]
660,IMG_7135,-1.2953527777777776,36.80226388888889,2023,2,Used/,,Self,IMG_7135,[],[]
661,IMG_8206,-1.29395,36.943102777777774,2023,2,Used/,,Self,IMG_8206,[],[]
662,IMG_7653,-1.3159527777777775,36.86167777777778,2023,2,Used/,,Self,IMG_7653,"[0.6944116353988647, 0.2500442564487457]","[[0.0, 1771.236572265625, 3749.372802734375, 2604.384765625], [8.27797794342041, 2427.8994140625, 1108.5, 2963.763916015625]]"
663,IMG_8560,-1.2802972222222222,36.81769444444445,2023,2,Used/,,Self,IMG_8560,[0.2709897458553314],"[[0.3194892704486847, 1881.9515380859375, 688.6760864257812, 2397.90087890625]]"
664,IMG_8207,-1.2932027777777777,36.94381111111111,2023,2,Used/,,Self,IMG_8207,[],[]
665,IMG_7134,-1.2959277777777776,36.80243888888889,2023,2,Used/,,Self,IMG_7134,[],[]
666,IMG_8561,-1.280161111111111,36.81793611111112,2023,2,Used/,,Self,IMG_8561,[],[]
667,IMG_7652,-1.3156944444444445,36.86139444444444,2023,2,Used/,,Self,IMG_7652,[],[]
668,IMG_7646,-1.3144555555555557,36.85874444444445,2023,2,Used/,,Self,IMG_7646,[],[]
669,IMG_6558,-1.2977638888888887,36.792072222222224,2023,2,Used/,,Self,IMG_6558,[],[]
670,IMG_0897,-1.2930527777777776,36.79131388888889,2023,2,Used/,,Self,IMG_0897,[],[]
671,IMG_8213,-1.291161111111111,36.946575,2023,2,Used/,,Self,IMG_8213,[],[]
672,IMG_7120,-1.2987916666666666,36.797777777777775,2023,2,Used/,,Self,IMG_7120,[],[]
673,IMG_6216,-1.2830055555555555,36.81555555555556,2023,2,Used/,,Self,IMG_6216,[],[]
674,IMG_0667,-1.3074722222222224,36.735619444444445,2023,2,Used/,,Self,IMG_0667,[],[]
675,IMG_7108,-1.2992722222222222,36.79543333333333,2023,2,Used/,,Self,IMG_7108,[],[]
676,IMG_6570,-1.2960027777777776,36.79530277777778,2023,2,Used/,,Self,IMG_6570,[],[]
677,IMG_6564,-1.297113888888889,36.79537222222222,2023,2,Used/,,Self,IMG_6564,[],[]
678,IMG_6202,-1.2954138888888889,36.81016111111111,2023,2,Used/,,Self,IMG_6202,[],[]
679,IMG_0673,-1.308263888888889,36.73308055555556,2023,2,Used/,,Self,IMG_0673,[],[]
680,IMG_0698,-1.3197194444444444,36.71828888888889,2023,2,Used/,,Self,IMG_0698,[],[]
681,IMG_7849,-1.313008333333333,36.87141388888889,2023,2,Used/,,Self,IMG_7849,[0.45898136496543884],"[[616.6824340820312, 1769.4613037109375, 4032.0, 2687.544677734375]]"
682,IMG_7691,-1.3159666666666667,36.86661111111111,2023,2,Used/,,Self,IMG_7691,[],[]
683,IMG_7685,-1.3159805555555557,36.865994444444446,2023,2,Used/,,Self,IMG_7685,[],[]
684,IMG_0854,-1.3639750000000002,36.76562222222222,2023,2,Used/,,Self,IMG_0854,[],[]
685,IMG_7875,-1.313227777777778,36.87170277777778,2023,2,Used/,,Self,IMG_7875,[0.43464604020118713],"[[99.88175964355469, 2256.487060546875, 3970.900146484375, 3022.560302734375]]"
686,IMG_7861,-1.3133555555555556,36.87147777777778,2023,2,Used/,,Self,IMG_7861,[],[]
687,IMG_0868,-1.3146083333333334,36.814813888888885,2023,2,Used/,,Self,IMG_0868,[],[]
688,IMG_6996,-1.348961111111111,36.76459166666667,2023,2,Used/,,Self,IMG_6996,[],[]
689,IMG_7336,-1.2884027777777776,36.79844722222222,2023,2,Used/,,Self,IMG_7336,[],[]
690,IMG_7322,-1.2866694444444444,36.79898611111111,2023,2,Used/,,Self,IMG_7322,[],[]
691,IMG_6982,-1.352561111111111,36.75839166666667,2023,2,Used/,,Self,IMG_6982,[],[]
692,IMG_8039,-1.2972444444444444,36.79806111111111,2023,2,Used/,,Self,IMG_8039,[],[]
693,IMG_7478,-1.2578722222222225,36.833958333333335,2023,2,Used/,,Self,IMG_7478,[],[]
694,IMG_6955,-1.3746277777777778,36.74445,2023,2,Used/,,Self,IMG_6955,[],[]
695,IMG_7493,-1.2486416666666666,36.81710555555556,2023,2,Used/,,Self,IMG_7493,[],[]
696,IMG_7487,-1.2516944444444444,36.82463611111111,2023,2,Used/,,Self,IMG_7487,[],[]
697,IMG_6969,-1.3568833333333334,36.74666944444444,2023,2,Used/,,Self,IMG_6969,[],[]
698,IMG_8617,-1.2994805555555555,36.79192777777778,2023,2,Used/,,Self,IMG_8617,[],[]
699,IMG_7242,-1.2788472222222222,36.80386111111111,2023,2,Used/,,Self,IMG_7242,[],[]
700,IMG_8171,-1.3260944444444445,36.89618611111111,2023,2,Used/,,Self,IMG_8171,[],[]
701,IMG_7256,-1.2776527777777775,36.80572222222222,2023,2,Used/,,Self,IMG_7256,[],[]
702,IMG_8165,-1.3289888888888888,36.89169444444445,2023,2,Used/,,Self,IMG_8165,[],[]
703,IMG_7518,-1.2358416666666667,36.81162222222222,2023,2,Used/,,Self,IMG_7518,[],[]
704,IMG_6160,-1.3283694444444445,36.88218611111111,2023,2,Used/,,Self,IMG_6160,[],[]
705,IMG_6174,-1.3306222222222222,36.85681111111112,2023,2,Used/,,Self,IMG_6174,[],[]
706,IMG_8159,-1.3303361111111112,36.88714722222223,2023,2,Used/,,Self,IMG_8159,[],[]
707,IMG_7281,-1.2830805555555556,36.80703333333333,2023,2,Used/,,Self,IMG_7281,[],[]
708,IMG_7295,-1.2866027777777778,36.804605555555554,2023,2,Used/,,Self,IMG_7295,[],[]
709,IMG_8373,-1.27545,37.00501388888889,2023,2,Used/,,Self,IMG_8373,[],[]
710,IMG_7040,-1.3149194444444443,36.78963888888889,2023,2,Used/,,Self,IMG_7040,[],[]
711,IMG_6438,-1.3155722222222224,36.78991388888889,2023,2,Used/,,Self,IMG_6438,[],[]
712,IMG_8415,-1.2777222222222222,37.02933055555555,2023,2,Used/,,Self,IMG_8415,"[0.36856573820114136, 0.26595959067344666]","[[771.1666259765625, 2336.307373046875, 4020.284912109375, 3020.598876953125], [2061.67138671875, 2439.39111328125, 4025.72705078125, 3024.0]]"
713,IMG_7726,-1.3141888888888889,36.87025555555556,2023,2,Used/,,Self,IMG_7726,[],[]
714,IMG_8401,-1.277297222222222,37.024769444444445,2023,2,Used/,,Self,IMG_8401,[],[]
715,IMG_7732,-1.314286111111111,36.87094722222222,2023,2,Used/,,Self,IMG_7732,[0.5342404246330261],"[[1.550582766532898, 2559.11181640625, 1376.451904296875, 3024.0]]"
716,IMG_8367,-1.2737944444444445,37.00103333333333,2023,2,Used/,,Self,IMG_8367,[0.3344019651412964],"[[725.1636352539062, 1969.67236328125, 2796.61474609375, 2411.4267578125]]"
717,IMG_7054,-1.3003722222222225,36.78819444444444,2023,2,Used/,,Self,IMG_7054,"[0.5342102646827698, 0.25432029366493225]","[[2821.427001953125, 1598.1324462890625, 4029.070556640625, 2034.8902587890625], [1893.81201171875, 1599.5379638671875, 4032.0, 2085.3994140625]]"
718,IMG_0713,-1.3330666666666666,36.71636388888889,2023,2,Used/,,Self,IMG_0713,[],[]
719,IMG_6362,-1.2736611111111111,36.76748611111111,2023,2,Used/,,Self,IMG_6362,[],[]
720,IMG_8429,-1.2786472222222225,37.03908888888888,2023,2,Used/,,Self,IMG_8429,[],[]
721,IMG_7068,-1.299583333333333,36.788602777777776,2023,2,Used/,,Self,IMG_7068,[],[]
722,IMG_0707,-1.3279888888888889,36.71705277777778,2023,2,Used/,,Self,IMG_0707,[],[]
723,IMG_6376,-1.289497222222222,36.77151111111111,2023,2,Used/,,Self,IMG_6376,[],[]
724,IMG_7083,-1.299483333333333,36.79073611111111,2023,2,Used/,,Self,IMG_7083,[],[]
725,IMG_0920,-1.294561111111111,36.79786666666666,2023,2,Used/,,Self,IMG_0920,[],[]
726,IMG_6389,-1.2963638888888889,36.79445277777778,2023,2,Used/,,Self,IMG_6389,[],[]
727,IMG_7097,-1.2993416666666666,36.79320555555555,2023,2,Used/,,Self,IMG_7097,[],[]
728,IMG_0908,-1.293775,36.79453888888889,2023,2,Used/,,Self,IMG_0908,[],[]
729,IMG_8398,-1.277188888888889,37.02352777777778,2023,2,Used/,,Self,IMG_8398,[],[]
730,IMG_7093,-1.299361111111111,36.792569444444446,2023,2,Used/,,Self,IMG_7093,[],[]
731,IMG_0924,-1.2948555555555554,36.79901388888889,2023,2,Used/,,Self,IMG_0924,[],[]
732,IMG_7087,-1.299411111111111,36.7915,2023,2,Used/,,Self,IMG_7087,[],[]
733,IMG_0918,-1.2944305555555555,36.797352777777775,2023,2,Used/,,Self,IMG_0918,[],[]
734,IMG_8388,-1.2764916666666666,37.016,2023,2,Used/,,Self,IMG_8388,[],[]
735,IMG_7050,-1.3115527777777778,36.791352777777774,2023,2,Used/,,Self,IMG_7050,[],[]
736,IMG_8363,-1.2725944444444444,36.99906388888889,2023,2,Used/,,Self,IMG_8363,"[0.6464728713035583, 0.378824919462204]","[[7.437606334686279, 1908.18310546875, 2543.1943359375, 2721.760498046875], [0.0, 1976.0423583984375, 2017.656005859375, 2769.991455078125]]"
737,IMG_7736,-1.314313888888889,36.8712,2023,2,Used/,,Self,IMG_7736,[],[]
738,IMG_8405,-1.2774055555555557,37.02569444444444,2023,2,Used/,,Self,IMG_8405,[],[]
739,IMG_6428,-1.3169111111111111,36.80070277777777,2023,2,Used/,,Self,IMG_6428,"[0.7943637371063232, 0.6295735239982605, 0.5075119733810425]","[[1602.5887451171875, 1315.6859130859375, 3053.508544921875, 2116.296630859375], [29.25074005126953, 0.0, 2312.958740234375, 1320.3175048828125], [18.106731414794922, 0.0, 2328.98388671875, 921.8816528320312]]"
740,IMG_7722,-1.3141194444444444,36.86987222222222,2023,2,Used/,,Self,IMG_7722,[],[]
741,IMG_8411,-1.2776416666666666,37.02854166666667,2023,2,Used/,,Self,IMG_8411,[],[]
742,IMG_7044,-1.3145472222222223,36.78993611111111,2023,2,Used/,,Self,IMG_7044,[],[]
743,IMG_8377,-1.275611111111111,37.0065,2023,2,Used/,,Self,IMG_8377,[],[]
744,IMG_6372,-1.2818888888888889,36.769927777777774,2023,2,Used/,,Self,IMG_6372,[],[]
745,IMG_0703,-1.3237777777777775,36.717675,2023,2,Used/,,Self,IMG_0703,[],[]
746,IMG_8439,-1.279261111111111,37.04486388888888,2023,2,Used/,,Self,IMG_8439,[],[]
747,IMG_6366,-1.277675,36.764472222222224,2023,2,Used/,,Self,IMG_6366,[],[]
748,IMG_7078,-1.299511111111111,36.79005,2023,2,Used/,,Self,IMG_7078,[],[]
749,IMG_0717,-1.3358305555555554,36.718538888888894,2023,2,Used/,,Self,IMG_0717,[],[]
750,IMG_7291,-1.2858138888888888,36.80490833333333,2023,2,Used/,,Self,IMG_7291,[],[]
751,IMG_7285,-1.284311111111111,36.806041666666665,2023,2,Used/,,Self,IMG_7285,[],[]
752,IMG_8161,-1.3309305555555555,36.88840277777778,2023,2,Used/,,Self,IMG_8161,[],[]
753,IMG_7252,-1.2780972222222222,36.805169444444445,2023,2,Used/,,Self,IMG_7252,[],[]
754,IMG_8175,-1.3242694444444445,36.89917222222222,2023,2,Used/,,Self,IMG_8175,[0.4962523579597473],"[[382.20703125, 1679.6517333984375, 4032.0, 2588.77490234375]]"
755,IMG_7246,-1.2787305555555557,36.80411944444444,2023,2,Used/,,Self,IMG_7246,[],[]
756,IMG_6158,-1.3284527777777777,36.88048055555556,2023,2,Used/,,Self,IMG_6158,[],[]
757,IMG_8613,-1.2989916666666663,36.79719444444444,2023,2,Used/,,Self,IMG_8613,[],[]
758,IMG_7520,-1.2356555555555555,36.811725,2023,2,Used/,,Self,IMG_7520,[],[]
759,IMG_7508,-1.240611111111111,36.81309722222222,2023,2,Used/,,Self,IMG_7508,[],[]
760,IMG_6170,-1.3382277777777778,36.92231388888889,2023,2,Used/,,Self,IMG_6170,[],[]
761,IMG_8149,-1.3287305555555555,36.878569444444445,2023,2,Used/,,Self,IMG_8149,[],[]
762,IMG_6164,-1.3288777777777778,36.884677777777775,2023,2,Used/,,Self,IMG_6164,[],[]
763,IMG_6945,-1.37545,36.74631111111111,2023,2,Used/,,Self,IMG_6945,[],[]
764,IMG_7483,-1.2559527777777777,36.83282777777778,2023,2,Used/,,Self,IMG_7483,[],[]
765,IMG_6951,-1.374761111111111,36.74541944444445,2023,2,Used/,,Self,IMG_6951,[],[]
766,IMG_7497,-1.2481722222222222,36.81628611111111,2023,2,Used/,,Self,IMG_7497,[],[]
767,IMG_6979,-1.352588888888889,36.75788055555556,2023,2,Used/,,Self,IMG_6979,[0.4662967026233673],"[[0.0, 2133.691162109375, 1866.8109130859375, 3022.9384765625]]"
768,IMG_6986,-1.3524555555555555,36.75910277777778,2023,2,Used/,,Self,IMG_6986,[],[]
769,IMG_7326,-1.2870027777777775,36.798788888888886,2023,2,Used/,,Self,IMG_7326,[],[]
770,IMG_7332,-1.2878777777777777,36.79856944444444,2023,2,Used/,,Self,IMG_7332,[],[]
771,IMG_6992,-1.3516416666666669,36.76303611111111,2023,2,Used/,,Self,IMG_6992,[],[]
772,IMG_7454,-1.2775305555555554,36.82118055555556,2023,2,Used/,,Self,IMG_7454,[],[]
773,IMG_8029,-1.2975944444444445,36.79583611111111,2023,2,Used/,,Self,IMG_8029,[],[]
774,IMG_7468,-1.2629416666666666,36.83891666666667,2023,2,Used/,,Self,IMG_7468,[],[]
775,IMG_0850,-1.3715222222222223,36.768252777777775,2023,2,Used/,,Self,IMG_0850,[],[]
776,IMG_0688,-1.3133416666666666,36.72196944444445,2023,2,Used/,,Self,IMG_0688,[],[]
777,IMG_7681,-1.3159583333333331,36.86526944444444,2023,2,Used/,,Self,IMG_7681,[],[]
778,IMG_7859,-1.313363888888889,36.87143055555556,2023,2,Used/,,Self,IMG_7859,[],[]
779,IMG_7695,-1.3160416666666668,36.86736388888889,2023,2,Used/,,Self,IMG_7695,[],[]
780,IMG_7871,-1.3132388888888888,36.87166111111111,2023,2,Used/,,Self,IMG_7871,[],[]
781,IMG_0878,-1.2991444444444444,36.79691666666667,2023,2,Used/,,Self,IMG_0878,[],[]
782,IMG_7124,-1.298411111111111,36.79974444444444,2023,2,Used/,,Self,IMG_7124,[],[]
783,IMG_8217,-1.290561111111111,36.94719444444444,2023,2,Used/,,Self,IMG_8217,[],[]
784,IMG_0893,-1.2927416666666665,36.78996388888888,2023,2,Used/,,Self,IMG_0893,[],[]
785,IMG_7642,-1.3136277777777778,36.85638055555556,2023,2,Used/,,Self,IMG_7642,[],[]
786,IMG_6548,-1.2979222222222222,36.78876944444444,2023,2,Used/,,Self,IMG_6548,[],[]
787,IMG_7656,-1.3161694444444445,36.86193888888889,2023,2,Used/,,Self,IMG_7656,[],[]
788,IMG_7130,-1.2967499999999998,36.80258055555555,2023,2,Used/,,Self,IMG_7130,[],[]
789,IMG_8203,-1.2967527777777776,36.94098333333333,2023,2,Used/,,Self,IMG_8203,[],[]
790,IMG_0677,-1.3082694444444445,36.730941666666666,2023,2,Used/,,Self,IMG_0677,[],[]
791,IMG_7118,-1.298936111111111,36.797241666666665,2023,2,Used/,,Self,IMG_7118,[],[]
792,IMG_6206,-1.2950722222222222,36.79931388888889,2023,2,Used/,,Self,IMG_6206,[],[]
793,IMG_6560,-1.2978027777777776,36.79252222222222,2023,2,Used/,,Self,IMG_6560,[],[]
794,IMG_6574,-1.295211111111111,36.79523055555556,2023,2,Used/,,Self,IMG_6574,[],[]
795,IMG_8559,-1.2806166666666663,36.81708611111112,2023,2,Used/,,Self,IMG_8559,[],[]
796,IMG_0663,-1.306913888888889,36.73764722222222,2023,2,Used/,,Self,IMG_0663,[],[]
797,IMG_6212,-1.2940166666666666,36.80275,2023,2,Used/,,Self,IMG_6212,[],[]
798,IMG_8558,-1.2810416666666666,36.816247222222216,2023,2,Used/,,Self,IMG_8558,[],[]
799,IMG_6575,-1.2945305555555555,36.79515555555555,2023,2,Used/,,Self,IMG_6575,[],[]
800,IMG_6213,-1.2935805555555555,36.80305277777777,2023,2,Used/,,Self,IMG_6213,[],[]
801,IMG_0662,-1.306775,36.73817777777778,2023,2,Used/,,Self,IMG_0662,[],[]
802,IMG_6207,-1.2950888888888887,36.800377777777776,2023,2,Used/,,Self,IMG_6207,[],[]
803,IMG_7119,-1.298922222222222,36.79731111111111,2023,2,Used/,,Self,IMG_7119,[],[]
804,IMG_0676,-1.3084861111111112,36.731575,2023,2,Used/,,Self,IMG_0676,[],[]
805,IMG_6561,-1.2975277777777776,36.79533333333333,2023,2,Used/,,Self,IMG_6561,[0.32765382528305054],"[[949.5971069335938, 2645.341552734375, 2487.108154296875, 3020.8310546875]]"
806,IMG_8564,-1.2786027777777778,36.81607777777778,2023,2,Used/,,Self,IMG_8564,[],[]
807,IMG_7657,-1.316158333333333,36.86196388888889,2023,2,Used/,,Self,IMG_7657,[],[]
808,IMG_6549,-1.2979138888888888,36.78894444444444,2023,2,Used/,,Self,IMG_6549,[],[]
809,IMG_8202,-1.2983888888888888,36.93978611111111,2023,2,Used/,,Self,IMG_8202,[],[]
810,IMG_7131,-1.296586111111111,36.80254444444444,2023,2,Used/,,Self,IMG_7131,[],[]
811,IMG_0892,-1.2927027777777778,36.78974166666666,2023,2,Used/,,Self,IMG_0892,[],[]
812,IMG_8216,-1.2907944444444444,36.94706388888888,2023,2,Used/,,Self,IMG_8216,[],[]
813,IMG_7125,-1.2983638888888889,36.80002777777778,2023,2,Used/,,Self,IMG_7125,[],[]
814,IMG_7643,-1.3137138888888888,36.85661944444445,2023,2,Used/,,Self,IMG_7643,[],[]
815,IMG_7870,-1.3132166666666667,36.87168888888889,2023,2,Used/,,Self,IMG_7870,[],[]
816,IMG_0879,-1.2993,36.79533055555555,2023,2,Used/,,Self,IMG_0879,[],[]
817,IMG_7864,-1.3132194444444445,36.87175833333333,2023,2,Used/,,Self,IMG_7864,[0.6307157874107361],"[[2.3806686401367188, 1528.640625, 906.063720703125, 2378.1767578125]]"
818,IMG_7694,-1.3159888888888889,36.86689722222222,2023,2,Used/,,Self,IMG_7694,[],[]
819,IMG_0689,-1.3138611111111111,36.72127777777778,2023,2,Used/,,Self,IMG_0689,[],[]
820,IMG_0851,-1.3684888888888889,36.767538888888886,2023,2,Used/,,Self,IMG_0851,[],[]
821,IMG_7858,-1.3133722222222222,36.87142222222222,2023,2,Used/,,Self,IMG_7858,[],[]
822,IMG_7680,-1.315683333333333,36.86483888888889,2023,2,Used/,,Self,IMG_7680,"[0.33502742648124695, 0.32133030891418457]","[[89.52313232421875, 2503.121337890625, 4032.0, 3024.0], [990.9647827148438, 2737.781982421875, 3524.47998046875, 3023.528076171875]]"
823,IMG_7469,-1.2618222222222222,36.839619444444445,2023,2,Used/,,Self,IMG_7469,[],[]
824,IMG_8028,-1.2976027777777777,36.79566111111111,2023,2,Used/,,Self,IMG_8028,[0.5393851399421692],"[[2199.256591796875, 2556.971923828125, 2882.454345703125, 3023.730224609375]]"
825,IMG_7333,-1.287972222222222,36.79854722222222,2023,2,Used/,,Self,IMG_7333,[],[]
826,IMG_7455,-1.2775027777777777,36.82118055555556,2023,2,Used/,,Self,IMG_7455,[],[]
827,IMG_6993,-1.3514722222222224,36.76302222222222,2023,2,Used/,,Self,IMG_6993,[],[]
828,IMG_6987,-1.3524444444444446,36.75928611111111,2023,2,Used/,,Self,IMG_6987,[],[]
829,IMG_7327,-1.2870888888888887,36.798766666666666,2023,2,Used/,,Self,IMG_7327,[],[]
830,IMG_6978,-1.352752777777778,36.75738611111111,2023,2,Used/,,Self,IMG_6978,[],[]
831,IMG_7496,-1.248213888888889,36.81631944444444,2023,2,Used/,,Self,IMG_7496,[],[]
832,IMG_6950,-1.3746944444444444,36.74591111111111,2023,2,Used/,,Self,IMG_6950,[],[]
833,IMG_7482,-1.2561555555555557,36.833088888888895,2023,2,Used/,,Self,IMG_7482,[],[]
834,IMG_6944,-1.3754861111111112,36.74632222222223,2023,2,Used/,,Self,IMG_6944,[],[]
835,IMG_6165,-1.3329555555555554,36.88986111111111,2023,2,Used/,,Self,IMG_6165,[],[]
836,IMG_8148,-1.3289055555555556,36.87738888888889,2023,2,Used/,,Self,IMG_8148,[],[]
837,IMG_7509,-1.2404833333333334,36.81298055555556,2023,2,Used/,,Self,IMG_7509,[],[]
838,IMG_6171,-1.3307583333333333,36.92410555555556,2023,2,Used/,,Self,IMG_6171,"[0.7724786996841431, 0.4123123288154602]","[[933.2001342773438, 0.0, 3024.0, 1060.983642578125], [1.3416434526443481, 37.775390625, 712.3473510742188, 810.577392578125]]"
839,IMG_6159,-1.3283694444444445,36.88115,2023,2,Used/,,Self,IMG_6159,[],[]
840,IMG_7247,-1.2785888888888888,36.80444722222222,2023,2,Used/,,Self,IMG_7247,[],[]
841,IMG_8174,-1.3247638888888889,36.89838055555556,2023,2,Used/,,Self,IMG_8174,[0.41846808791160583],"[[153.53134155273438, 1861.8497314453125, 4013.502685546875, 2543.5927734375]]"
842,IMG_8612,-1.2988138888888887,36.79754444444444,2023,2,Used/,,Self,IMG_8612,[],[]
843,IMG_7253,-1.2778444444444443,36.8055,2023,2,Used/,,Self,IMG_7253,[],[]
844,IMG_8160,-1.3307444444444445,36.88778888888889,2023,2,Used/,,Self,IMG_8160,[],[]
845,IMG_7284,-1.2842527777777777,36.806105555555554,2023,2,Used/,,Self,IMG_7284,[],[]
846,IMG_7290,-1.2856138888888888,36.80499444444444,2023,2,Used/,,Self,IMG_7290,[],[]
847,IMG_0716,-1.3345083333333332,36.71747222222223,2023,2,Used/,,Self,IMG_0716,[],[]
848,IMG_7079,-1.2995055555555557,36.79016388888888,2023,2,Used/,,Self,IMG_7079,[],[]
849,IMG_6367,-1.2777694444444443,36.76468611111111,2023,2,Used/,,Self,IMG_6367,[],[]
850,IMG_0702,-1.3229166666666667,36.71780833333334,2023,2,Used/,,Self,IMG_0702,[],[]
851,IMG_6373,-1.2822027777777778,36.76986111111111,2023,2,Used/,,Self,IMG_6373,[],[]
852,IMG_8438,-1.279216666666667,37.04451111111111,2023,2,Used/,,Self,IMG_8438,[],[]
853,IMG_8410,-1.2775527777777778,37.02778333333333,2023,2,Used/,,Self,IMG_8410,[],[]
854,IMG_7723,-1.3141527777777775,36.86996388888889,2023,2,Used/,,Self,IMG_7723,[],[]
855,IMG_8376,-1.2755527777777778,37.005925,2023,2,Used/,,Self,IMG_8376,[],[]
856,IMG_7045,-1.3144638888888889,36.79000277777778,2023,2,Used/,,Self,IMG_7045,[],[]
857,InBridge,-1.3147805555555556,36.78994444444445,2023,2,Used/,,Self,InBridge,[0.5732024312019348],"[[2042.6722412109375, 1556.040283203125, 3966.259033203125, 2008.375244140625]]"
858,IMG_8362,-1.2720027777777778,36.99811944444445,2023,2,Used/,,Self,IMG_8362,[0.40819498896598816],"[[2783.954345703125, 1847.568359375, 4030.396484375, 2546.376953125]]"
859,IMG_7051,-1.3114444444444444,36.791352777777774,2023,2,Used/,,Self,IMG_7051,[],[]
860,IMG_6429,-1.3191194444444443,36.79295277777778,2023,2,Used/,,Self,IMG_6429,"[0.4405846893787384, 0.303337961435318, 0.2842750549316406, 0.25124669075012207]","[[226.2101287841797, 1931.3563232421875, 4032.0, 3024.0], [4.441799640655518, 2428.948974609375, 961.7028198242188, 2808.760986328125], [860.5718994140625, 2854.921875, 1710.73828125, 3021.718017578125], [0.0, 2322.46044921875, 1753.17333984375, 2956.72314453125]]"
861,IMG_8404,-1.2773666666666663,37.02536111111111,2023,2,Used/,,Self,IMG_8404,[],[]
862,IMG_7737,-1.3143694444444445,36.87133888888889,2023,2,Used/,,Self,IMG_7737,[],[]
863,IMG_8389,-1.2765138888888887,37.01629166666667,2023,2,Used/,,Self,IMG_8389,[],[]
864,IMG_0919,-1.2944805555555554,36.79752777777777,2023,2,Used/,,Self,IMG_0919,[],[]
865,IMG_7086,-1.2994388888888888,36.79129444444444,2023,2,Used/,,Self,IMG_7086,[],[]
866,IMG_0925,-1.2949638888888888,36.799502777777775,2023,2,Used/,,Self,IMG_0925,[],[]
867,IMG_7092,-1.2993638888888888,36.79245833333333,2023,2,Used/,,Self,IMG_7092,[],[]
868,IMG_7084,-1.2994638888888888,36.79100555555555,2023,2,Used/,,Self,IMG_7084,[],[]
869,IMG_7090,-1.2993805555555555,36.792125,2023,2,Used/,,Self,IMG_7090,[],[]
870,IMG_0927,-1.2950694444444444,36.79995555555556,2023,2,Used/,,Self,IMG_0927,[],[]
871,IMG_6359,-1.2717083333333332,36.76784722222222,2023,2,Used/,,Self,IMG_6359,[],[]
872,IMG_8374,-1.2755027777777777,37.00551111111111,2023,2,Used/,,Self,IMG_8374,[],[]
873,IMG_7047,-1.3119722222222223,36.79141944444444,2023,2,Used/,,Self,IMG_7047,[],[]
874,IMG_0728,-1.3371,36.72715277777778,2023,2,Used/,,Self,IMG_0728,[],[]
875,IMG_8412,-1.277663888888889,37.02869722222222,2023,2,Used/,,Self,IMG_8412,[],[]
876,IMG_7721,-1.3141027777777778,36.86975277777778,2023,2,Used/,,Self,IMG_7721,[0.47096413373947144],"[[406.4788818359375, 2612.29931640625, 1088.28759765625, 2915.52587890625]]"
877,IMG_8406,-1.2774222222222222,37.02595555555556,2023,2,Used/,,Self,IMG_8406,[],[]
878,IMG_7735,-1.3143,36.871119444444446,2023,2,Used/,,Self,IMG_7735,[0.27775585651397705],"[[1134.1922607421875, 2497.028564453125, 2458.48095703125, 2772.15673828125]]"
879,IMG_8360,-1.271686111111111,36.997594444444445,2023,2,Used/,,Self,IMG_8360,[],[]
880,IMG_7053,-1.3005555555555557,36.78819444444444,2023,2,Used/,,Self,IMG_7053,[],[]
881,IMG_6365,-1.2773055555555557,36.76470277777778,2023,2,Used/,,Self,IMG_6365,[],[]
882,IMG_8348,-1.269572222222222,36.99416388888889,2023,2,Used/,,Self,IMG_8348,[],[]
883,IMG_0714,-1.333461111111111,36.71669444444445,2023,2,Used/,,Self,IMG_0714,[],[]
884,IMG_7709,-1.315263888888889,36.86928888888889,2023,2,Used/,,Self,IMG_7709,[],[]
885,IMG_6371,-1.2817194444444444,36.76993888888889,2023,2,Used/,,Self,IMG_6371,[],[]
886,IMG_0700,-1.321113888888889,36.71808055555556,2023,2,Used/,,Self,IMG_0700,[],[]
887,IMG_6198,-1.2947166666666663,36.81428055555556,2023,2,Used/,,Self,IMG_6198,[],[]
888,IMG_7286,-1.2843777777777776,36.80596944444444,2023,2,Used/,,Self,IMG_7286,[],[]
889,IMG_7292,-1.2861027777777776,36.804827777777774,2023,2,Used/,,Self,IMG_7292,[],[]
890,IMG_8189,-1.3134833333333331,36.92286666666666,2023,2,Used/,,Self,IMG_8189,[],[]
891,IMG_7245,-1.2787416666666669,36.804047222222216,2023,2,Used/,,Self,IMG_7245,[],[]
892,IMG_8176,-1.3238444444444444,36.899852777777774,2023,2,Used/,,Self,IMG_8176,"[0.4058883488178253, 0.3597654700279236]","[[0.0, 1453.405517578125, 2189.934814453125, 2010.353271484375], [0.0, 1404.754150390625, 3944.9873046875, 2005.8804931640625]]"
893,IMG_7251,-1.2781722222222225,36.80506111111111,2023,2,Used/,,Self,IMG_7251,[],[]
894,IMG_8162,-1.3307472222222223,36.889175,2023,2,Used/,,Self,IMG_8162,[],[]
895,IMG_7279,-1.2826305555555555,36.80719722222222,2023,2,Used/,,Self,IMG_7279,[],[]
896,IMG_6167,-1.3389555555555557,36.92133055555556,2023,2,Used/,,Self,IMG_6167,[],[]
897,IMG_6173,-1.3307472222222223,36.85708611111112,2023,2,Used/,,Self,IMG_6173,[0.3327817916870117],"[[2667.913818359375, 2038.5870361328125, 3478.19921875, 2209.53076171875]]"
898,IMG_8638,-1.2990388888888889,36.761383333333335,2023,2,Used/,,Self,IMG_8638,[],[]
899,IMG_6952,-1.3748194444444444,36.74497777777778,2023,2,Used/,,Self,IMG_6952,[],[]
900,IMG_7494,-1.248588888888889,36.81682222222223,2023,2,Used/,,Self,IMG_7494,[0.35205549001693726],"[[0.0, 2104.087890625, 3056.9130859375, 3021.963134765625]]"
901,IMG_6946,-1.3751361111111111,36.74625,2023,2,Used/,,Self,IMG_6946,[],[]
902,IMG_7480,-1.2564972222222222,36.83343888888889,2023,2,Used/,,Self,IMG_7480,[],[]
903,IMG_6991,-1.3517083333333335,36.762875,2023,2,Used/,,Self,IMG_6991,[],[]
904,IMG_7457,-1.277061111111111,36.821758333333335,2023,2,Used/,,Self,IMG_7457,[],[]
905,IMG_7331,-1.287597222222222,36.79863055555556,2023,2,Used/,,Self,IMG_7331,[],[]
906,IMG_7325,-1.2868138888888887,36.79883888888889,2023,2,Used/,,Self,IMG_7325,[],[]
907,IMG_6985,-1.3524916666666666,36.75882222222222,2023,2,Used/,,Self,IMG_6985,[],[]
908,IMG_7319,-1.2866888888888888,36.799169444444445,2023,2,Used/,,Self,IMG_7319,[],[]
909,IMG_0847,-1.3805722222222223,36.77034444444444,2023,2,Used/,,Self,IMG_0847,[],[]
910,IMG_7696,-1.3160805555555557,36.867694444444446,2023,2,Used/,,Self,IMG_7696,[],[]
911,IMG_6588,-1.2950444444444442,36.799752777777776,2023,2,Used/,,Self,IMG_6588,[],[]
912,IMG_7682,-1.31605,36.86548888888889,2023,2,Used/,,Self,IMG_7682,[],[]
913,IMG_0853,-1.3656611111111112,36.76663611111111,2023,2,Used/,,Self,IMG_0853,[],[]
914,IMG_7872,-1.3132222222222223,36.87169444444445,2023,2,Used/,,Self,IMG_7872,"[0.4707351624965668, 0.30571675300598145]","[[174.11170959472656, 2197.322509765625, 4032.0, 3024.0], [38.2806510925293, 1900.6334228515625, 4009.33447265625, 3024.0]]"
915,IMG_8200,-1.3008222222222223,36.93799722222222,2023,2,Used/,,Self,IMG_8200,[],[]
916,IMG_7133,-1.2960083333333332,36.80245277777777,2023,2,Used/,,Self,IMG_7133,[],[]
917,IMG_7655,-1.3160361111111112,36.861755555555554,2023,2,Used/,,Self,IMG_7655,[0.5336607098579407],"[[0.0, 2346.447998046875, 3843.98583984375, 3009.810546875]]"
918,IMG_7641,-1.313563888888889,36.85619722222222,2023,2,Used/,,Self,IMG_7641,[0.38942885398864746],"[[0.7548156380653381, 2099.802490234375, 1304.339111328125, 2502.36572265625]]"
919,IMG_0648,-1.3002638888888889,36.767963888888886,2023,2,Used/,,Self,IMG_0648,[],[]
920,IMG_8214,-1.2910583333333332,36.94674444444444,2023,2,Used/,,Self,IMG_8214,[],[]
921,IMG_7127,-1.2971305555555557,36.80263055555555,2023,2,Used/,,Self,IMG_7127,[0.262206494808197],"[[1470.7489013671875, 2788.064453125, 3347.154296875, 3019.461669921875]]"
922,IMG_6239,-1.276922222222222,36.82198055555556,2023,2,Used/,,Self,IMG_6239,[],[]
923,IMG_0660,-1.306533333333333,36.73921111111111,2023,2,Used/,,Self,IMG_0660,[],[]
924,IMG_6211,-1.2943222222222222,36.80265833333333,2023,2,Used/,,Self,IMG_6211,[],[]
925,IMG_6577,-1.294336111111111,36.79509722222222,2023,2,Used/,,Self,IMG_6577,[],[]
926,IMG_7669,-1.315113888888889,36.86304722222222,2023,2,Used/,,Self,IMG_7669,[],[]
927,IMG_6563,-1.297575,36.79537222222222,2023,2,Used/,,Self,IMG_6563,[],[]
928,IMG_0674,-1.3084861111111112,36.73232222222222,2023,2,Used/,,Self,IMG_0674,[],[]
929,IMG_8228,-1.2889444444444442,36.95018055555556,2023,2,Used/,,Self,IMG_8228,[],[]
930,IMG_6205,-1.2951944444444443,36.79955277777778,2023,2,Used/,,Self,IMG_6205,[],[]
931,IMG_6562,-1.2975805555555555,36.79527222222222,2023,2,Used/,,Self,IMG_6562,[0.28743982315063477],"[[25.628355026245117, 2865.4638671875, 1306.0086669921875, 3020.357666015625]]"
932,IMG_8229,-1.2886444444444445,36.95066944444445,2023,2,Used/,,Self,IMG_8229,[],[]
933,IMG_0675,-1.3085361111111111,36.731883333333336,2023,2,Used/,,Self,IMG_0675,[],[]
934,IMG_6210,-1.2939055555555554,36.80311111111111,2023,2,Used/,,Self,IMG_6210,[],[]
935,IMG_0661,-1.3066444444444445,36.73869722222222,2023,2,Used/,,Self,IMG_0661,[],[]
936,IMG_7668,-1.315263888888889,36.862922222222224,2023,2,Used/,,Self,IMG_7668,[],[]
937,IMG_6576,-1.2944555555555557,36.79515555555555,2023,2,Used/,,Self,IMG_6576,[],[]
938,IMG_7640,-1.313525,36.85609722222223,2023,2,Used/,,Self,IMG_7640,[],[]
939,IMG_6238,-1.276997222222222,36.82187222222223,2023,2,Used/,,Self,IMG_6238,[0.5234781503677368],"[[1.1519302129745483, 1875.1781005859375, 807.7867431640625, 2092.678955078125]]"
940,IMG_0891,-1.292686111111111,36.78938888888889,2023,2,Used/,,Self,IMG_0891,[],[]
941,IMG_7126,-1.2972916666666665,36.80266111111111,2023,2,Used/,,Self,IMG_7126,[],[]
942,IMG_8215,-1.290925,36.94693333333333,2023,2,Used/,,Self,IMG_8215,"[0.4543818235397339, 0.3449079990386963]","[[0.0, 2009.4365234375, 1562.9127197265625, 2657.78271484375], [2149.1484375, 2585.628173828125, 4023.732666015625, 2837.283447265625]]"
943,IMG_0649,-1.3000361111111112,36.766752777777775,2023,2,Used/,,Self,IMG_0649,[],[]
944,IMG_7132,-1.2964972222222222,36.802527777777776,2023,2,Used/,,Self,IMG_7132,[],[]
945,IMG_8201,-1.2988444444444442,36.939455555555554,2023,2,Used/,,Self,IMG_8201,[],[]
946,IMG_7654,-1.3160361111111112,36.861755555555554,2023,2,Used/,,Self,IMG_7654,[0.2810855805873871],"[[0.0, 2033.13916015625, 2812.1494140625, 2663.7490234375]]"
947,IMG_7867,-1.3133361111111113,36.87177222222222,2023,2,Used/,,Self,IMG_7867,[0.6803552508354187],"[[0.0, 3361.26171875, 1882.2618408203125, 4029.140869140625]]"
948,IMG_7873,-1.3132222222222223,36.871697222222224,2023,2,Used/,,Self,IMG_7873,"[0.4387410581111908, 0.41556620597839355]","[[111.3862533569336, 2189.769287109375, 4032.0, 3022.113037109375], [0.0, 1609.06396484375, 2298.365234375, 2134.270263671875]]"
949,IMG_7683,-1.3160527777777775,36.86550555555556,2023,2,Used/,,Self,IMG_7683,[],[]
950,IMG_0852,-1.3676416666666666,36.76761944444444,2023,2,Used/,,Self,IMG_0852,[],[]
951,IMG_0846,-1.3802444444444444,36.77351111111111,2023,2,Used/,,Self,IMG_0846,[],[]
952,IMG_6589,-1.2950916666666663,36.79998888888889,2023,2,Used/,,Self,IMG_6589,[],[]
953,IMG_7697,-1.3161,36.86796388888889,2023,2,Used/,,Self,IMG_7697,[],[]
954,IMG_7318,-1.2870527777777776,36.80084166666666,2023,2,Used/,,Self,IMG_7318,[],[]
955,IMG_7324,-1.2867388888888889,36.79887222222222,2023,2,Used/,,Self,IMG_7324,[],[]
956,IMG_6984,-1.3525222222222224,36.758652777777776,2023,2,Used/,,Self,IMG_6984,[],[]
957,IMG_7456,-1.2773388888888888,36.82135,2023,2,Used/,,Self,IMG_7456,[0.3357347548007965],"[[3329.640625, 2228.64453125, 4025.219970703125, 2486.133056640625]]"
958,IMG_6990,-1.352352777777778,36.75996111111111,2023,2,Used/,,Self,IMG_6990,[],[]
959,IMG_7330,-1.2874472222222222,36.79867222222222,2023,2,Used/,,Self,IMG_7330,[],[]
960,IMG_7481,-1.256352777777778,36.83331666666667,2023,2,Used/,,Self,IMG_7481,[],[]
961,IMG_6947,-1.3750555555555557,36.74623055555556,2023,2,Used/,,Self,IMG_6947,[],[]
962,IMG_7495,-1.2485388888888889,36.81665555555556,2023,2,Used/,,Self,IMG_7495,[],[]
963,IMG_6953,-1.3748194444444444,36.74492222222222,2023,2,Used/,,Self,IMG_6953,[],[]
964,IMG_6172,-1.3309055555555556,36.92409722222222,2023,2,Used/,,Self,IMG_6172,[],[]
965,IMG_8639,-1.2998166666666666,36.75877777777778,2023,2,Used/,,Self,IMG_8639,[],[]
966,IMG_6166,-1.346111111111111,36.90673055555556,2023,2,Used/,,Self,IMG_6166,[],[]
967,IMG_7278,-1.2823916666666666,36.807247222222216,2023,2,Used/,,Self,IMG_7278,[],[]
968,IMG_8163,-1.3304138888888888,36.88970277777778,2023,2,Used/,,Self,IMG_8163,[],[]
969,IMG_7250,-1.2782833333333332,36.80490833333333,2023,2,Used/,,Self,IMG_7250,[],[]
970,IMG_8177,-1.3204527777777777,36.90539444444444,2023,2,Used/,,Self,IMG_8177,[],[]
971,IMG_7244,-1.2787555555555554,36.80394444444444,2023,2,Used/,,Self,IMG_7244,[],[]
972,IMG_8188,-1.3136138888888889,36.92278888888889,2023,2,Used/,,Self,IMG_8188,[],[]
973,IMG_7293,-1.2863555555555557,36.80475555555555,2023,2,Used/,,Self,IMG_7293,[],[]
974,IMG_7287,-1.2845166666666663,36.80583055555555,2023,2,Used/,,Self,IMG_7287,[],[]
975,IMG_6199,-1.2948194444444443,36.81411388888888,2023,2,Used/,,Self,IMG_6199,[],[]
976,IMG_7708,-1.3154666666666668,36.869225,2023,2,Used/,,Self,IMG_7708,[],[]
977,IMG_0701,-1.3219222222222222,36.71795277777778,2023,2,Used/,,Self,IMG_0701,[],[]
978,IMG_6370,-1.281711111111111,36.769927777777774,2023,2,Used/,,Self,IMG_6370,[],[]
979,IMG_0715,-1.3340222222222222,36.71714722222222,2023,2,Used/,,Self,IMG_0715,[],[]
980,IMG_8349,-1.2698388888888887,36.99456388888889,2023,2,Used/,,Self,IMG_8349,[],[]
981,IMG_6364,-1.2771777777777775,36.76493888888889,2023,2,Used/,,Self,IMG_6364,[],[]
982,IMG_7734,-1.3143,36.87106111111111,2023,2,Used/,,Self,IMG_7734,[0.30211150646209717],"[[3229.775634765625, 2350.66015625, 3604.042724609375, 2784.91259765625]]"
983,IMG_8407,-1.2774333333333332,37.02603055555556,2023,2,Used/,,Self,IMG_8407,[],[]
984,IMG_7052,-1.300636111111111,36.78818888888889,2023,2,Used/,,Self,IMG_7052,[],[]
985,IMG_8361,-1.2717138888888888,36.99764444444445,2023,2,Used/,,Self,IMG_8361,[],[]
986,IMG_0729,-1.337261111111111,36.72821388888889,2023,2,Used/,,Self,IMG_0729,[],[]
987,IMG_7046,-1.3143805555555557,36.79006111111111,2023,2,Used/,,Self,IMG_7046,[],[]
988,IMG_8375,-1.275536111111111,37.00573611111111,2023,2,Used/,,Self,IMG_8375,[],[]
989,IMG_6358,-1.2713194444444444,36.76804444444444,2023,2,Used/,,Self,IMG_6358,[],[]
990,IMG_7720,-1.3141111111111112,36.86969722222222,2023,2,Used/,,Self,IMG_7720,[0.6627267003059387],"[[2255.86865234375, 2356.9130859375, 3342.5751953125, 2820.36767578125]]"
991,IMG_8413,-1.2776805555555557,37.028927777777774,2023,2,Used/,,Self,IMG_8413,[],[]
992,IMG_0926,-1.295013888888889,36.79971666666666,2023,2,Used/,,Self,IMG_0926,[],[]
993,IMG_7091,-1.2993722222222222,36.79223333333333,2023,2,Used/,,Self,IMG_7091,[],[]
994,IMG_7085,-1.2994638888888888,36.79110277777777,2023,2,Used/,,Self,IMG_7085,[],[]
995,IMG_6382,-1.2926555555555554,36.77658888888889,2023,2,Used/,,Self,IMG_6382,[],[]
996,IMG_7088,-1.2993888888888887,36.79170277777778,2023,2,Used/,,Self,IMG_7088,[],[]
997,IMG_8393,-1.2768888888888887,37.02019166666667,2023,2,Used/,,Self,IMG_8393,[],[]
998,IMG_0917,-1.294286111111111,36.79683055555555,2023,2,Used/,,Self,IMG_0917,[],[]
999,IMG_8387,-1.2764277777777775,37.01523611111111,2023,2,Used/,,Self,IMG_8387,[],[]
1000,IMG_0903,-1.293522222222222,36.79326666666667,2023,2,Used/,,Self,IMG_0903,[],[]
1001,IMG_7739,-1.3144277777777778,36.871452777777776,2023,2,Used/,,Self,IMG_7739,[],[]
1002,IMG_6427,-1.3169694444444444,36.800755555555554,2023,2,Used/,,Self,IMG_6427,"[0.41707825660705566, 0.25540876388549805]","[[645.15625, 1566.6861572265625, 4023.388427734375, 2872.60791015625], [1266.82275390625, 290.67938232421875, 2518.46875, 1884.91845703125]]"
1003,IMG_6341,-1.2255555555555555,36.78951388888888,2023,2,Used/,,Self,IMG_6341,[],[]
1004,IMG_0730,-1.3373333333333333,36.72871388888889,2023,2,Used/,,Self,IMG_0730,[],[]
1005,IMG_6355,-1.2687944444444443,36.76914722222222,2023,2,Used/,,Self,IMG_6355,[],[]
1006,IMG_0724,-1.3368083333333332,36.72504722222222,2023,2,Used/,,Self,IMG_0724,[],[]
1007,IMG_8378,-1.275686111111111,37.007305555555554,2023,2,Used/,,Self,IMG_8378,[],[]
1008,IMG_6433,-1.3181444444444443,36.79146111111111,2023,2,Used/,,Self,IMG_6433,"[0.6715855002403259, 0.3525344431400299]","[[0.45238950848579407, 2113.00537109375, 2820.22607421875, 3019.073974609375], [3188.369873046875, 2037.5611572265625, 4032.0, 3024.0]]"
1009,IMG_8436,-1.2790277777777777,37.04271666666666,2023,2,Used/,,Self,IMG_8436,[0.3066679835319519],"[[2888.4697265625, 2301.246826171875, 4019.189208984375, 2560.72119140625]]"
1010,IMG_7705,-1.3159305555555556,36.869122222222224,2023,2,Used/,,Self,IMG_7705,[],[]
1011,IMG_8350,-1.2700777777777776,36.99496111111111,2023,2,Used/,,Self,IMG_8350,[],[]
1012,IMG_7063,-1.299611111111111,36.78824722222222,2023,2,Used/,,Self,IMG_7063,[],[]
1013,IMG_6369,-1.2814388888888888,36.76956388888889,2023,2,Used/,,Self,IMG_6369,[],[]
1014,IMG_0718,-1.3362833333333333,36.71981944444445,2023,2,Used/,,Self,IMG_0718,[],[]
1015,IMG_8344,-1.2686944444444443,36.99271388888889,2023,2,Used/,,Self,IMG_8344,[],[]
1016,IMG_7077,-1.2995138888888889,36.78981111111111,2023,2,Used/,,Self,IMG_7077,[],[]
1017,IMG_8422,-1.2781277777777778,37.03363888888889,2023,2,Used/,,Self,IMG_8422,[],[]
1018,IMG_7711,-1.3150305555555557,36.86939722222223,2023,2,Used/,,Self,IMG_7711,[],[]
1019,IMG_6180,-1.3296222222222225,36.85480555555556,2023,2,Used/,,Self,IMG_6180,[0.5247761607170105],"[[0.0, 2312.64013671875, 1925.8077392578125, 2824.96337890625]]"
1020,IMG_6194,-1.2994638888888888,36.820972222222224,2023,2,Used/,,Self,IMG_6194,[],[]
1021,IMG_8191,-1.312827777777778,36.92308611111111,2023,2,Used/,,Self,IMG_8191,[],[]
1022,IMG_8185,-1.3187638888888888,36.91344444444445,2023,2,Used/,,Self,IMG_8185,[],[]
1023,IMG_7249,-1.2784055555555556,36.804741666666665,2023,2,Used/,,Self,IMG_7249,[],[]
1024,IMG_6157,-1.3285888888888888,36.87954444444445,2023,2,Used/,,Self,IMG_6157,[],[]
1025,IMG_7261,-1.2783527777777777,36.80614444444444,2023,2,Used/,,Self,IMG_7261,[],[]
1026,IMG_8152,-1.3285416666666667,36.87979722222222,2023,2,Used/,,Self,IMG_8152,[],[]
1027,IMG_7507,-1.2458694444444445,36.81527222222222,2023,2,Used/,,Self,IMG_7507,[],[]
1028,IMG_8634,-1.2998527777777775,36.76589166666667,2023,2,Used/,,Self,IMG_8634,[],[]
1029,IMG_7513,-1.2379250000000002,36.8107,2023,2,Used/,,Self,IMG_7513,[],[]
1030,IMG_8620,-1.299561111111111,36.78963888888889,2023,2,Used/,,Self,IMG_8620,[],[]
1031,IMG_7275,-1.2816527777777778,36.80727222222222,2023,2,Used/,,Self,IMG_7275,[],[]
1032,IMG_8146,-1.3290444444444445,36.87629444444445,2023,2,Used/,,Self,IMG_8146,[],[]
1033,IMG_7498,-1.248133333333333,36.81625277777778,2023,2,Used/,,Self,IMG_7498,[],[]
1034,IMG_6976,-1.3537805555555555,36.74856388888889,2023,2,Used/,,Self,IMG_6976,[],[]
1035,IMG_6962,-1.3705944444444444,36.74410555555556,2023,2,Used/,,Self,IMG_6962,[],[]
1036,IMG_7329,-1.287372222222222,36.79868888888889,2023,2,Used/,,Self,IMG_7329,[],[]
1037,IMG_6989,-1.3524027777777778,36.75966666666667,2023,2,Used/,,Self,IMG_6989,[],[]
1038,IMG_7315,-1.2871777777777778,36.80137222222222,2023,2,Used/,,Self,IMG_7315,[],[]
1039,IMG_8026,-1.2976055555555557,36.795341666666666,2023,2,Used/,,Self,IMG_8026,[0.3819010555744171],"[[0.0, 2319.730224609375, 2724.31298828125, 3014.70068359375]]"
1040,IMG_7473,-1.2605472222222225,36.837563888888894,2023,2,Used/,,Self,IMG_7473,[],[]
1041,IMG_8740,-1.1073222222222223,36.23527777777778,2023,2,Used/,,Self,IMG_8740,[],[]
1042,IMG_7467,-1.2638972222222222,36.83736944444445,2023,2,Used/,,Self,IMG_7467,[],[]
1043,IMG_7301,-1.286636111111111,36.80386388888888,2023,2,Used/,,Self,IMG_7301,[],[]
1044,IMG_8032,-1.2973888888888887,36.79660833333333,2023,2,Used/,,Self,IMG_8032,[],[]
1045,IMG_6590,-1.2951416666666666,36.80028611111111,2023,2,Used/,,Self,IMG_6590,[],[]
1046,IMG_7856,-1.3133972222222223,36.87140277777778,2023,2,Used/,,Self,IMG_7856,[],[]
1047,IMG_0687,-1.312827777777778,36.72262222222223,2023,2,Used/,,Self,IMG_0687,[],[]
1048,IMG_0693,-1.316158333333333,36.71886111111111,2023,2,Used/,,Self,IMG_0693,[],[]
1049,IMG_6584,-1.2948916666666666,36.79901388888889,2023,2,Used/,,Self,IMG_6584,[],[]
1050,IMG_7842,-1.312827777777778,36.87006944444445,2023,2,Used/,,Self,IMG_7842,"[0.8507993817329407, 0.6767319440841675, 0.5404623746871948]","[[2592.323486328125, 1760.0242919921875, 4032.0, 2654.734375], [7.86307954788208, 1646.4498291015625, 2032.9957275390625, 2997.20361328125], [24.009904861450195, 2169.498291015625, 2020.60107421875, 3007.198974609375]]"
1051,IMG_0863,-1.3403944444444444,36.770375,2023,2,Used/,,Self,IMG_0863,[],[]
1052,IMG_6553,-1.2978666666666665,36.78996388888888,2023,2,Used/,,Self,IMG_6553,[],[]
1053,IMG_8218,-1.290447222222222,36.94735,2023,2,Used/,,Self,IMG_8218,[0.3610384166240692],"[[0.0, 1853.3961181640625, 1914.7506103515625, 3016.826904296875]]"
1054,IMG_0644,-1.3003805555555557,36.77246111111111,2023,2,Used/,,Self,IMG_0644,[],[]
1055,IMG_6235,-1.277411111111111,36.82137777777778,2023,2,Used/,,Self,IMG_6235,[],[]
1056,IMG_0650,-1.29995,36.76597777777778,2023,2,Used/,,Self,IMG_0650,[],[]
1057,IMG_6221,-1.280997222222222,36.816538888888886,2023,2,Used/,,Self,IMG_6221,[],[]
1058,IMG_6547,-1.2979222222222222,36.78871111111111,2023,2,Used/,,Self,IMG_6547,[],[]
1059,IMG_7659,-1.3160361111111112,36.86210555555556,2023,2,Used/,,Self,IMG_7659,[],[]
1060,IMG_8542,-1.2662305555555555,36.98844722222222,2023,2,Used/,,Self,IMG_8542,[],[]
1061,IMG_7671,-1.3150194444444443,36.863125,2023,2,Used/,,Self,IMG_7671,[],[]
1062,IMG_8224,-1.29015,36.94827222222222,2023,2,Used/,,Self,IMG_8224,[],[]
1063,IMG_7117,-1.2990027777777775,36.79697777777778,2023,2,Used/,,Self,IMG_7117,[],[]
1064,IMG_0678,-1.3081805555555557,36.73058888888889,2023,2,Used/,,Self,IMG_0678,[],[]
1065,IMG_6209,-1.295147222222222,36.80054722222222,2023,2,Used/,,Self,IMG_6209,[],[]
1066,IMG_8230,-1.2885666666666666,36.95078333333333,2023,2,Used/,,Self,IMG_8230,[],[]
1067,IMG_7103,-1.2993,36.79398611111111,2023,2,Used/,,Self,IMG_7103,[],[]
1068,IMG_8556,-1.281311111111111,36.81566111111111,2023,2,Used/,,Self,IMG_8556,[],[]
1069,IMG_7665,-1.3155777777777775,36.86261666666667,2023,2,Used/,,Self,IMG_7665,[],[]
1070,IMG_7102,-1.2993027777777777,36.79388055555555,2023,2,Used/,,Self,IMG_7102,[0.2732463479042053],"[[481.21875, 1970.3675537109375, 1940.42626953125, 2368.14501953125]]"
1071,IMG_8231,-1.288411111111111,36.95101944444445,2023,2,Used/,,Self,IMG_8231,[],[]
1072,IMG_7664,-1.3157166666666666,36.86248888888889,2023,2,Used/,,Self,IMG_7664,[],[]
1073,IMG_8557,-1.2811305555555554,36.81604444444445,2023,2,Used/,,Self,IMG_8557,[],[]
1074,IMG_7670,-1.3150555555555556,36.86308888888889,2023,2,Used/,,Self,IMG_7670,[0.25834041833877563],"[[2442.447021484375, 1847.64599609375, 3276.065673828125, 2387.169677734375]]"
1075,IMG_8543,-1.2659138888888888,36.987944444444445,2023,2,Used/,,Self,IMG_8543,[],[]
1076,IMG_6208,-1.2950916666666663,36.800488888888886,2023,2,Used/,,Self,IMG_6208,[],[]
1077,IMG_0679,-1.3088083333333334,36.72783611111111,2023,2,Used/,,Self,IMG_0679,[],[]
1078,IMG_7116,-1.299022222222222,36.79688611111111,2023,2,Used/,,Self,IMG_7116,[],[]
1079,IMG_8225,-1.2895333333333332,36.94923055555555,2023,2,Used/,,Self,IMG_8225,"[0.48240432143211365, 0.2850903272628784, 0.2808920443058014, 0.27312034368515015, 0.27140289545059204, 0.25757187604904175]","[[0.0, 2672.637939453125, 2001.160888671875, 3019.85791015625], [388.9464416503906, 2628.763427734375, 3144.019775390625, 2878.970703125], [979.976806640625, 2572.883056640625, 3632.754150390625, 2790.30224609375], [1705.5, 2526.842529296875, 4032.0, 2714.68798828125], [21.205013275146484, 2669.066650390625, 2827.51611328125, 2914.156005859375], [1998.5418701171875, 2496.572509765625, 4024.2744140625, 2695.07568359375]]"
1080,IMG_6220,-1.2813583333333334,36.81573888888889,2023,2,Used/,,Self,IMG_6220,[],[]
1081,IMG_0651,-1.299688888888889,36.76494722222222,2023,2,Used/,,Self,IMG_0651,[],[]
1082,IMG_7658,-1.3161027777777778,36.862033333333336,2023,2,Used/,,Self,IMG_7658,[],[]
1083,IMG_6546,-1.2979222222222222,36.78861111111111,2023,2,Used/,,Self,IMG_6546,[],[]
1084,IMG_6552,-1.2978777777777777,36.78971388888889,2023,2,Used/,,Self,IMG_6552,[],[]
1085,IMG_6234,-1.2776999999999998,36.821088888888895,2023,2,Used/,,Self,IMG_6234,[],[]
1086,IMG_0645,-1.3004361111111111,36.771225,2023,2,Used/,,Self,IMG_0645,[],[]
1087,IMG_8219,-1.2904805555555554,36.947402777777775,2023,2,Used/,,Self,IMG_8219,[],[]
1088,IMG_0876,-1.3118305555555556,36.80605277777777,2023,2,Used/,,Self,IMG_0876,[],[]
1089,IMG_0862,-1.3408916666666666,36.76969166666667,2023,2,Used/,,Self,IMG_0862,[],[]
1090,IMG_0692,-1.3158694444444443,36.71896666666667,2023,2,Used/,,Self,IMG_0692,[],[]
1091,IMG_7843,-1.312825,36.870063888888886,2023,2,Used/,,Self,IMG_7843,[0.8081451654434204],"[[8.352959632873535, 2080.053955078125, 1563.2578125, 3015.800048828125]]"
1092,IMG_6585,-1.2948388888888889,36.798877777777776,2023,2,Used/,,Self,IMG_6585,[0.5150249004364014],"[[1005.4929809570312, 2240.856201171875, 1526.77099609375, 2648.50732421875]]"
1093,IMG_7857,-1.3133722222222222,36.87142222222222,2023,2,Used/,,Self,IMG_7857,[],[]
1094,IMG_6591,-1.2950888888888887,36.8003,2023,2,Used/,,Self,IMG_6591,[],[]
1095,IMG_0686,-1.3119972222222225,36.723480555555554,2023,2,Used/,,Self,IMG_0686,[],[]
1096,IMG_7466,-1.2641555555555557,36.83703611111111,2023,2,Used/,,Self,IMG_7466,[],[]
1097,IMG_8033,-1.2973555555555554,36.79673888888889,2023,2,Used/,,Self,IMG_8033,[],[]
1098,IMG_7300,-1.2865194444444443,36.80397222222222,2023,2,Used/,,Self,IMG_7300,[],[]
1099,IMG_8027,-1.2976027777777777,36.795538888888885,2023,2,Used/,,Self,IMG_8027,"[0.4989830255508423, 0.28521308302879333]","[[843.3145141601562, 2176.056884765625, 2695.16748046875, 2483.157958984375], [1157.0126953125, 2162.47998046875, 3122.66357421875, 2488.784912109375]]"
1100,IMG_7314,-1.287236111111111,36.80157777777777,2023,2,Used/,,Self,IMG_7314,[],[]
1101,IMG_8741,-1.1048583333333335,36.21118055555556,2023,2,Used/,,Self,IMG_8741,[],[]
1102,IMG_7472,-1.2605944444444444,36.83763888888889,2023,2,Used/,,Self,IMG_7472,[],[]
1103,IMG_7328,-1.2871333333333332,36.79876111111111,2023,2,Used/,,Self,IMG_7328,[],[]
1104,IMG_6988,-1.3524194444444446,36.759475,2023,2,Used/,,Self,IMG_6988,[],[]
1105,IMG_6963,-1.3663055555555557,36.74359166666667,2023,2,Used/,,Self,IMG_6963,[],[]
1106,IMG_6977,-1.3537611111111112,36.74864166666666,2023,2,Used/,,Self,IMG_6977,[],[]
1107,IMG_7499,-1.247661111111111,36.81596944444444,2023,2,Used/,,Self,IMG_7499,[],[]
1108,IMG_8621,-1.2996555555555551,36.78816944444444,2023,2,Used/,,Self,IMG_8621,[],[]
1109,IMG_7512,-1.238013888888889,36.810672222222216,2023,2,Used/,,Self,IMG_7512,[],[]
1110,IMG_8147,-1.3290111111111111,36.87670833333333,2023,2,Used/,,Self,IMG_8147,[],[]
1111,IMG_7274,-1.2813861111111111,36.80725555555555,2023,2,Used/,,Self,IMG_7274,[],[]
1112,IMG_8153,-1.3284527777777777,36.88048611111111,2023,2,Used/,,Self,IMG_8153,[],[]
1113,IMG_7260,-1.278,36.806063888888886,2023,2,Used/,,Self,IMG_7260,[],[]
1114,IMG_8635,-1.2996638888888887,36.765075,2023,2,Used/,,Self,IMG_8635,[],[]
1115,IMG_7506,-1.2459416666666667,36.81529722222222,2023,2,Used/,,Self,IMG_7506,[],[]
1116,IMG_6156,-1.3288111111111112,36.87801388888889,2023,2,Used/,,Self,IMG_6156,[],[]
1117,IMG_7248,-1.2785194444444443,36.80457222222222,2023,2,Used/,,Self,IMG_7248,[],[]
1118,IMG_8184,-1.3185694444444445,36.91225833333333,2023,2,Used/,,Self,IMG_8184,[],[]
1119,IMG_8190,-1.3132722222222222,36.92301111111111,2023,2,Used/,,Self,IMG_8190,[],[]
1120,IMG_6195,-1.2994416666666666,36.82087777777778,2023,2,Used/,,Self,IMG_6195,[0.3049565851688385],"[[1016.1574096679688, 2837.689208984375, 2141.32421875, 3021.152587890625]]"
1121,IMG_6181,-1.3101888888888888,36.82884166666667,2023,2,Used/,,Self,IMG_6181,[],[]
1122,IMG_7076,-1.2995277777777776,36.78969166666666,2023,2,Used/,,Self,IMG_7076,[],[]
1123,IMG_8345,-1.268913888888889,36.99308055555556,2023,2,Used/,,Self,IMG_8345,[],[]
1124,IMG_0719,-1.336311111111111,36.720263888888894,2023,2,Used/,,Self,IMG_0719,[],[]
1125,IMG_6368,-1.281383333333333,36.76958055555556,2023,2,Used/,,Self,IMG_6368,[],[]
1126,IMG_7710,-1.3151472222222222,36.86933888888889,2023,2,Used/,,Self,IMG_7710,[],[]
1127,IMG_8423,-1.2781722222222225,37.0341,2023,2,Used/,,Self,IMG_8423,[],[]
1128,IMG_7704,-1.315975,36.86911111111111,2023,2,Used/,,Self,IMG_7704,[],[]
1129,IMG_8437,-1.2791472222222222,37.04378611111111,2023,2,Used/,,Self,IMG_8437,[],[]
1130,IMG_7062,-1.2995944444444445,36.788263888888885,2023,2,Used/,,Self,IMG_7062,[],[]
1131,IMG_8351,-1.270361111111111,36.99541388888889,2023,2,Used/,,Self,IMG_8351,[],[]
1132,IMG_8379,-1.2758055555555554,37.0085,2023,2,Used/,,Self,IMG_8379,[],[]
1133,IMG_0725,-1.3368694444444444,36.725525000000005,2023,2,Used/,,Self,IMG_0725,[],[]
1134,IMG_6354,-1.268561111111111,36.76916944444445,2023,2,Used/,,Self,IMG_6354,[],[]
1135,IMG_6432,-1.3186083333333334,36.79396944444444,2023,2,Used/,,Self,IMG_6432,[0.32465094327926636],"[[648.1036376953125, 1757.645263671875, 1948.0809326171875, 2125.792236328125]]"
1136,IMG_6426,-1.3208305555555555,36.80060555555556,2023,2,Used/,,Self,IMG_6426,"[0.47813117504119873, 0.39315521717071533]","[[968.5995483398438, 1430.6502685546875, 4023.701416015625, 2623.235107421875], [1546.9598388671875, 49.81167984008789, 2748.72021484375, 1564.91796875]]"
1137,IMG_7738,-1.3143861111111113,36.87137222222222,2023,2,Used/,,Self,IMG_7738,[],[]
1138,IMG_0731,-1.337397222222222,36.72922777777778,2023,2,Used/,,Self,IMG_0731,[],[]
1139,IMG_6340,-1.225538888888889,36.79026944444444,2023,2,Used/,,Self,IMG_6340,[],[]
1140,IMG_0902,-1.2934194444444442,36.793052777777774,2023,2,Used/,,Self,IMG_0902,[],[]
1141,IMG_8386,-1.276361111111111,37.014525,2023,2,Used/,,Self,IMG_8386,[0.36668872833251953],"[[1458.5799560546875, 2735.290283203125, 2681.9326171875, 3022.305908203125]]"
1142,IMG_0916,-1.2942166666666666,36.796594444444445,2023,2,Used/,,Self,IMG_0916,[],[]
1143,IMG_8392,-1.2767805555555556,37.01900555555555,2023,2,Used/,,Self,IMG_8392,[],[]
1144,IMG_7089,-1.2993833333333331,36.79191111111111,2023,2,Used/,,Self,IMG_7089,[],[]
1145,IMG_6383,-1.2953888888888887,36.78398611111111,2023,2,Used/,,Self,IMG_6383,[],[]
1146,IMG_6381,-1.2926749999999998,36.776516666666666,2023,2,Used/,,Self,IMG_6381,[],[]
1147,IMG_8384,-1.276161111111111,37.01250555555556,2023,2,Used/,,Self,IMG_8384,[],[]
1148,IMG_0900,-1.2932888888888887,36.79230833333333,2023,2,Used/,,Self,IMG_0900,[],[]
1149,IMG_8390,-1.2765805555555554,37.016930555555554,2023,2,Used/,,Self,IMG_8390,[],[]
1150,IMG_0914,-1.2941194444444444,36.79610555555556,2023,2,Used/,,Self,IMG_0914,[],[]
1151,IMG_6430,-1.3186027777777778,36.793952777777776,2023,2,Used/,,Self,IMG_6430,"[0.5426275730133057, 0.2945382595062256, 0.2745833396911621]","[[43.95042037963867, 2508.162841796875, 4032.0, 3008.6474609375], [568.049072265625, 2036.5048828125, 3242.435791015625, 2383.970703125], [56.53849792480469, 1915.8787841796875, 4032.0, 2406.08447265625]]"
1152,IMG_6356,-1.2689583333333332,36.76903055555555,2023,2,Used/,,Self,IMG_6356,[],[]
1153,IMG_0727,-1.337011111111111,36.726480555555554,2023,2,Used/,,Self,IMG_0727,[],[]
1154,IMG_7048,-1.3118138888888888,36.79136944444444,2023,2,Used/,,Self,IMG_7048,[],[]
1155,IMG_6342,-1.225561111111111,36.78843055555556,2023,2,Used/,,Self,IMG_6342,[],[]
1156,IMG_0733,-1.3375777777777778,36.7304,2023,2,Used/,,Self,IMG_0733,[],[]
1157,IMG_8409,-1.277472222222222,37.0266,2023,2,Used/,,Self,IMG_8409,[0.46864768862724304],"[[1076.5845947265625, 2777.6591796875, 2279.59716796875, 3022.163330078125]]"
1158,IMG_7712,-1.3148861111111112,36.86943055555555,2023,2,Used/,,Self,IMG_7712,[],[]
1159,IMG_8421,-1.2780305555555556,37.032575,2023,2,Used/,,Self,IMG_8421,[],[]
1160,IMG_7074,-1.29955,36.78935277777778,2023,2,Used/,,Self,IMG_7074,[0.3244408369064331],"[[2162.218017578125, 1877.712158203125, 4025.903564453125, 2135.6083984375]]"
1161,IMG_8347,-1.2692388888888888,36.993633333333335,2023,2,Used/,,Self,IMG_8347,[],[]
1162,IMG_8353,-1.2705527777777776,36.995730555555554,2023,2,Used/,,Self,IMG_8353,[],[]
1163,IMG_7706,-1.3156277777777778,36.869194444444446,2023,2,Used/,,Self,IMG_7706,[],[]
1164,IMG_8435,-1.2789,37.04141944444444,2023,2,Used/,,Self,IMG_8435,[0.6512409448623657],"[[0.0, 2468.114013671875, 828.412841796875, 2694.4560546875]]"
1165,IMG_6197,-1.2940611111111109,36.81502777777777,2023,2,Used/,,Self,IMG_6197,[0.3196583092212677],"[[203.46337890625, 1987.656005859375, 4032.0, 3013.454345703125]]"
1166,IMG_7289,-1.2853138888888889,36.80514166666666,2023,2,Used/,,Self,IMG_7289,[],[]
1167,IMG_6183,-1.3100888888888889,36.828813888888895,2023,2,Used/,,Self,IMG_6183,[0.38456130027770996],"[[324.169677734375, 2567.305908203125, 2425.770263671875, 2851.823486328125]]"
1168,IMG_8186,-1.3187805555555556,36.91372777777778,2023,2,Used/,,Self,IMG_8186,[],[]
1169,IMG_8192,-1.3127222222222223,36.92312777777777,2023,2,Used/,,Self,IMG_8192,[],[]
1170,IMG_8179,-1.3194944444444443,36.90694722222222,2023,2,Used/,,Self,IMG_8179,[],[]
1171,IMG_6154,-1.3288666666666666,36.87763888888889,2023,2,Used/,,Self,IMG_6154,[],[]
1172,IMG_8145,-1.3292166666666667,36.87493611111111,2023,2,Used/,,Self,IMG_8145,[],[]
1173,IMG_7276,-1.2819027777777776,36.80727777777778,2023,2,Used/,,Self,IMG_7276,[],[]
1174,IMG_6168,-1.3387777777777776,36.92157222222222,2023,2,Used/,,Self,IMG_6168,[],[]
1175,IMG_8623,-1.299811111111111,36.78384722222222,2023,2,Used/,,Self,IMG_8623,[],[]
1176,IMG_7510,-1.2384611111111112,36.81036944444444,2023,2,Used/,,Self,IMG_7510,[],[]
1177,IMG_8637,-1.2992638888888888,36.76296944444445,2023,2,Used/,,Self,IMG_8637,[],[]
1178,IMG_7504,-1.2461722222222222,36.81539166666666,2023,2,Used/,,Self,IMG_7504,[],[]
1179,IMG_8151,-1.3286055555555556,36.87936111111111,2023,2,Used/,,Self,IMG_8151,[],[]
1180,IMG_7262,-1.278422222222222,36.80618333333333,2023,2,Used/,,Self,IMG_7262,[],[]
1181,IMG_6949,-1.3747694444444445,36.74618888888889,2023,2,Used/,,Self,IMG_6949,[],[]
1182,IMG_6961,-1.3706833333333333,36.744102777777776,2023,2,Used/,,Self,IMG_6961,[],[]
1183,IMG_6975,-1.3537750000000002,36.7485,2023,2,Used/,,Self,IMG_6975,[],[]
1184,IMG_7458,-1.2763694444444444,36.82272222222223,2023,2,Used/,,Self,IMG_7458,[],[]
1185,IMG_8031,-1.297411111111111,36.79656666666666,2023,2,Used/,,Self,IMG_8031,"[0.3096810281276703, 0.2973026633262634]","[[2573.9970703125, 2784.674560546875, 4012.63037109375, 3021.614990234375], [2429.178955078125, 2849.689453125, 3998.169921875, 3020.4306640625]]"
1186,IMG_7302,-1.2867555555555554,36.80374444444444,2023,2,Used/,,Self,IMG_7302,[],[]
1187,IMG_7464,-1.2656944444444445,36.83522777777778,2023,2,Used/,,Self,IMG_7464,[],[]
1188,IMG_8743,-1.097986111111111,36.141102777777775,2023,2,Used/,,Self,IMG_8743,[],[]
1189,IMG_7470,-1.2610472222222222,36.83836388888889,2023,2,Used/,,Self,IMG_7470,[],[]
1190,IMG_8025,-1.2976055555555557,36.795341666666666,2023,2,Used/,,Self,IMG_8025,[],[]
1191,IMG_7316,-1.2871305555555554,36.80114444444444,2023,2,Used/,,Self,IMG_7316,[],[]
1192,IMG_7699,-1.3161333333333334,36.868319444444445,2023,2,Used/,,Self,IMG_7699,[],[]
1193,IMG_6587,-1.294897222222222,36.79917222222222,2023,2,Used/,,Self,IMG_6587,[],[]
1194,IMG_7841,-1.3127,36.87007777777778,2023,2,Used/,,Self,IMG_7841,"[0.5297208428382874, 0.33847397565841675]","[[136.66162109375, 1860.2421875, 4032.0, 2924.11083984375], [9.19313907623291, 1652.0010986328125, 3461.446044921875, 2989.172119140625]]"
1195,IMG_0848,-1.3805444444444446,36.77035833333333,2023,2,Used/,,Self,IMG_0848,[],[]
1196,IMG_0690,-1.3146944444444444,36.72027222222222,2023,2,Used/,,Self,IMG_0690,[],[]
1197,IMG_0684,-1.3106472222222223,36.72501111111112,2023,2,Used/,,Self,IMG_0684,[],[]
1198,IMG_6593,-1.2950416666666666,36.80044166666666,2023,2,Used/,,Self,IMG_6593,[],[]
1199,IMG_7855,-1.3134305555555557,36.87139444444445,2023,2,Used/,,Self,IMG_7855,[],[]
1200,IMG_0874,-1.3147805555555556,36.80941111111111,2023,2,Used/,,Self,IMG_0874,[],[]
1201,IMG_0860,-1.3437805555555555,36.76633888888889,2023,2,Used/,,Self,IMG_0860,[],[]
1202,IMG_7869,-1.313325,36.87177222222222,2023,2,Used/,,Self,IMG_7869,[0.33344173431396484],"[[2.1196746826171875, 3698.61865234375, 2241.12255859375, 4032.0]]"
1203,IMG_6544,-1.297947222222222,36.78839166666666,2023,2,Used/,,Self,IMG_6544,[],[]
1204,IMG_0653,-1.2991083333333333,36.762077777777776,2023,2,Used/,,Self,IMG_0653,[],[]
1205,IMG_6222,-1.280861111111111,36.816833333333335,2023,2,Used/,,Self,IMG_6222,[],[]
1206,IMG_7128,-1.2970583333333332,36.80261944444444,2023,2,Used/,,Self,IMG_7128,[],[]
1207,IMG_0647,-1.3005111111111112,36.76968333333333,2023,2,Used/,,Self,IMG_0647,[],[]
1208,IMG_6236,-1.277372222222222,36.82141111111112,2023,2,Used/,,Self,IMG_6236,[],[]
1209,IMG_6550,-1.2979083333333332,36.78906944444444,2023,2,Used/,,Self,IMG_6550,[0.2636941969394684],"[[206.3057403564453, 2564.260498046875, 936.1959838867188, 2871.31396484375]]"
1210,IMG_6578,-1.2939527777777775,36.79514722222222,2023,2,Used/,,Self,IMG_6578,[],[]
1211,IMG_7666,-1.3155527777777778,36.86264722222222,2023,2,Used/,,Self,IMG_7666,[],[]
1212,IMG_8555,-1.2814333333333332,36.81540555555555,2023,2,Used/,,Self,IMG_8555,[],[]
1213,IMG_7100,-1.299311111111111,36.793680555555554,2023,2,Used/,,Self,IMG_7100,[],[]
1214,IMG_8233,-1.288025,36.95163333333333,2023,2,Used/,,Self,IMG_8233,[],[]
1215,IMG_7114,-1.2991499999999998,36.79626944444444,2023,2,Used/,,Self,IMG_7114,[],[]
1216,IMG_8227,-1.289097222222222,36.949930555555554,2023,2,Used/,,Self,IMG_8227,[],[]
1217,IMG_7672,-1.314952777777778,36.86317777777778,2023,2,Used/,,Self,IMG_7672,[],[]
1218,IMG_8541,-1.2664861111111112,36.98893611111111,2023,2,Used/,,Self,IMG_8541,[],[]
1219,IMG_8226,-1.2894638888888887,36.94933888888889,2023,2,Used/,,Self,IMG_8226,[0.3589385151863098],"[[529.2320556640625, 2527.119384765625, 1768.0423583984375, 2785.90234375]]"
1220,IMG_7115,-1.2990777777777776,36.79660833333333,2023,2,Used/,,Self,IMG_7115,[],[]
1221,IMG_8540,-1.2667722222222222,36.98941111111111,2023,2,Used/,,Self,IMG_8540,[],[]
1222,IMG_7673,-1.3147916666666668,36.86327777777778,2023,2,Used/,,Self,IMG_7673,[],[]
1223,IMG_8554,-1.2817444444444444,36.81472222222222,2023,2,Used/,,Self,IMG_8554,[],[]
1224,IMG_7667,-1.3153805555555556,36.86281111111112,2023,2,Used/,,Self,IMG_7667,[],[]
1225,IMG_6579,-1.2939027777777776,36.795475,2023,2,Used/,,Self,IMG_6579,[],[]
1226,IMG_8232,-1.2882527777777777,36.95126666666667,2023,2,Used/,,Self,IMG_8232,[],[]
1227,IMG_7101,-1.2993083333333333,36.79378055555556,2023,2,Used/,,Self,IMG_7101,[0.49510711431503296],"[[2186.39208984375, 2031.471923828125, 2620.25, 2233.6787109375]]"
1228,IMG_6237,-1.2771777777777775,36.821622222222224,2023,2,Used/,,Self,IMG_6237,[],[]
1229,IMG_0646,-1.300475,36.77047777777778,2023,2,Used/,,Self,IMG_0646,[],[]
1230,IMG_7129,-1.2969055555555555,36.80260555555555,2023,2,Used/,,Self,IMG_7129,[],[]
1231,IMG_6551,-1.297897222222222,36.789325,2023,2,Used/,,Self,IMG_6551,[],[]
1232,IMG_6545,-1.2979444444444443,36.78844444444445,2023,2,Used/,,Self,IMG_6545,[],[]
1233,IMG_6223,-1.2807722222222222,36.81697777777778,2023,2,Used/,,Self,IMG_6223,[],[]
1234,IMG_0652,-1.2993805555555555,36.763466666666666,2023,2,Used/,,Self,IMG_0652,[],[]
1235,IMG_0861,-1.3422527777777775,36.76733888888889,2023,2,Used/,,Self,IMG_0861,[],[]
1236,IMG_7868,-1.3133194444444445,36.87177222222222,2023,2,Used/,,Self,IMG_7868,[0.4268892705440521],"[[0.0, 3570.50341796875, 2238.0322265625, 4032.0]]"
1237,IMG_0875,-1.3120444444444446,36.80618333333333,2023,2,Used/,,Self,IMG_0875,[0.31522005796432495],"[[15.502559661865234, 2745.836181640625, 897.019287109375, 2968.77880859375]]"
1238,IMG_0685,-1.311588888888889,36.7239,2023,2,Used/,,Self,IMG_0685,[],[]
1239,IMG_7854,-1.3130861111111112,36.87151111111111,2023,2,Used/,,Self,IMG_7854,[],[]
1240,IMG_6592,-1.2950722222222222,36.800330555555554,2023,2,Used/,,Self,IMG_6592,[],[]
1241,IMG_7840,-1.3127,36.870075,2023,2,Used/,,Self,IMG_7840,[0.44877853989601135],"[[58.36343765258789, 815.2199096679688, 3974.570068359375, 2027.597900390625]]"
1242,IMG_6586,-1.2948527777777776,36.798922222222224,2023,2,Used/,,Self,IMG_6586,[],[]
1243,IMG_7698,-1.3160972222222225,36.86807777777778,2023,2,Used/,,Self,IMG_7698,[],[]
1244,IMG_0691,-1.3155305555555556,36.71932777777778,2023,2,Used/,,Self,IMG_0691,[],[]
1245,IMG_0849,-1.380386111111111,36.77030277777778,2023,2,Used/,,Self,IMG_0849,[],[]
1246,IMG_7471,-1.2609805555555555,36.83825555555556,2023,2,Used/,,Self,IMG_7471,[],[]
1247,IMG_8742,-1.097986111111111,36.141102777777775,2023,2,Used/,,Self,IMG_8742,[],[]
1248,IMG_7317,-1.2870916666666663,36.800955555555554,2023,2,Used/,,Self,IMG_7317,[],[]
1249,IMG_7303,-1.2869,36.80363611111111,2023,2,Used/,,Self,IMG_7303,[],[]
1250,IMG_8030,-1.297561111111111,36.79597222222222,2023,2,Used/,,Self,IMG_8030,[0.2708157002925873],"[[561.6149291992188, 2856.780029296875, 2146.552978515625, 3021.37353515625]]"
1251,IMG_7465,-1.2656083333333332,36.8353,2023,2,Used/,,Self,IMG_7465,[],[]
1252,IMG_7459,-1.267236111111111,36.83397777777778,2023,2,Used/,,Self,IMG_7459,[],[]
1253,IMG_6974,-1.3534333333333337,36.74834444444445,2023,2,Used/,,Self,IMG_6974,[0.39954522252082825],"[[7.290719509124756, 2137.840576171875, 2239.259521484375, 2890.997314453125]]"
1254,IMG_6960,-1.370761111111111,36.74410555555556,2023,2,Used/,,Self,IMG_6960,[],[]
1255,IMG_6948,-1.3748194444444444,36.74619722222222,2023,2,Used/,,Self,IMG_6948,[],[]
1256,IMG_7505,-1.246033333333333,36.81533888888889,2023,2,Used/,,Self,IMG_7505,[],[]
1257,IMG_8636,-1.299511111111111,36.76423333333334,2023,2,Used/,,Self,IMG_8636,[],[]
1258,IMG_7263,-1.2784916666666666,36.80621666666666,2023,2,Used/,,Self,IMG_7263,[],[]
1259,IMG_8150,-1.3286722222222225,36.87898333333333,2023,2,Used/,,Self,IMG_8150,[],[]
1260,IMG_6169,-1.338411111111111,36.92206111111111,2023,2,Used/,,Self,IMG_6169,[0.5989259481430054],"[[62.43705749511719, 2211.7412109375, 4001.82958984375, 3023.729248046875]]"
1261,IMG_7277,-1.2821527777777777,36.80727777777778,2023,2,Used/,,Self,IMG_7277,[],[]
1262,IMG_8144,-1.3293305555555557,36.87412222222223,2023,2,Used/,,Self,IMG_8144,[0.2652253806591034],"[[841.2283935546875, 1845.553466796875, 2896.86669921875, 2431.400390625]]"
1263,IMG_8622,-1.2996777777777777,36.78737777777778,2023,2,Used/,,Self,IMG_8622,[],[]
1264,IMG_6155,-1.3288666666666666,36.87763888888889,2023,2,Used/,,Self,IMG_6155,[],[]
1265,IMG_8178,-1.32005,36.90601111111111,2023,2,Used/,,Self,IMG_8178,[],[]
1266,IMG_8193,-1.3110027777777775,36.92798888888888,2023,2,Used/,,Self,IMG_8193,[],[]
1267,IMG_8187,-1.3139472222222222,36.92258888888889,2023,2,Used/,,Self,IMG_8187,[],[]
1268,IMG_6182,-1.310186111111111,36.82884166666667,2023,2,Used/,,Self,IMG_6182,[0.38239699602127075],"[[158.51898193359375, 2039.4749755859375, 4032.0, 2648.227783203125]]"
1269,IMG_7288,-1.284822222222222,36.80553055555555,2023,2,Used/,,Self,IMG_7288,[],[]
1270,IMG_6196,-1.296836111111111,36.81860555555556,2023,2,Used/,,Self,IMG_6196,[],[]
1271,IMG_8352,-1.2704527777777777,36.99556111111112,2023,2,Used/,,Self,IMG_8352,[],[]
1272,IMG_7061,-1.2995138888888889,36.78847777777778,2023,2,Used/,,Self,IMG_7061,[],[]
1273,IMG_8434,-1.278836111111111,37.04085555555555,2023,2,Used/,,Self,IMG_8434,[],[]
1274,IMG_7707,-1.3155527777777778,36.86921666666667,2023,2,Used/,,Self,IMG_7707,[],[]
1275,IMG_8420,-1.2779361111111112,37.03154722222222,2023,2,Used/,,Self,IMG_8420,[],[]
1276,IMG_7713,-1.3145777777777778,36.86955555555556,2023,2,Used/,,Self,IMG_7713,[],[]
1277,IMG_8346,-1.2691861111111111,36.99352777777778,2023,2,Used/,,Self,IMG_8346,[],[]
1278,IMG_7075,-1.2995305555555554,36.78957222222222,2023,2,Used/,,Self,IMG_7075,[],[]
1279,IMG_0732,-1.3374888888888887,36.72982777777778,2023,2,Used/,,Self,IMG_0732,[],[]
1280,IMG_6343,-1.225563888888889,36.78830555555555,2023,2,Used/,,Self,IMG_6343,[],[]
1281,IMG_8408,-1.2774388888888888,37.02626388888888,2023,2,Used/,,Self,IMG_8408,[],[]
1282,IMG_6431,-1.3186055555555556,36.79396944444444,2023,2,Used/,,Self,IMG_6431,[],[]
1283,IMG_7049,-1.3117416666666668,36.79134444444444,2023,2,Used/,,Self,IMG_7049,[],[]
1284,IMG_0726,-1.336938888888889,36.72603611111112,2023,2,Used/,,Self,IMG_0726,[],[]
1285,IMG_6357,-1.2713194444444444,36.76804444444444,2023,2,Used/,,Self,IMG_6357,[],[]
1286,IMG_0915,-1.2941916666666666,36.79636388888888,2023,2,Used/,,Self,IMG_0915,[],[]
1287,IMG_8391,-1.2766555555555554,37.01775833333333,2023,2,Used/,,Self,IMG_8391,"[0.2881135940551758, 0.25194165110588074]","[[1819.1595458984375, 2828.06396484375, 4002.5078125, 3019.931640625], [6.904659748077393, 2879.493896484375, 1419.377197265625, 3020.157470703125]]"
1288,IMG_0901,-1.293336111111111,36.79251388888888,2023,2,Used/,,Self,IMG_0901,[],[]
1289,IMG_8385,-1.2762361111111111,37.01322222222223,2023,2,Used/,,Self,IMG_8385,[],[]
1290,IMG_6380,-1.2927138888888887,36.77519722222222,2023,2,Used/,,Self,IMG_6380,[0.3916517496109009],"[[0.0, 2441.750244140625, 2909.22412109375, 3010.50732421875]]"
1291,IMG_8381,-1.2759944444444444,37.010577777777776,2023,2,Used/,,Self,IMG_8381,"[0.3575173616409302, 0.3127671480178833]","[[1166.8092041015625, 2279.10498046875, 1828.6197509765625, 2450.456787109375], [2978.80712890625, 2467.48876953125, 3985.070556640625, 2698.687744140625]]"
1292,IMG_0905,-1.2935138888888889,36.79345277777777,2023,2,Used/,,Self,IMG_0905,[],[]
1293,IMG_8395,-1.277013888888889,37.02160277777778,2023,2,Used/,,Self,IMG_8395,[0.2985747456550598],"[[1896.0869140625, 2141.15478515625, 2414.90478515625, 2341.498046875]]"
1294,IMG_0911,-1.293972222222222,36.795497222222224,2023,2,Used/,,Self,IMG_0911,[],[]
1295,IMG_6390,-1.296486111111111,36.79431388888889,2023,2,Used/,,Self,IMG_6390,[],[]
1296,IMG_6384,-1.2953472222222222,36.78398611111111,2023,2,Used/,,Self,IMG_6384,[],[]
1297,IMG_7071,-1.2995472222222222,36.789119444444445,2023,2,Used/,,Self,IMG_7071,[],[]
1298,IMG_8342,-1.268222222222222,36.99191666666667,2023,2,Used/,,Self,IMG_8342,[],[]
1299,IMG_7717,-1.3142722222222225,36.86964444444445,2023,2,Used/,,Self,IMG_7717,[],[]
1300,IMG_8424,-1.2782194444444444,37.034619444444445,2023,2,Used/,,Self,IMG_8424,[],[]
1301,IMG_7703,-1.3159944444444445,36.86910555555556,2023,2,Used/,,Self,IMG_7703,[],[]
1302,IMG_8430,-1.2787583333333332,37.04015833333333,2023,2,Used/,,Self,IMG_8430,[],[]
1303,IMG_7065,-1.2996055555555557,36.78828611111111,2023,2,Used/,,Self,IMG_7065,[],[]
1304,IMG_8356,-1.270836111111111,36.99619722222222,2023,2,Used/,,Self,IMG_8356,[],[]
1305,IMG_6353,-1.2621583333333333,36.77413611111111,2023,2,Used/,,Self,IMG_6353,[],[]
1306,IMG_0722,-1.3364583333333333,36.72251944444445,2023,2,Used/,,Self,IMG_0722,[],[]
1307,IMG_8418,-1.2778138888888888,37.03032777777778,2023,2,Used/,,Self,IMG_8418,[],[]
1308,IMG_6435,-1.3156527777777778,36.79025277777777,2023,2,Used/,,Self,IMG_6435,[0.27324768900871277],"[[753.2827758789062, 2356.28076171875, 2347.001220703125, 2914.37890625]]"
1309,IMG_6347,-1.2502166666666668,36.77632777777778,2023,2,Used/,,Self,IMG_6347,[],[]
1310,IMG_7059,-1.2998638888888887,36.78818055555556,2023,2,Used/,,Self,IMG_7059,[0.3443479537963867],"[[2079.78662109375, 1943.029296875, 4007.2919921875, 2164.778076171875]]"
1311,IMG_0736,-1.3379305555555554,36.73295555555556,2023,2,Used/,,Self,IMG_0736,[],[]
1312,IMG_8183,-1.3184277777777778,36.91105555555556,2023,2,Used/,,Self,IMG_8183,[],[]
1313,IMG_8197,-1.3082972222222222,36.93248055555555,2023,2,Used/,,Self,IMG_8197,[],[]
1314,IMG_6192,-1.2996166666666666,36.82211111111111,2023,2,Used/,,Self,IMG_6192,[],[]
1315,IMG_6186,-1.3004777777777778,36.82421111111111,2023,2,Used/,,Self,IMG_6186,[],[]
1316,IMG_7298,-1.2864805555555554,36.804316666666665,2023,2,Used/,,Self,IMG_7298,[],[]
1317,IMG_8626,-1.3000972222222222,36.77860277777778,2023,2,Used/,,Self,IMG_8626,[],[]
1318,IMG_7515,-1.2377805555555557,36.81076944444444,2023,2,Used/,,Self,IMG_7515,[],[]
1319,IMG_8140,-1.3295777777777775,36.87228055555556,2023,2,Used/,,Self,IMG_8140,[],[]
1320,IMG_7273,-1.2811333333333332,36.80724444444444,2023,2,Used/,,Self,IMG_7273,[],[]
1321,IMG_8154,-1.3283833333333332,36.88120277777778,2023,2,Used/,,Self,IMG_8154,[],[]
1322,IMG_7267,-1.2793583333333334,36.80689722222222,2023,2,Used/,,Self,IMG_7267,[],[]
1323,IMG_6179,-1.3297777777777775,36.85509444444445,2023,2,Used/,,Self,IMG_6179,[0.5953859090805054],"[[0.0, 2346.26513671875, 1876.5947265625, 2814.311767578125]]"
1324,IMG_8632,-1.300138888888889,36.76727777777778,2023,2,Used/,,Self,IMG_8632,[],[]
1325,IMG_7501,-1.2466861111111112,36.815597222222216,2023,2,Used/,,Self,IMG_7501,[],[]
1326,IMG_6151,-1.3293777777777778,36.874375,2023,2,Used/,,Self,IMG_6151,[],[]
1327,IMG_8168,-1.3273305555555557,36.89420277777778,2023,2,Used/,,Self,IMG_8168,[],[]
1328,IMG_6964,-1.3659444444444446,36.74363055555556,2023,2,Used/,,Self,IMG_6964,[],[]
1329,IMG_6970,-1.3568250000000002,36.74666111111111,2023,2,Used/,,Self,IMG_6970,[],[]
1330,IMG_6958,-1.3714861111111112,36.74418611111111,2023,2,Used/,,Self,IMG_6958,[],[]
1331,IMG_7461,-1.2665694444444444,36.834408333333336,2023,2,Used/,,Self,IMG_7461,[],[]
1332,IMG_8034,-1.2972777777777778,36.79708888888889,2023,2,Used/,,Self,IMG_8034,[0.26593390107154846],"[[2868.25048828125, 2620.97607421875, 4032.0, 3022.20068359375]]"
1333,IMG_7307,-1.2875638888888887,36.80291111111111,2023,2,Used/,,Self,IMG_7307,[],[]
1334,IMG_7313,-1.2873,36.80181944444444,2023,2,Used/,,Self,IMG_7313,[],[]
1335,IMG_7475,-1.259747222222222,36.83630277777778,2023,2,Used/,,Self,IMG_7475,[],[]
1336,IMG_0871,-1.3127777777777778,36.815302777777774,2023,2,Used/,,Self,IMG_0871,[],[]
1337,IMG_7878,-1.3133777777777778,36.87139722222222,2023,2,Used/,,Self,IMG_7878,[],[]
1338,IScommercial,-1.3155777777777775,36.86261666666667,2023,2,Used/,,Self,IScommercial,[],[]
1339,IMG_0695,-1.3168305555555555,36.71879444444445,2023,2,Used/,,Self,IMG_0695,[],[]
1340,IMG_7844,-1.3128222222222223,36.87006944444445,2023,2,Used/,,Self,IMG_7844,[],[]
1341,IMG_6582,-1.2940944444444444,36.79584444444444,2023,2,Used/,,Self,IMG_6582,[],[]
1342,IMG_7688,-1.3159694444444443,36.86620277777778,2023,2,Used/,,Self,IMG_7688,[],[]
1343,IMG_7850,-1.3131694444444444,36.87131388888889,2023,2,Used/,,Self,IMG_7850,[0.47235333919525146],"[[2905.70556640625, 2088.833984375, 3735.48388671875, 2313.467529296875]]"
1344,IMG_0859,-1.346386111111111,36.76501944444444,2023,2,Used/,,Self,IMG_0859,[],[]
1345,IMG_0681,-1.3093833333333331,36.72719166666667,2023,2,Used/,,Self,IMG_0681,[],[]
1346,IMG_7105,-1.2993027777777777,36.79441944444444,2023,2,Used/,,Self,IMG_7105,[],[]
1347,IMG_8236,-1.287522222222222,36.95245555555556,2023,2,Used/,,Self,IMG_8236,[0.4043695628643036],"[[1470.0963134765625, 2242.837158203125, 4007.24267578125, 2832.147216796875]]"
1348,IMG_7663,-1.315763888888889,36.86244166666667,2023,2,Used/,,Self,IMG_7663,[],[]
1349,IMG_8550,-1.2824694444444444,36.81424722222222,2023,2,Used/,,Self,IMG_8550,[],[]
1350,IMG_6569,-1.296072222222222,36.79532222222222,2023,2,Used/,,Self,IMG_6569,[],[]
1351,IMG_7677,-1.3154527777777778,36.86435555555556,2023,2,Used/,,Self,IMG_7677,[],[]
1352,IMG_8544,-1.2636666666666667,36.98112777777778,2023,2,Used/,,Self,IMG_8544,[],[]
1353,IMG_7111,-1.299213888888889,36.795922222222224,2023,2,Used/,,Self,IMG_7111,[],[]
1354,IMG_8222,-1.2904027777777776,36.947827777777775,2023,2,Used/,,Self,IMG_8222,[],[]
1355,IMG_0656,-1.3061222222222222,36.7411,2023,2,Used/,,Self,IMG_0656,[],[]
1356,IMG_7139,-1.296361111111111,36.79534722222222,2023,2,Used/,,Self,IMG_7139,[],[]
1357,IMG_6227,-1.2796138888888888,36.81994166666667,2023,2,Used/,,Self,IMG_6227,[],[]
1358,IMG_6541,-1.297975,36.78811944444444,2023,2,Used/,,Self,IMG_6541,[],[]
1359,IMG_6555,-1.2977944444444445,36.79120277777778,2023,2,Used/,,Self,IMG_6555,[],[]
1360,IMG_0642,-1.300313888888889,36.77413055555555,2023,2,Used/,,Self,IMG_0642,[],[]
1361,IMG_6233,-1.2778138888888888,36.82091388888889,2023,2,Used/,,Self,IMG_6233,[],[]
1362,IMG_6554,-1.2978277777777776,36.79053888888889,2023,2,Used/,,Self,IMG_6554,[],[]
1363,IMG_6232,-1.277986111111111,36.82071388888889,2023,2,Used/,,Self,IMG_6232,[],[]
1364,IMG_0643,-1.3003333333333331,36.77340555555556,2023,2,Used/,,Self,IMG_0643,[],[]
1365,IMG_6226,-1.2799138888888888,36.81858055555556,2023,2,Used/,,Self,IMG_6226,[],[]
1366,IMG_0657,-1.306213888888889,36.74065,2023,2,Used/,,Self,IMG_0657,[],[]
1367,IMG_6540,-1.2980555555555555,36.788075,2023,2,Used/,,Self,IMG_6540,[0.43140509724617004],"[[8.423134803771973, 2015.2093505859375, 1745.38427734375, 2566.130126953125]]"
1368,IMG_8545,-1.2636666666666667,36.98112777777778,2023,2,Used/,,Self,IMG_8545,[],[]
1369,IMG_7676,-1.3154777777777775,36.86430555555555,2023,2,Used/,,Self,IMG_7676,[0.4565931558609009],"[[0.0, 1207.939697265625, 735.0581665039062, 1510.3984375]]"
1370,IMG_6568,-1.2967194444444443,36.79543333333333,2023,2,Used/,,Self,IMG_6568,[],[]
1371,IMG_8223,-1.2902833333333332,36.948025,2023,2,Used/,,Self,IMG_8223,[],[]
1372,IMG_7110,-1.299236111111111,36.795763888888885,2023,2,Used/,,Self,IMG_7110,[],[]
1373,IMG_8237,-1.2874472222222222,36.95257222222222,2023,2,Used/,,Self,IMG_8237,[0.46536824107170105],"[[256.8265075683594, 2227.4462890625, 4032.0, 2914.63623046875]]"
1374,IMG_7104,-1.2993027777777777,36.79420277777778,2023,2,Used/,,Self,IMG_7104,[],[]
1375,IMG_8551,-1.2821583333333333,36.814322222222216,2023,2,Used/,,Self,IMG_8551,[],[]
1376,IMG_7662,-1.315838888888889,36.86235,2023,2,Used/,,Self,IMG_7662,[],[]
1377,IMG_7851,-1.313125,36.87136111111111,2023,2,Used/,,Self,IMG_7851,[],[]
1378,IMG_7689,-1.3159833333333333,36.86629444444445,2023,2,Used/,,Self,IMG_7689,[],[]
1379,IMG_0680,-1.3089555555555556,36.72767222222223,2023,2,Used/,,Self,IMG_0680,[],[]
1380,IMG_0858,-1.3584027777777778,36.76255,2023,2,Used/,,Self,IMG_0858,[],[]
1381,IMG_0694,-1.316438888888889,36.71885277777778,2023,2,Used/,,Self,IMG_0694,[],[]
1382,IMG_6583,-1.294097222222222,36.79586944444444,2023,2,Used/,,Self,IMG_6583,[],[]
1383,IMG_7845,-1.3128388888888889,36.870152777777776,2023,2,Used/,,Self,IMG_7845,"[0.5582128167152405, 0.5241963267326355, 0.4553043246269226]","[[2518.292236328125, 670.6655883789062, 3005.870849609375, 871.8671264648438], [149.60153198242188, 1057.885986328125, 4032.0, 3024.0], [422.73828125, 1083.2322998046875, 4001.54296875, 2371.35302734375]]"
1384,IMG_0864,-1.3398,36.77118611111111,2023,2,Used/,,Self,IMG_0864,[],[]
1385,IMG_0870,-1.3136611111111112,36.81527222222222,2023,2,Used/,,Self,IMG_0870,[],[]
1386,IMG_7312,-1.2873472222222222,36.80204722222222,2023,2,Used/,,Self,IMG_7312,[],[]
1387,IMG_7474,-1.260238888888889,36.83707777777778,2023,2,Used/,,Self,IMG_7474,[],[]
1388,IMG_7460,-1.2671305555555554,36.83401944444444,2023,2,Used/,,Self,IMG_7460,[],[]
1389,IMG_7306,-1.2875527777777778,36.80308611111111,2023,2,Used/,,Self,IMG_7306,[],[]
1390,IMG_8035,-1.297197222222222,36.79741944444445,2023,2,Used/,,Self,IMG_8035,[],[]
1391,IMG_6959,-1.3714444444444445,36.74415555555556,2023,2,Used/,,Self,IMG_6959,[],[]
1392,IMG_6971,-1.3567805555555557,36.74666666666667,2023,2,Used/,,Self,IMG_6971,[0.26248812675476074],"[[15.226088523864746, 2541.705322265625, 1319.2352294921875, 3022.78564453125]]"
1393,IMG_6965,-1.3644861111111113,36.74579722222222,2023,2,Used/,,Self,IMG_6965,[],[]
1394,river2,-1.3121027777777778,36.87036111111111,2023,2,Used/,,Self,river2,"[0.6759361028671265, 0.6617048978805542, 0.378874272108078]","[[5.690148830413818, 1417.8419189453125, 2076.3232421875, 3024.0], [2190.06396484375, 1730.1224365234375, 3331.900146484375, 2539.0732421875], [0.9509215950965881, 2078.10693359375, 2043.1710205078125, 2999.577392578125]]"
1395,IMG_8169,-1.326922222222222,36.89486111111111,2023,2,Used/,,Self,IMG_8169,[],[]
1396,IMG_6150,-1.3294388888888888,36.87395277777778,2023,2,Used/,,Self,IMG_6150,[],[]
1397,IMG_6178,-1.3298555555555556,36.85524722222223,2023,2,Used/,,Self,IMG_6178,[0.3819235861301422],"[[0.0, 2580.595947265625, 511.6175537109375, 2771.36083984375]]"
1398,IMG_7266,-1.2791027777777777,36.80670555555555,2023,2,Used/,,Self,IMG_7266,[],[]
1399,IMG_8155,-1.328447222222222,36.883377777777774,2023,2,Used/,,Self,IMG_8155,[],[]
1400,IMG_7500,-1.2476277777777778,36.815952777777774,2023,2,Used/,,Self,IMG_7500,[],[]
1401,IMG_8633,-1.300013888888889,36.76679166666666,2023,2,Used/,,Self,IMG_8633,[],[]
1402,IMG_7514,-1.2378833333333334,36.81071388888888,2023,2,Used/,,Self,IMG_7514,[],[]
1403,IMG_8627,-1.3001166666666668,36.77807222222222,2023,2,Used/,,Self,IMG_8627,[],[]
1404,IMG_7272,-1.2804083333333334,36.80721666666666,2023,2,Used/,,Self,IMG_7272,[],[]
1405,IMG_8141,-1.3294805555555556,36.87306111111111,2023,2,Used/,,Self,IMG_8141,[],[]
1406,IMG_7299,-1.286411111111111,36.80418888888889,2023,2,Used/,,Self,IMG_7299,[],[]
1407,IMG_6187,-1.2998777777777777,36.82350555555556,2023,2,Used/,,Self,IMG_6187,[],[]
1408,IMG_6193,-1.299522222222222,36.82157777777778,2023,2,Used/,,Self,IMG_6193,[],[]
1409,IMG_8196,-1.3085916666666668,36.93223611111111,2023,2,Used/,,Self,IMG_8196,[],[]
1410,IMG_8182,-1.3184111111111112,36.91051111111111,2023,2,Used/,,Self,IMG_8182,[],[]
1411,IMG_0737,-1.337997222222222,36.73335277777778,2023,2,Used/,,Self,IMG_0737,[],[]
1412,IMG_7058,-1.2998638888888887,36.78818055555556,2023,2,Used/,,Self,IMG_7058,[0.33117157220840454],"[[1695.7626953125, 1782.6561279296875, 2876.5439453125, 1957.1004638671875]]"
1413,IMG_6346,-1.2472527777777778,36.77809722222222,2023,2,Used/,,Self,IMG_6346,[],[]
1414,IMG_0723,-1.3365555555555555,36.72318611111111,2023,2,Used/,,Self,IMG_0723,[],[]
1415,IMG_6352,-1.2572472222222222,36.77455277777778,2023,2,Used/,,Self,IMG_6352,[],[]
1416,IMG_6434,-1.3174222222222225,36.79191111111111,2023,2,Used/,,Self,IMG_6434,[],[]
1417,IMG_8419,-1.2778666666666667,37.03092222222222,2023,2,Used/,,Self,IMG_8419,[],[]
1418,IMG_8431,-1.2787722222222222,37.04029444444444,2023,2,Used/,,Self,IMG_8431,[],[]
1419,IMG_7702,-1.3162111111111112,36.86907222222222,2023,2,Used/,,Self,IMG_7702,[],[]
1420,IMG_8357,-1.2708833333333334,36.99628611111111,2023,2,Used/,,Self,IMG_8357,[],[]
1421,IMG_7064,-1.2996055555555557,36.78828611111111,2023,2,Used/,,Self,IMG_7064,[],[]
1422,IMG_8343,-1.26845,36.99231388888889,2023,2,Used/,,Self,IMG_8343,[],[]
1423,IMG_7070,-1.2995527777777776,36.78903611111111,2023,2,Used/,,Self,IMG_7070,[],[]
1424,IMG_8425,-1.278311111111111,37.035625,2023,2,Used/,,Self,IMG_8425,[],[]
1425,IMG_7716,-1.314352777777778,36.869625,2023,2,Used/,,Self,IMG_7716,[],[]
1426,IMG_6385,-1.2950277777777777,36.78758888888888,2023,2,Used/,,Self,IMG_6385,[],[]
1427,IMG_0910,-1.2939194444444444,36.795477777777776,2023,2,Used/,,Self,IMG_0910,[],[]
1428,IMG_8394,-1.2769861111111112,37.02131388888889,2023,2,Used/,,Self,IMG_8394,[],[]
1429,IMG_0904,-1.293497222222222,36.79335277777778,2023,2,Used/,,Self,IMG_0904,[],[]
1430,IMG_8380,-1.2759361111111112,37.00998611111111,2023,2,Used/,,Self,IMG_8380,[],[]
1431,IMG_8396,-1.2770277777777777,37.02175,2023,2,Used/,,Self,IMG_8396,[],[]
1432,IMG_0912,-1.2940277777777776,36.79561111111111,2023,2,Used/,,Self,IMG_0912,[],[]
1433,IMG_8382,-1.276061111111111,37.01135,2023,2,Used/,,Self,IMG_8382,[],[]
1434,IMG_0906,-1.2935833333333333,36.79382777777778,2023,2,Used/,,Self,IMG_0906,[],[]
1435,IMG_7099,-1.299322222222222,36.79358611111111,2023,2,Used/,,Self,IMG_7099,[],[]
1436,IMG_6387,-1.2951,36.78760277777778,2023,2,Used/,,Self,IMG_6387,"[0.5418835878372192, 0.4320905804634094]","[[0.0, 2329.91064453125, 601.0064697265625, 2747.6474609375], [2282.145751953125, 1942.40234375, 2870.918701171875, 2157.171875]]"
1437,IMG_6378,-1.2925972222222222,36.77473888888889,2023,2,Used/,,Self,IMG_6378,"[0.46157822012901306, 0.2709861695766449]","[[24.11555290222168, 0.0, 1244.1014404296875, 1122.6873779296875], [28.759706497192383, 0.0, 1230.5533447265625, 732.00927734375]]"
1438,IMG_8355,-1.270697222222222,36.995975,2023,2,Used/,,Self,IMG_8355,[],[]
1439,IMG_7066,-1.2995861111111109,36.78833888888889,2023,2,Used/,,Self,IMG_7066,[],[]
1440,IMG_0709,-1.3310027777777778,36.71656388888889,2023,2,Used/,,Self,IMG_0709,[],[]
1441,IMG_8433,-1.2788027777777775,37.040572222222224,2023,2,Used/,,Self,IMG_8433,[],[]
1442,IMG_7700,-1.3161472222222224,36.86843611111111,2023,2,Used/,,Self,IMG_7700,[],[]
1443,IMG_8427,-1.2785305555555555,37.037997222222224,2023,2,Used/,,Self,IMG_8427,[],[]
1444,IMG_7714,-1.314452777777778,36.86959722222223,2023,2,Used/,,Self,IMG_7714,[],[]
1445,IMG_8341,-1.2680749999999998,36.99165555555555,2023,2,Used/,,Self,IMG_8341,[],[]
1446,IMG_7072,-1.2995388888888888,36.78923333333333,2023,2,Used/,,Self,IMG_7072,[],[]
1447,IMG_6344,-1.226563888888889,36.78726944444444,2023,2,Used/,,Self,IMG_6344,[],[]
1448,IMG_8369,-1.2743805555555554,37.00199166666667,2023,2,Used/,,Self,IMG_8369,[],[]
1449,IMG_0735,-1.3378305555555554,36.73213055555556,2023,2,Used/,,Self,IMG_0735,[],[]
1450,IMG_7728,-1.3142083333333334,36.87049444444445,2023,2,Used/,,Self,IMG_7728,[],[]
1451,IMG_6436,-1.31565,36.79024722222222,2023,2,Used/,,Self,IMG_6436,"[0.27842605113983154, 0.2761743664741516]","[[808.7855224609375, 2826.072509765625, 2965.90185546875, 3020.56103515625], [738.4932861328125, 2691.340087890625, 2778.13623046875, 3022.7421875]]"
1452,IMG_6350,-1.2531,36.77592222222222,2023,2,Used/,,Self,IMG_6350,[],[]
1453,IMG_0721,-1.3364277777777778,36.72195555555556,2023,2,Used/,,Self,IMG_0721,[],[]
1454,IMG_8194,-1.310533333333333,36.92952222222222,2023,2,Used/,,Self,IMG_8194,[],[]
1455,IMG_8180,-1.3185944444444444,36.908875,2023,2,Used/,,Self,IMG_8180,[],[]
1456,IMG_6185,-1.3004777777777778,36.82421111111111,2023,2,Used/,,Self,IMG_6185,[],[]
1457,IMG_6191,-1.2997638888888887,36.82260555555556,2023,2,Used/,,Self,IMG_6191,[],[]
1458,IMG_7502,-1.2466861111111112,36.815597222222216,2023,2,Used/,,Self,IMG_7502,[],[]
1459,IMG_8631,-1.3003694444444445,36.768388888888886,2023,2,Used/,,Self,IMG_8631,[],[]
1460,IMG_7264,-1.2787777777777778,36.80645277777778,2023,2,Used/,,Self,IMG_7264,[],[]
1461,IMG_8157,-1.3293666666666666,36.885438888888885,2023,2,Used/,,Self,IMG_8157,[],[]
1462,IMG_7270,-1.2799944444444444,36.80716388888889,2023,2,Used/,,Self,IMG_7270,[],[]
1463,IMG_8143,-1.329411111111111,36.87358888888889,2023,2,Used/,,Self,IMG_8143,[0.2690047025680542],"[[1471.07373046875, 2170.409912109375, 2519.270751953125, 2357.498779296875]]"
1464,IMG_7516,-1.2375861111111113,36.810825,2023,2,Used/,,Self,IMG_7516,[],[]
1465,IMG_8625,-1.299958333333333,36.7807,2023,2,Used/,,Self,IMG_8625,[],[]
1466,IMG_7258,-1.2777222222222222,36.80601388888888,2023,2,Used/,,Self,IMG_7258,"[0.7465489506721497, 0.3063740134239197]","[[10.027743339538574, 2197.269775390625, 2762.5361328125, 3012.091552734375], [9.121618270874023, 2204.5263671875, 1956.2406005859375, 3020.91455078125]]"
1467,IMG_6152,-1.3292027777777775,36.87561388888889,2023,2,Used/,,Self,IMG_6152,[],[]
1468,IMG_8619,-1.2995,36.79088888888889,2023,2,Used/,,Self,IMG_8619,[],[]
1469,IMG_6973,-1.354588888888889,36.746575,2023,2,Used/,,Self,IMG_6973,[],[]
1470,IMG_6967,-1.3642861111111113,36.74660277777778,2023,2,Used/,,Self,IMG_6967,[0.4562157690525055],"[[85.3416519165039, 2095.2080078125, 993.9901123046875, 2609.794677734375]]"
1471,IMG_7489,-1.2491805555555555,36.81965277777778,2023,2,Used/,,Self,IMG_7489,[],[]
1472,IMG_7476,-1.2597305555555556,36.83626111111112,2023,2,Used/,,Self,IMG_7476,[],[]
1473,IMG_7310,-1.28745,36.80244722222222,2023,2,Used/,,Self,IMG_7310,[],[]
1474,IMG_7304,-1.2873666666666663,36.803352777777775,2023,2,Used/,,Self,IMG_7304,[],[]
1475,IMG_8037,-1.2971277777777777,36.79786388888888,2023,2,Used/,,Self,IMG_8037,[],[]
1476,IMG_7462,-1.266475,36.83448333333334,2023,2,Used/,,Self,IMG_7462,[],[]
1477,IMG_7338,-1.2887277777777777,36.79835555555555,2023,2,Used/,,Self,IMG_7338,[],[]
1478,IMG_6998,-1.3488138888888888,36.76462222222222,2023,2,Used/,,Self,IMG_6998,[],[]
1479,IMG_0866,-1.3203305555555556,36.80848333333333,2023,2,Used/,,Self,IMG_0866,[],[]
1480,IMG_0872,-1.3135333333333334,36.81335833333333,2023,2,Used/,,Self,IMG_0872,[],[]
1481,IMG_0682,-1.3098694444444443,36.726552777777776,2023,2,Used/,,Self,IMG_0682,[],[]
1482,IMG_7853,-1.3130722222222222,36.87148888888889,2023,2,Used/,,Self,IMG_7853,[0.3324667811393738],"[[1303.009765625, 2576.7001953125, 2330.336181640625, 3024.0]]"
1483,IMG_6595,-1.2952055555555555,36.80058333333333,2023,2,Used/,,Self,IMG_6595,[0.2629830241203308],"[[2752.3720703125, 1636.770263671875, 3230.409423828125, 1862.1875]]"
1484,IMG_7847,-1.3128694444444444,36.87079166666667,2023,2,Used/,,Self,IMG_7847,[],[]
1485,IMG_6581,-1.2940805555555557,36.79577777777778,2023,2,Used/,,Self,IMG_6581,[],[]
1486,IMG_0696,-1.3175583333333334,36.71867777777778,2023,2,Used/,,Self,IMG_0696,[],[]
1487,IMG_8221,-1.2905138888888887,36.94754722222222,2023,2,Used/,,Self,IMG_8221,"[0.6872370839118958, 0.3414006233215332]","[[0.0, 2178.81396484375, 3030.5107421875, 2884.359375], [631.1561279296875, 2158.65625, 2777.4296875, 2724.117431640625]]"
1488,IMG_7112,-1.299211111111111,36.795963888888885,2023,2,Used/,,Self,IMG_7112,[],[]
1489,IMG_7674,-1.3148611111111113,36.86362777777778,2023,2,Used/,,Self,IMG_7674,[],[]
1490,IMG_8553,-1.281872222222222,36.814655555555554,2023,2,Used/,,Self,IMG_8553,[],[]
1491,IMG_7660,-1.3159555555555555,36.86220555555556,2023,2,Used/,,Self,IMG_7660,[],[]
1492,IMG_0669,-1.3077194444444444,36.73476111111111,2023,2,Used/,,Self,IMG_0669,[],[]
1493,IMG_8235,-1.2878138888888888,36.95198055555556,2023,2,Used/,,Self,IMG_8235,[0.5156804919242859],"[[93.24040222167969, 2293.51220703125, 667.0111694335938, 2773.516845703125]]"
1494,IMG_7106,-1.2993055555555555,36.79465277777778,2023,2,Used/,,Self,IMG_7106,[],[]
1495,IMG_6218,-1.2815416666666666,36.81502777777777,2023,2,Used/,,Self,IMG_6218,[],[]
1496,IMG_0641,-1.2999944444444442,36.77433888888888,2023,2,Used/,,Self,IMG_0641,[],[]
1497,IMG_6230,-1.2790777777777778,36.82060555555556,2023,2,Used/,,Self,IMG_6230,[],[]
1498,IMG_0899,-1.293222222222222,36.79212222222222,2023,2,Used/,,Self,IMG_0899,[],[]
1499,IMG_6556,-1.2977416666666666,36.79186666666666,2023,2,Used/,,Self,IMG_6556,[],[]
1500,IMG_7648,-1.314852777777778,36.85962222222222,2023,2,Used/,,Self,IMG_7648,[],[]
1501,IMG_6542,-1.2979694444444445,36.78813888888889,2023,2,Used/,,Self,IMG_6542,[],[]
1502,IMG_0655,-1.306058333333333,36.74140555555556,2023,2,Used/,,Self,IMG_0655,[],[]
1503,IMG_8209,-1.2924055555555554,36.94473611111111,2023,2,Used/,,Self,IMG_8209,[],[]
1504,IMG_6224,-1.2803,36.81789444444445,2023,2,Used/,,Self,IMG_6224,[],[]
1505,IMG_6543,-1.2979694444444445,36.78814444444444,2023,2,Used/,,Self,IMG_6543,[],[]
1506,IMG_6225,-1.2799777777777777,36.81846111111111,2023,2,Used/,,Self,IMG_6225,[],[]
1507,IMG_8208,-1.292422222222222,36.944716666666665,2023,2,Used/,,Self,IMG_8208,[],[]
1508,IMG_0654,-1.2990277777777777,36.761544444444446,2023,2,Used/,,Self,IMG_0654,[],[]
1509,IMG_0898,-1.2931805555555551,36.791777777777774,2023,2,Used/,,Self,IMG_0898,[],[]
1510,IMG_6231,-1.2789805555555556,36.82056111111111,2023,2,Used/,,Self,IMG_6231,[],[]
1511,IMG_0640,-1.2996305555555554,36.774344444444445,2023,2,Used/,,Self,IMG_0640,[],[]
1512,IMG_7649,-1.3150777777777778,36.86058611111111,2023,2,Used/,,Self,IMG_7649,[0.30043280124664307],"[[483.1014404296875, 1402.42822265625, 1225.954833984375, 1741.2899169921875]]"
1513,IMG_6557,-1.297772222222222,36.79203888888889,2023,2,Used/,,Self,IMG_6557,[],[]
1514,IMG_7661,-1.315877777777778,36.86230555555556,2023,2,Used/,,Self,IMG_7661,[],[]
1515,IMG_8552,-1.2820916666666666,36.81442222222222,2023,2,Used/,,Self,IMG_8552,[],[]
1516,IMG_6219,-1.2814166666666666,36.81561944444445,2023,2,Used/,,Self,IMG_6219,[],[]
1517,IMG_7107,-1.2992777777777778,36.795338888888885,2023,2,Used/,,Self,IMG_7107,[],[]
1518,IMG_8234,-1.287886111111111,36.95186666666667,2023,2,Used/,,Self,IMG_8234,[],[]
1519,IMG_0668,-1.3075944444444445,36.73518333333333,2023,2,Used/,,Self,IMG_0668,[],[]
1520,IMG_7113,-1.2991777777777778,36.79612777777778,2023,2,Used/,,Self,IMG_7113,[],[]
1521,IMG_8220,-1.2904944444444444,36.94746944444445,2023,2,Used/,,Self,IMG_8220,[0.498761385679245],"[[2365.642578125, 1772.484375, 3627.632080078125, 2225.825927734375]]"
1522,IMG_7675,-1.314936111111111,36.863772222222224,2023,2,Used/,,Self,IMG_7675,[],[]
1523,IMG_6580,-1.2940194444444444,36.79554722222222,2023,2,Used/,,Self,IMG_6580,[],[]
1524,IMG_7846,-1.3128305555555555,36.87018888888889,2023,2,Used/,,Self,IMG_7846,[0.4780203104019165],"[[8.998859405517578, 44.48759460449219, 1475.2630615234375, 2170.030029296875]]"
1525,IMG_0697,-1.3183805555555554,36.71853333333333,2023,2,Used/,,Self,IMG_0697,[],[]
1526,IMG_0683,-1.3101194444444444,36.72606388888889,2023,2,Used/,,Self,IMG_0683,[],[]
1527,IMG_6594,-1.295175,36.80056944444444,2023,2,Used/,,Self,IMG_6594,[],[]
1528,IMG_7852,-1.3130694444444444,36.87144166666667,2023,2,Used/,,Self,IMG_7852,[],[]
1529,IMG_0873,-1.3144583333333333,36.81083611111111,2023,2,Used/,,Self,IMG_0873,[],[]
1530,IMG_0867,-1.3176916666666667,36.81207777777777,2023,2,Used/,,Self,IMG_0867,[],[]
1531,IMG_7339,-1.289008333333333,36.79828611111111,2023,2,Used/,,Self,IMG_7339,[],[]
1532,IMG_6999,-1.346786111111111,36.76562777777778,2023,2,Used/,,Self,IMG_6999,[],[]
1533,IMG_8036,-1.2972,36.79753611111111,2023,2,Used/,,Self,IMG_8036,[],[]
1534,IMG_7305,-1.2874805555555555,36.803238888888885,2023,2,Used/,,Self,IMG_7305,[],[]
1535,IMG_7463,-1.2663916666666666,36.83455277777778,2023,2,Used/,,Self,IMG_7463,[],[]
1536,IMG_7477,-1.2581555555555557,36.83406388888889,2023,2,Used/,,Self,IMG_7477,[],[]
1537,IMG_7311,-1.2873916666666665,36.80225833333333,2023,2,Used/,,Self,IMG_7311,[],[]
1538,IMG_7488,-1.2516277777777778,36.82451944444445,2023,2,Used/,,Self,IMG_7488,[],[]
1539,IMG_6966,-1.3643083333333337,36.746525,2023,2,Used/,,Self,IMG_6966,[],[]
1540,IMG_6972,-1.3547444444444443,36.746475,2023,2,Used/,,Self,IMG_6972,[],[]
1541,IMG_6153,-1.3290277777777777,36.87668055555556,2023,2,Used/,,Self,IMG_6153,[],[]
1542,IMG_8618,-1.2995083333333333,36.79134722222222,2023,2,Used/,,Self,IMG_8618,[],[]
1543,IMG_7259,-1.2777888888888889,36.80604444444444,2023,2,Used/,,Self,IMG_7259,[],[]
1544,IMG_8142,-1.3294666666666666,36.87318888888889,2023,2,Used/,,Self,IMG_8142,[],[]
1545,IMG_7271,-1.2800972222222222,36.807175,2023,2,Used/,,Self,IMG_7271,[0.5194058418273926],"[[684.2242431640625, 2587.338134765625, 1706.575927734375, 3021.961669921875]]"
1546,IMG_8624,-1.2998777777777777,36.78256111111111,2023,2,Used/,,Self,IMG_8624,[0.6776831746101379],"[[10.27527904510498, 1180.747802734375, 600.0238647460938, 1753.4398193359375]]"
1547,IMG_7517,-1.237463888888889,36.81086666666666,2023,2,Used/,,Self,IMG_7517,[],[]
1548,IMG_8630,-1.3005027777777778,36.76914722222222,2023,2,Used/,,Self,IMG_8630,[],[]
1549,IMG_7503,-1.2466055555555555,36.815577777777776,2023,2,Used/,,Self,IMG_7503,[],[]
1550,IMG_8156,-1.3285722222222225,36.884077777777776,2023,2,Used/,,Self,IMG_8156,[],[]
1551,IMG_7265,-1.2788555555555554,36.80651388888889,2023,2,Used/,,Self,IMG_7265,[],[]
1552,IMG_6190,-1.2998138888888888,36.82277222222223,2023,2,Used/,,Self,IMG_6190,[],[]
1553,IMG_6184,-1.3099722222222223,36.82873611111111,2023,2,Used/,,Self,IMG_6184,[],[]
1554,IMG_8181,-1.3184694444444445,36.90959166666666,2023,2,Used/,,Self,IMG_8181,[],[]
1555,IMG_8195,-1.3103944444444444,36.92984444444444,2023,2,Used/,,Self,IMG_8195,[],[]
1556,IMG_6437,-1.3155722222222224,36.78991388888889,2023,2,Used/,,Self,IMG_6437,[],[]
1557,IMG_7729,-1.3142194444444444,36.87057222222222,2023,2,Used/,,Self,IMG_7729,[],[]
1558,IMG_0720,-1.3363805555555557,36.72121111111111,2023,2,Used/,,Self,IMG_0720,[],[]
1559,IMG_6351,-1.253263888888889,36.775888888888886,2023,2,Used/,,Self,IMG_6351,[],[]
1560,IMG_0734,-1.3376416666666666,36.73085277777778,2023,2,Used/,,Self,IMG_0734,[],[]
1561,IMG_8368,-1.2741972222222222,37.00168611111111,2023,2,Used/,,Self,IMG_8368,[],[]
1562,IMG_6345,-1.2449944444444443,36.779377777777775,2023,2,Used/,,Self,IMG_6345,[],[]
1563,IMG_7715,-1.3143861111111113,36.869616666666666,2023,2,Used/,,Self,IMG_7715,[],[]
1564,IMG_8426,-1.2784555555555557,37.03714444444444,2023,2,Used/,,Self,IMG_8426,[],[]
1565,IMG_7073,-1.2995388888888888,36.78923333333333,2023,2,Used/,,Self,IMG_7073,[],[]
1566,IMG_8340,-1.2678527777777775,36.99131388888889,2023,2,Used/,,Self,IMG_8340,[0.8273463845252991],"[[16.823198318481445, 2054.167724609375, 2293.308349609375, 3009.231689453125]]"
1567,IMG_0708,-1.3293805555555556,36.71682777777778,2023,2,Used/,,Self,IMG_0708,[],[]
1568,IMG_7067,-1.2995777777777775,36.78839444444444,2023,2,Used/,,Self,IMG_7067,[],[]
1569,IMG_8354,-1.270697222222222,36.995975,2023,2,Used/,,Self,IMG_8354,[],[]
1570,IMG_6379,-1.2927138888888887,36.77512222222222,2023,2,Used/,,Self,IMG_6379,[0.5788971781730652],"[[16.23122787475586, 0.0, 1116.696533203125, 936.0746459960938]]"
1571,IMG_7701,-1.3162027777777778,36.86875833333333,2023,2,Used/,,Self,IMG_7701,[],[]
1572,IMG_8432,-1.278786111111111,37.04043611111111,2023,2,Used/,,Self,IMG_8432,[],[]
1573,IMG_6386,-1.295122222222222,36.78741111111111,2023,2,Used/,,Self,IMG_6386,[],[]
1574,IMG_7098,-1.2993472222222222,36.79330833333333,2023,2,Used/,,Self,IMG_7098,[],[]
1575,IMG_0907,-1.2939916666666669,36.79436944444444,2023,2,Used/,,Self,IMG_0907,[],[]
1576,IMG_8383,-1.2761027777777778,37.01179444444445,2023,2,Used/,,Self,IMG_8383,[],[]
1577,IMG_0913,-1.294063888888889,36.79586111111111,2023,2,Used/,,Self,IMG_0913,[],[]
1578,IMG_8397,-1.2770916666666663,37.02249166666667,2023,2,Used/,,Self,IMG_8397,[0.36312025785446167],"[[0.0, 1768.13232421875, 1887.275634765625, 2333.009521484375]]"
1579,IMG_0790,-1.3580361111111112,36.76255,2023,2,Used/,,Self,IMG_0790,[],[]
1580,IMG_6487,-1.3058444444444446,36.78559722222222,2023,2,Used/,,Self,IMG_6487,"[0.4503428339958191, 0.32582899928092957, 0.2773294150829315]","[[2315.45166015625, 2197.2099609375, 2718.7607421875, 2573.287353515625], [0.0, 2242.166015625, 2611.468017578125, 2930.230224609375], [14.783697128295898, 2216.906494140625, 1638.5498046875, 2878.121337890625]]"
1581,IMG_7799,-1.3131555555555556,36.872347222222224,2023,2,Used/,,Self,IMG_7799,[],[]
1582,IMG_6493,-1.3061111111111112,36.78634722222222,2023,2,Used/,,Self,IMG_6493,[],[]
1583,IMG_0784,-1.35495,36.76186388888889,2023,2,Used/,,Self,IMG_0784,[],[]
1584,IMG_8496,-1.2778055555555554,37.02956666666667,2023,2,Used/,,Self,IMG_8496,[0.458406001329422],"[[0.0, 2273.209716796875, 2309.8603515625, 3024.0]]"
1585,IMG_8482,-1.2791,37.04272777777778,2023,2,Used/,,Self,IMG_8482,[],[]
1586,IMG_6322,-1.2293583333333336,36.80428055555555,2023,2,Used/,,Self,IMG_6322,[],[]
1587,IMG_0753,-1.3414944444444443,36.75812777777778,2023,2,Used/,,Self,IMG_0753,[],[]
1588,IMG_8469,-1.280238888888889,37.053525,2023,2,Used/,,Self,IMG_8469,[0.2787443697452545],"[[2733.298095703125, 2084.815673828125, 3941.232421875, 2326.98828125]]"
1589,IMG_6444,-1.3147805555555556,36.78994444444445,2023,2,Used/,,Self,IMG_6444,[0.5732024312019348],"[[2042.6722412109375, 1556.040283203125, 3966.259033203125, 2008.375244140625]]"
1590,IMG_6450,-1.3087694444444444,36.78278333333333,2023,2,Used/,,Self,IMG_6450,[],[]
1591,IMG_6336,-1.231177777777778,36.79866111111111,2023,2,Used/,,Self,IMG_6336,[],[]
1592,IMG_0747,-1.340961111111111,36.754327777777775,2023,2,Used/,,Self,IMG_0747,[],[]
1593,IMG_7028,-1.322538888888889,36.78355833333333,2023,2,Used/,,Self,IMG_7028,[],[]
1594,IMG_8333,-1.2665972222222222,36.9893,2023,2,Used/,,Self,IMG_8333,[],[]
1595,IMG_8455,-1.280411111111111,37.0545,2023,2,Used/,,Self,IMG_8455,[],[]
1596,IMG_6478,-1.3058888888888889,36.784663888888886,2023,2,Used/,,Self,IMG_6478,[0.6394698619842529],"[[0.0, 2179.895751953125, 3168.278564453125, 3020.9091796875]]"
1597,IMG_8441,-1.279311111111111,37.045475,2023,2,Used/,,Self,IMG_8441,[],[]
1598,IMG_7014,-1.3394444444444444,36.77055555555555,2023,2,Used/,,Self,IMG_7014,[],[]
1599,IMG_8327,-1.265877777777778,36.98798333333333,2023,2,Used/,,Self,IMG_8327,[],[]
1600,IMG_8694,-1.259411111111111,36.66159722222222,2023,2,Used/,,Self,IMG_8694,[],[]
1601,IMG_6875,-1.335161111111111,36.77775555555556,2023,2,Used/,,Self,IMG_6875,[],[]
1602,IMG_8680,-1.2849388888888889,36.67793333333333,2023,2,Used/,,Self,IMG_8680,[],[]
1603,IMG_6120,-1.2963305555555555,36.79536944444444,2023,1,Used/,,Self,IMG_6120,[],[]
1604,IMG_8119,-1.3271027777777775,36.85172222222222,2023,2,Used/,,Self,IMG_8119,[],[]
1605,IMG_8657,-1.308086111111111,36.72943055555556,2023,2,Used/,,Self,IMG_8657,[],[]
1606,IMG_7564,-1.2673527777777778,36.82248333333334,2023,2,Used/,,Self,IMG_7564,[],[]
1607,IMG_8131,-1.3303944444444444,36.86617222222223,2023,2,Used/,,Self,IMG_8131,[],[]
1608,IMG_7202,-1.2860944444444444,36.80481111111111,2023,2,Used/,,Self,IMG_7202,[],[]
1609,IMG_8125,-1.3307527777777777,36.85807777777778,2023,2,Used/,,Self,IMG_8125,[],[]
1610,IMG_7216,-1.2810055555555555,36.80719722222222,2023,2,Used/,,Self,IMG_7216,[],[]
1611,IMG_8643,-1.3019694444444443,36.75337222222223,2023,2,Used/,,Self,IMG_8643,[],[]
1612,IMG_7570,-1.2831472222222222,36.816875,2023,2,Used/,,Self,IMG_7570,[],[]
1613,IMG_7389,-1.2983583333333333,36.80288333333333,2023,2,Used/,,Self,IMG_7389,[],[]
1614,IMG_8086,-1.2993138888888889,36.824113888888895,2023,2,Used/,,Self,IMG_8086,[],[]
1615,IMG_8092,-1.3065222222222224,36.82733055555556,2023,2,Used/,,Self,IMG_8092,[],[]
1616,IMG_8079,-1.2926055555555551,36.82021666666667,2023,2,Used/,,Self,IMG_8079,[],[]
1617,IMG_8723,-1.0592722222222222,36.60246388888889,2023,2,Used/,,Self,IMG_8723,[],[]
1618,IMG_7410,-1.298986111111111,36.79763888888888,2023,2,Used/,,Self,IMG_7410,[],[]
1619,IMG_8045,-1.2986055555555551,36.798402777777774,2023,2,Used/,,Self,IMG_8045,[],[]
1620,IMG_7376,-1.2971444444444444,36.80274444444444,2023,2,Used/,,Self,IMG_7376,[],[]
1621,IMG_8051,-1.2980555555555555,36.801877777777776,2023,2,Used/,,Self,IMG_8051,[],[]
1622,IMG_7362,-1.2951722222222222,36.801963888888885,2023,2,Used/,,Self,IMG_7362,[],[]
1623,IMG_8737,-1.1069,36.23997777777778,2023,2,Used/,,Self,IMG_8737,[],[]
1624,IMG_7404,-1.2988277777777777,36.798519444444445,2023,2,Used/,,Self,IMG_7404,[],[]
1625,IMG_6295,-1.2573333333333334,36.83380277777778,2023,2,Used/,,Self,IMG_6295,[],[]
1626,IMG_7835,-1.3123861111111113,36.87035,2023,2,Used/,,Self,IMG_7835,[],[]
1627,IMG_7821,-1.312175,36.87031111111112,2023,2,Used/,,Self,IMG_7821,"[0.40982913970947266, 0.2529064118862152]","[[0.0, 1307.0040283203125, 3284.2939453125, 3024.0], [0.0, 1709.5828857421875, 3349.120849609375, 3018.783935546875]]"
1628,IMG_6281,-1.2621,36.83983888888889,2023,2,Used/,,Self,IMG_6281,[],[]
1629,IMG_0800,-1.3663305555555556,36.76705277777778,2023,2,Used/,,Self,IMG_0800,[],[]
1630,IMG_8284,-1.2737944444444445,36.97316111111111,2023,2,Used/,,Self,IMG_8284,[0.6015645265579224],"[[2.862666130065918, 2409.256103515625, 1564.8905029296875, 2715.284423828125]]"
1631,IMG_7809,-1.3127805555555556,36.871658333333336,2023,2,Used/,,Self,IMG_7809,[0.6819223761558533],"[[623.1362915039062, 1977.47802734375, 4021.255859375, 3016.110107421875]]"
1632,IMG_0814,-1.3785805555555557,36.77010277777778,2023,2,Used/,,Self,IMG_0814,[],[]
1633,IMG_8290,-1.270997222222222,36.97675277777778,2023,2,Used/,,Self,IMG_8290,[],[]
1634,IMG_7148,-1.2916305555555554,36.79555555555555,2023,2,Used/,,Self,IMG_7148,[],[]
1635,IMG_0627,-1.298897222222222,36.779555555555554,2023,2,Used/,,Self,IMG_0627,[],[]
1636,IMG_6256,-1.272675,36.82675555555556,2023,2,Used/,,Self,IMG_6256,[],[]
1637,IMG_6530,-1.30075,36.78820833333333,2023,2,Used/,,Self,IMG_6530,[],[]
1638,IMG_6524,-1.302661111111111,36.78819722222222,2023,2,Used/,,Self,IMG_6524,[],[]
1639,IMG_8509,-1.2756888888888889,37.00663055555555,2023,2,Used/,,Self,IMG_8509,[0.2897666096687317],"[[2.291363477706909, 2367.4462890625, 1586.5047607421875, 2828.55419921875]]"
1640,IMG_0633,-1.2990944444444443,36.77553055555556,2023,2,Used/,,Self,IMG_0633,[],[]
1641,IMG_6242,-1.2760027777777778,36.82296111111111,2023,2,Used/,,Self,IMG_6242,[],[]
1642,IMG_7174,-1.2895055555555557,36.79810277777778,2023,2,Used/,,Self,IMG_7174,[],[]
1643,IMG_8247,-1.284913888888889,36.95657222222223,2023,2,Used/,,Self,IMG_8247,[],[]
1644,IMG_7612,-1.2848388888888889,36.8209,2023,2,Used/,,Self,IMG_7612,"[0.7424010038375854, 0.5088930130004883]","[[0.0, 1565.2310791015625, 1955.998046875, 1928.481689453125], [2182.648193359375, 1682.1593017578125, 3155.13525390625, 1952.256103515625]]"
1645,IMG_8521,-1.2715472222222222,36.9972,2023,2,Used/,,Self,IMG_8521,[],[]
1646,IMG_6518,-1.3042888888888888,36.78818611111111,2023,2,Used/,,Self,IMG_6518,[],[]
1647,IMG_7606,-1.28965,36.81059444444444,2023,2,Used/,,Self,IMG_7606,[],[]
1648,IMG_8535,-1.2677972222222222,36.99110833333334,2023,2,Used/,,Self,IMG_8535,[],[]
1649,IMG_7160,-1.2894277777777776,36.79669166666667,2023,2,Used/,,Self,IMG_7160,[],[]
1650,IMG_8253,-1.2833805555555555,36.95909166666667,2023,2,Used/,,Self,IMG_8253,[0.533035933971405],"[[930.98974609375, 2404.172119140625, 1650.3873291015625, 2852.818603515625]]"
1651,IMG_8534,-1.2681027777777778,36.99162777777778,2023,2,Used/,,Self,IMG_8534,[],[]
1652,IMG_7607,-1.2890833333333331,36.81203611111111,2023,2,Used/,,Self,IMG_7607,[],[]
1653,IMG_6519,-1.3038944444444445,36.788130555555554,2023,2,Used/,,Self,IMG_6519,[],[]
1654,IMG_8252,-1.283522222222222,36.95887777777778,2023,2,Used/,,Self,IMG_8252,[],[]
1655,IMG_7161,-1.2894555555555554,36.796752777777776,2023,2,Used/,,Self,IMG_7161,[],[]
1656,IMG_8246,-1.2851638888888888,36.95617777777778,2023,2,Used/,,Self,IMG_8246,[0.25334417819976807],"[[3058.458251953125, 2060.4482421875, 3856.1435546875, 2338.113525390625]]"
1657,IMG_7175,-1.2893305555555554,36.798141666666666,2023,2,Used/,,Self,IMG_7175,[],[]
1658,IMG_8520,-1.2719527777777777,36.99788611111112,2023,2,Used/,,Self,IMG_8520,[],[]
1659,IMG_7613,-1.2847555555555554,36.821869444444445,2023,2,Used/,,Self,IMG_7613,[],[]
1660,IMG_8508,-1.2757777777777777,37.00751944444445,2023,2,Used/,,Self,IMG_8508,[],[]
1661,IMG_6525,-1.302366666666667,36.78821944444445,2023,2,Used/,,Self,IMG_6525,[],[]
1662,IMG_6243,-1.2758777777777777,36.82301111111112,2023,2,Used/,,Self,IMG_6243,[],[]
1663,IMG_0632,-1.2990805555555551,36.77623611111111,2023,2,Used/,,Self,IMG_0632,[],[]
1664,IMG_6257,-1.2723305555555555,36.82723055555556,2023,2,Used/,,Self,IMG_6257,[],[]
1665,IMG_0626,-1.2988694444444444,36.78025,2023,2,Used/,,Self,IMG_0626,[],[]
1666,IMG_7149,-1.2902583333333333,36.796013888888886,2023,2,Used/,,Self,IMG_7149,[],[]
1667,IMG_6531,-1.300425,36.78819444444444,2023,2,Used/,,Self,IMG_6531,[0.40405574440956116],"[[1898.860107421875, 1870.2281494140625, 3755.721923828125, 2196.85693359375]]"
1668,IMG_8291,-1.2704055555555556,36.97736111111112,2023,2,Used/,,Self,IMG_8291,[],[]
1669,IMG_0815,-1.3800444444444444,36.77032222222222,2023,2,Used/,,Self,IMG_0815,[],[]
1670,IMG_8285,-1.2736777777777777,36.97331111111112,2023,2,Used/,,Self,IMG_8285,[],[]
1671,IMG_0801,-1.3669888888888888,36.76740555555556,2023,2,Used/,,Self,IMG_0801,[],[]
1672,IMG_7808,-1.3128083333333334,36.87176388888889,2023,2,Used/,,Self,IMG_7808,[],[]
1673,IMG_7820,-1.3121805555555557,36.87030277777778,2023,2,Used/,,Self,IMG_7820,[0.5044659376144409],"[[0.7267455458641052, 1642.453857421875, 3054.5478515625, 3020.26806640625]]"
1674,IMG_6280,-1.2623444444444445,36.83970555555556,2023,2,Used/,,Self,IMG_6280,[],[]
1675,IMG_6294,-1.257663888888889,36.83390555555556,2023,2,Used/,,Self,IMG_6294,[],[]
1676,IMG_7834,-1.3122166666666668,36.87032777777778,2023,2,Used/,,Self,IMG_7834,[],[]
1677,IMG_7363,-1.2951388888888888,36.80223888888889,2023,2,Used/,,Self,IMG_7363,[],[]
1678,IMG_8050,-1.2981888888888888,36.80098611111111,2023,2,Used/,,Self,IMG_8050,[0.464855432510376],"[[295.66070556640625, 2162.692626953125, 872.55322265625, 2396.032470703125]]"
1679,IMG_7405,-1.298847222222222,36.79842222222222,2023,2,Used/,,Self,IMG_7405,[],[]
1680,IMG_8736,-1.101977777777778,36.26387222222223,2023,2,Used/,,Self,IMG_8736,[],[]
1681,IMG_7411,-1.2990333333333333,36.79730277777777,2023,2,Used/,,Self,IMG_7411,[],[]
1682,IMG_7377,-1.2973249999999998,36.80278055555555,2023,2,Used/,,Self,IMG_7377,[],[]
1683,IMG_8044,-1.298611111111111,36.798405555555554,2023,2,Used/,,Self,IMG_8044,[],[]
1684,IMG_8078,-1.292897222222222,36.81953055555556,2023,2,Used/,,Self,IMG_8078,[],[]
1685,IMG_8093,-1.3069472222222225,36.82752222222223,2023,2,Used/,,Self,IMG_8093,[],[]
1686,IMG_8087,-1.2997888888888889,36.82433888888889,2023,2,Used/,,Self,IMG_8087,[],[]
1687,IMG_7388,-1.2983638888888889,36.802952777777776,2023,2,Used/,,Self,IMG_7388,[],[]
1688,IMG_7217,-1.280861111111111,36.80718888888889,2023,2,Used/,,Self,IMG_7217,[],[]
1689,IMG_8124,-1.3305,36.8573,2023,2,Used/,,Self,IMG_8124,[],[]
1690,IMG_7571,-1.2839388888888887,36.81670833333334,2023,2,Used/,,Self,IMG_7571,[],[]
1691,IMG_8642,-1.301488888888889,36.75459444444444,2023,2,Used/,,Self,IMG_8642,[],[]
1692,IMG_7565,-1.2673222222222222,36.82233055555556,2023,2,Used/,,Self,IMG_7565,[],[]
1693,IMG_8656,-1.3083833333333337,36.73125555555556,2023,2,Used/,,Self,IMG_8656,[],[]
1694,IMG_7203,-1.2859305555555554,36.804852777777775,2023,2,Used/,,Self,IMG_7203,[],[]
1695,IMG_8130,-1.3306,36.864647222222224,2023,2,Used/,,Self,IMG_8130,[0.2666183412075043],"[[741.7516479492188, 2377.409912109375, 1546.6751708984375, 2751.628173828125]]"
1696,IMG_8118,-1.326775,36.85121388888889,2023,2,Used/,,Self,IMG_8118,[0.42133858799934387],"[[1779.0035400390625, 2482.438720703125, 2610.150634765625, 2766.469970703125]]"
1697,IMG_6121,-1.2963305555555555,36.79522222222222,2023,1,Used/,,Self,IMG_6121,[],[]
1698,IMG_8681,-1.2831694444444444,36.67559444444444,2023,2,Used/,,Self,IMG_8681,[],[]
1699,IMG_6874,-1.3350555555555554,36.77795,2023,2,Used/,,Self,IMG_6874,[],[]
1700,IMG_8695,-1.2574055555555557,36.66234722222222,2023,2,Used/,,Self,IMG_8695,[],[]
1701,IMG_8440,-1.2792916666666667,37.04524166666666,2023,2,Used/,,Self,IMG_8440,[],[]
1702,IMG_8326,-1.2658444444444443,36.98791111111111,2023,2,Used/,,Self,IMG_8326,[],[]
1703,IMG_7015,-1.339536111111111,36.771452777777775,2023,2,Used/,,Self,IMG_7015,[],[]
1704,IMG_8332,-1.2665388888888889,36.98920555555556,2023,2,Used/,,Self,IMG_8332,[],[]
1705,IMG_7001,-1.3462027777777776,36.76546388888889,2023,2,Used/,,Self,IMG_7001,[],[]
1706,IMG_6479,-1.305886111111111,36.78468055555555,2023,2,Used/,,Self,IMG_6479,[],[]
1707,IMG_8454,-1.2801194444444444,37.05295555555556,2023,2,Used/,,Self,IMG_8454,[0.2503964602947235],"[[423.69842529296875, 2272.06591796875, 4029.524658203125, 3022.900146484375]]"
1708,IMG_6451,-1.3087722222222222,36.78278333333333,2023,2,Used/,,Self,IMG_6451,[],[]
1709,IMG_7029,-1.322325,36.78362222222222,2023,2,Used/,,Self,IMG_7029,[],[]
1710,IMG_0746,-1.340911111111111,36.753933333333336,2023,2,Used/,,Self,IMG_0746,[],[]
1711,IMG_6337,-1.2309472222222224,36.798675,2023,2,Used/,,Self,IMG_6337,[0.2588525712490082],"[[1171.881103515625, 2738.770263671875, 3504.565185546875, 3023.75]]"
1712,IMG_0752,-1.341422222222222,36.75776944444444,2023,2,Used/,,Self,IMG_0752,[],[]
1713,IMG_6323,-1.229713888888889,36.80415555555555,2023,2,Used/,,Self,IMG_6323,[],[]
1714,IMG_6445,-1.31545,36.78955833333333,2023,2,Used/,,Self,IMG_6445,[0.7073236107826233],"[[2307.746826171875, 1468.954345703125, 3996.6318359375, 2331.50439453125]]"
1715,IMG_8468,-1.280897222222222,37.05631944444444,2023,2,Used/,,Self,IMG_8468,[],[]
1716,IMG_8483,-1.278997222222222,37.041825,2023,2,Used/,,Self,IMG_8483,[],[]
1717,IMG_8497,-1.277736111111111,37.028777777777776,2023,2,Used/,,Self,IMG_8497,[],[]
1718,IMG_6492,-1.306075,36.78627222222222,2023,2,Used/,,Self,IMG_6492,[],[]
1719,IMG_0785,-1.3555555555555556,36.761975,2023,2,Used/,,Self,IMG_0785,[],[]
1720,IMG_0791,-1.3591000000000002,36.76262777777778,2023,2,Used/,,Self,IMG_0791,[],[]
1721,IMG_7798,-1.3131555555555556,36.872347222222224,2023,2,Used/,,Self,IMG_7798,[0.2635534703731537],"[[441.9599304199219, 1367.8701171875, 1743.6148681640625, 2187.3564453125]]"
1722,IMG_6486,-1.3058222222222222,36.78551944444444,2023,2,Used/,,Self,IMG_6486,[0.3071010410785675],"[[3316.4072265625, 2125.848388671875, 3746.5361328125, 2310.500244140625]]"
1723,IMG_0787,-1.3563861111111113,36.76217222222222,2023,2,Used/,,Self,IMG_0787,[],[]
1724,IMG_6490,-1.3059888888888889,36.786,2023,2,Used/,,Self,IMG_6490,[],[]
1725,IMG_6484,-1.3057805555555555,36.78519444444444,2023,2,Used/,,Self,IMG_6484,[0.3791329562664032],"[[2014.30419921875, 2061.66845703125, 3159.127685546875, 2682.314453125]]"
1726,IMG_0793,-1.360813888888889,36.76288888888889,2023,2,Used/,,Self,IMG_0793,[],[]
1727,IMG_8481,-1.2791805555555555,37.04351388888889,2023,2,Used/,,Self,IMG_8481,[],[]
1728,IMG_8495,-1.2779361111111112,37.03096388888889,2023,2,Used/,,Self,IMG_8495,[],[]
1729,IMG_6335,-1.2312305555555556,36.79871111111111,2023,2,Used/,,Self,IMG_6335,[],[]
1730,IMG_0744,-1.3407944444444444,36.752922222222224,2023,2,Used/,,Self,IMG_0744,[],[]
1731,IMG_8318,-1.264811111111111,36.98523333333333,2023,2,Used/,,Self,IMG_8318,[],[]
1732,IMG_6453,-1.308827777777778,36.78275277777778,2023,2,Used/,,Self,IMG_6453,[],[]
1733,IMG_6447,-1.3087611111111113,36.78274444444445,2023,2,Used/,,Self,IMG_6447,[],[]
1734,IMG_6321,-1.2286416666666669,36.804563888888886,2023,2,Used/,,Self,IMG_6321,[],[]
1735,IMG_0750,-1.3411888888888888,36.75593611111111,2023,2,Used/,,Self,IMG_0750,[],[]
1736,IMG_6309,-1.2486222222222223,36.81713055555556,2023,2,Used/,,Self,IMG_6309,[0.3504704236984253],"[[394.5849609375, 2803.2158203125, 2271.7294921875, 3019.797119140625]]"
1737,IMG_0778,-1.350375,36.763669444444446,2023,2,Used/,,Self,IMG_0778,[],[]
1738,IMG_8324,-1.2656777777777777,36.98750555555556,2023,2,Used/,,Self,IMG_8324,[],[]
1739,IMG_7017,-1.3389166666666663,36.77233611111111,2023,2,Used/,,Self,IMG_7017,[],[]
1740,IMG_8442,-1.2793472222222222,37.045741666666665,2023,2,Used/,,Self,IMG_8442,[],[]
1741,IMG_8456,-1.2807805555555556,37.05603333333333,2023,2,Used/,,Self,IMG_8456,[],[]
1742,IMG_8330,-1.2663055555555556,36.98878055555556,2023,2,Used/,,Self,IMG_8330,[],[]
1743,IMG_7003,-1.3460555555555556,36.76556388888889,2023,2,Used/,,Self,IMG_7003,[],[]
1744,IMG_6876,-1.3374722222222222,36.77417777777778,2023,2,Used/,,Self,IMG_6876,[],[]
1745,IMG_8683,-1.2799388888888887,36.67237222222222,2023,2,Used/,,Self,IMG_8683,[],[]
1746,IMG_8697,-1.2513083333333332,36.664119444444445,2023,2,Used/,,Self,IMG_8697,[],[]
1747,IMG_7229,-1.2780972222222222,36.80521944444444,2023,2,Used/,,Self,IMG_7229,[],[]
1748,IMG_8668,-1.3035194444444445,36.70609722222223,2023,2,Used/,,Self,IMG_8668,[],[]
1749,IMG_8640,-1.3005166666666668,36.757019444444445,2023,2,Used/,,Self,IMG_8640,[],[]
1750,IMG_7215,-1.2811472222222222,36.80720555555556,2023,2,Used/,,Self,IMG_7215,[],[]
1751,IMG_8126,-1.3310805555555556,36.859775,2023,2,Used/,,Self,IMG_8126,[],[]
1752,IMG_7201,-1.286361111111111,36.80475555555555,2023,2,Used/,,Self,IMG_7201,[],[]
1753,IMG_8132,-1.3301944444444445,36.867713888888886,2023,2,Used/,,Self,IMG_8132,[],[]
1754,IMG_7567,-1.2676138888888888,36.82199444444445,2023,2,Used/,,Self,IMG_7567,[0.3087408244609833],"[[2739.97509765625, 2047.1544189453125, 3814.0068359375, 2308.662109375]]"
1755,IMG_8654,-1.3074722222222224,36.735508333333335,2023,2,Used/,,Self,IMG_8654,[],[]
1756,IMG_8091,-1.3056944444444445,36.82694166666667,2023,2,Used/,,Self,IMG_8091,[],[]
1757,IMG_8085,-1.2981999999999998,36.82372222222222,2023,2,Used/,,Self,IMG_8085,[],[]
1758,IMG_8708,-1.231552777777778,36.66806111111111,2023,2,Used/,,Self,IMG_8708,[],[]
1759,IMG_7349,-1.290522222222222,36.79846388888889,2023,2,Used/,,Self,IMG_7349,[],[]
1760,IMG_7407,-1.298911111111111,36.79806111111111,2023,2,Used/,,Self,IMG_7407,[],[]
1761,IMG_8734,-0.9967583333333332,36.60083333333333,2023,2,Used/,,Self,IMG_8734,[],[]
1762,IMG_7361,-1.2951777777777778,36.801405555555554,2023,2,Used/,,Self,IMG_7361,[],[]
1763,IMG_8052,-1.2978055555555554,36.80277777777778,2023,2,Used/,,Self,IMG_8052,[],[]
1764,IMG_7375,-1.2971416666666666,36.80274166666666,2023,2,Used/,,Self,IMG_7375,[],[]
1765,IMG_8046,-1.2986444444444445,36.79845833333333,2023,2,Used/,,Self,IMG_8046,[],[]
1766,IMG_8720,-1.2155166666666666,36.662327777777776,2023,2,Used/,,Self,IMG_8720,[],[]
1767,IMG_6282,-1.2615583333333331,36.83919166666667,2023,2,Used/,,Self,IMG_6282,[],[]
1768,IMG_7822,-1.312125,36.87033888888889,2023,2,Used/,,Self,IMG_7822,"[0.7038653492927551, 0.6757718920707703]","[[3.6058499813079834, 1517.8780517578125, 1397.4114990234375, 3017.32763671875], [1396.330810546875, 1705.29345703125, 2563.305908203125, 2501.602783203125]]"
1769,IMG_7836,-1.3124222222222222,36.870197222222224,2023,2,Used/,,Self,IMG_7836,[],[]
1770,IMG_6296,-1.2571944444444445,36.83373888888889,2023,2,Used/,,Self,IMG_6296,[],[]
1771,IMG_7188,-1.286536111111111,36.79889722222222,2023,2,Used/,,Self,IMG_7188,[],[]
1772,IMG_8293,-1.2686055555555555,36.978947222222224,2023,2,Used/,,Self,IMG_8293,[],[]
1773,IMG_0803,-1.3681555555555556,36.76763611111111,2023,2,Used/,,Self,IMG_0803,[],[]
1774,IMG_8287,-1.2727,36.97461111111112,2023,2,Used/,,Self,IMG_8287,[0.5501490831375122],"[[606.7791137695312, 2653.117431640625, 1432.9896240234375, 2854.8447265625]]"
1775,IMG_0630,-1.2990138888888887,36.77727222222222,2023,2,Used/,,Self,IMG_0630,[],[]
1776,IMG_6241,-1.2766083333333331,36.822544444444446,2023,2,Used/,,Self,IMG_6241,[],[]
1777,IMG_6527,-1.3015916666666667,36.78825,2023,2,Used/,,Self,IMG_6527,[],[]
1778,IMG_7639,-1.3134861111111111,36.85600555555556,2023,2,Used/,,Self,IMG_7639,[],[]
1779,IMG_6533,-1.298822222222222,36.78802222222222,2023,2,Used/,,Self,IMG_6533,[],[]
1780,IMG_8278,-1.276675,36.97016388888889,2023,2,Used/,,Self,IMG_8278,[],[]
1781,IMG_0624,-1.2987916666666666,36.781102777777775,2023,2,Used/,,Self,IMG_0624,[],[]
1782,IMG_6255,-1.2729027777777775,36.82644444444445,2023,2,Used/,,Self,IMG_6255,[],[]
1783,IMG_8250,-1.284186111111111,36.95776388888889,2023,2,Used/,,Self,IMG_8250,[],[]
1784,IMG_7163,-1.2895277777777776,36.79702777777778,2023,2,Used/,,Self,IMG_7163,[],[]
1785,IMG_8536,-1.2675944444444445,36.99076388888889,2023,2,Used/,,Self,IMG_8536,[],[]
1786,IMG_7605,-1.2898305555555554,36.810025,2023,2,Used/,,Self,IMG_7605,[],[]
1787,IMG_8522,-1.2712805555555555,36.9968,2023,2,Used/,,Self,IMG_8522,[],[]
1788,IMG_7611,-1.285686111111111,36.81901388888889,2023,2,Used/,,Self,IMG_7611,[],[]
1789,IMG_8244,-1.285847222222222,36.95513888888889,2023,2,Used/,,Self,IMG_8244,[0.5651809573173523],"[[23.069461822509766, 2194.4306640625, 1439.7908935546875, 2734.755615234375]]"
1790,IMG_7177,-1.2890333333333333,36.79823055555556,2023,2,Used/,,Self,IMG_7177,[],[]
1791,IMG_6269,-1.2690527777777778,36.83233333333334,2023,2,Used/,,Self,IMG_6269,[],[]
1792,IMG_7610,-1.286808333333333,36.81666944444445,2023,2,Used/,,Self,IMG_7610,[],[]
1793,IMG_8523,-1.2708888888888887,36.99616111111112,2023,2,Used/,,Self,IMG_8523,[],[]
1794,IMG_6268,-1.2693027777777777,36.83196666666667,2023,2,Used/,,Self,IMG_6268,[],[]
1795,IMG_7176,-1.289236111111111,36.79817222222222,2023,2,Used/,,Self,IMG_7176,[],[]
1796,IMG_8245,-1.2856249999999998,36.95545277777778,2023,2,Used/,,Self,IMG_8245,[],[]
1797,IMG_7162,-1.2895027777777777,36.79688611111111,2023,2,Used/,,Self,IMG_7162,[],[]
1798,IMG_8251,-1.2837805555555557,36.95840833333334,2023,2,Used/,,Self,IMG_8251,[],[]
1799,IMG_7604,-1.2899027777777776,36.80976944444444,2023,2,Used/,,Self,IMG_7604,[],[]
1800,IMG_8537,-1.2674777777777777,36.990569444444446,2023,2,Used/,,Self,IMG_8537,[],[]
1801,IMG_6532,-1.298997222222222,36.78818055555556,2023,2,Used/,,Self,IMG_6532,[],[]
1802,IMG_6254,-1.2731305555555554,36.82612777777778,2023,2,Used/,,Self,IMG_6254,[],[]
1803,IMG_0625,-1.2988666666666666,36.78068055555556,2023,2,Used/,,Self,IMG_0625,[],[]
1804,IMG_8279,-1.2756166666666666,36.97123055555556,2023,2,Used/,,Self,IMG_8279,[],[]
1805,IMG_6240,-1.2766944444444444,36.82239166666667,2023,2,Used/,,Self,IMG_6240,[],[]
1806,IMG_0631,-1.2990388888888889,36.77685555555556,2023,2,Used/,,Self,IMG_0631,[],[]
1807,IMG_7638,-1.3131111111111111,36.85501944444445,2023,2,Used/,,Self,IMG_7638,[],[]
1808,IMG_6526,-1.3020444444444446,36.78823888888888,2023,2,Used/,,Self,IMG_6526,[],[]
1809,IMG_8286,-1.2734527777777778,36.97360555555556,2023,2,Used/,,Self,IMG_8286,[0.27161264419555664],"[[0.0, 2534.38671875, 2036.959228515625, 2761.399658203125]]"
1810,IMG_0802,-1.367727777777778,36.76765555555556,2023,2,Used/,,Self,IMG_0802,[],[]
1811,IMG_8292,-1.2691333333333332,36.97847222222222,2023,2,Used/,,Self,IMG_8292,[],[]
1812,IMG_0816,-1.380475,36.770577777777774,2023,2,Used/,,Self,IMG_0816,[],[]
1813,IMG_7837,-1.3126027777777778,36.87007222222222,2023,2,Used/,,Self,IMG_7837,[],[]
1814,IMG_7189,-1.2866166666666663,36.79908888888889,2023,2,Used/,,Self,IMG_7189,[],[]
1815,IMG_6297,-1.2568916666666667,36.83364722222223,2023,2,Used/,,Self,IMG_6297,[],[]
1816,IMG_6283,-1.2614277777777778,36.83899722222223,2023,2,Used/,,Self,IMG_6283,[],[]
1817,IMG_7823,-1.3121027777777778,36.87036111111111,2023,2,Used/,,Self,IMG_7823,"[0.6759361028671265, 0.6617048978805542, 0.378874272108078]","[[5.690148830413818, 1417.8419189453125, 2076.3232421875, 3024.0], [2190.06396484375, 1730.1224365234375, 3331.900146484375, 2539.0732421875], [0.9509215950965881, 2078.10693359375, 2043.1710205078125, 2999.577392578125]]"
1818,IMG_8047,-1.2985749999999998,36.79873611111111,2023,2,Used/,,Self,IMG_8047,[],[]
1819,IMG_7374,-1.297011111111111,36.80271944444444,2023,2,Used/,,Self,IMG_7374,[],[]
1820,IMG_8721,-1.2139694444444444,36.661202777777774,2023,2,Used/,,Self,IMG_8721,[],[]
1821,IMG_7412,-1.2990638888888888,36.79723055555555,2023,2,Used/,,Self,IMG_7412,[],[]
1822,IMG_8735,-1.0765083333333334,36.32808888888889,2023,2,Used/,,Self,IMG_8735,[],[]
1823,IMG_7406,-1.2988805555555554,36.79823333333333,2023,2,Used/,,Self,IMG_7406,[],[]
1824,IMG_8053,-1.297811111111111,36.80339444444444,2023,2,Used/,,Self,IMG_8053,[],[]
1825,IMG_7360,-1.295222222222222,36.800777777777775,2023,2,Used/,,Self,IMG_7360,[],[]
1826,IMG_7348,-1.2901777777777776,36.79828888888888,2023,2,Used/,,Self,IMG_7348,[],[]
1827,IMG_8709,-1.230963888888889,36.66782222222222,2023,2,Used/,,Self,IMG_8709,[],[]
1828,IMG_8084,-1.2972166666666665,36.82315555555556,2023,2,Used/,,Self,IMG_8084,[],[]
1829,IMG_8090,-1.3049555555555556,36.826725,2023,2,Used/,,Self,IMG_8090,[],[]
1830,IMG_8133,-1.3299388888888888,36.86956944444445,2023,2,Used/,,Self,IMG_8133,[],[]
1831,IMG_7200,-1.2864583333333333,36.80472222222222,2023,2,Used/,,Self,IMG_7200,[],[]
1832,IMG_8655,-1.307975,36.73393888888889,2023,2,Used/,,Self,IMG_8655,[],[]
1833,IMG_7566,-1.2674277777777778,36.822208333333336,2023,2,Used/,,Self,IMG_7566,[],[]
1834,IMG_8641,-1.3011194444444445,36.75558888888889,2023,2,Used/,,Self,IMG_8641,[],[]
1835,IMG_8127,-1.331052777777778,36.86141666666667,2023,2,Used/,,Self,IMG_8127,[],[]
1836,IMG_7214,-1.2814333333333332,36.80721388888889,2023,2,Used/,,Self,IMG_7214,[],[]
1837,IMG_8669,-1.3033611111111112,36.70579444444445,2023,2,Used/,,Self,IMG_8669,[],[]
1838,IMG_7228,-1.2778194444444444,36.8055,2023,2,Used/,,Self,IMG_7228,[],[]
1839,IMG_8696,-1.2536944444444444,36.663525,2023,2,Used/,,Self,IMG_8696,"[0.35110777616500854, 0.34742721915245056]","[[1723.0225830078125, 2255.998291015625, 3999.5849609375, 2708.515380859375], [285.722900390625, 2199.4638671875, 4032.0, 2698.56201171875]]"
1840,IMG_8682,-1.2820361111111112,36.67445277777777,2023,2,Used/,,Self,IMG_8682,[],[]
1841,IMG_6877,-1.3373416666666669,36.77460555555555,2023,2,Used/,,Self,IMG_6877,[],[]
1842,IMG_8457,-1.2810055555555555,37.05704444444444,2023,2,Used/,,Self,IMG_8457,[0.3744164705276489],"[[16.575950622558594, 2778.396728515625, 1252.3297119140625, 3021.07177734375]]"
1843,IMG_7002,-1.346097222222222,36.76553611111111,2023,2,Used/,,Self,IMG_7002,[],[]
1844,IMG_8331,-1.2664055555555556,36.98895555555556,2023,2,Used/,,Self,IMG_8331,[],[]
1845,IMG_7016,-1.3391583333333332,36.77204444444445,2023,2,Used/,,Self,IMG_7016,[],[]
1846,IMG_8325,-1.265825,36.98784722222222,2023,2,Used/,,Self,IMG_8325,[],[]
1847,IMG_0779,-1.351038888888889,36.763219444444445,2023,2,Used/,,Self,IMG_0779,[],[]
1848,IMG_6308,-1.2488194444444445,36.81786666666667,2023,2,Used/,,Self,IMG_6308,[],[]
1849,IMG_8443,-1.2793194444444445,37.04604722222222,2023,2,Used/,,Self,IMG_8443,[],[]
1850,IMG_6446,-1.3141055555555556,36.79049722222222,2023,2,Used/,,Self,IMG_6446,[0.4552456736564636],"[[1919.205078125, 1595.3143310546875, 3406.9921875, 2064.436767578125]]"
1851,IMG_0751,-1.341411111111111,36.75757222222222,2023,2,Used/,,Self,IMG_0751,[],[]
1852,IMG_6320,-1.2286416666666669,36.804563888888886,2023,2,Used/,,Self,IMG_6320,[],[]
1853,IMG_8319,-1.264925,36.985594444444445,2023,2,Used/,,Self,IMG_8319,[],[]
1854,IMG_0745,-1.3408555555555557,36.75354444444445,2023,2,Used/,,Self,IMG_0745,[],[]
1855,IMG_6334,-1.2346694444444446,36.80338333333333,2023,2,Used/,,Self,IMG_6334,[],[]
1856,IMG_6452,-1.308836111111111,36.78277222222222,2023,2,Used/,,Self,IMG_6452,[],[]
1857,IMG_8494,-1.2780527777777777,37.03219166666666,2023,2,Used/,,Self,IMG_8494,[],[]
1858,IMG_8480,-1.2792222222222225,37.04405555555555,2023,2,Used/,,Self,IMG_8480,[],[]
1859,IMG_6485,-1.3057888888888889,36.78535,2023,2,Used/,,Self,IMG_6485,[],[]
1860,IMG_0792,-1.3597361111111113,36.76267222222222,2023,2,Used/,,Self,IMG_0792,[],[]
1861,IMG_0786,-1.3559583333333334,36.76206666666667,2023,2,Used/,,Self,IMG_0786,[],[]
1862,IMG_6491,-1.3060083333333334,36.78605555555556,2023,2,Used/,,Self,IMG_6491,[],[]
1863,IMG_8484,-1.2788694444444444,37.04059166666666,2023,2,Used/,,Self,IMG_8484,[],[]
1864,IMG_8490,-1.278338888888889,37.03517222222222,2023,2,Used/,,Self,IMG_8490,[],[]
1865,IMG_6495,-1.3061944444444444,36.78660555555555,2023,2,Used/,,Self,IMG_6495,[],[]
1866,IMG_0782,-1.352688888888889,36.76274444444445,2023,2,Used/,,Self,IMG_0782,[],[]
1867,IMG_0796,-1.3637694444444446,36.765502777777776,2023,2,Used/,,Self,IMG_0796,[],[]
1868,IMG_6481,-1.3058222222222222,36.78491666666667,2023,2,Used/,,Self,IMG_6481,[],[]
1869,IMG_8447,-1.2796694444444443,37.048763888888885,2023,2,Used/,,Self,IMG_8447,[],[]
1870,IMG_8321,-1.26515,36.98623888888889,2023,2,Used/,,Self,IMG_8321,[],[]
1871,IMG_7012,-1.3414166666666667,36.76893055555556,2023,2,Used/,,Self,IMG_7012,[],[]
1872,IMG_6318,-1.2280444444444445,36.80515277777778,2023,2,Used/,,Self,IMG_6318,[],[]
1873,IMG_8335,-1.2667777777777778,36.989577777777775,2023,2,Used/,,Self,IMG_8335,[0.48167428374290466],"[[1.0400344133377075, 2340.066162109375, 502.3471984863281, 2542.05419921875]]"
1874,IMG_7006,-1.3423222222222222,36.76691944444444,2023,2,Used/,,Self,IMG_7006,[],[]
1875,IMG_0769,-1.3452166666666665,36.765927777777776,2023,2,Used/,,Self,IMG_0769,[],[]
1876,IMG_8453,-1.2799944444444444,37.05184166666666,2023,2,Used/,,Self,IMG_8453,[],[]
1877,IMG_6456,-1.3085777777777778,36.781844444444445,2023,2,Used/,,Self,IMG_6456,[],[]
1878,IMG_6330,-1.2333527777777775,36.80323055555555,2023,2,Used/,,Self,IMG_6330,[],[]
1879,IMG_0741,-1.3387944444444444,36.73910277777778,2023,2,Used/,,Self,IMG_0741,[],[]
1880,IMG_6324,-1.2317833333333337,36.803397222222216,2023,2,Used/,,Self,IMG_6324,[],[]
1881,IMG_8309,-1.2642583333333333,36.98334444444445,2023,2,Used/,,Self,IMG_8309,[],[]
1882,IMG_0755,-1.3416805555555555,36.759613888888886,2023,2,Used/,,Self,IMG_0755,[],[]
1883,IMG_6442,-1.3152722222222222,36.78973888888888,2023,2,Used/,,Self,IMG_6442,[],[]
1884,IMG_8686,-1.275025,36.667319444444445,2023,2,Used/,,Self,IMG_8686,[],[]
1885,IMG_6873,-1.3350027777777778,36.778055555555554,2023,2,Used/,,Self,IMG_6873,[],[]
1886,IMG_8692,-1.263402777777778,36.66011111111111,2023,2,Used/,,Self,IMG_8692,[0.2905961573123932],"[[921.265380859375, 2512.322998046875, 3273.5478515625, 2931.30029296875]]"
1887,Animal,-1.3127027777777778,36.87007777777778,2023,2,Used/,,Self,Animal,"[0.6010825037956238, 0.4758600890636444]","[[43.43131637573242, 820.8114624023438, 3995.16455078125, 2025.4049072265625], [2098.240966796875, 909.2477416992188, 3994.109130859375, 1949.8580322265625]]"
1888,IMG_7210,-1.2848805555555554,36.80544722222222,2023,2,Used/,,Self,IMG_7210,[],[]
1889,IMG_8123,-1.329772222222222,36.8559,2023,2,Used/,,Self,IMG_8123,[],[]
1890,IMG_7576,-1.289211111111111,36.81221388888888,2023,2,Used/,,Self,IMG_7576,[],[]
1891,IMG_8645,-1.3037805555555555,36.74833888888889,2023,2,Used/,,Self,IMG_8645,[],[]
1892,IMG_7562,-1.248352777777778,36.81652777777777,2023,2,Used/,,Self,IMG_7562,[],[]
1893,IMG_8651,-1.3064361111111111,36.73952222222222,2023,2,Used/,,Self,IMG_8651,[],[]
1894,IMG_7204,-1.2857944444444442,36.80490277777778,2023,2,Used/,,Self,IMG_7204,[],[]
1895,IMG_8137,-1.329688888888889,36.87135,2023,2,Used/,,Self,IMG_8137,[],[]
1896,IMG_8679,-1.2862888888888888,36.680455555555554,2023,2,Used/,,Self,IMG_8679,[],[]
1897,IMG_7238,-1.2786,36.803463888888885,2023,2,Used/,,Self,IMG_7238,[],[]
1898,IMG_8094,-1.3085194444444446,36.82826111111111,2023,2,Used/,,Self,IMG_8094,[],[]
1899,IMG_8080,-1.2926138888888887,36.820552777777785,2023,2,Used/,,Self,IMG_8080,[],[]
1900,IMG_7364,-1.295122222222222,36.80226388888889,2023,2,Used/,,Self,IMG_7364,[],[]
1901,IMG_8057,-1.2975055555555557,36.80486944444444,2023,2,Used/,,Self,IMG_8057,[0.4106876850128174],"[[61.745689392089844, 537.9085083007812, 1351.97021484375, 790.1199951171875]]"
1902,IMG_7402,-1.2987638888888888,36.798830555555554,2023,2,Used/,,Self,IMG_7402,[],[]
1903,IMG_8731,-1.0103722222222222,36.601680555555554,2023,2,Used/,,Self,IMG_8731,[0.25264450907707214],"[[2201.619140625, 1786.40673828125, 4015.601806640625, 2193.021240234375]]"
1904,IMG_8725,-1.055938888888889,36.60271388888889,2023,2,Used/,,Self,IMG_8725,[],[]
1905,IMG_7370,-1.2953472222222222,36.80257222222222,2023,2,Used/,,Self,IMG_7370,[],[]
1906,IMG_8043,-1.2984555555555557,36.798344444444446,2023,2,Used/,,Self,IMG_8043,[],[]
1907,IMG_7358,-1.2944444444444445,36.80019444444444,2023,2,Used/,,Self,IMG_7358,[],[]
1908,IMG_8719,-1.216616666666667,36.66255555555556,2023,2,Used/,,Self,IMG_8719,[],[]
1909,IMG_0812,-1.375916666666667,36.76972222222222,2023,2,Used/,,Self,IMG_0812,[],[]
1910,IMG_8296,-1.2675694444444443,36.97989444444445,2023,2,Used/,,Self,IMG_8296,[0.6427608132362366],"[[1113.6468505859375, 1548.7294921875, 1807.17431640625, 2493.92236328125]]"
1911,IMG_0806,-1.370625,36.767852777777776,2023,2,Used/,,Self,IMG_0806,[],[]
1912,IMG_8282,-1.274222222222222,36.97268611111112,2023,2,Used/,,Self,IMG_8282,[],[]
1913,IMG_7827,-1.3121027777777778,36.87036388888889,2023,2,Used/,,Self,IMG_7827,[0.7086594700813293],"[[1503.0753173828125, 1318.9124755859375, 4032.0, 3024.0]]"
1914,IMG_6287,-1.2600472222222223,36.83680277777778,2023,2,Used/,,Self,IMG_6287,[],[]
1915,IMG_7199,-1.2865555555555557,36.80467222222222,2023,2,Used/,,Self,IMG_7199,[0.5607566237449646],"[[2543.26318359375, 2253.095458984375, 4028.203857421875, 3009.85595703125]]"
1916,IMG_6293,-1.2592333333333334,36.83551944444445,2023,2,Used/,,Self,IMG_6293,[],[]
1917,IMG_7833,-1.312013888888889,36.87039444444444,2023,2,Used/,,Self,IMG_7833,[],[]
1918,IMG_8533,-1.2686527777777776,36.9925,2023,2,Used/,,Self,IMG_8533,[],[]
1919,IMG_8255,-1.282908333333333,36.95982222222222,2023,2,Used/,,Self,IMG_8255,[],[]
1920,IMG_7166,-1.2896249999999998,36.79740833333333,2023,2,Used/,,Self,IMG_7166,[],[]
1921,IMG_6278,-1.2626305555555557,36.839444444444446,2023,2,Used/,,Self,IMG_6278,[],[]
1922,IMG_8241,-1.2865888888888888,36.95395277777778,2023,2,Used/,,Self,IMG_8241,[0.4517112076282501],"[[2428.79248046875, 2480.1123046875, 3423.1328125, 2751.83740234375]]"
1923,IMG_7172,-1.2896916666666665,36.798002777777775,2023,2,Used/,,Self,IMG_7172,[],[]
1924,IMG_8527,-1.2694055555555557,36.99372222222223,2023,2,Used/,,Self,IMG_8527,[],[]
1925,IMG_7614,-1.2856777777777777,36.82081111111111,2023,2,Used/,,Self,IMG_7614,[],[]
1926,IMG_6522,-1.303063888888889,36.78815555555556,2023,2,Used/,,Self,IMG_6522,"[0.4336319863796234, 0.2508859932422638]","[[2817.761474609375, 1594.6939697265625, 4032.0, 1946.013916015625], [34.23779296875, 1661.375732421875, 1654.0015869140625, 1814.0885009765625]]"
1927,IMG_0635,-1.2991277777777777,36.77508888888889,2023,2,Used/,,Self,IMG_0635,[],[]
1928,IMG_8269,-1.2796472222222222,36.966119444444445,2023,2,Used/,,Self,IMG_8269,[],[]
1929,IMG_6244,-1.275611111111111,36.82312777777778,2023,2,Used/,,Self,IMG_6244,[0.3274899423122406],"[[2226.144287109375, 1986.4644775390625, 4032.0, 2285.313720703125]]"
1930,IMG_6250,-1.2745805555555556,36.82420555555556,2023,2,Used/,,Self,IMG_6250,[],[]
1931,IMG_6536,-1.298447222222222,36.788069444444446,2023,2,Used/,,Self,IMG_6536,[],[]
1932,IMG_7628,-1.3012555555555556,36.83768055555556,2023,2,Used/,,Self,IMG_7628,[],[]
1933,IMG_6251,-1.2744666666666666,36.82435555555556,2023,2,Used/,,Self,IMG_6251,[],[]
1934,IMG_7629,-1.302538888888889,36.83831944444445,2023,2,Used/,,Self,IMG_7629,[],[]
1935,IMG_6537,-1.2983305555555555,36.788069444444446,2023,2,Used/,,Self,IMG_6537,[],[]
1936,IMG_6523,-1.3029222222222223,36.78817222222222,2023,2,Used/,,Self,IMG_6523,[0.29876622557640076],"[[1.583074927330017, 1141.85107421875, 485.7926025390625, 1447.418212890625]]"
1937,IMG_6245,-1.2754805555555555,36.8232,2023,2,Used/,,Self,IMG_6245,[],[]
1938,IMG_8268,-1.279875,36.96563055555556,2023,2,Used/,,Self,IMG_8268,[],[]
1939,IMG_0634,-1.299122222222222,36.77516944444445,2023,2,Used/,,Self,IMG_0634,[],[]
1940,IMG_7173,-1.289586111111111,36.79807777777778,2023,2,Used/,,Self,IMG_7173,"[0.47538480162620544, 0.33236658573150635]","[[1920.4605712890625, 1620.1021728515625, 2606.84521484375, 1972.8809814453125], [933.81884765625, 1707.6937255859375, 1918.9832763671875, 2003.4168701171875]]"
1941,IMG_8240,-1.2868805555555554,36.95347777777778,2023,2,Used/,,Self,IMG_8240,[],[]
1942,IMG_7615,-1.285197222222222,36.82051944444445,2023,2,Used/,,Self,IMG_7615,[],[]
1943,IMG_8526,-1.2694944444444445,36.99388611111111,2023,2,Used/,,Self,IMG_8526,[0.6144188642501831],"[[63.24647521972656, 2254.654296875, 1359.34033203125, 2593.84228515625]]"
1944,IMG_8532,-1.2687305555555557,36.99264444444445,2023,2,Used/,,Self,IMG_8532,[],[]
1945,IMG_6279,-1.2625694444444444,36.83951388888889,2023,2,Used/,,Self,IMG_6279,[],[]
1946,IMG_7167,-1.2896444444444444,36.79752777777777,2023,2,Used/,,Self,IMG_7167,[0.4474985897541046],"[[1088.943603515625, 2706.843017578125, 3081.61083984375, 3024.0]]"
1947,IMG_8254,-1.283111111111111,36.95951111111111,2023,2,Used/,,Self,IMG_8254,[],[]
1948,IMG_6292,-1.259311111111111,36.83565277777778,2023,2,Used/,,Self,IMG_6292,[],[]
1949,IMG_7832,-1.312013888888889,36.87039444444444,2023,2,Used/,,Self,IMG_7832,[],[]
1950,IMG_7826,-1.3121027777777778,36.87036388888889,2023,2,Used/,,Self,IMG_7826,"[0.7182700037956238, 0.6394188404083252]","[[0.0, 1172.1436767578125, 1740.6396484375, 3024.0], [1884.4862060546875, 1489.1451416015625, 2953.14990234375, 2252.771728515625]]"
1951,IMG_7198,-1.2866444444444445,36.80463888888889,2023,2,Used/,,Self,IMG_7198,[0.3343016803264618],"[[2601.249755859375, 1987.1182861328125, 3401.08935546875, 2292.469970703125]]"
1952,IMG_6286,-1.260113888888889,36.83690555555556,2023,2,Used/,,Self,IMG_6286,[],[]
1953,IMG_8283,-1.2741,36.97283611111112,2023,2,Used/,,Self,IMG_8283,[],[]
1954,IMG_0807,-1.3714055555555555,36.76824166666667,2023,2,Used/,,Self,IMG_0807,[],[]
1955,IMG_8297,-1.267097222222222,36.98031111111112,2023,2,Used/,,Self,IMG_8297,[],[]
1956,IMG_0813,-1.3775638888888888,36.76995555555556,2023,2,Used/,,Self,IMG_0813,[],[]
1957,IMG_8718,-1.2179805555555556,36.66274722222222,2023,2,Used/,,Self,IMG_8718,[],[]
1958,IMG_7359,-1.294925,36.80038888888889,2023,2,Used/,,Self,IMG_7359,[],[]
1959,IMG_8724,-1.0560888888888889,36.602647222222224,2023,2,Used/,,Self,IMG_8724,[],[]
1960,IMG_8042,-1.2981388888888887,36.79826666666666,2023,2,Used/,,Self,IMG_8042,[],[]
1961,IMG_7371,-1.295461111111111,36.80251666666666,2023,2,Used/,,Self,IMG_7371,[],[]
1962,IMG_8056,-1.2975833333333333,36.80418333333333,2023,2,Used/,,Self,IMG_8056,[],[]
1963,IMG_7365,-1.2950527777777776,36.802391666666665,2023,2,Used/,,Self,IMG_7365,[],[]
1964,IMG_8730,-1.0106666666666666,36.60147777777778,2023,2,Used/,,Self,IMG_8730,[],[]
1965,IMG_7403,-1.2988055555555555,36.79862222222222,2023,2,Used/,,Self,IMG_7403,[],[]
1966,IMG_8081,-1.2935777777777775,36.82098055555556,2023,2,Used/,,Self,IMG_8081,[],[]
1967,IMG_8095,-1.3092777777777778,36.828613888888896,2023,2,Used/,,Self,IMG_8095,[],[]
1968,IMG_7239,-1.278522222222222,36.80334722222222,2023,2,Used/,,Self,IMG_7239,[],[]
1969,IMG_8678,-1.287113888888889,36.68160555555556,2023,2,Used/,,Self,IMG_8678,[],[]
1970,IMG_8650,-1.3061027777777778,36.74114166666667,2023,2,Used/,,Self,IMG_8650,[],[]
1971,IMG_8136,-1.3296972222222223,36.87116111111112,2023,2,Used/,,Self,IMG_8136,[],[]
1972,IMG_7205,-1.2856527777777778,36.804944444444445,2023,2,Used/,,Self,IMG_7205,[0.26261425018310547],"[[1530.8165283203125, 2624.807861328125, 3624.06494140625, 3024.0]]"
1973,IMG_8122,-1.329288888888889,36.85506388888889,2023,2,Used/,,Self,IMG_8122,[],[]
1974,IMG_7211,-1.2820388888888887,36.80696944444444,2023,2,Used/,,Self,IMG_7211,[],[]
1975,IMG_8644,-1.3028666666666666,36.750972222222224,2023,2,Used/,,Self,IMG_8644,[],[]
1976,IMG_8693,-1.2612472222222222,36.66092777777778,2023,2,Used/,,Self,IMG_8693,[],[]
1977,IMG_6872,-1.3346888888888888,36.778675,2023,2,Used/,,Self,IMG_6872,[],[]
1978,IMG_8687,-1.2737611111111111,36.66573333333333,2023,2,Used/,,Self,IMG_8687,[],[]
1979,IMG_0754,-1.3415527777777776,36.75852777777778,2023,2,Used/,,Self,IMG_0754,[],[]
1980,IMG_8308,-1.264138888888889,36.98293055555556,2023,2,Used/,,Self,IMG_8308,[],[]
1981,IMG_6325,-1.2317972222222224,36.80337222222222,2023,2,Used/,,Self,IMG_6325,[],[]
1982,IMG_6443,-1.3147555555555557,36.78991944444444,2023,2,Used/,,Self,IMG_6443,[0.39049988985061646],"[[2679.3310546875, 2162.579345703125, 4027.703857421875, 3024.0]]"
1983,IMG_6457,-1.3090805555555556,36.78264166666666,2023,2,Used/,,Self,IMG_6457,"[0.5437015295028687, 0.2561645209789276]","[[2528.899658203125, 1592.7147216796875, 3198.922119140625, 1999.924560546875], [1170.219970703125, 78.95047760009766, 2747.70166015625, 674.9197387695312]]"
1984,IMG_0740,-1.338666666666667,36.73812777777778,2023,2,Used/,,Self,IMG_0740,[],[]
1985,IMG_6331,-1.234688888888889,36.80383055555555,2023,2,Used/,,Self,IMG_6331,[],[]
1986,IMG_0768,-1.344486111111111,36.76620555555556,2023,2,Used/,,Self,IMG_0768,[],[]
1987,IMG_7007,-1.3423388888888887,36.76714444444444,2023,2,Used/,,Self,IMG_7007,[],[]
1988,IMG_8334,-1.2666388888888889,36.98936944444444,2023,2,Used/,,Self,IMG_8334,[],[]
1989,IMG_6319,-1.2283361111111113,36.804744444444445,2023,2,Used/,,Self,IMG_6319,[],[]
1990,IMG_8452,-1.279986111111111,37.05165555555556,2023,2,Used/,,Self,IMG_8452,[],[]
1991,IMG_8446,-1.2796083333333332,37.04815,2023,2,Used/,,Self,IMG_8446,[],[]
1992,IMG_7013,-1.3413305555555557,36.76905,2023,2,Used/,,Self,IMG_7013,[],[]
1993,IMG_8320,-1.2649972222222223,36.985819444444445,2023,2,Used/,,Self,IMG_8320,[],[]
1994,IMG_0797,-1.3646222222222224,36.76613055555556,2023,2,Used/,,Self,IMG_0797,[],[]
1995,IMG_6480,-1.3058444444444446,36.78479444444445,2023,2,Used/,,Self,IMG_6480,[],[]
1996,IMG_6494,-1.3061333333333334,36.786427777777774,2023,2,Used/,,Self,IMG_6494,[],[]
1997,IMG_0783,-1.353827777777778,36.76222777777778,2023,2,Used/,,Self,IMG_0783,[],[]
1998,IMG_8491,-1.2782444444444443,37.03423055555555,2023,2,Used/,,Self,IMG_8491,[],[]
1999,IMG_8485,-1.278736111111111,37.03936111111111,2023,2,Used/,,Self,IMG_8485,[],[]
2000,IMG_8493,-1.2781194444444444,37.03292222222222,2023,2,Used/,,Self,IMG_8493,[0.2564028203487396],"[[3.4402174949645996, 2530.998046875, 540.35107421875, 2840.463134765625]]"
2001,IMG_8487,-1.2784694444444444,37.03665833333333,2023,2,Used/,,Self,IMG_8487,"[0.7529041171073914, 0.31886303424835205]","[[2352.484619140625, 1750.988525390625, 4008.41552734375, 2277.67138671875], [182.2420196533203, 1779.3775634765625, 4032.0, 2538.077880859375]]"
2002,IMG_6482,-1.3058055555555557,36.78498055555556,2023,2,Used/,,Self,IMG_6482,[],[]
2003,IMG_0795,-1.3628555555555557,36.764675,2023,2,Used/,,Self,IMG_0795,[],[]
2004,IMG_0781,-1.3520194444444444,36.76290555555556,2023,2,Used/,,Self,IMG_0781,[],[]
2005,IMG_6496,-1.3062222222222222,36.78669444444444,2023,2,Used/,,Self,IMG_6496,[],[]
2006,IMG_7788,-1.3147111111111112,36.87216388888889,2023,2,Used/,,Self,IMG_7788,[],[]
2007,IMG_8450,-1.279886111111111,37.05073055555555,2023,2,Used/,,Self,IMG_8450,[],[]
2008,IMG_7005,-1.3423444444444443,36.76691111111111,2023,2,Used/,,Self,IMG_7005,[],[]
2009,IMG_8336,-1.266997222222222,36.98991388888889,2023,2,Used/,,Self,IMG_8336,[],[]
2010,IMG_7011,-1.3416027777777777,36.76869166666667,2023,2,Used/,,Self,IMG_7011,[],[]
2011,IMG_8322,-1.265363888888889,36.98677777777778,2023,2,Used/,,Self,IMG_8322,[],[]
2012,IMG_8444,-1.2800888888888888,37.04691388888889,2023,2,Used/,,Self,IMG_8444,"[0.5494657754898071, 0.47788920998573303]","[[0.0, 2100.511474609375, 3026.440673828125, 2936.005859375], [1015.3656616210938, 2162.537109375, 2989.768798828125, 2778.902099609375]]"
2013,IMG_6469,-1.3067222222222223,36.78318888888889,2023,2,Used/,,Self,IMG_6469,[0.4828908443450928],"[[420.7033996582031, 2119.947509765625, 4032.0, 3024.0]]"
2014,IMG_6441,-1.315463888888889,36.790255555555554,2023,2,Used/,,Self,IMG_6441,[],[]
2015,IMG_6327,-1.232677777777778,36.80315,2023,2,Used/,,Self,IMG_6327,[],[]
2016,IMG_7039,-1.3151111111111111,36.78948888888889,2023,2,Used/,,Self,IMG_7039,[],[]
2017,IMG_0756,-1.3417472222222222,36.76031944444444,2023,2,Used/,,Self,IMG_0756,[],[]
2018,IMG_6333,-1.2346666666666668,36.803425,2023,2,Used/,,Self,IMG_6333,[],[]
2019,IMG_0742,-1.339175,36.74164444444445,2023,2,Used/,,Self,IMG_0742,[],[]
2020,IMG_8478,-1.2793666666666663,37.045497222222224,2023,2,Used/,,Self,IMG_8478,"[0.4790433645248413, 0.3212187588214874]","[[69.94830322265625, 2476.560546875, 4032.0, 3004.897705078125], [318.1751708984375, 2603.8173828125, 2659.810546875, 3023.42041015625]]"
2021,IMG_6455,-1.308775,36.78276388888889,2023,2,Used/,,Self,IMG_6455,[],[]
2022,IMG_8691,-1.2650222222222225,36.65974722222222,2023,2,Used/,,Self,IMG_8691,[],[]
2023,IMG_8685,-1.2762944444444444,36.66874444444444,2023,2,Used/,,Self,IMG_8685,[],[]
2024,IMG_6870,-1.3344583333333333,36.77909722222222,2023,2,Used/,,Self,IMG_6870,[0.7199223637580872],"[[0.0, 1163.33740234375, 1576.132568359375, 1566.6600341796875]]"
2025,IMG_8134,-1.329772222222222,36.87046111111111,2023,2,Used/,,Self,IMG_8134,[],[]
2026,IMG_7207,-1.2854444444444444,36.80506111111111,2023,2,Used/,,Self,IMG_7207,[],[]
2027,IMG_8652,-1.3067,36.73837222222223,2023,2,Used/,,Self,IMG_8652,[],[]
2028,IMG_7561,-1.2484444444444445,36.81662222222222,2023,2,Used/,,Self,IMG_7561,[],[]
2029,IMG_8646,-1.3043277777777778,36.74672222222223,2023,2,Used/,,Self,IMG_8646,[],[]
2030,IMG_7575,-1.289,36.81248055555555,2023,2,Used/,,Self,IMG_7575,[],[]
2031,IMG_8120,-1.3271777777777778,36.85179166666667,2023,2,Used/,,Self,IMG_8120,[0.2664659321308136],"[[0.0, 2462.97119140625, 567.6741333007812, 2747.367919921875]]"
2032,IMG_7213,-1.2817055555555554,36.80721944444444,2023,2,Used/,,Self,IMG_7213,[],[]
2033,IMG_8108,-1.3199277777777778,36.83914444444445,2023,2,Used/,,Self,IMG_8108,[0.3681870102882385],"[[5.351673603057861, 1692.3232421875, 1225.300048828125, 2620.53564453125]]"
2034,IMG_8083,-1.296486111111111,36.82271388888889,2023,2,Used/,,Self,IMG_8083,[0.2958211898803711],"[[503.5750732421875, 1956.6802978515625, 2402.5146484375, 2550.902099609375]]"
2035,IMG_8097,-1.3105472222222223,36.82922222222223,2023,2,Used/,,Self,IMG_8097,[],[]
2036,IMG_7398,-1.2984638888888889,36.80029444444444,2023,2,Used/,,Self,IMG_7398,[],[]
2037,IMG_8040,-1.2973027777777777,36.79808055555555,2023,2,Used/,,Self,IMG_8040,[],[]
2038,IMG_7373,-1.296672222222222,36.80266111111111,2023,2,Used/,,Self,IMG_7373,[],[]
2039,IMG_8726,-1.0431916666666667,36.60279722222222,2023,2,Used/,,Self,IMG_8726,[],[]
2040,IMG_8732,-0.9971472222222222,36.60093611111111,2023,2,Used/,,Self,IMG_8732,[],[]
2041,IMG_7401,-1.2987416666666665,36.79893888888888,2023,2,Used/,,Self,IMG_7401,[],[]
2042,IMG_8054,-1.2976694444444443,36.80392777777777,2023,2,Used/,,Self,IMG_8054,[],[]
2043,IMG_7367,-1.2950555555555554,36.80246666666666,2023,2,Used/,,Self,IMG_7367,[],[]
2044,IMG_8068,-1.2939138888888888,36.81177777777778,2023,2,Used/,,Self,IMG_8068,[],[]
2045,IMG_0805,-1.3700777777777775,36.76758611111111,2023,2,Used/,,Self,IMG_0805,[],[]
2046,IMG_8281,-1.274922222222222,36.97194722222223,2023,2,Used/,,Self,IMG_8281,[],[]
2047,IMG_0811,-1.375133333333333,36.76961111111111,2023,2,Used/,,Self,IMG_0811,[],[]
2048,IMG_8295,-1.2678138888888888,36.97968333333333,2023,2,Used/,,Self,IMG_8295,[],[]
2049,IMG_7818,-1.3121833333333337,36.870266666666666,2023,2,Used/,,Self,IMG_7818,"[0.5804173350334167, 0.5427423119544983, 0.2514213025569916]","[[106.47438049316406, 1900.5965576171875, 3908.772216796875, 3011.15771484375], [1.677282691001892, 1882.880126953125, 1217.57373046875, 2215.643798828125], [2218.1259765625, 2272.078125, 3999.010986328125, 3021.32080078125]]"
2050,IMG_7830,-1.3121194444444444,36.87037222222222,2023,2,Used/,,Self,IMG_7830,[],[]
2051,IMG_6290,-1.2596916666666669,36.83623611111111,2023,2,Used/,,Self,IMG_6290,[],[]
2052,IMG_6284,-1.2602694444444444,36.83721388888889,2023,2,Used/,,Self,IMG_6284,[],[]
2053,IMG_7824,-1.3121027777777778,36.87036388888889,2023,2,Used/,,Self,IMG_7824,"[0.34832632541656494, 0.30171093344688416, 0.25273367762565613]","[[437.92535400390625, 1803.3848876953125, 4030.45947265625, 3018.444580078125], [0.0, 1672.6331787109375, 1721.751953125, 3015.270263671875], [0.0, 1528.977294921875, 1781.8048095703125, 2555.054443359375]]"
2054,IMG_6509,-1.3051333333333337,36.78775,2023,2,Used/,,Self,IMG_6509,[],[]
2055,IMG_7617,-1.2891194444444445,36.82062777777778,2023,2,Used/,,Self,IMG_7617,[0.3570667505264282],"[[1468.575927734375, 2739.16455078125, 3637.586181640625, 3022.09912109375]]"
2056,IMG_8524,-1.270436111111111,36.99553888888889,2023,2,Used/,,Self,IMG_8524,[0.33242106437683105],"[[3.333993434906006, 2438.17138671875, 1204.349853515625, 2935.156982421875]]"
2057,IMG_7171,-1.289736111111111,36.797919444444446,2023,2,Used/,,Self,IMG_7171,[],[]
2058,IMG_8242,-1.286522222222222,36.95405555555556,2023,2,Used/,,Self,IMG_8242,[],[]
2059,IMG_7165,-1.289572222222222,36.79728055555555,2023,2,Used/,,Self,IMG_7165,[],[]
2060,IMG_8256,-1.282713888888889,36.96014722222223,2023,2,Used/,,Self,IMG_8256,[],[]
2061,IMG_7603,-1.2899027777777776,36.80976944444444,2023,2,Used/,,Self,IMG_7603,[],[]
2062,IMG_8530,-1.2689472222222222,36.99299166666667,2023,2,Used/,,Self,IMG_8530,[],[]
2063,IMG_6535,-1.2985972222222222,36.788069444444446,2023,2,Used/,,Self,IMG_6535,[],[]
2064,IMG_8518,-1.2729472222222222,36.99950833333333,2023,2,Used/,,Self,IMG_8518,[0.33775997161865234],"[[1.4886268377304077, 2447.585693359375, 468.8592224121094, 2723.460693359375]]"
2065,IMG_6253,-1.2733472222222222,36.82582222222223,2023,2,Used/,,Self,IMG_6253,[],[]
2066,IMG_0636,-1.2991388888888888,36.774855555555554,2023,2,Used/,,Self,IMG_0636,[],[]
2067,IMG_7159,-1.2893694444444443,36.79656666666666,2023,2,Used/,,Self,IMG_7159,[],[]
2068,IMG_6247,-1.2751138888888889,36.82349444444445,2023,2,Used/,,Self,IMG_6247,[],[]
2069,IMG_6521,-1.3037444444444446,36.78812222222222,2023,2,Used/,,Self,IMG_6521,[],[]
2070,IMG_6246,-1.2752277777777776,36.82338055555556,2023,2,Used/,,Self,IMG_6246,[],[]
2071,IMG_7158,-1.2892944444444443,36.79645277777777,2023,2,Used/,,Self,IMG_7158,[],[]
2072,IMG_0637,-1.2991722222222222,36.77453055555556,2023,2,Used/,,Self,IMG_0637,[],[]
2073,IMG_6520,-1.3037444444444446,36.78812222222222,2023,2,Used/,,Self,IMG_6520,[],[]
2074,IMG_8519,-1.2725805555555556,36.99890555555556,2023,2,Used/,,Self,IMG_8519,[],[]
2075,IMG_6534,-1.2986972222222222,36.788069444444446,2023,2,Used/,,Self,IMG_6534,[0.6463338136672974],"[[851.527587890625, 1228.7333984375, 1420.5828857421875, 1459.3651123046875]]"
2076,IMG_6252,-1.27435,36.82451666666667,2023,2,Used/,,Self,IMG_6252,[],[]
2077,IMG_8257,-1.2825777777777778,36.960369444444446,2023,2,Used/,,Self,IMG_8257,[],[]
2078,IMG_7164,-1.2895527777777778,36.79722777777778,2023,2,Used/,,Self,IMG_7164,[],[]
2079,IMG_8531,-1.2688472222222222,36.992825,2023,2,Used/,,Self,IMG_8531,[],[]
2080,IMG_7602,-1.2900666666666665,36.809530555555554,2023,2,Used/,,Self,IMG_7602,[],[]
2081,IMG_8525,-1.2701694444444445,36.99499444444445,2023,2,Used/,,Self,IMG_8525,[],[]
2082,IMG_7616,-1.2890388888888888,36.820569444444445,2023,2,Used/,,Self,IMG_7616,[0.2693648338317871],"[[1305.9560546875, 2811.00390625, 3252.076904296875, 3012.32861328125]]"
2083,IMG_6508,-1.3052777777777778,36.787708333333335,2023,2,Used/,,Self,IMG_6508,[],[]
2084,IMG_8243,-1.2864583333333333,36.954169444444446,2023,2,Used/,,Self,IMG_8243,[],[]
2085,IMG_7170,-1.2897277777777776,36.797875,2023,2,Used/,,Self,IMG_7170,[],[]
2086,IMG_6285,-1.2602472222222223,36.837069444444445,2023,2,Used/,,Self,IMG_6285,[],[]
2087,IMG_7825,-1.3121027777777778,36.87036388888889,2023,2,Used/,,Self,IMG_7825,"[0.7546178698539734, 0.5136751532554626, 0.45522767305374146]","[[0.0, 1348.8570556640625, 1773.1123046875, 3021.138671875], [1945.8209228515625, 1677.0638427734375, 3137.88671875, 2457.520263671875], [31.644962310791016, 1838.0772705078125, 1791.143310546875, 3024.0]]"
2088,IMG_7831,-1.3121194444444444,36.870358333333336,2023,2,Used/,,Self,IMG_7831,[0.34161487221717834],"[[990.9796752929688, 2932.69482421875, 2184.809326171875, 3422.853515625]]"
2089,IMG_6291,-1.2593472222222222,36.83571944444445,2023,2,Used/,,Self,IMG_6291,[],[]
2090,IMG_8294,-1.2680305555555555,36.97948611111112,2023,2,Used/,,Self,IMG_8294,[0.28522804379463196],"[[0.0, 1898.7193603515625, 2008.48095703125, 2397.745849609375]]"
2091,IMG_0810,-1.3742444444444444,36.76944722222222,2023,2,Used/,,Self,IMG_0810,[],[]
2092,IMG_7819,-1.3121805555555557,36.870266666666666,2023,2,Used/,,Self,IMG_7819,[0.8049848079681396],"[[2530.420654296875, 1962.8236083984375, 3999.309326171875, 2288.26025390625]]"
2093,IMG_8280,-1.2750694444444444,36.97178611111112,2023,2,Used/,,Self,IMG_8280,[],[]
2094,IMG_0804,-1.3689472222222223,36.76747777777778,2023,2,Used/,,Self,IMG_0804,[],[]
2095,IMG_8069,-1.2939222222222222,36.81205,2023,2,Used/,,Self,IMG_8069,[],[]
2096,IMG_7400,-1.2987027777777778,36.79914444444445,2023,2,Used/,,Self,IMG_7400,[],[]
2097,IMG_8733,-0.9968805555555555,36.60086111111112,2023,2,Used/,,Self,IMG_8733,[],[]
2098,IMG_7366,-1.2950499999999998,36.80243055555555,2023,2,Used/,,Self,IMG_7366,[],[]
2099,IMG_8055,-1.2976388888888888,36.80396944444444,2023,2,Used/,,Self,IMG_8055,[],[]
2100,IMG_7372,-1.296472222222222,36.80262222222222,2023,2,Used/,,Self,IMG_7372,[],[]
2101,IMG_8041,-1.2979027777777776,36.79821944444444,2023,2,Used/,,Self,IMG_8041,[],[]
2102,IMG_8727,-1.001363888888889,36.59317222222222,2023,2,Used/,,Self,IMG_8727,[],[]
2103,IMG_7399,-1.2986777777777776,36.79924722222222,2023,2,Used/,,Self,IMG_7399,[],[]
2104,IMG_8096,-1.3099055555555557,36.82893055555556,2023,2,Used/,,Self,IMG_8096,[],[]
2105,IMG_8082,-1.294922222222222,36.821738888888895,2023,2,Used/,,Self,IMG_8082,[],[]
2106,IMG_6124,-1.2964388888888887,36.79532777777778,2023,1,Used/,,Self,IMG_6124,[],[]
2107,IMG_8109,-1.3201972222222222,36.8396,2023,2,Used/,,Self,IMG_8109,[],[]
2108,IMG_8647,-1.3051527777777778,36.74452222222222,2023,2,Used/,,Self,IMG_8647,[],[]
2109,IMG_7212,-1.2818805555555557,36.80704444444444,2023,2,Used/,,Self,IMG_7212,[],[]
2110,IMG_8121,-1.328922222222222,36.85447222222222,2023,2,Used/,,Self,IMG_8121,[],[]
2111,IMG_7206,-1.2855916666666665,36.80497777777777,2023,2,Used/,,Self,IMG_7206,[],[]
2112,IMG_8135,-1.3297444444444444,36.87074722222222,2023,2,Used/,,Self,IMG_8135,[0.43280842900276184],"[[2.649352788925171, 2753.18310546875, 1475.3096923828125, 3014.996826171875]]"
2113,IMG_8653,-1.3072222222222225,36.73646111111111,2023,2,Used/,,Self,IMG_8653,[],[]
2114,IMG_6871,-1.3346305555555555,36.77876666666666,2023,2,Used/,,Self,IMG_6871,[],[]
2115,IMG_8684,-1.2779166666666666,36.67038333333333,2023,2,Used/,,Self,IMG_8684,[],[]
2116,IMG_8690,-1.2667194444444445,36.65979444444445,2023,2,Used/,,Self,IMG_8690,[],[]
2117,IMG_0743,-1.3407055555555554,36.75248333333333,2023,2,Used/,,Self,IMG_0743,[],[]
2118,IMG_6332,-1.2346361111111113,36.80351944444444,2023,2,Used/,,Self,IMG_6332,[],[]
2119,IMG_6454,-1.3088333333333333,36.78275,2023,2,Used/,,Self,IMG_6454,[],[]
2120,IMG_8479,-1.2792805555555555,37.04469722222222,2023,2,Used/,,Self,IMG_8479,[],[]
2121,IMG_6440,-1.3154333333333337,36.79029722222222,2023,2,Used/,,Self,IMG_6440,[0.4123283624649048],"[[1587.9793701171875, 2704.334228515625, 3493.2119140625, 3020.541015625]]"
2122,IMG_0757,-1.3418444444444444,36.76108055555556,2023,2,Used/,,Self,IMG_0757,[],[]
2123,IMG_7038,-1.315208333333333,36.78941111111111,2023,2,Used/,,Self,IMG_7038,[],[]
2124,IMG_6326,-1.2323055555555558,36.8032,2023,2,Used/,,Self,IMG_6326,[],[]
2125,IMG_8323,-1.2655083333333332,36.98713333333333,2023,2,Used/,,Self,IMG_8323,[],[]
2126,IMG_7010,-1.3417694444444443,36.76844722222222,2023,2,Used/,,Self,IMG_7010,[],[]
2127,IMG_6468,-1.3067611111111113,36.78313055555555,2023,2,Used/,,Self,IMG_6468,[],[]
2128,IMG_8445,-1.2795416666666666,37.04765277777778,2023,2,Used/,,Self,IMG_8445,"[0.6040377616882324, 0.3320121169090271, 0.2827913463115692]","[[720.9100952148438, 2395.9013671875, 4032.0, 3000.3857421875], [1197.70556640625, 2492.453857421875, 3233.055419921875, 3002.78125], [1917.4105224609375, 2364.617431640625, 4011.4052734375, 2888.342529296875]]"
2129,IMG_8451,-1.279986111111111,37.05165555555556,2023,2,Used/,,Self,IMG_8451,[],[]
2130,IMG_8337,-1.2671027777777777,36.99009722222223,2023,2,Used/,,Self,IMG_8337,[],[]
2131,IMG_7004,-1.3424055555555554,36.76673611111111,2023,2,Used/,,Self,IMG_7004,[],[]
2132,IMG_0780,-1.3513916666666668,36.76306111111112,2023,2,Used/,,Self,IMG_0780,[],[]
2133,IMG_7789,-1.3142416666666668,36.87220833333333,2023,2,Used/,,Self,IMG_7789,[0.5659470558166504],"[[0.0, 2336.0029296875, 1925.776611328125, 3024.0]]"
2134,IMG_6497,-1.306238888888889,36.78677777777778,2023,2,Used/,,Self,IMG_6497,[],[]
2135,IMG_6483,-1.305791666666667,36.78505,2023,2,Used/,,Self,IMG_6483,[],[]
2136,IMG_0794,-1.3616194444444445,36.76356944444444,2023,2,Used/,,Self,IMG_0794,[],[]
2137,IMG_8486,-1.2786472222222225,37.038513888888886,2023,2,Used/,,Self,IMG_8486,[],[]
2138,IMG_8492,-1.2781833333333332,37.03363333333333,2023,2,Used/,,Self,IMG_8492,[],[]
2139,IMG_20230212_080700,-1.2992503641666666,36.762954711666666,2023,2,Used/,,Self,IMG_20230212_080700,[],[]
2140,IMG_20230212_082117,-1.2504570483333333,36.66455841055556,2023,2,Used/,,Self,IMG_20230212_082117,[],[]
2141,IMG_20230212_082103,-1.2560166119444445,36.66281890861111,2023,2,Used/,,Self,IMG_20230212_082103,[],[]
2142,IMG_20230212_081344,-1.3033380508333334,36.70571136472223,2023,2,Used/,,Self,IMG_20230212_081344,[],[]
2143,IMG_20230212_081350,-1.3033380508333334,36.70571136472223,2023,2,Used/,,Self,IMG_20230212_081350,[],[]
2144,IMG_20230212_080728,-1.3002673386111112,36.75717926,2023,2,Used/,,Self,IMG_20230212_080728,[],[]
2145,IMG_20230212_081218,-1.3051530122222224,36.71574783305556,2023,2,Used/,,Self,IMG_20230212_081218,[],[]
2146,IMG_20230212_081224,-1.3051530122222224,36.71574783305556,2023,2,Used/,,Self,IMG_20230212_081224,[],[]
2147,IMG_20230212_080847,-1.305370211388889,36.74350357055555,2023,2,Used/,,Self,IMG_20230212_080847,[],[]
2148,IMG_20230212_080852,-1.305370211388889,36.74350357055555,2023,2,Used/,,Self,IMG_20230212_080852,[],[]
2149,IMG_20230212_081231,-1.3051530122222224,36.71574783305556,2023,2,Used/,,Self,IMG_20230212_081231,[],[]
2150,IMG_20230212_080715,-1.3002673386111112,36.75717926,2023,2,Used/,,Self,IMG_20230212_080715,[],[]
2151,IMG_20230212_081147,-1.3052599427777778,36.71598052972222,2023,2,Used/,,Self,IMG_20230212_081147,[],[]
2152,IMG_20230212_081151,-1.3052599427777778,36.71598052972222,2023,2,Used/,,Self,IMG_20230212_081151,[],[]
2153,IMG_20230212_082128,-1.2504570483333333,36.66455841055556,2023,2,Used/,,Self,IMG_20230212_082128,[],[]
2154,IMG_20230212_080924,-1.306132793333333,36.73926162694445,2023,2,Used/,,Self,IMG_20230212_080924,[],[]
2155,IMG_20230212_081227,-1.3051530122222224,36.71574783305556,2023,2,Used/,,Self,IMG_20230212_081227,[],[]
2156,IMG_20230212_081019,-1.3075469730555556,36.73464965805556,2023,2,Used/,,Self,IMG_20230212_081019,[],[]
2157,IMG_20230212_081025,-1.3075469730555556,36.73464965805556,2023,2,Used/,,Self,IMG_20230212_081025,[],[]
2158,IMG_20230212_081958,-1.2605748175,36.661159515277774,2023,2,Used/,,Self,IMG_20230212_081958,[],[]
2159,IMG_20230212_080845,-1.305370211388889,36.74350357055555,2023,2,Used/,,Self,IMG_20230212_080845,[],[]
2160,IMG_20230212_081232,-1.3051530122222224,36.71574783305556,2023,2,Used/,,Self,IMG_20230212_081232,[],[]
2161,IMG_20230212_080931,-1.306132793333333,36.73926162694445,2023,2,Used/,,Self,IMG_20230212_080931,[],[]
2162,IMG_20230212_081346,-1.3033380508333334,36.70571136472223,2023,2,Used/,,Self,IMG_20230212_081346,[],[]
2163,IMG_20230212_080702,-1.2992503641666666,36.762954711666666,2023,2,Used/,,Self,IMG_20230212_080702,[0.6712612509727478],"[[2035.4974365234375, 1610.3468017578125, 3923.753173828125, 2018.7589111328125]]"
2164,IMG_20230212_080716,-1.3002673386111112,36.75717926,2023,2,Used/,,Self,IMG_20230212_080716,[],[]
2165,IMG_20230212_080712,-1.3002673386111112,36.75717926,2023,2,Used/,,Self,IMG_20230212_080712,[],[]
2166,IMG_20230212_080706,-1.3002673386111112,36.75717926,2023,2,Used/,,Self,IMG_20230212_080706,[],[]
2167,IMG_20230212_081236,-1.3051530122222224,36.71574783305556,2023,2,Used/,,Self,IMG_20230212_081236,[],[]
2168,IMG_20230212_081034,-1.3075469730555556,36.73464965805556,2023,2,Used/,,Self,IMG_20230212_081034,[],[]
2169,IMG_20230212_081009,-1.3075469730555556,36.73464965805556,2023,2,Used/,,Self,IMG_20230212_081009,[],[]
2170,IMG_20230212_080908,-1.306132793333333,36.73926162694445,2023,2,Used/,,Self,IMG_20230212_080908,[],[]
2171,IMG_20230212_080934,-1.306132793333333,36.73926162694445,2023,2,Used/,,Self,IMG_20230212_080934,[],[]
2172,IMG_20230212_081343,-1.3033380508333334,36.70571136472223,2023,2,Used/,,Self,IMG_20230212_081343,[],[]
2173,IMG_20230212_082138,-1.244521021666667,36.665328979444446,2023,2,Used/,,Self,IMG_20230212_082138,[],[]
2174,IMG_20230212_081141,-1.3052599427777778,36.71598052972222,2023,2,Used/,,Self,IMG_20230212_081141,[],[]
2175,IMG_20230212_080711,-1.3002673386111112,36.75717926,2023,2,Used/,,Self,IMG_20230212_080711,[],[]
2176,IMG_20230212_081221,-1.3051530122222224,36.71574783305556,2023,2,Used/,,Self,IMG_20230212_081221,[],[]
2177,IMG_20230212_081037,-1.3103799819444444,36.72858047472222,2023,2,Used/,,Self,IMG_20230212_081037,[],[]
2178,IMG_20230212_081023,-1.3075469730555556,36.73464965805556,2023,2,Used/,,Self,IMG_20230212_081023,[],[]
2179,IMG_20230212_081022,-1.3075469730555556,36.73464965805556,2023,2,Used/,,Self,IMG_20230212_081022,[],[]
2180,IMG_20230212_080857,-1.305370211388889,36.74350357055555,2023,2,Used/,,Self,IMG_20230212_080857,[],[]
2181,IMG_20230212_080658,-1.2992503641666666,36.762954711666666,2023,2,Used/,,Self,IMG_20230212_080658,[],[]
2182,IMG_20230212_081234,-1.3051530122222224,36.71574783305556,2023,2,Used/,,Self,IMG_20230212_081234,[],[]
2183,IMG_20230212_080937,-1.3076189755555556,36.73464965805556,2023,2,Used/,,Self,IMG_20230212_080937,[],[]
2184,IMG_20230212_082113,-1.2504570483333333,36.66455841055556,2023,2,Used/,,Self,IMG_20230212_082113,[],[]
2185,IMG_20230212_080704,-1.2992503641666666,36.762954711666666,2023,2,Used/,,Self,IMG_20230212_080704,[],[]
2186,IMG_20230212_081354,-1.3033380508333334,36.70571136472223,2023,2,Used/,,Self,IMG_20230212_081354,[],[]
2187,IMG_20230212_081340,-1.3033380508333334,36.70571136472223,2023,2,Used/,,Self,IMG_20230212_081340,[],[]
2188,IMG_20230212_080738,-1.3015580175,36.75379180888889,2023,2,Used/,,Self,IMG_20230212_080738,[],[]
2189,IMG_20230212_081125,-1.3105809686111112,36.72499847388889,2023,2,Used/,,Self,IMG_20230212_081125,[],[]
2190,IMG_20230212_081333,-1.3051530122222224,36.71574783305556,2023,2,Used/,,Self,IMG_20230212_081333,[],[]
2191,IMG_20230212_080617,-1.2992503641666666,36.762954711666666,2023,2,Used/,,Self,IMG_20230212_080617,[],[]
2192,IMG_20230212_081247,-1.3051530122222224,36.71574783305556,2023,2,Used/,,Self,IMG_20230212_081247,[],[]
2193,IMG_20230212_080830,-1.3036500213888889,36.74822998027778,2023,2,Used/,,Self,IMG_20230212_080830,[],[]
2194,IMG_20230212_080824,-1.3036500213888889,36.74822998027778,2023,2,Used/,,Self,IMG_20230212_080824,[],[]
2195,IMG_20230212_081044,-1.3103799819444444,36.72858047472222,2023,2,Used/,,Self,IMG_20230212_081044,[],[]
2196,IMG_20230212_080819,-1.3036500213888889,36.74822998027778,2023,2,Used/,,Self,IMG_20230212_080819,[],[]
2197,IMG_20230212_081246,-1.3051530122222224,36.71574783305556,2023,2,Used/,,Self,IMG_20230212_081246,[],[]
2198,IMG_20230212_081252,-1.3051530122222224,36.71574783305556,2023,2,Used/,,Self,IMG_20230212_081252,[],[]
2199,IMG_20230212_080945,-1.3076189755555556,36.73464965805556,2023,2,Used/,,Self,IMG_20230212_080945,[],[]
2200,IMG_20230212_081326,-1.3051530122222224,36.71574783305556,2023,2,Used/,,Self,IMG_20230212_081326,[],[]
2201,IMG_20230212_081130,-1.3105809686111112,36.72499847388889,2023,2,Used/,,Self,IMG_20230212_081130,[],[]
2202,IMG_20230212_081118,-1.3105809686111112,36.72499847388889,2023,2,Used/,,Self,IMG_20230212_081118,[],[]
2203,IMG_20230212_080748,-1.3015580175,36.75379180888889,2023,2,Used/,,Self,IMG_20230212_080748,[],[]
2204,IMG_20230212_082017,-1.2605748175,36.661159515277774,2023,2,Used/,,Self,IMG_20230212_082017,[],[]
2205,IMG_20230212_082003,-1.2605748175,36.661159515277774,2023,2,Used/,,Self,IMG_20230212_082003,[],[]
2206,IMG_20230212_080614,-1.2992503641666666,36.762954711666666,2023,2,Used/,,Self,IMG_20230212_080614,[],[]
2207,IMG_20230212_081250,-1.3051530122222224,36.71574783305556,2023,2,Used/,,Self,IMG_20230212_081250,[],[]
2208,IMG_20230212_081046,-1.3103799819444444,36.72858047472222,2023,2,Used/,,Self,IMG_20230212_081046,[],[]
2209,IMG_20230212_081052,-1.3103799819444444,36.72858047472222,2023,2,Used/,,Self,IMG_20230212_081052,[],[]
2210,IMG_20230212_080832,-1.3036500213888889,36.74822998027778,2023,2,Used/,,Self,IMG_20230212_080832,[],[]
2211,IMG_20230212_080629,-1.2992503641666666,36.762954711666666,2023,2,Used/,,Self,IMG_20230212_080629,[],[]
2212,IMG_20230212_080952,-1.3076189755555556,36.73464965805556,2023,2,Used/,,Self,IMG_20230212_080952,[],[]
2213,IMG_20230212_081331,-1.3051530122222224,36.71574783305556,2023,2,Used/,,Self,IMG_20230212_081331,[],[]
2214,IMG_20230212_080749,-1.3015580175,36.75379180888889,2023,2,Used/,,Self,IMG_20230212_080749,[],[]
2215,IMG_20230212_081319,-1.3051530122222224,36.71574783305556,2023,2,Used/,,Self,IMG_20230212_081319,[],[]
2216,IMG_20230212_081133,-1.3105809686111112,36.72499847388889,2023,2,Used/,,Self,IMG_20230212_081133,[],[]
2217,IMG_20230212_081309,-1.3051530122222224,36.71574783305556,2023,2,Used/,,Self,IMG_20230212_081309,[],[]
2218,IMG_20230212_080956,-1.3076189755555556,36.73464965805556,2023,2,Used/,,Self,IMG_20230212_080956,[],[]
2219,IMG_20230212_080639,-1.2992503641666666,36.762954711666666,2023,2,Used/,,Self,IMG_20230212_080639,[],[]
2220,IMG_20230212_081057,-1.3103799819444444,36.72858047472222,2023,2,Used/,,Self,IMG_20230212_081057,[0.3117744028568268],"[[96.38277435302734, 58.593448638916016, 595.2640991210938, 346.3699035644531]]"
2221,IMG_20230212_081254,-1.3051530122222224,36.71574783305556,2023,2,Used/,,Self,IMG_20230212_081254,[],[]
2222,IMG_20230212_081240,-1.3051530122222224,36.71574783305556,2023,2,Used/,,Self,IMG_20230212_081240,[],[]
2223,IMG_20230212_080758,-1.3015580175,36.75379180888889,2023,2,Used/,,Self,IMG_20230212_080758,[],[]
2224,IMG_20230212_081122,-1.3105809686111112,36.72499847388889,2023,2,Used/,,Self,IMG_20230212_081122,[],[]
2225,IMG_20230212_081322,-1.3051530122222224,36.71574783305556,2023,2,Used/,,Self,IMG_20230212_081322,[],[]
2226,IMG_20230212_080941,-1.3076189755555556,36.73464965805556,2023,2,Used/,,Self,IMG_20230212_080941,[],[]
2227,IMG_20230212_080612,-1.2992503641666666,36.762954711666666,2023,2,Used/,,Self,IMG_20230212_080612,[],[]
2228,IMG_20230212_080835,-1.3036500213888889,36.74822998027778,2023,2,Used/,,Self,IMG_20230212_080835,[],[]
2229,IMG_20230212_081041,-1.3103799819444444,36.72858047472222,2023,2,Used/,,Self,IMG_20230212_081041,[],[]
2230,IMG_20230212_081055,-1.3103799819444444,36.72858047472222,2023,2,Used/,,Self,IMG_20230212_081055,[],[]
2231,IMG_20230212_080820,-1.3036500213888889,36.74822998027778,2023,2,Used/,,Self,IMG_20230212_080820,[],[]
2232,IMG_20230212_080607,-1.2992503641666666,36.762954711666666,2023,2,Used/,,Self,IMG_20230212_080607,[],[]
2233,IMG_20230212_081243,-1.3051530122222224,36.71574783305556,2023,2,Used/,,Self,IMG_20230212_081243,[],[]
2234,IMG_20230212_081257,-1.3051530122222224,36.71574783305556,2023,2,Used/,,Self,IMG_20230212_081257,[],[]
2235,IMG_20230212_080940,-1.3076189755555556,36.73464965805556,2023,2,Used/,,Self,IMG_20230212_080940,[],[]
2236,IMG_20230212_081337,-1.3051530122222224,36.71574783305556,2023,2,Used/,,Self,IMG_20230212_081337,[],[]
2237,IMG_20230212_081109,-1.3105809686111112,36.72499847388889,2023,2,Used/,,Self,IMG_20230212_081109,[],[]
2238,IMG_20230212_081135,-1.3105809686111112,36.72499847388889,2023,2,Used/,,Self,IMG_20230212_081135,[],[]
2239,IMG_20230212_081138,-1.3052599427777778,36.71598052972222,2023,2,Used/,,Self,IMG_20230212_081138,[],[]
2240,IMG_20230212_081104,-1.3103799819444444,36.72858047472222,2023,2,Used/,,Self,IMG_20230212_081104,[],[]
2241,IMG_20230212_080756,-1.3015580175,36.75379180888889,2023,2,Used/,,Self,IMG_20230212_080756,[],[]
2242,IMG_20230212_082035,-1.2560166119444445,36.66281890861111,2023,2,Used/,,Self,IMG_20230212_082035,[],[]
2243,IMG_20230212_080622,-1.2992503641666666,36.762954711666666,2023,2,Used/,,Self,IMG_20230212_080622,[],[]
2244,IMG_20230212_080839,-1.305370211388889,36.74350357055555,2023,2,Used/,,Self,IMG_20230212_080839,[],[]
2245,IMG_20230212_080805,-1.3015580175,36.75379180888889,2023,2,Used/,,Self,IMG_20230212_080805,[],[]
2246,IMG_20230212_081059,-1.3103799819444444,36.72858047472222,2023,2,Used/,,Self,IMG_20230212_081059,[],[]
2247,IMG_20230212_080958,-1.3076189755555556,36.73464965805556,2023,2,Used/,,Self,IMG_20230212_080958,[],[]
2248,IMG_20230212_080743,-1.3015580175,36.75379180888889,2023,2,Used/,,Self,IMG_20230212_080743,[],[]
2249,IMG_20230212_080755,-1.3015580175,36.75379180888889,2023,2,Used/,,Self,IMG_20230212_080755,[],[]
2250,IMG_20230212_080741,-1.3015580175,36.75379180888889,2023,2,Used/,,Self,IMG_20230212_080741,[],[]
2251,IMG_20230212_081305,-1.3051530122222224,36.71574783305556,2023,2,Used/,,Self,IMG_20230212_081305,[],[]
2252,IMG_20230212_080635,-1.2992503641666666,36.762954711666666,2023,2,Used/,,Self,IMG_20230212_080635,[],[]
2253,IMG_20230212_080609,-1.2992503641666666,36.762954711666666,2023,2,Used/,,Self,IMG_20230212_080609,[],[]
2254,IMG_20230212_080812,-1.3036500213888889,36.74822998027778,2023,2,Used/,,Self,IMG_20230212_080812,[],[]
2255,IMG_20230212_081933,-1.2605555555555557,36.66111111111111,2023,2,Used/,,Self,IMG_20230212_081933,[],[]
2256,IMG_20230212_080807,-1.3036500213888889,36.74822998027778,2023,2,Used/,,Self,IMG_20230212_080807,[],[]
2257,IMG_20230212_082037,-1.2560166119444445,36.66281890861111,2023,2,Used/,,Self,IMG_20230212_082037,[],[]
2258,IMG_20230212_082157,-1.244521021666667,36.665328979444446,2023,2,Used/,,Self,IMG_20230212_082157,[],[]
2259,IMG_20230212_080740,-1.3015580175,36.75379180888889,2023,2,Used/,,Self,IMG_20230212_080740,[],[]
2260,IMG_20230212_082143,-1.244521021666667,36.665328979444446,2023,2,Used/,,Self,IMG_20230212_082143,[],[]
2261,IMG_20230212_081106,-1.3103799819444444,36.72858047472222,2023,2,Used/,,Self,IMG_20230212_081106,[],[]
2262,IMG_20230212_081112,-1.3105809686111112,36.72499847388889,2023,2,Used/,,Self,IMG_20230212_081112,[],[]
2263,IMG_20230212_081116,-1.3105809686111112,36.72499847388889,2023,2,Used/,,Self,IMG_20230212_081116,[],[]
2264,IMG_20230212_080624,-1.2992503641666666,36.762954711666666,2023,2,Used/,,Self,IMG_20230212_080624,[],[]
2265,IMG_20230212_080630,-1.2992503641666666,36.762954711666666,2023,2,Used/,,Self,IMG_20230212_080630,[],[]
2266,IMG_20230212_080803,-1.3015580175,36.75379180888889,2023,2,Used/,,Self,IMG_20230212_080803,[],[]
2267,IMG_20230212_081936,-1.2605748175,36.661159515277774,2023,2,Used/,,Self,IMG_20230212_081936,[],[]
2268,IMG_20230212_080619,-1.2992503641666666,36.762954711666666,2023,2,Used/,,Self,IMG_20230212_080619,[],[]
2269,IMG_20230212_081329,-1.3051530122222224,36.71574783305556,2023,2,Used/,,Self,IMG_20230212_081329,[],[]
2270,IMG_20230212_081315,-1.3051530122222224,36.71574783305556,2023,2,Used/,,Self,IMG_20230212_081315,[0.5058714747428894],"[[10.408954620361328, 1511.929443359375, 894.9865112304688, 1868.212158203125]]"
2271,IMG_20230212_082150,-1.244521021666667,36.665328979444446,2023,2,Used/,,Self,IMG_20230212_082150,[],[]
2272,IMG_20230212_080753,-1.3015580175,36.75379180888889,2023,2,Used/,,Self,IMG_20230212_080753,[],[]
2273,IMG_20230212_080633,-1.2992503641666666,36.762954711666666,2023,2,Used/,,Self,IMG_20230212_080633,[],[]
2274,IMG_20230212_082024,-1.2605748175,36.661159515277774,2023,2,Used/,,Self,IMG_20230212_082024,[],[]
2275,IMG_20230212_080627,-1.2992503641666666,36.762954711666666,2023,2,Used/,,Self,IMG_20230212_080627,[],[]
2276,IMG_20230212_080800,-1.3015580175,36.75379180888889,2023,2,Used/,,Self,IMG_20230212_080800,[],[]
2277,IMG_20230212_081049,-1.3103799819444444,36.72858047472222,2023,2,Used/,,Self,IMG_20230212_081049,[],[]
2278,IMG_20230212_080815,-1.3036500213888889,36.74822998027778,2023,2,Used/,,Self,IMG_20230212_080815,[],[]
2279,IMG_20230212_080949,-1.3076189755555556,36.73464965805556,2023,2,Used/,,Self,IMG_20230212_080949,[],[]
2280,IMG_20230212_080752,-1.3015580175,36.75379180888889,2023,2,Used/,,Self,IMG_20230212_080752,[],[]
2281,IMG_20230212_080746,-1.3015580175,36.75379180888889,2023,2,Used/,,Self,IMG_20230212_080746,[],[]
2282,IMG_20230212_081302,-1.3051530122222224,36.71574783305556,2023,2,Used/,,Self,IMG_20230212_081302,[],[]
2283,IMG_20230212_081114,-1.3105809686111112,36.72499847388889,2023,2,Used/,,Self,IMG_20230212_081114,[],[]
2284,IMG_20230212_081239,-1.3051530122222224,36.71574783305556,2023,2,Used/,,Self,IMG_20230212_081239,[],[]
2285,IMG_20230212_080641,-1.2992503641666666,36.762954711666666,2023,2,Used/,,Self,IMG_20230212_080641,[],[]
2286,IMG_20230212_081211,-1.3051530122222224,36.71574783305556,2023,2,Used/,,Self,IMG_20230212_081211,[],[]
2287,IMG_20230212_081013,-1.3075469730555556,36.73464965805556,2023,2,Used/,,Self,IMG_20230212_081013,[],[]
2288,IMG_20230212_081007,-1.3076189755555556,36.73464965805556,2023,2,Used/,,Self,IMG_20230212_081007,[],[]
2289,IMG_20230212_081947,-1.2605748175,36.661159515277774,2023,2,Used/,,Self,IMG_20230212_081947,[],[]
2290,IMG_20230212_081953,-1.2605748175,36.661159515277774,2023,2,Used/,,Self,IMG_20230212_081953,[],[]
2291,IMG_20230212_080654,-1.2992503641666666,36.762954711666666,2023,2,Used/,,Self,IMG_20230212_080654,[],[]
2292,IMG_20230212_080913,-1.306132793333333,36.73926162694445,2023,2,Used/,,Self,IMG_20230212_080913,[],[]
2293,IMG_20230212_080708,-1.3002673386111112,36.75717926,2023,2,Used/,,Self,IMG_20230212_080708,[],[]
2294,IMG_20230212_080720,-1.3002673386111112,36.75717926,2023,2,Used/,,Self,IMG_20230212_080720,[],[]
2295,IMG_20230212_081158,-1.3052599427777778,36.71598052972222,2023,2,Used/,,Self,IMG_20230212_081158,[],[]
2296,IMG_20230212_080736,-1.3002673386111112,36.75717926,2023,2,Used/,,Self,IMG_20230212_080736,[],[]
2297,IMG_20230212_080722,-1.3002673386111112,36.75717926,2023,2,Used/,,Self,IMG_20230212_080722,[],[]
2298,IMG_20230212_080905,-1.305370211388889,36.74350357055555,2023,2,Used/,,Self,IMG_20230212_080905,[],[]
2299,IMG_20230212_080642,-1.2992503641666666,36.762954711666666,2023,2,Used/,,Self,IMG_20230212_080642,[],[]
2300,IMG_20230212_080656,-1.2992503641666666,36.762954711666666,2023,2,Used/,,Self,IMG_20230212_080656,[],[]
2301,IMG_20230212_081945,-1.2605748175,36.661159515277774,2023,2,Used/,,Self,IMG_20230212_081945,[0.454032301902771],"[[0.0, 2120.92578125, 1944.1778564453125, 2704.7373046875]]"
2302,IMG_20230212_081011,-1.3075469730555556,36.73464965805556,2023,2,Used/,,Self,IMG_20230212_081011,[],[]
2303,IMG_20230212_081039,-1.3103799819444444,36.72858047472222,2023,2,Used/,,Self,IMG_20230212_081039,[],[]
2304,IMG_20230212_080910,-1.306132793333333,36.73926162694445,2023,2,Used/,,Self,IMG_20230212_080910,[],[]
2305,IMG_20230212_082108,-1.2504570483333333,36.66455841055556,2023,2,Used/,,Self,IMG_20230212_082108,[],[]
2306,IMG_20230212_082124,-1.2504570483333333,36.66455841055556,2023,2,Used/,,Self,IMG_20230212_082124,[],[]
2307,IMG_20230212_081217,-1.3051530122222224,36.71574783305556,2023,2,Used/,,Self,IMG_20230212_081217,[],[]
2308,IMG_20230212_080647,-1.2992503641666666,36.762954711666666,2023,2,Used/,,Self,IMG_20230212_080647,[],[]
2309,IMG_20230212_081015,-1.3075469730555556,36.73464965805556,2023,2,Used/,,Self,IMG_20230212_081015,[],[]
2310,IMG_20230212_081029,-1.3075469730555556,36.73464965805556,2023,2,Used/,,Self,IMG_20230212_081029,[],[]
2311,IMG_20230212_081028,-1.3075469730555556,36.73464965805556,2023,2,Used/,,Self,IMG_20230212_081028,[],[]
2312,IMG_20230212_081000,-1.3076189755555556,36.73464965805556,2023,2,Used/,,Self,IMG_20230212_081000,[],[]
2313,IMG_20230212_080652,-1.2992503641666666,36.762954711666666,2023,2,Used/,,Self,IMG_20230212_080652,[],[]
2314,IMG_20230212_080646,-1.2992503641666666,36.762954711666666,2023,2,Used/,,Self,IMG_20230212_080646,[],[]
2315,IMG_20230212_080929,-1.306132793333333,36.73926162694445,2023,2,Used/,,Self,IMG_20230212_080929,[0.6454396843910217],"[[45.757545471191406, 2217.74853515625, 1195.794921875, 2564.35205078125]]"
2316,IMG_20230212_080726,-1.3002673386111112,36.75717926,2023,2,Used/,,Self,IMG_20230212_080726,[],[]
2317,IMG_20230212_082119,-1.2504570483333333,36.66455841055556,2023,2,Used/,,Self,IMG_20230212_082119,[],[]
2318,IMG_20230212_080730,-1.3002673386111112,36.75717926,2023,2,Used/,,Self,IMG_20230212_080730,[],[]
2319,IMG_20230212_080917,-1.306132793333333,36.73926162694445,2023,2,Used/,,Self,IMG_20230212_080917,[],[]
2320,IMG_20230212_081214,-1.3051530122222224,36.71574783305556,2023,2,Used/,,Self,IMG_20230212_081214,[],[]
2321,IMG_20230212_081228,-1.3051530122222224,36.71574783305556,2023,2,Used/,,Self,IMG_20230212_081228,[],[]
2322,IMG_20230212_080650,-1.2992503641666666,36.762954711666666,2023,2,Used/,,Self,IMG_20230212_080650,[],[]
2323,IMG_20230212_081016,-1.3075469730555556,36.73464965805556,2023,2,Used/,,Self,IMG_20230212_081016,[],[]
2324,IMG_20230212_081003,-1.3076189755555556,36.73464965805556,2023,2,Used/,,Self,IMG_20230212_081003,[],[]
2325,IMG_20230212_081017,-1.3075469730555556,36.73464965805556,2023,2,Used/,,Self,IMG_20230212_081017,[],[]
2326,IMG_20230212_082052,-1.2560166119444445,36.66281890861111,2023,2,Used/,,Self,IMG_20230212_082052,[],[]
2327,IMG_20230212_080902,-1.305370211388889,36.74350357055555,2023,2,Used/,,Self,IMG_20230212_080902,[],[]
