{
"type": "FeatureCollection",
"crs": { "type": "name", "properties": { "name": "urn:ogc:def:crs:EPSG::32737" } },
"features": [
{ "type": "Feature", "properties": { "tile_row": 31, "tile_col": 33, "x_min": 60.97741, "y_min": 186.72801, "x_max": 133.8812, "y_max": 232.27876, "confidence_score": 0.34702328, "Class": "domestic garbage", "tile_id": "31_33", "filename": "tile_31_33.jpg", "x_offset": 33792, "y_offset": 31744, "width": 1024, "height": 1024, "left": 263789.6728515625, "top": 9862400.8178710938, "pixel_size_x": 0.30517578125, "pixel_size_y": 0.30517578125, "crs": "EPSG:32737", "global_x_min": 263808.28168029786, "global_y_min": 9862343.8330047615, "global_x_max": 263830.53015136719, "global_y_max": 9862329.9320190437 }, "geometry": { "type": "Polygon", "coordinates": [ [ [ 263808.281680297863204, 9862343.833004761487246 ], [ 263830.5301513671875, 9862343.833004761487246 ], [ 263830.5301513671875, 9862329.932019043713808 ], [ 263808.281680297863204, 9862329.932019043713808 ], [ 263808.281680297863204, 9862343.833004761487246 ] ] ] } },
{ "type": "Feature", "properties": { "tile_row": 65, "tile_col": 6, "x_min": 278.07825, "y_min": 513.72156, "x_max": 396.46893, "y_max": 606.7468, "confidence_score": 0.7024883, "Class": "domestic garbage", "tile_id": "65_6", "filename": "tile_65_6.jpg", "x_offset": 6144, "y_offset": 66560, "width": 1024, "height": 1024, "left": 255352.1728515625, "top": 9851775.8178710938, "pixel_size_x": 0.30517578125, "pixel_size_y": 0.30517578125, "crs": "EPSG:32737", "global_x_min": 255437.03559875488, "global_y_min": 9851619.0424926765, "global_x_max": 255473.16556701661, "global_y_max": 9851590.6534423828 }, "geometry": { "type": "Polygon", "coordinates": [ [ [ 255437.035598754882812, 9851619.042492676526308 ], [ 255473.165567016607383, 9851619.042492676526308 ], [ 255473.165567016607383, 9851590.6534423828125 ], [ 255437.035598754882812, 9851590.6534423828125 ], [ 255437.035598754882812, 9851619.042492676526308 ] ] ] } },
{ "type": "Feature", "properties": { "tile_row": 56, "tile_col": 37, "x_min": 654.4972, "y_min": 624.9585, "x_max": 697.3523, "y_max": 675.28796, "confidence_score": 0.4396446, "Class": "domestic garbage", "tile_id": "56_37", "filename": "tile_56_37.jpg", "x_offset": 37888, "y_offset": 57344, "width": 1024, "height": 1024, "left": 265039.6728515625, "top": 9854588.3178710938, "pixel_size_x": 0.30517578125, "pixel_size_y": 0.30517578125, "crs": "EPSG:32737", "global_x_min": 265239.40954589844, "global_y_min": 9854397.5956726074, "global_x_max": 265252.48788452148, "global_y_max": 9854382.2363403328 }, "geometry": { "type": "Polygon", "coordinates": [ [ [ 265239.4095458984375, 9854397.595672607421875 ], [ 265252.487884521484375, 9854397.595672607421875 ], [ 265252.487884521484375, 9854382.236340332776308 ], [ 265239.4095458984375, 9854382.236340332776308 ], [ 265239.4095458984375, 9854397.595672607421875 ] ] ] } },
{ "type": "Feature", "properties": { "tile_row": 34, "tile_col": 38, "x_min": 588.52405, "y_min": 104.54995, "x_max": 635.73596, "y_max": 136.1272, "confidence_score": 0.65250504, "Class": "domestic garbage", "tile_id": "34_38", "filename": "tile_34_38.jpg", "x_offset": 38912, "y_offset": 34816, "width": 1024, "height": 1024, "left": 265352.1728515625, "top": 9861463.3178710938, "pixel_size_x": 0.30517578125, "pixel_size_y": 0.30517578125, "crs": "EPSG:32737", "global_x_min": 265531.77613830566, "global_y_min": 9861431.4117584229, "global_x_max": 265546.18406982423, "global_y_max": 9861421.7751464844 }, "geometry": { "type": "Polygon", "coordinates": [ [ [ 265531.776138305664062, 9861431.411758422851562 ], [ 265546.184069824230392, 9861431.411758422851562 ], [ 265546.184069824230392, 9861421.775146484375 ], [ 265531.776138305664062, 9861421.775146484375 ], [ 265531.776138305664062, 9861431.411758422851562 ] ] ] } },
{ "type": "Feature", "properties": { "tile_row": 34, "tile_col": 38, "x_min": 565.0328, "y_min": 271.3811, "x_max": 612.0806, "y_max": 318.78882, "confidence_score": 0.36143968, "Class": "domestic garbage", "tile_id": "34_38", "filename": "tile_34_38.jpg", "x_offset": 38912, "y_offset": 34816, "width": 1024, "height": 1024, "left": 265352.1728515625, "top": 9861463.3178710938, "pixel_size_x": 0.30517578125, "pixel_size_y": 0.30517578125, "crs": "EPSG:32737", "global_x_min": 265524.60717773438, "global_y_min": 9861380.4989318848, "global_x_max": 265538.96502685547, "global_y_max": 9861366.0312438961 }, "geometry": { "type": "Polygon", "coordinates": [ [ [ 265524.607177734375, 9861380.498931884765625 ], [ 265538.96502685546875, 9861380.498931884765625 ], [ 265538.96502685546875, 9861366.031243896111846 ], [ 265524.607177734375, 9861366.031243896111846 ], [ 265524.607177734375, 9861380.498931884765625 ] ] ] } },
{ "type": "Feature", "properties": { "tile_row": 28, "tile_col": 7, "x_min": 729.4598, "y_min": 509.33905, "x_max": 771.6883, "y_max": 555.1049, "confidence_score": 0.55912316, "Class": "domestic garbage", "tile_id": "28_7", "filename": "tile_28_7.jpg", "x_offset": 7168, "y_offset": 28672, "width": 1024, "height": 1024, "left": 255664.6728515625, "top": 9863338.3178710938, "pixel_size_x": 0.30517578125, "pixel_size_y": 0.30517578125, "crs": "EPSG:32737", "global_x_min": 255887.28631591797, "global_y_min": 9863182.8799285889, "global_x_max": 255900.17343139648, "global_y_max": 9863168.9132995605 }, "geometry": { "type": "Polygon", "coordinates": [ [ [ 255887.28631591796875, 9863182.879928588867188 ], [ 255900.173431396484375, 9863182.879928588867188 ], [ 255900.173431396484375, 9863168.913299560546875 ], [ 255887.28631591796875, 9863168.913299560546875 ], [ 255887.28631591796875, 9863182.879928588867188 ] ] ] } },
{ "type": "Feature", "properties": { "tile_row": 60, "tile_col": 29, "x_min": 801.78674, "y_min": 577.63574, "x_max": 877.1317, "y_max": 618.42053, "confidence_score": 0.77764255, "Class": "domestic garbage", "tile_id": "60_29", "filename": "tile_60_29.jpg", "x_offset": 29696, "y_offset": 61440, "width": 1024, "height": 1024, "left": 262539.6728515625, "top": 9853338.3178710938, "pixel_size_x": 0.30517578125, "pixel_size_y": 0.30517578125, "crs": "EPSG:32737", "global_x_min": 262784.35874633788, "global_y_min": 9853162.0374328606, "global_x_max": 262807.35220336914, "global_y_max": 9853149.5909027103 }, "geometry": { "type": "Polygon", "coordinates": [ [ [ 262784.358746337878983, 9853162.037432860583067 ], [ 262807.352203369140625, 9853162.037432860583067 ], [ 262807.352203369140625, 9853149.590902710333467 ], [ 262784.358746337878983, 9853149.590902710333467 ], [ 262784.358746337878983, 9853162.037432860583067 ] ] ] } },
{ "type": "Feature", "properties": { "tile_row": 50, "tile_col": 31, "x_min": 77.65634, "y_min": 155.80963, "x_max": 150.35634, "y_max": 198.3194, "confidence_score": 0.7529479, "Class": "domestic garbage", "tile_id": "50_31", "filename": "tile_50_31.jpg", "x_offset": 31744, "y_offset": 51200, "width": 1024, "height": 1024, "left": 263164.6728515625, "top": 9856463.3178710938, "pixel_size_x": 0.30517578125, "pixel_size_y": 0.30517578125, "crs": "EPSG:32737", "global_x_min": 263188.371685791, "global_y_min": 9856415.7685455326, "global_x_max": 263210.55796508788, "global_y_max": 9856402.7955932617 }, "geometry": { "type": "Polygon", "coordinates": [ [ [ 263188.371685791003983, 9856415.768545532599092 ], [ 263210.557965087878983, 9856415.768545532599092 ], [ 263210.557965087878983, 9856402.79559326171875 ], [ 263188.371685791003983, 9856402.79559326171875 ], [ 263188.371685791003983, 9856415.768545532599092 ] ] ] } },
{ "type": "Feature", "properties": { "tile_row": 69, "tile_col": 36, "x_min": 583.6659, "y_min": 126.22845, "x_max": 639.6853, "y_max": 172.48648, "confidence_score": 0.37438846, "Class": "domestic garbage", "tile_id": "69_36", "filename": "tile_69_36.jpg", "x_offset": 36864, "y_offset": 70656, "width": 1024, "height": 1024, "left": 264727.1728515625, "top": 9850525.8178710938, "pixel_size_x": 0.30517578125, "pixel_size_y": 0.30517578125, "crs": "EPSG:32737", "global_x_min": 264905.29354858398, "global_y_min": 9850487.296005249, "global_x_max": 264922.38931274414, "global_y_max": 9850473.1791748051 }, "geometry": { "type": "Polygon", "coordinates": [ [ [ 264905.293548583984375, 9850487.296005249023438 ], [ 264922.389312744140625, 9850487.296005249023438 ], [ 264922.389312744140625, 9850473.179174805060029 ], [ 264905.293548583984375, 9850473.179174805060029 ], [ 264905.293548583984375, 9850487.296005249023438 ] ] ] } },
{ "type": "Feature", "properties": { "tile_row": 27, "tile_col": 9, "x_min": 703.5948, "y_min": 227.90726, "x_max": 873.3317, "y_max": 427.96457, "confidence_score": 0.5006737, "Class": "domestic garbage", "tile_id": "27_9", "filename": "tile_27_9.jpg", "x_offset": 9216, "y_offset": 27648, "width": 1024, "height": 1024, "left": 256289.6728515625, "top": 9863650.8178710938, "pixel_size_x": 0.30517578125, "pixel_size_y": 0.30517578125, "crs": "EPSG:32737", "global_x_min": 256504.39294433594, "global_y_min": 9863581.2660949714, "global_x_max": 256556.19253540039, "global_y_max": 9863520.2134490963 }, "geometry": { "type": "Polygon", "coordinates": [ [ [ 256504.3929443359375, 9863581.266094971448183 ], [ 256556.192535400390625, 9863581.266094971448183 ], [ 256556.192535400390625, 9863520.213449096307158 ], [ 256504.3929443359375, 9863520.213449096307158 ], [ 256504.3929443359375, 9863581.266094971448183 ] ] ] } },
{ "type": "Feature", "properties": { "tile_row": 17, "tile_col": 15, "x_min": 631.9498, "y_min": 645.60583, "x_max": 675.42334, "y_max": 682.6124, "confidence_score": 0.82623625, "Class": "domestic garbage", "tile_id": "17_15", "filename": "tile_17_15.jpg", "x_offset": 15360, "y_offset": 17408, "width": 1024, "height": 1024, "left": 258164.6728515625, "top": 9866775.8178710938, "pixel_size_x": 0.30517578125, "pixel_size_y": 0.30517578125, "crs": "EPSG:32737", "global_x_min": 258357.52862548828, "global_y_min": 9866578.7946075443, "global_x_max": 258370.79569702147, "global_y_max": 9866567.5010986328 }, "geometry": { "type": "Polygon", "coordinates": [ [ [ 258357.52862548828125, 9866578.794607544317842 ], [ 258370.795697021472733, 9866578.794607544317842 ], [ 258370.795697021472733, 9866567.5010986328125 ], [ 258357.52862548828125, 9866567.5010986328125 ], [ 258357.52862548828125, 9866578.794607544317842 ] ] ] } },
{ "type": "Feature", "properties": { "tile_row": 36, "tile_col": 6, "x_min": 410.37936, "y_min": 227.33167, "x_max": 448.95535, "y_max": 255.34329, "confidence_score": 0.4018215, "Class": "domestic garbage", "tile_id": "36_6", "filename": "tile_36_6.jpg", "x_offset": 6144, "y_offset": 36864, "width": 1024, "height": 1024, "left": 255352.1728515625, "top": 9860838.3178710938, "pixel_size_x": 0.30517578125, "pixel_size_y": 0.30517578125, "crs": "EPSG:32737", "global_x_min": 255477.41069335939, "global_y_min": 9860768.9417510983, "global_x_max": 255489.18315124512, "global_y_max": 9860760.3932830803 }, "geometry": { "type": "Polygon", "coordinates": [ [ [ 255477.410693359386642, 9860768.941751098260283 ], [ 255489.183151245117188, 9860768.941751098260283 ], [ 255489.183151245117188, 9860760.393283080309629 ], [ 255477.410693359386642, 9860760.393283080309629 ], [ 255477.410693359386642, 9860768.941751098260283 ] ] ] } },
{ "type": "Feature", "properties": { "tile_row": 49, "tile_col": 1, "x_min": 629.4573, "y_min": 787.5887, "x_max": 688.9265, "y_max": 838.0833, "confidence_score": 0.7414827, "Class": "domestic garbage", "tile_id": "49_1", "filename": "tile_49_1.jpg", "x_offset": 1024, "y_offset": 50176, "width": 1024, "height": 1024, "left": 253789.6728515625, "top": 9856775.8178710938, "pixel_size_x": 0.30517578125, "pixel_size_y": 0.30517578125, "crs": "EPSG:32737", "global_x_min": 253981.76797485352, "global_y_min": 9856535.4648742676, "global_x_max": 253999.91653442383, "global_y_max": 9856520.0551452637 }, "geometry": { "type": "Polygon", "coordinates": [ [ [ 253981.767974853515625, 9856535.464874267578125 ], [ 253999.916534423828125, 9856535.464874267578125 ], [ 253999.916534423828125, 9856520.055145263671875 ], [ 253981.767974853515625, 9856520.055145263671875 ], [ 253981.767974853515625, 9856535.464874267578125 ] ] ] } },
{ "type": "Feature", "properties": { "tile_row": 51, "tile_col": 3, "x_min": 317.71304, "y_min": 77.98123, "x_max": 400.82114, "y_max": 147.46948, "confidence_score": 0.60800445, "Class": "domestic garbage", "tile_id": "51_3", "filename": "tile_51_3.jpg", "x_offset": 3072, "y_offset": 52224, "width": 1024, "height": 1024, "left": 254414.6728515625, "top": 9856150.8178710938, "pixel_size_x": 0.30517578125, "pixel_size_y": 0.30517578125, "crs": "EPSG:32737", "global_x_min": 254511.6311767578, "global_y_min": 9856127.019888306, "global_x_max": 254536.9937561035, "global_y_max": 9856105.8137573246 }, "geometry": { "type": "Polygon", "coordinates": [ [ [ 254511.631176757800858, 9856127.019888306036592 ], [ 254536.993756103503983, 9856127.019888306036592 ], [ 254536.993756103503983, 9856105.813757324591279 ], [ 254511.631176757800858, 9856105.813757324591279 ], [ 254511.631176757800858, 9856127.019888306036592 ] ] ] } },
{ "type": "Feature", "properties": { "tile_row": 7, "tile_col": 35, "x_min": 822.5719, "y_min": 278.1697, "x_max": 929.10547, "y_max": 349.50522, "confidence_score": 0.43986055, "Class": "domestic garbage", "tile_id": "7_35", "filename": "tile_7_35.jpg", "x_offset": 35840, "y_offset": 7168, "width": 1024, "height": 1024, "left": 264414.6728515625, "top": 9869900.8178710938, "pixel_size_x": 0.30517578125, "pixel_size_y": 0.30517578125, "crs": "EPSG:32737", "global_x_min": 264665.7018737793, "global_y_min": 9869815.9272155762, "global_x_max": 264698.21333923342, "global_y_max": 9869794.1573425289 }, "geometry": { "type": "Polygon", "coordinates": [ [ [ 264665.701873779296875, 9869815.927215576171875 ], [ 264698.213339233421721, 9869815.927215576171875 ], [ 264698.213339233421721, 9869794.157342528924346 ], [ 264665.701873779296875, 9869794.157342528924346 ], [ 264665.701873779296875, 9869815.927215576171875 ] ] ] } },
{ "type": "Feature", "properties": { "tile_row": 22, "tile_col": 29, "x_min": 422.17227, "y_min": 357.03357, "x_max": 476.87082, "y_max": 399.97504, "confidence_score": 0.36073357, "Class": "domestic garbage", "tile_id": "22_29", "filename": "tile_22_29.jpg", "x_offset": 29696, "y_offset": 22528, "width": 1024, "height": 1024, "left": 262539.6728515625, "top": 9865213.3178710938, "pixel_size_x": 0.30517578125, "pixel_size_y": 0.30517578125, "crs": "EPSG:32737", "global_x_min": 262668.50960388186, "global_y_min": 9865104.3598724362, "global_x_max": 262685.20227661135, "global_y_max": 9865091.2551757805 }, "geometry": { "type": "Polygon", "coordinates": [ [ [ 262668.509603881859221, 9865104.359872436150908 ], [ 262685.202276611351408, 9865104.359872436150908 ], [ 262685.202276611351408, 9865091.255175780504942 ], [ 262668.509603881859221, 9865091.255175780504942 ], [ 262668.509603881859221, 9865104.359872436150908 ] ] ] } },
{ "type": "Feature", "properties": { "tile_row": 22, "tile_col": 10, "x_min": 229.4288, "y_min": 253.24107, "x_max": 284.30563, "y_max": 306.42947, "confidence_score": 0.34381407, "Class": "domestic garbage", "tile_id": "22_10", "filename": "tile_22_10.jpg", "x_offset": 10240, "y_offset": 22528, "width": 1024, "height": 1024, "left": 256602.1728515625, "top": 9865213.3178710938, "pixel_size_x": 0.30517578125, "pixel_size_y": 0.30517578125, "crs": "EPSG:32737", "global_x_min": 256672.18896484375, "global_y_min": 9865136.0348297115, "global_x_max": 256688.93604431153, "global_y_max": 9865119.8030181881 }, "geometry": { "type": "Polygon", "coordinates": [ [ [ 256672.18896484375, 9865136.034829711541533 ], [ 256688.936044311529258, 9865136.034829711541533 ], [ 256688.936044311529258, 9865119.803018188104033 ], [ 256672.18896484375, 9865119.803018188104033 ], [ 256672.18896484375, 9865136.034829711541533 ] ] ] } },
{ "type": "Feature", "properties": { "tile_row": 74, "tile_col": 12, "x_min": 125.716034, "y_min": 514.4174, "x_max": 181.35635, "y_max": 553.72797, "confidence_score": 0.37117866, "Class": "domestic garbage", "tile_id": "74_12", "filename": "tile_74_12.jpg", "x_offset": 12288, "y_offset": 75776, "width": 1024, "height": 1024, "left": 257227.1728515625, "top": 9848963.3178710938, "pixel_size_x": 0.30517578125, "pixel_size_y": 0.30517578125, "crs": "EPSG:32737", "global_x_min": 257265.53834045411, "global_y_min": 9848806.3301391602, "global_x_max": 257282.5184173584, "global_y_max": 9848794.3335052487 }, "geometry": { "type": "Polygon", "coordinates": [ [ [ 257265.538340454106219, 9848806.33013916015625 ], [ 257282.518417358398438, 9848806.33013916015625 ], [ 257282.518417358398438, 9848794.333505248650908 ], [ 257265.538340454106219, 9848794.333505248650908 ], [ 257265.538340454106219, 9848806.33013916015625 ] ] ] } },
{ "type": "Feature", "properties": { "tile_row": 49, "tile_col": 35, "x_min": 556.06464, "y_min": 387.66937, "x_max": 607.2769, "y_max": 432.1371, "confidence_score": 0.6454366, "Class": "domestic garbage", "tile_id": "49_35", "filename": "tile_49_35.jpg", "x_offset": 35840, "y_offset": 50176, "width": 1024, "height": 1024, "left": 264414.6728515625, "top": 9856775.8178710938, "pixel_size_x": 0.30517578125, "pixel_size_y": 0.30517578125, "crs": "EPSG:32737", "global_x_min": 264584.37031249999, "global_y_min": 9856657.5105682369, "global_x_max": 264599.99905395508, "global_y_max": 9856643.9400939941 }, "geometry": { "type": "Polygon", "coordinates": [ [ [ 264584.370312499988358, 9856657.510568236932158 ], [ 264599.999053955078125, 9856657.510568236932158 ], [ 264599.999053955078125, 9856643.940093994140625 ], [ 264584.370312499988358, 9856643.940093994140625 ], [ 264584.370312499988358, 9856657.510568236932158 ] ] ] } },
{ "type": "Feature", "properties": { "tile_row": 35, "tile_col": 28, "x_min": 542.3683, "y_min": 397.10303, "x_max": 610.49133, "y_max": 448.04633, "confidence_score": 0.4109112, "Class": "domestic garbage", "tile_id": "35_28", "filename": "tile_35_28.jpg", "x_offset": 28672, "y_offset": 35840, "width": 1024, "height": 1024, "left": 262227.1728515625, "top": 9861150.8178710938, "pixel_size_x": 0.30517578125, "pixel_size_y": 0.30517578125, "crs": "EPSG:32737", "global_x_min": 262392.69052124023, "global_y_min": 9861029.6316436771, "global_x_max": 262413.48002014158, "global_y_max": 9861014.0849823002 }, "geometry": { "type": "Polygon", "coordinates": [ [ [ 262392.690521240234375, 9861029.631643677130342 ], [ 262413.480020141578279, 9861029.631643677130342 ], [ 262413.480020141578279, 9861014.084982300177217 ], [ 262392.690521240234375, 9861014.084982300177217 ], [ 262392.690521240234375, 9861029.631643677130342 ] ] ] } },
{ "type": "Feature", "properties": { "tile_row": 61, "tile_col": 6, "x_min": 551.45514, "y_min": 345.38898, "x_max": 625.8278, "y_max": 397.16864, "confidence_score": 0.64465624, "Class": "domestic garbage", "tile_id": "61_6", "filename": "tile_61_6.jpg", "x_offset": 6144, "y_offset": 62464, "width": 1024, "height": 1024, "left": 255352.1728515625, "top": 9853025.8178710938, "pixel_size_x": 0.30517578125, "pixel_size_y": 0.30517578125, "crs": "EPSG:32737", "global_x_min": 255520.46360473632, "global_y_min": 9852920.4135192875, "global_x_max": 255543.16033935547, "global_y_max": 9852904.611621093 }, "geometry": { "type": "Polygon", "coordinates": [ [ [ 255520.463604736316483, 9852920.413519287481904 ], [ 255543.16033935546875, 9852920.413519287481904 ], [ 255543.16033935546875, 9852904.611621093004942 ], [ 255520.463604736316483, 9852904.611621093004942 ], [ 255520.463604736316483, 9852920.413519287481904 ] ] ] } },
{ "type": "Feature", "properties": { "tile_row": 54, "tile_col": 35, "x_min": 410.15262, "y_min": 328.87933, "x_max": 453.95737, "y_max": 374.0569, "confidence_score": 0.4361083, "Class": "domestic garbage", "tile_id": "54_35", "filename": "tile_54_35.jpg", "x_offset": 35840, "y_offset": 55296, "width": 1024, "height": 1024, "left": 264414.6728515625, "top": 9855213.3178710938, "pixel_size_x": 0.30517578125, "pixel_size_y": 0.30517578125, "crs": "EPSG:32737", "global_x_min": 264539.84149780276, "global_y_min": 9855112.9518646244, "global_x_max": 264553.20964660647, "global_y_max": 9855099.1647644043 }, "geometry": { "type": "Polygon", "coordinates": [ [ [ 264539.841497802757658, 9855112.951864624395967 ], [ 264553.209646606468596, 9855112.951864624395967 ], [ 264553.209646606468596, 9855099.164764404296875 ], [ 264539.841497802757658, 9855099.164764404296875 ], [ 264539.841497802757658, 9855112.951864624395967 ] ] ] } },
{ "type": "Feature", "properties": { "tile_row": 31, "tile_col": 40, "x_min": 573.6525, "y_min": 347.2905, "x_max": 655.8962, "y_max": 395.09042, "confidence_score": 0.56032705, "Class": "domestic garbage", "tile_id": "31_40", "filename": "tile_31_40.jpg", "x_offset": 40960, "y_offset": 31744, "width": 1024, "height": 1024, "left": 265977.1728515625, "top": 9862400.8178710938, "pixel_size_x": 0.30517578125, "pixel_size_y": 0.30517578125, "crs": "EPSG:32737", "global_x_min": 266152.23770141602, "global_y_min": 9862294.8332214355, "global_x_max": 266177.33648681641, "global_y_max": 9862280.2458435055 }, "geometry": { "type": "Polygon", "coordinates": [ [ [ 266152.237701416015625, 9862294.833221435546875 ], [ 266177.33648681640625, 9862294.833221435546875 ], [ 266177.33648681640625, 9862280.245843505486846 ], [ 266152.237701416015625, 9862280.245843505486846 ], [ 266152.237701416015625, 9862294.833221435546875 ] ] ] } },
{ "type": "Feature", "properties": { "tile_row": 16, "tile_col": 38, "x_min": 91.25838, "y_min": 567.50366, "x_max": 128.29689, "y_max": 601.1339, "confidence_score": 0.3532435, "Class": "domestic garbage", "tile_id": "16_38", "filename": "tile_16_38.jpg", "x_offset": 38912, "y_offset": 16384, "width": 1024, "height": 1024, "left": 265352.1728515625, "top": 9867088.3178710938, "pixel_size_x": 0.30517578125, "pixel_size_y": 0.30517578125, "crs": "EPSG:32737", "global_x_min": 265380.02269897459, "global_y_min": 9866915.1294982918, "global_x_max": 265391.32595520018, "global_y_max": 9866904.8663635254 }, "geometry": { "type": "Polygon", "coordinates": [ [ [ 265380.022698974586092, 9866915.129498291760683 ], [ 265391.325955200183671, 9866915.129498291760683 ], [ 265391.325955200183671, 9866904.866363525390625 ], [ 265380.022698974586092, 9866904.866363525390625 ], [ 265380.022698974586092, 9866915.129498291760683 ] ] ] } },
{ "type": "Feature", "properties": { "tile_row": 16, "tile_col": 38, "x_min": 377.46164, "y_min": 452.82565, "x_max": 469.4916, "y_max": 516.8504, "confidence_score": 0.33619806, "Class": "domestic garbage", "tile_id": "16_38", "filename": "tile_16_38.jpg", "x_offset": 38912, "y_offset": 16384, "width": 1024, "height": 1024, "left": 265352.1728515625, "top": 9867088.3178710938, "pixel_size_x": 0.30517578125, "pixel_size_y": 0.30517578125, "crs": "EPSG:32737", "global_x_min": 265467.36500244139, "global_y_min": 9866950.126449585, "global_x_max": 265495.45031738281, "global_y_max": 9866930.5876464844 }, "geometry": { "type": "Polygon", "coordinates": [ [ [ 265467.365002441394608, 9866950.126449584960938 ], [ 265495.4503173828125, 9866950.126449584960938 ], [ 265495.4503173828125, 9866930.587646484375 ], [ 265467.365002441394608, 9866930.587646484375 ], [ 265467.365002441394608, 9866950.126449584960938 ] ] ] } },
{ "type": "Feature", "properties": { "tile_row": 12, "tile_col": 15, "x_min": 348.03528, "y_min": 554.2095, "x_max": 390.3084, "y_max": 599.2152, "confidence_score": 0.5742364, "Class": "domestic garbage", "tile_id": "12_15", "filename": "tile_12_15.jpg", "x_offset": 15360, "y_offset": 12288, "width": 1024, "height": 1024, "left": 258164.6728515625, "top": 9868338.3178710938, "pixel_size_x": 0.30517578125, "pixel_size_y": 0.30517578125, "crs": "EPSG:32737", "global_x_min": 258270.88479003907, "global_y_min": 9868169.1865539551, "global_x_max": 258283.78552246094, "global_y_max": 9868155.4519042969 }, "geometry": { "type": "Polygon", "coordinates": [ [ [ 258270.884790039068321, 9868169.186553955078125 ], [ 258283.7855224609375, 9868169.186553955078125 ], [ 258283.7855224609375, 9868155.451904296875 ], [ 258270.884790039068321, 9868155.451904296875 ], [ 258270.884790039068321, 9868169.186553955078125 ] ] ] } },
{ "type": "Feature", "properties": { "tile_row": 57, "tile_col": 30, "x_min": 671.50275, "y_min": 377.11945, "x_max": 710.8156, "y_max": 412.43896, "confidence_score": 0.3893693, "Class": "domestic garbage", "tile_id": "57_30", "filename": "tile_57_30.jpg", "x_offset": 30720, "y_offset": 58368, "width": 1024, "height": 1024, "left": 262852.1728515625, "top": 9854275.8178710938, "pixel_size_x": 0.30517578125, "pixel_size_y": 0.30517578125, "crs": "EPSG:32737", "global_x_min": 263057.09922790527, "global_y_min": 9854160.7301483154, "global_x_max": 263069.09655761719, "global_y_max": 9854149.9514892586 }, "geometry": { "type": "Polygon", "coordinates": [ [ [ 263057.099227905273438, 9854160.730148315429688 ], [ 263069.0965576171875, 9854160.730148315429688 ], [ 263069.0965576171875, 9854149.951489258557558 ], [ 263057.099227905273438, 9854149.951489258557558 ], [ 263057.099227905273438, 9854160.730148315429688 ] ] ] } },
{ "type": "Feature", "properties": { "tile_row": 61, "tile_col": 27, "x_min": 316.0576, "y_min": 710.74493, "x_max": 373.2184, "y_max": 774.6357, "confidence_score": 0.41647625, "Class": "domestic garbage", "tile_id": "61_27", "filename": "tile_61_27.jpg", "x_offset": 27648, "y_offset": 62464, "width": 1024, "height": 1024, "left": 261914.6728515625, "top": 9853025.8178710938, "pixel_size_x": 0.30517578125, "pixel_size_y": 0.30517578125, "crs": "EPSG:32737", "global_x_min": 262011.1259765625, "global_y_min": 9852808.9157318119, "global_x_max": 262028.57006835938, "global_y_max": 9852789.4178161621 }, "geometry": { "type": "Polygon", "coordinates": [ [ [ 262011.1259765625, 9852808.915731811895967 ], [ 262028.570068359375, 9852808.915731811895967 ], [ 262028.570068359375, 9852789.417816162109375 ], [ 262011.1259765625, 9852789.417816162109375 ], [ 262011.1259765625, 9852808.915731811895967 ] ] ] } },
{ "type": "Feature", "properties": { "tile_row": 51, "tile_col": 25, "x_min": 812.1776, "y_min": 606.68384, "x_max": 853.5176, "y_max": 643.9824, "confidence_score": 0.4737717, "Class": "domestic garbage", "tile_id": "51_25", "filename": "tile_51_25.jpg", "x_offset": 25600, "y_offset": 52224, "width": 1024, "height": 1024, "left": 261289.6728515625, "top": 9856150.8178710938, "pixel_size_x": 0.30517578125, "pixel_size_y": 0.30517578125, "crs": "EPSG:32737", "global_x_min": 261537.52978515625, "global_y_min": 9855965.6726562493, "global_x_max": 261550.14575195312, "global_y_max": 9855954.2900390625 }, "geometry": { "type": "Polygon", "coordinates": [ [ [ 261537.52978515625, 9855965.672656249254942 ], [ 261550.145751953125, 9855965.672656249254942 ], [ 261550.145751953125, 9855954.2900390625 ], [ 261537.52978515625, 9855954.2900390625 ], [ 261537.52978515625, 9855965.672656249254942 ] ] ] } },
{ "type": "Feature", "properties": { "tile_row": 5, "tile_col": 42, "x_min": 809.7578, "y_min": 537.3762, "x_max": 892.271, "y_max": 586.1312, "confidence_score": 0.92232543, "Class": "domestic garbage", "tile_id": "5_42", "filename": "tile_5_42.jpg", "x_offset": 43008, "y_offset": 5120, "width": 1024, "height": 1024, "left": 266602.1728515625, "top": 9870525.8178710938, "pixel_size_x": 0.30517578125, "pixel_size_y": 0.30517578125, "crs": "EPSG:32737", "global_x_min": 266849.29132080078, "global_y_min": 9870361.8236694336, "global_x_max": 266874.47235107422, "global_y_max": 9870346.9448242188 }, "geometry": { "type": "Polygon", "coordinates": [ [ [ 266849.29132080078125, 9870361.82366943359375 ], [ 266874.47235107421875, 9870361.82366943359375 ], [ 266874.47235107421875, 9870346.94482421875 ], [ 266849.29132080078125, 9870346.94482421875 ], [ 266849.29132080078125, 9870361.82366943359375 ] ] ] } },
{ "type": "Feature", "properties": { "tile_row": 58, "tile_col": 34, "x_min": 234.34244, "y_min": 338.48807, "x_max": 285.57242, "y_max": 377.12338, "confidence_score": 0.82841545, "Class": "domestic garbage", "tile_id": "58_34", "filename": "tile_58_34.jpg", "x_offset": 34816, "y_offset": 59392, "width": 1024, "height": 1024, "left": 264102.1728515625, "top": 9853963.3178710938, "pixel_size_x": 0.30517578125, "pixel_size_y": 0.30517578125, "crs": "EPSG:32737", "global_x_min": 264173.68848876952, "global_y_min": 9853860.0195098873, "global_x_max": 264189.32263793948, "global_y_max": 9853848.228948975 }, "geometry": { "type": "Polygon", "coordinates": [ [ [ 264173.688488769519608, 9853860.019509887322783 ], [ 264189.322637939476408, 9853860.019509887322783 ], [ 264189.322637939476408, 9853848.228948974981904 ], [ 264173.688488769519608, 9853848.228948974981904 ], [ 264173.688488769519608, 9853860.019509887322783 ] ] ] } },
{ "type": "Feature", "properties": { "tile_row": 58, "tile_col": 32, "x_min": 235.33961, "y_min": 553.2838, "x_max": 289.3228, "y_max": 602.73364, "confidence_score": 0.3425876, "Class": "domestic garbage", "tile_id": "58_32", "filename": "tile_58_32.jpg", "x_offset": 32768, "y_offset": 59392, "width": 1024, "height": 1024, "left": 263477.1728515625, "top": 9853963.3178710938, "pixel_size_x": 0.30517578125, "pixel_size_y": 0.30517578125, "crs": "EPSG:32737", "global_x_min": 263548.99280090333, "global_y_min": 9853794.4690551758, "global_x_max": 263565.46716308594, "global_y_max": 9853779.3781616203 }, "geometry": { "type": "Polygon", "coordinates": [ [ [ 263548.992800903331954, 9853794.46905517578125 ], [ 263565.4671630859375, 9853794.46905517578125 ], [ 263565.4671630859375, 9853779.378161620348692 ], [ 263548.992800903331954, 9853779.378161620348692 ], [ 263548.992800903331954, 9853794.46905517578125 ] ] ] } },
{ "type": "Feature", "properties": { "tile_row": 17, "tile_col": 35, "x_min": 537.59753, "y_min": 647.0813, "x_max": 657.4126, "y_max": 719.5659, "confidence_score": 0.47363248, "Class": "domestic garbage", "tile_id": "17_35", "filename": "tile_17_35.jpg", "x_offset": 35840, "y_offset": 17408, "width": 1024, "height": 1024, "left": 264414.6728515625, "top": 9866775.8178710938, "pixel_size_x": 0.30517578125, "pixel_size_y": 0.30517578125, "crs": "EPSG:32737", "global_x_min": 264578.7345977783, "global_y_min": 9866578.344329834, "global_x_max": 264615.29925537109, "global_y_max": 9866556.2237854004 }, "geometry": { "type": "Polygon", "coordinates": [ [ [ 264578.734597778297029, 9866578.344329833984375 ], [ 264615.29925537109375, 9866578.344329833984375 ], [ 264615.29925537109375, 9866556.223785400390625 ], [ 264578.734597778297029, 9866556.223785400390625 ], [ 264578.734597778297029, 9866578.344329833984375 ] ] ] } },
{ "type": "Feature", "properties": { "tile_row": 56, "tile_col": 35, "x_min": 379.9232, "y_min": 789.71423, "x_max": 416.6489, "y_max": 835.91406, "confidence_score": 0.5497159, "Class": "domestic garbage", "tile_id": "56_35", "filename": "tile_56_35.jpg", "x_offset": 35840, "y_offset": 57344, "width": 1024, "height": 1024, "left": 264414.6728515625, "top": 9854588.3178710938, "pixel_size_x": 0.30517578125, "pixel_size_y": 0.30517578125, "crs": "EPSG:32737", "global_x_min": 264530.6162109375, "global_y_min": 9854347.3162139896, "global_x_max": 264541.82400512695, "global_y_max": 9854333.2171447761 }, "geometry": { "type": "Polygon", "coordinates": [ [ [ 264530.6162109375, 9854347.316213989630342 ], [ 264541.824005126953125, 9854347.316213989630342 ], [ 264541.824005126953125, 9854333.217144776135683 ], [ 264530.6162109375, 9854333.217144776135683 ], [ 264530.6162109375, 9854347.316213989630342 ] ] ] } },
{ "type": "Feature", "properties": { "tile_row": 10, "tile_col": 31, "x_min": 881.9854, "y_min": 822.3995, "x_max": 933.20123, "y_max": 862.9666, "confidence_score": 0.8956853, "Class": "domestic garbage", "tile_id": "10_31", "filename": "tile_10_31.jpg", "x_offset": 31744, "y_offset": 10240, "width": 1024, "height": 1024, "left": 263164.6728515625, "top": 9868963.3178710938, "pixel_size_x": 0.30517578125, "pixel_size_y": 0.30517578125, "crs": "EPSG:32737", "global_x_min": 263433.83343505859, "global_y_min": 9868712.3414611816, "global_x_max": 263449.46326599119, "global_y_max": 9868699.9613647461 }, "geometry": { "type": "Polygon", "coordinates": [ [ [ 263433.83343505859375, 9868712.341461181640625 ], [ 263449.463265991187654, 9868712.341461181640625 ], [ 263449.463265991187654, 9868699.96136474609375 ], [ 263433.83343505859375, 9868699.96136474609375 ], [ 263433.83343505859375, 9868712.341461181640625 ] ] ] } },
{ "type": "Feature", "properties": { "tile_row": 77, "tile_col": 8, "x_min": 791.85223, "y_min": 245.91939, "x_max": 873.54144, "y_max": 304.53632, "confidence_score": 0.5481284, "Class": "domestic garbage", "tile_id": "77_8", "filename": "tile_77_8.jpg", "x_offset": 8192, "y_offset": 78848, "width": 1024, "height": 1024, "left": 255977.1728515625, "top": 9848025.8178710938, "pixel_size_x": 0.30517578125, "pixel_size_y": 0.30517578125, "crs": "EPSG:32737", "global_x_min": 256218.82697448731, "global_y_min": 9847950.7692291252, "global_x_max": 256243.75654296874, "global_y_max": 9847932.8807617184 }, "geometry": { "type": "Polygon", "coordinates": [ [ [ 256218.826974487310508, 9847950.769229125231504 ], [ 256243.756542968738358, 9847950.769229125231504 ], [ 256243.756542968738358, 9847932.880761718377471 ], [ 256218.826974487310508, 9847932.880761718377471 ], [ 256218.826974487310508, 9847950.769229125231504 ] ] ] } },
{ "type": "Feature", "properties": { "tile_row": 36, "tile_col": 34, "x_min": 676.3126, "y_min": 833.07556, "x_max": 732.66907, "y_max": 877.93005, "confidence_score": 0.80489695, "Class": "domestic garbage", "tile_id": "36_34", "filename": "tile_36_34.jpg", "x_offset": 34816, "y_offset": 36864, "width": 1024, "height": 1024, "left": 264102.1728515625, "top": 9860838.3178710938, "pixel_size_x": 0.30517578125, "pixel_size_y": 0.30517578125, "crs": "EPSG:32737", "global_x_min": 264308.56707763672, "global_y_min": 9860584.0833862312, "global_x_max": 264325.76570739748, "global_y_max": 9860570.3948822021 }, "geometry": { "type": "Polygon", "coordinates": [ [ [ 264308.56707763671875, 9860584.083386231213808 ], [ 264325.765707397484221, 9860584.083386231213808 ], [ 264325.765707397484221, 9860570.394882202148438 ], [ 264308.56707763671875, 9860570.394882202148438 ], [ 264308.56707763671875, 9860584.083386231213808 ] ] ] } },
{ "type": "Feature", "properties": { "tile_row": 36, "tile_col": 34, "x_min": 730.44214, "y_min": 69.493866, "x_max": 795.42395, "y_max": 186.90588, "confidence_score": 0.7650269, "Class": "domestic garbage", "tile_id": "36_34", "filename": "tile_36_34.jpg", "x_offset": 34816, "y_offset": 36864, "width": 1024, "height": 1024, "left": 264102.1728515625, "top": 9860838.3178710938, "pixel_size_x": 0.30517578125, "pixel_size_y": 0.30517578125, "crs": "EPSG:32737", "global_x_min": 264325.08610229491, "global_y_min": 9860817.1100262459, "global_x_max": 264344.91697692871, "global_y_max": 9860781.2787231449 }, "geometry": { "type": "Polygon", "coordinates": [ [ [ 264325.086102294910233, 9860817.110026245936751 ], [ 264344.916976928710938, 9860817.110026245936751 ], [ 264344.916976928710938, 9860781.278723144903779 ], [ 264325.086102294910233, 9860781.278723144903779 ], [ 264325.086102294910233, 9860817.110026245936751 ] ] ] } },
{ "type": "Feature", "properties": { "tile_row": 36, "tile_col": 34, "x_min": 672.6962, "y_min": 563.0547, "x_max": 736.753, "y_max": 638.57117, "confidence_score": 0.69213134, "Class": "domestic garbage", "tile_id": "36_34", "filename": "tile_36_34.jpg", "x_offset": 34816, "y_offset": 36864, "width": 1024, "height": 1024, "left": 264102.1728515625, "top": 9860838.3178710938, "pixel_size_x": 0.30517578125, "pixel_size_y": 0.30517578125, "crs": "EPSG:32737", "global_x_min": 264307.46343994141, "global_y_min": 9860666.4872131348, "global_x_max": 264327.01202392578, "global_y_max": 9860643.4414154049 }, "geometry": { "type": "Polygon", "coordinates": [ [ [ 264307.46343994140625, 9860666.487213134765625 ], [ 264327.01202392578125, 9860666.487213134765625 ], [ 264327.01202392578125, 9860643.441415404900908 ], [ 264307.46343994140625, 9860643.441415404900908 ], [ 264307.46343994140625, 9860666.487213134765625 ] ] ] } },
{ "type": "Feature", "properties": { "tile_row": 28, "tile_col": 20, "x_min": 538.739, "y_min": 511.83286, "x_max": 595.4214, "y_max": 561.4469, "confidence_score": 0.3231331, "Class": "domestic garbage", "tile_id": "28_20", "filename": "tile_28_20.jpg", "x_offset": 20480, "y_offset": 28672, "width": 1024, "height": 1024, "left": 259727.1728515625, "top": 9863338.3178710938, "pixel_size_x": 0.30517578125, "pixel_size_y": 0.30517578125, "crs": "EPSG:32737", "global_x_min": 259891.58294677734, "global_y_min": 9863182.1188781746, "global_x_max": 259908.88104248047, "global_y_max": 9863166.9778747559 }, "geometry": { "type": "Polygon", "coordinates": [ [ [ 259891.58294677734375, 9863182.118878174573183 ], [ 259908.88104248046875, 9863182.118878174573183 ], [ 259908.88104248046875, 9863166.977874755859375 ], [ 259891.58294677734375, 9863166.977874755859375 ], [ 259891.58294677734375, 9863182.118878174573183 ] ] ] } },
{ "type": "Feature", "properties": { "tile_row": 22, "tile_col": 17, "x_min": 457.00775, "y_min": 466.32437, "x_max": 555.65497, "y_max": 552.0904, "confidence_score": 0.82056403, "Class": "domestic garbage", "tile_id": "22_17", "filename": "tile_22_17.jpg", "x_offset": 17408, "y_offset": 22528, "width": 1024, "height": 1024, "left": 258789.6728515625, "top": 9865213.3178710938, "pixel_size_x": 0.30517578125, "pixel_size_y": 0.30517578125, "crs": "EPSG:32737", "global_x_min": 258929.14054870605, "global_y_min": 9865071.0069671627, "global_x_max": 258959.24529113769, "global_y_max": 9865044.8332519531 }, "geometry": { "type": "Polygon", "coordinates": [ [ [ 258929.140548706054688, 9865071.006967162713408 ], [ 258959.245291137689492, 9865071.006967162713408 ], [ 258959.245291137689492, 9865044.833251953125 ], [ 258929.140548706054688, 9865044.833251953125 ], [ 258929.140548706054688, 9865071.006967162713408 ] ] ] } },
{ "type": "Feature", "properties": { "tile_row": 22, "tile_col": 17, "x_min": 344.61304, "y_min": 317.656, "x_max": 549.3765, "y_max": 536.38226, "confidence_score": 0.30447248, "Class": "domestic garbage", "tile_id": "22_17", "filename": "tile_22_17.jpg", "x_offset": 17408, "y_offset": 22528, "width": 1024, "height": 1024, "left": 258789.6728515625, "top": 9865213.3178710938, "pixel_size_x": 0.30517578125, "pixel_size_y": 0.30517578125, "crs": "EPSG:32737", "global_x_min": 258894.84040527343, "global_y_min": 9865116.376953125, "global_x_max": 258957.32925415039, "global_y_max": 9865049.6269958504 }, "geometry": { "type": "Polygon", "coordinates": [ [ [ 258894.840405273425858, 9865116.376953125 ], [ 258957.329254150390625, 9865116.376953125 ], [ 258957.329254150390625, 9865049.626995850354433 ], [ 258894.840405273425858, 9865049.626995850354433 ], [ 258894.840405273425858, 9865116.376953125 ] ] ] } },
{ "type": "Feature", "properties": { "tile_row": 31, "tile_col": 39, "x_min": 593.98584, "y_min": 180.11964, "x_max": 637.37744, "y_max": 225.83333, "confidence_score": 0.70257413, "Class": "domestic garbage", "tile_id": "31_39", "filename": "tile_31_39.jpg", "x_offset": 39936, "y_offset": 31744, "width": 1024, "height": 1024, "left": 265664.6728515625, "top": 9862400.8178710938, "pixel_size_x": 0.30517578125, "pixel_size_y": 0.30517578125, "crs": "EPSG:32737", "global_x_min": 265845.94294433593, "global_y_min": 9862345.8497192375, "global_x_max": 265859.18500976561, "global_y_max": 9862331.8990081791 }, "geometry": { "type": "Polygon", "coordinates": [ [ [ 265845.942944335925858, 9862345.849719237536192 ], [ 265859.185009765613358, 9862345.849719237536192 ], [ 265859.185009765613358, 9862331.899008179083467 ], [ 265845.942944335925858, 9862331.899008179083467 ], [ 265845.942944335925858, 9862345.849719237536192 ] ] ] } },
{ "type": "Feature", "properties": { "tile_row": 4, "tile_col": 42, "x_min": 516.1185, "y_min": 754.4801, "x_max": 636.92944, "y_max": 870.4762, "confidence_score": 0.4329102, "Class": "domestic garbage", "tile_id": "4_42", "filename": "tile_4_42.jpg", "x_offset": 43008, "y_offset": 4096, "width": 1024, "height": 1024, "left": 266602.1728515625, "top": 9870838.3178710938, "pixel_size_x": 0.30517578125, "pixel_size_y": 0.30517578125, "crs": "EPSG:32737", "global_x_min": 266759.67971801758, "global_y_min": 9870608.0688171387, "global_x_max": 266796.54829101561, "global_y_max": 9870572.6696166992 }, "geometry": { "type": "Polygon", "coordinates": [ [ [ 266759.679718017578125, 9870608.068817138671875 ], [ 266796.548291015613358, 9870608.068817138671875 ], [ 266796.548291015613358, 9870572.66961669921875 ], [ 266759.679718017578125, 9870572.66961669921875 ], [ 266759.679718017578125, 9870608.068817138671875 ] ] ] } },
{ "type": "Feature", "properties": { "tile_row": 43, "tile_col": 17, "x_min": 509.17792, "y_min": 85.97467, "x_max": 540.44135, "y_max": 120.902466, "confidence_score": 0.3190485, "Class": "domestic garbage", "tile_id": "43_17", "filename": "tile_43_17.jpg", "x_offset": 17408, "y_offset": 44032, "width": 1024, "height": 1024, "left": 258789.6728515625, "top": 9858650.8178710938, "pixel_size_x": 0.30517578125, "pixel_size_y": 0.30517578125, "crs": "EPSG:32737", "global_x_min": 258945.06162109374, "global_y_min": 9858624.5804840084, "global_x_max": 258954.60246276855, "global_y_max": 9858613.921366578 }, "geometry": { "type": "Polygon", "coordinates": [ [ [ 258945.061621093744179, 9858624.580484008416533 ], [ 258954.602462768554688, 9858624.580484008416533 ], [ 258954.602462768554688, 9858613.921366577968001 ], [ 258945.061621093744179, 9858613.921366577968001 ], [ 258945.061621093744179, 9858624.580484008416533 ] ] ] } },
{ "type": "Feature", "properties": { "tile_row": 15, "tile_col": 37, "x_min": 134.43036, "y_min": 825.24146, "x_max": 225.00378, "y_max": 866.74084, "confidence_score": 0.4693499, "Class": "domestic garbage", "tile_id": "15_37", "filename": "tile_15_37.jpg", "x_offset": 37888, "y_offset": 15360, "width": 1024, "height": 1024, "left": 265039.6728515625, "top": 9867400.8178710938, "pixel_size_x": 0.30517578125, "pixel_size_y": 0.30517578125, "crs": "EPSG:32737", "global_x_min": 265080.69774169923, "global_y_min": 9867148.9741638191, "global_x_max": 265108.33855590818, "global_y_max": 9867136.3095581047 }, "geometry": { "type": "Polygon", "coordinates": [ [ [ 265080.697741699230392, 9867148.974163819104433 ], [ 265108.338555908179842, 9867148.974163819104433 ], [ 265108.338555908179842, 9867136.309558104723692 ], [ 265080.697741699230392, 9867136.309558104723692 ], [ 265080.697741699230392, 9867148.974163819104433 ] ] ] } },
{ "type": "Feature", "properties": { "tile_row": 55, "tile_col": 36, "x_min": 419.5574, "y_min": 320.8235, "x_max": 468.82083, "y_max": 381.50458, "confidence_score": 0.40134373, "Class": "domestic garbage", "tile_id": "55_36", "filename": "tile_55_36.jpg", "x_offset": 36864, "y_offset": 56320, "width": 1024, "height": 1024, "left": 264727.1728515625, "top": 9854900.8178710938, "pixel_size_x": 0.30517578125, "pixel_size_y": 0.30517578125, "crs": "EPSG:32737", "global_x_min": 264855.21160888672, "global_y_min": 9854802.9103088379, "global_x_max": 264870.245614624, "global_y_max": 9854784.3919128422 }, "geometry": { "type": "Polygon", "coordinates": [ [ [ 264855.21160888671875, 9854802.910308837890625 ], [ 264870.245614624000154, 9854802.910308837890625 ], [ 264870.245614624000154, 9854784.391912842169404 ], [ 264855.21160888671875, 9854784.391912842169404 ], [ 264855.21160888671875, 9854802.910308837890625 ] ] ] } },
{ "type": "Feature", "properties": { "tile_row": 45, "tile_col": 2, "x_min": 439.52875, "y_min": 276.7065, "x_max": 487.48712, "y_max": 335.12186, "confidence_score": 0.9580676, "Class": "domestic garbage", "tile_id": "45_2", "filename": "tile_45_2.jpg", "x_offset": 2048, "y_offset": 46080, "width": 1024, "height": 1024, "left": 254102.1728515625, "top": 9858025.8178710938, "pixel_size_x": 0.30517578125, "pixel_size_y": 0.30517578125, "crs": "EPSG:32737", "global_x_min": 254236.30638122559, "global_y_min": 9857941.3737487793, "global_x_max": 254250.94211425781, "global_y_max": 9857923.546795655 }, "geometry": { "type": "Polygon", "coordinates": [ [ [ 254236.306381225585938, 9857941.373748779296875 ], [ 254250.942114257806679, 9857941.373748779296875 ], [ 254250.942114257806679, 9857923.546795655041933 ], [ 254236.306381225585938, 9857923.546795655041933 ], [ 254236.306381225585938, 9857941.373748779296875 ] ] ] } },
{ "type": "Feature", "properties": { "tile_row": 25, "tile_col": 7, "x_min": 91.56865, "y_min": 258.40173, "x_max": 138.61568, "y_max": 309.58765, "confidence_score": 0.82408375, "Class": "domestic garbage", "tile_id": "25_7", "filename": "tile_25_7.jpg", "x_offset": 7168, "y_offset": 25600, "width": 1024, "height": 1024, "left": 255664.6728515625, "top": 9864275.8178710938, "pixel_size_x": 0.30517578125, "pixel_size_y": 0.30517578125, "crs": "EPSG:32737", "global_x_min": 255692.61738586426, "global_y_min": 9864196.959921265, "global_x_max": 255706.975, "global_y_max": 9864181.3392181396 }, "geometry": { "type": "Polygon", "coordinates": [ [ [ 255692.617385864257812, 9864196.959921265020967 ], [ 255706.975, 9864196.959921265020967 ], [ 255706.975, 9864181.339218139648438 ], [ 255692.617385864257812, 9864181.339218139648438 ], [ 255692.617385864257812, 9864196.959921265020967 ] ] ] } },
{ "type": "Feature", "properties": { "tile_row": 25, "tile_col": 7, "x_min": 732.28735, "y_min": 419.10666, "x_max": 809.797, "y_max": 497.80905, "confidence_score": 0.7380085, "Class": "domestic garbage", "tile_id": "25_7", "filename": "tile_25_7.jpg", "x_offset": 7168, "y_offset": 25600, "width": 1024, "height": 1024, "left": 255664.6728515625, "top": 9864275.8178710938, "pixel_size_x": 0.30517578125, "pixel_size_y": 0.30517578125, "crs": "EPSG:32737", "global_x_min": 255888.14921569824, "global_y_min": 9864147.9166687019, "global_x_max": 255911.80328369141, "global_y_max": 9864123.8986053467 }, "geometry": { "type": "Polygon", "coordinates": [ [ [ 255888.149215698242188, 9864147.916668701916933 ], [ 255911.80328369140625, 9864147.916668701916933 ], [ 255911.80328369140625, 9864123.898605346679688 ], [ 255888.149215698242188, 9864123.898605346679688 ], [ 255888.149215698242188, 9864147.916668701916933 ] ] ] } },
{ "type": "Feature", "properties": { "tile_row": 46, "tile_col": 8, "x_min": 104.27381, "y_min": 710.485, "x_max": 202.34543, "y_max": 751.2997, "confidence_score": 0.41249886, "Class": "domestic garbage", "tile_id": "46_8", "filename": "tile_46_8.jpg", "x_offset": 8192, "y_offset": 47104, "width": 1024, "height": 1024, "left": 255977.1728515625, "top": 9857713.3178710938, "pixel_size_x": 0.30517578125, "pixel_size_y": 0.30517578125, "crs": "EPSG:32737", "global_x_min": 256008.99469299318, "global_y_min": 9857496.4950561523, "global_x_max": 256038.92377624512, "global_y_max": 9857484.0393981934 }, "geometry": { "type": "Polygon", "coordinates": [ [ [ 256008.994692993175704, 9857496.49505615234375 ], [ 256038.923776245123008, 9857496.49505615234375 ], [ 256038.923776245123008, 9857484.039398193359375 ], [ 256008.994692993175704, 9857484.039398193359375 ], [ 256008.994692993175704, 9857496.49505615234375 ] ] ] } },
{ "type": "Feature", "properties": { "tile_row": 35, "tile_col": 2, "x_min": 186.49716, "y_min": 543.0197, "x_max": 233.43152, "y_max": 579.2707, "confidence_score": 0.79797286, "Class": "domestic garbage", "tile_id": "35_2", "filename": "tile_35_2.jpg", "x_offset": 2048, "y_offset": 35840, "width": 1024, "height": 1024, "left": 254102.1728515625, "top": 9861150.8178710938, "pixel_size_x": 0.30517578125, "pixel_size_y": 0.30517578125, "crs": "EPSG:32737", "global_x_min": 254159.08726806642, "global_y_min": 9860985.1014099121, "global_x_max": 254173.41049804687, "global_y_max": 9860974.038482666 }, "geometry": { "type": "Polygon", "coordinates": [ [ [ 254159.087268066417892, 9860985.101409912109375 ], [ 254173.410498046869179, 9860985.101409912109375 ], [ 254173.410498046869179, 9860974.038482666015625 ], [ 254159.087268066417892, 9860974.038482666015625 ], [ 254159.087268066417892, 9860985.101409912109375 ] ] ] } },
{ "type": "Feature", "properties": { "tile_row": 35, "tile_col": 40, "x_min": 643.551, "y_min": 515.2348, "x_max": 682.7283, "y_max": 549.67804, "confidence_score": 0.32101887, "Class": "domestic garbage", "tile_id": "35_40", "filename": "tile_35_40.jpg", "x_offset": 40960, "y_offset": 35840, "width": 1024, "height": 1024, "left": 265977.1728515625, "top": 9861150.8178710938, "pixel_size_x": 0.30517578125, "pixel_size_y": 0.30517578125, "crs": "EPSG:32737", "global_x_min": 266173.56903076172, "global_y_min": 9860993.5806884766, "global_x_max": 266185.52499389648, "global_y_max": 9860983.0694458 }, "geometry": { "type": "Polygon", "coordinates": [ [ [ 266173.56903076171875, 9860993.5806884765625 ], [ 266185.524993896484375, 9860993.5806884765625 ], [ 266185.524993896484375, 9860983.069445800036192 ], [ 266173.56903076171875, 9860983.069445800036192 ], [ 266173.56903076171875, 9860993.5806884765625 ] ] ] } },
{ "type": "Feature", "properties": { "tile_row": 53, "tile_col": 17, "x_min": 531.3026, "y_min": 64.1086, "x_max": 571.6063, "y_max": 110.268845, "confidence_score": 0.43664297, "Class": "domestic garbage", "tile_id": "53_17", "filename": "tile_53_17.jpg", "x_offset": 17408, "y_offset": 54272, "width": 1024, "height": 1024, "left": 258789.6728515625, "top": 9855525.8178710938, "pixel_size_x": 0.30517578125, "pixel_size_y": 0.30517578125, "crs": "EPSG:32737", "global_x_min": 258951.81353759766, "global_y_min": 9855506.2534790039, "global_x_max": 258964.11325073242, "global_y_max": 9855492.166490173 }, "geometry": { "type": "Polygon", "coordinates": [ [ [ 258951.81353759765625, 9855506.25347900390625 ], [ 258964.113250732421875, 9855506.25347900390625 ], [ 258964.113250732421875, 9855492.166490172967315 ], [ 258951.81353759765625, 9855492.166490172967315 ], [ 258951.81353759765625, 9855506.25347900390625 ] ] ] } },
{ "type": "Feature", "properties": { "tile_row": 13, "tile_col": 0, "x_min": 866.6367, "y_min": 548.2001, "x_max": 961.9459, "y_max": 636.8406, "confidence_score": 0.7193026, "Class": "domestic garbage", "tile_id": "13_0", "filename": "tile_13_0.jpg", "x_offset": 0, "y_offset": 13312, "width": 1024, "height": 1024, "left": 253477.1728515625, "top": 9868025.8178710938, "pixel_size_x": 0.30517578125, "pixel_size_y": 0.30517578125, "crs": "EPSG:32737", "global_x_min": 253741.64938354492, "global_y_min": 9867858.5204772949, "global_x_max": 253770.73544311523, "global_y_max": 9867831.469543457 }, "geometry": { "type": "Polygon", "coordinates": [ [ [ 253741.649383544921875, 9867858.520477294921875 ], [ 253770.735443115234375, 9867858.520477294921875 ], [ 253770.735443115234375, 9867831.46954345703125 ], [ 253741.649383544921875, 9867831.46954345703125 ], [ 253741.649383544921875, 9867858.520477294921875 ] ] ] } },
{ "type": "Feature", "properties": { "tile_row": 3, "tile_col": 23, "x_min": 424.22614, "y_min": 729.0495, "x_max": 469.62048, "y_max": 767.3858, "confidence_score": 0.42636043, "Class": "domestic garbage", "tile_id": "3_23", "filename": "tile_3_23.jpg", "x_offset": 23552, "y_offset": 3072, "width": 1024, "height": 1024, "left": 260664.6728515625, "top": 9871150.8178710938, "pixel_size_x": 0.30517578125, "pixel_size_y": 0.30517578125, "crs": "EPSG:32737", "global_x_min": 260794.13639526366, "global_y_min": 9870928.3296203613, "global_x_max": 260807.98964843751, "global_y_max": 9870916.6303100586 }, "geometry": { "type": "Polygon", "coordinates": [ [ [ 260794.136395263660233, 9870928.329620361328125 ], [ 260807.989648437505821, 9870928.329620361328125 ], [ 260807.989648437505821, 9870916.63031005859375 ], [ 260794.136395263660233, 9870916.63031005859375 ], [ 260794.136395263660233, 9870928.329620361328125 ] ] ] } },
{ "type": "Feature", "properties": { "tile_row": 49, "tile_col": 39, "x_min": 541.66534, "y_min": 352.95325, "x_max": 576.5253, "y_max": 384.7483, "confidence_score": 0.5165708, "Class": "domestic garbage", "tile_id": "49_39", "filename": "tile_49_39.jpg", "x_offset": 39936, "y_offset": 50176, "width": 1024, "height": 1024, "left": 265664.6728515625, "top": 9856775.8178710938, "pixel_size_x": 0.30517578125, "pixel_size_y": 0.30517578125, "crs": "EPSG:32737", "global_x_min": 265829.97599487304, "global_y_min": 9856668.1050872803, "global_x_max": 265840.61441040039, "global_y_max": 9856658.4020080566 }, "geometry": { "type": "Polygon", "coordinates": [ [ [ 265829.975994873035233, 9856668.105087280273438 ], [ 265840.614410400390625, 9856668.105087280273438 ], [ 265840.614410400390625, 9856658.402008056640625 ], [ 265829.975994873035233, 9856658.402008056640625 ], [ 265829.975994873035233, 9856668.105087280273438 ] ] ] } },
{ "type": "Feature", "properties": { "tile_row": 55, "tile_col": 16, "x_min": 480.587, "y_min": 432.01108, "x_max": 536.3821, "y_max": 504.5599, "confidence_score": 0.54001474, "Class": "domestic garbage", "tile_id": "55_16", "filename": "tile_55_16.jpg", "x_offset": 16384, "y_offset": 56320, "width": 1024, "height": 1024, "left": 258477.1728515625, "top": 9854900.8178710938, "pixel_size_x": 0.30517578125, "pixel_size_y": 0.30517578125, "crs": "EPSG:32737", "global_x_min": 258623.83636474609, "global_y_min": 9854768.9785522465, "global_x_max": 258640.86367797852, "global_y_max": 9854746.8384094238 }, "geometry": { "type": "Polygon", "coordinates": [ [ [ 258623.83636474609375, 9854768.978552246466279 ], [ 258640.863677978515625, 9854768.978552246466279 ], [ 258640.863677978515625, 9854746.838409423828125 ], [ 258623.83636474609375, 9854746.838409423828125 ], [ 258623.83636474609375, 9854768.978552246466279 ] ] ] } },
{ "type": "Feature", "properties": { "tile_row": 26, "tile_col": 18, "x_min": 439.93903, "y_min": 225.88133, "x_max": 509.2934, "y_max": 326.95483, "confidence_score": 0.804323, "Class": "domestic garbage", "tile_id": "26_18", "filename": "tile_26_18.jpg", "x_offset": 18432, "y_offset": 26624, "width": 1024, "height": 1024, "left": 259102.1728515625, "top": 9863963.3178710938, "pixel_size_x": 0.30517578125, "pixel_size_y": 0.30517578125, "crs": "EPSG:32737", "global_x_min": 259236.43158874512, "global_y_min": 9863894.3843597416, "global_x_max": 259257.59686279297, "global_y_max": 9863863.5391754154 }, "geometry": { "type": "Polygon", "coordinates": [ [ [ 259236.431588745123008, 9863894.384359741583467 ], [ 259257.59686279296875, 9863894.384359741583467 ], [ 259257.59686279296875, 9863863.539175415411592 ], [ 259236.431588745123008, 9863863.539175415411592 ], [ 259236.431588745123008, 9863894.384359741583467 ] ] ] } },
{ "type": "Feature", "properties": { "tile_row": 7, "tile_col": 6, "x_min": 496.37894, "y_min": 452.24448, "x_max": 570.92426, "y_max": 512.9237, "confidence_score": 0.3988984, "Class": "domestic garbage", "tile_id": "7_6", "filename": "tile_7_6.jpg", "x_offset": 6144, "y_offset": 7168, "width": 1024, "height": 1024, "left": 255352.1728515625, "top": 9869900.8178710938, "pixel_size_x": 0.30517578125, "pixel_size_y": 0.30517578125, "crs": "EPSG:32737", "global_x_min": 255503.65568237304, "global_y_min": 9869762.8038085941, "global_x_max": 255526.40510864259, "global_y_max": 9869744.2859802246 }, "geometry": { "type": "Polygon", "coordinates": [ [ [ 255503.655682373035233, 9869762.803808594122529 ], [ 255526.405108642589767, 9869762.803808594122529 ], [ 255526.405108642589767, 9869744.285980224609375 ], [ 255503.655682373035233, 9869744.285980224609375 ], [ 255503.655682373035233, 9869762.803808594122529 ] ] ] } },
{ "type": "Feature", "properties": { "tile_row": 44, "tile_col": 20, "x_min": 312.14236, "y_min": 410.6551, "x_max": 367.0732, "y_max": 455.04028, "confidence_score": 0.46682996, "Class": "domestic garbage", "tile_id": "44_20", "filename": "tile_44_20.jpg", "x_offset": 20480, "y_offset": 45056, "width": 1024, "height": 1024, "left": 259727.1728515625, "top": 9858338.3178710938, "pixel_size_x": 0.30517578125, "pixel_size_y": 0.30517578125, "crs": "EPSG:32737", "global_x_min": 259822.43114013673, "global_y_min": 9858212.995880127, "global_x_max": 259839.19470214844, "global_y_max": 9858199.4505981449 }, "geometry": { "type": "Polygon", "coordinates": [ [ [ 259822.431140136730392, 9858212.995880126953125 ], [ 259839.1947021484375, 9858212.995880126953125 ], [ 259839.1947021484375, 9858199.450598144903779 ], [ 259822.431140136730392, 9858199.450598144903779 ], [ 259822.431140136730392, 9858212.995880126953125 ] ] ] } },
{ "type": "Feature", "properties": { "tile_row": 63, "tile_col": 33, "x_min": 224.28275, "y_min": 426.66843, "x_max": 288.0084, "y_max": 483.8762, "confidence_score": 0.8017261, "Class": "domestic garbage", "tile_id": "63_33", "filename": "tile_63_33.jpg", "x_offset": 33792, "y_offset": 64512, "width": 1024, "height": 1024, "left": 263789.6728515625, "top": 9852400.8178710938, "pixel_size_x": 0.30517578125, "pixel_size_y": 0.30517578125, "crs": "EPSG:32737", "global_x_min": 263858.11851501465, "global_y_min": 9852270.6089996342, "global_x_max": 263877.56604003906, "global_y_max": 9852253.1505737305 }, "geometry": { "type": "Polygon", "coordinates": [ [ [ 263858.118515014648438, 9852270.608999634161592 ], [ 263877.5660400390625, 9852270.608999634161592 ], [ 263877.5660400390625, 9852253.15057373046875 ], [ 263858.118515014648438, 9852253.15057373046875 ], [ 263858.118515014648438, 9852270.608999634161592 ] ] ] } },
{ "type": "Feature", "properties": { "tile_row": 32, "tile_col": 5, "x_min": 536.5449, "y_min": 436.7341, "x_max": 578.6288, "y_max": 470.8525, "confidence_score": 0.91208893, "Class": "domestic garbage", "tile_id": "32_5", "filename": "tile_32_5.jpg", "x_offset": 5120, "y_offset": 32768, "width": 1024, "height": 1024, "left": 255039.6728515625, "top": 9862088.3178710938, "pixel_size_x": 0.30517578125, "pixel_size_y": 0.30517578125, "crs": "EPSG:32737", "global_x_min": 255203.4133605957, "global_y_min": 9861955.0372009277, "global_x_max": 255216.25634765625, "global_y_max": 9861944.6250915527 }, "geometry": { "type": "Polygon", "coordinates": [ [ [ 255203.413360595703125, 9861955.037200927734375 ], [ 255216.25634765625, 9861955.037200927734375 ], [ 255216.25634765625, 9861944.625091552734375 ], [ 255203.413360595703125, 9861944.625091552734375 ], [ 255203.413360595703125, 9861955.037200927734375 ] ] ] } },
{ "type": "Feature", "properties": { "tile_row": 32, "tile_col": 5, "x_min": 651.5002, "y_min": 670.7655, "x_max": 725.509, "y_max": 726.8761, "confidence_score": 0.384054, "Class": "domestic garbage", "tile_id": "32_5", "filename": "tile_32_5.jpg", "x_offset": 5120, "y_offset": 32768, "width": 1024, "height": 1024, "left": 255039.6728515625, "top": 9862088.3178710938, "pixel_size_x": 0.30517578125, "pixel_size_y": 0.30517578125, "crs": "EPSG:32737", "global_x_min": 255238.49493408203, "global_y_min": 9861883.6164855957, "global_x_max": 255261.08062744141, "global_y_max": 9861866.4928894043 }, "geometry": { "type": "Polygon", "coordinates": [ [ [ 255238.49493408203125, 9861883.616485595703125 ], [ 255261.08062744140625, 9861883.616485595703125 ], [ 255261.08062744140625, 9861866.492889404296875 ], [ 255238.49493408203125, 9861866.492889404296875 ], [ 255238.49493408203125, 9861883.616485595703125 ] ] ] } },
{ "type": "Feature", "properties": { "tile_row": 23, "tile_col": 38, "x_min": 795.03973, "y_min": 91.567825, "x_max": 832.5009, "y_max": 129.2115, "confidence_score": 0.43829235, "Class": "domestic garbage", "tile_id": "23_38", "filename": "tile_23_38.jpg", "x_offset": 38912, "y_offset": 23552, "width": 1024, "height": 1024, "left": 265352.1728515625, "top": 9864900.8178710938, "pixel_size_x": 0.30517578125, "pixel_size_y": 0.30517578125, "crs": "EPSG:32737", "global_x_min": 265594.79972229002, "global_y_min": 9864872.873588562, "global_x_max": 265606.23196411133, "global_y_max": 9864861.3856506348 }, "geometry": { "type": "Polygon", "coordinates": [ [ [ 265594.799722290015779, 9864872.873588562011719 ], [ 265606.231964111328125, 9864872.873588562011719 ], [ 265606.231964111328125, 9864861.385650634765625 ], [ 265594.799722290015779, 9864861.385650634765625 ], [ 265594.799722290015779, 9864872.873588562011719 ] ] ] } },
{ "type": "Feature", "properties": { "tile_row": 56, "tile_col": 9, "x_min": 587.0543, "y_min": 411.97668, "x_max": 627.0326, "y_max": 452.96655, "confidence_score": 0.3493049, "Class": "domestic garbage", "tile_id": "56_9", "filename": "tile_56_9.jpg", "x_offset": 9216, "y_offset": 57344, "width": 1024, "height": 1024, "left": 256289.6728515625, "top": 9854588.3178710938, "pixel_size_x": 0.30517578125, "pixel_size_y": 0.30517578125, "crs": "EPSG:32737", "global_x_min": 256468.82760620117, "global_y_min": 9854462.5925659183, "global_x_max": 256481.02801513672, "global_y_max": 9854450.0834503174 }, "geometry": { "type": "Polygon", "coordinates": [ [ [ 256468.827606201171875, 9854462.592565918341279 ], [ 256481.02801513671875, 9854462.592565918341279 ], [ 256481.02801513671875, 9854450.083450317382812 ], [ 256468.827606201171875, 9854450.083450317382812 ], [ 256468.827606201171875, 9854462.592565918341279 ] ] ] } },
{ "type": "Feature", "properties": { "tile_row": 56, "tile_col": 9, "x_min": 614.34595, "y_min": 929.2504, "x_max": 670.4441, "y_max": 968.9699, "confidence_score": 0.32269093, "Class": "domestic garbage", "tile_id": "56_9", "filename": "tile_56_9.jpg", "x_offset": 9216, "y_offset": 57344, "width": 1024, "height": 1024, "left": 256289.6728515625, "top": 9854588.3178710938, "pixel_size_x": 0.30517578125, "pixel_size_y": 0.30517578125, "crs": "EPSG:32737", "global_x_min": 256477.15635681152, "global_y_min": 9854304.7331542969, "global_x_max": 256494.27615356445, "global_y_max": 9854292.6117248535 }, "geometry": { "type": "Polygon", "coordinates": [ [ [ 256477.156356811523438, 9854304.733154296875 ], [ 256494.276153564453125, 9854304.733154296875 ], [ 256494.276153564453125, 9854292.611724853515625 ], [ 256477.156356811523438, 9854292.611724853515625 ], [ 256477.156356811523438, 9854304.733154296875 ] ] ] } },
{ "type": "Feature", "properties": { "tile_row": 55, "tile_col": 10, "x_min": 538.8538, "y_min": 250.74025, "x_max": 578.2597, "y_max": 286.61218, "confidence_score": 0.45350635, "Class": "domestic garbage", "tile_id": "55_10", "filename": "tile_55_10.jpg", "x_offset": 10240, "y_offset": 56320, "width": 1024, "height": 1024, "left": 256602.1728515625, "top": 9854900.8178710938, "pixel_size_x": 0.30517578125, "pixel_size_y": 0.30517578125, "crs": "EPSG:32737", "global_x_min": 256766.61798095703, "global_y_min": 9854824.2980194092, "global_x_max": 256778.64370727539, "global_y_max": 9854813.3507751469 }, "geometry": { "type": "Polygon", "coordinates": [ [ [ 256766.61798095703125, 9854824.298019409179688 ], [ 256778.643707275390625, 9854824.298019409179688 ], [ 256778.643707275390625, 9854813.350775146856904 ], [ 256766.61798095703125, 9854813.350775146856904 ], [ 256766.61798095703125, 9854824.298019409179688 ] ] ] } },
{ "type": "Feature", "properties": { "tile_row": 66, "tile_col": 38, "x_min": 905.2732, "y_min": 964.98126, "x_max": 986.1841, "y_max": 1019.20807, "confidence_score": 0.51681703, "Class": "domestic garbage", "tile_id": "66_38", "filename": "tile_66_38.jpg", "x_offset": 38912, "y_offset": 67584, "width": 1024, "height": 1024, "left": 265352.1728515625, "top": 9851463.3178710938, "pixel_size_x": 0.30517578125, "pixel_size_y": 0.30517578125, "crs": "EPSG:32737", "global_x_min": 265628.44030761719, "global_y_min": 9851168.8289611824, "global_x_max": 265653.13235473633, "global_y_max": 9851152.2802520748 }, "geometry": { "type": "Polygon", "coordinates": [ [ [ 265628.4403076171875, 9851168.828961182385683 ], [ 265653.132354736328125, 9851168.828961182385683 ], [ 265653.132354736328125, 9851152.280252074822783 ], [ 265628.4403076171875, 9851152.280252074822783 ], [ 265628.4403076171875, 9851168.828961182385683 ] ] ] } },
{ "type": "Feature", "properties": { "tile_row": 25, "tile_col": 32, "x_min": 294.2641, "y_min": 608.5054, "x_max": 345.4048, "y_max": 657.2416, "confidence_score": 0.7348149, "Class": "domestic garbage", "tile_id": "25_32", "filename": "tile_25_32.jpg", "x_offset": 32768, "y_offset": 25600, "width": 1024, "height": 1024, "left": 263477.1728515625, "top": 9864275.8178710938, "pixel_size_x": 0.30517578125, "pixel_size_y": 0.30517578125, "crs": "EPSG:32737", "global_x_min": 263566.97512817383, "global_y_min": 9864090.1167602539, "global_x_max": 263582.58203125, "global_y_max": 9864075.2436523438 }, "geometry": { "type": "Polygon", "coordinates": [ [ [ 263566.975128173828125, 9864090.11676025390625 ], [ 263582.58203125, 9864090.11676025390625 ], [ 263582.58203125, 9864075.24365234375 ], [ 263566.975128173828125, 9864075.24365234375 ], [ 263566.975128173828125, 9864090.11676025390625 ] ] ] } },
{ "type": "Feature", "properties": { "tile_row": 34, "tile_col": 26, "x_min": 283.6002, "y_min": 636.5337, "x_max": 357.48196, "y_max": 691.0624, "confidence_score": 0.71537703, "Class": "domestic garbage", "tile_id": "34_26", "filename": "tile_34_26.jpg", "x_offset": 26624, "y_offset": 34816, "width": 1024, "height": 1024, "left": 261602.1728515625, "top": 9861463.3178710938, "pixel_size_x": 0.30517578125, "pixel_size_y": 0.30517578125, "crs": "EPSG:32737", "global_x_min": 261688.72076416016, "global_y_min": 9861269.0632019043, "global_x_max": 261711.26768798829, "global_y_max": 9861252.4223632812 }, "geometry": { "type": "Polygon", "coordinates": [ [ [ 261688.72076416015625, 9861269.063201904296875 ], [ 261711.267687988292892, 9861269.063201904296875 ], [ 261711.267687988292892, 9861252.42236328125 ], [ 261688.72076416015625, 9861252.42236328125 ], [ 261688.72076416015625, 9861269.063201904296875 ] ] ] } },
{ "type": "Feature", "properties": { "tile_row": 34, "tile_col": 26, "x_min": 378.27118, "y_min": 578.2076, "x_max": 510.6422, "y_max": 672.2034, "confidence_score": 0.38028398, "Class": "domestic garbage", "tile_id": "34_26", "filename": "tile_34_26.jpg", "x_offset": 26624, "y_offset": 34816, "width": 1024, "height": 1024, "left": 261602.1728515625, "top": 9861463.3178710938, "pixel_size_x": 0.30517578125, "pixel_size_y": 0.30517578125, "crs": "EPSG:32737", "global_x_min": 261717.61205444337, "global_y_min": 9861286.8629150391, "global_x_max": 261758.00848388672, "global_y_max": 9861258.1776733398 }, "geometry": { "type": "Polygon", "coordinates": [ [ [ 261717.612054443365196, 9861286.8629150390625 ], [ 261758.00848388671875, 9861286.8629150390625 ], [ 261758.00848388671875, 9861258.17767333984375 ], [ 261717.612054443365196, 9861258.17767333984375 ], [ 261717.612054443365196, 9861286.8629150390625 ] ] ] } },
{ "type": "Feature", "properties": { "tile_row": 15, "tile_col": 31, "x_min": 433.2152, "y_min": 818.6405, "x_max": 528.00555, "y_max": 863.92883, "confidence_score": 0.31158048, "Class": "domestic garbage", "tile_id": "15_31", "filename": "tile_15_31.jpg", "x_offset": 31744, "y_offset": 15360, "width": 1024, "height": 1024, "left": 263164.6728515625, "top": 9867400.8178710938, "pixel_size_x": 0.30517578125, "pixel_size_y": 0.30517578125, "crs": "EPSG:32737", "global_x_min": 263296.87963867188, "global_y_min": 9867150.9886169434, "global_x_max": 263325.80735778809, "global_y_max": 9867137.1677154545 }, "geometry": { "type": "Polygon", "coordinates": [ [ [ 263296.879638671875, 9867150.988616943359375 ], [ 263325.807357788085938, 9867150.988616943359375 ], [ 263325.807357788085938, 9867137.167715454474092 ], [ 263296.879638671875, 9867137.167715454474092 ], [ 263296.879638671875, 9867150.988616943359375 ] ] ] } },
{ "type": "Feature", "properties": { "tile_row": 55, "tile_col": 23, "x_min": 333.02023, "y_min": 540.26025, "x_max": 383.45126, "y_max": 575.1183, "confidence_score": 0.7867069, "Class": "domestic garbage", "tile_id": "55_23", "filename": "tile_55_23.jpg", "x_offset": 23552, "y_offset": 56320, "width": 1024, "height": 1024, "left": 260664.6728515625, "top": 9854900.8178710938, "pixel_size_x": 0.30517578125, "pixel_size_y": 0.30517578125, "crs": "EPSG:32737", "global_x_min": 260766.30256042481, "global_y_min": 9854735.9435272217, "global_x_max": 260781.69288940431, "global_y_max": 9854725.3056945801 }, "geometry": { "type": "Polygon", "coordinates": [ [ [ 260766.302560424810508, 9854735.943527221679688 ], [ 260781.692889404308517, 9854735.943527221679688 ], [ 260781.692889404308517, 9854725.305694580078125 ], [ 260766.302560424810508, 9854725.305694580078125 ], [ 260766.302560424810508, 9854735.943527221679688 ] ] ] } },
{ "type": "Feature", "properties": { "tile_row": 55, "tile_col": 23, "x_min": 231.10767, "y_min": 649.8081, "x_max": 264.85294, "y_max": 684.9829, "confidence_score": 0.40031472, "Class": "domestic garbage", "tile_id": "55_23", "filename": "tile_55_23.jpg", "x_offset": 23552, "y_offset": 56320, "width": 1024, "height": 1024, "left": 260664.6728515625, "top": 9854900.8178710938, "pixel_size_x": 0.30517578125, "pixel_size_y": 0.30517578125, "crs": "EPSG:32737", "global_x_min": 260735.20131530761, "global_y_min": 9854702.5121765137, "global_x_max": 260745.49955444335, "global_y_max": 9854691.7776794434 }, "geometry": { "type": "Polygon", "coordinates": [ [ [ 260735.201315307611367, 9854702.512176513671875 ], [ 260745.499554443347733, 9854702.512176513671875 ], [ 260745.499554443347733, 9854691.777679443359375 ], [ 260735.201315307611367, 9854691.777679443359375 ], [ 260735.201315307611367, 9854702.512176513671875 ] ] ] } },
{ "type": "Feature", "properties": { "tile_row": 41, "tile_col": 8, "x_min": 257.33542, "y_min": 606.5964, "x_max": 318.16415, "y_max": 659.6226, "confidence_score": 0.78234315, "Class": "domestic garbage", "tile_id": "41_8", "filename": "tile_41_8.jpg", "x_offset": 8192, "y_offset": 41984, "width": 1024, "height": 1024, "left": 255977.1728515625, "top": 9859275.8178710938, "pixel_size_x": 0.30517578125, "pixel_size_y": 0.30517578125, "crs": "EPSG:32737", "global_x_min": 256055.70538940429, "global_y_min": 9859090.6993408203, "global_x_max": 256074.26884460449, "global_y_max": 9859074.5170288086 }, "geometry": { "type": "Polygon", "coordinates": [ [ [ 256055.705389404291054, 9859090.6993408203125 ], [ 256074.268844604492188, 9859090.6993408203125 ], [ 256074.268844604492188, 9859074.51702880859375 ], [ 256055.705389404291054, 9859074.51702880859375 ], [ 256055.705389404291054, 9859090.6993408203125 ] ] ] } },
{ "type": "Feature", "properties": { "tile_row": 36, "tile_col": 32, "x_min": 271.9522, "y_min": 493.49023, "x_max": 306.69476, "y_max": 529.04956, "confidence_score": 0.40302765, "Class": "domestic garbage", "tile_id": "36_32", "filename": "tile_36_32.jpg", "x_offset": 32768, "y_offset": 36864, "width": 1024, "height": 1024, "left": 263477.1728515625, "top": 9860838.3178710938, "pixel_size_x": 0.30517578125, "pixel_size_y": 0.30517578125, "crs": "EPSG:32737", "global_x_min": 263560.16607666016, "global_y_min": 9860687.7166046146, "global_x_max": 263570.76866455079, "global_y_max": 9860676.8647583015 }, "geometry": { "type": "Polygon", "coordinates": [ [ [ 263560.16607666015625, 9860687.716604614630342 ], [ 263570.768664550792892, 9860687.716604614630342 ], [ 263570.768664550792892, 9860676.864758301526308 ], [ 263560.16607666015625, 9860676.864758301526308 ], [ 263560.16607666015625, 9860687.716604614630342 ] ] ] } },
{ "type": "Feature", "properties": { "tile_row": 26, "tile_col": 24, "x_min": 735.535, "y_min": 406.7927, "x_max": 802.91974, "y_max": 472.8386, "confidence_score": 0.8170827, "Class": "domestic garbage", "tile_id": "26_24", "filename": "tile_26_24.jpg", "x_offset": 24576, "y_offset": 26624, "width": 1024, "height": 1024, "left": 260977.1728515625, "top": 9863963.3178710938, "pixel_size_x": 0.30517578125, "pixel_size_y": 0.30517578125, "crs": "EPSG:32737", "global_x_min": 261201.64031982422, "global_y_min": 9863839.1745910645, "global_x_max": 261222.20451049804, "global_y_max": 9863819.0189819336 }, "geometry": { "type": "Polygon", "coordinates": [ [ [ 261201.64031982421875, 9863839.174591064453125 ], [ 261222.204510498035233, 9863839.174591064453125 ], [ 261222.204510498035233, 9863819.01898193359375 ], [ 261201.64031982421875, 9863819.01898193359375 ], [ 261201.64031982421875, 9863839.174591064453125 ] ] ] } },
{ "type": "Feature", "properties": { "tile_row": 17, "tile_col": 37, "x_min": 908.74677, "y_min": 439.66028, "x_max": 963.5213, "y_max": 472.2904, "confidence_score": 0.7692459, "Class": "domestic garbage", "tile_id": "17_37", "filename": "tile_17_37.jpg", "x_offset": 37888, "y_offset": 17408, "width": 1024, "height": 1024, "left": 265039.6728515625, "top": 9866775.8178710938, "pixel_size_x": 0.30517578125, "pixel_size_y": 0.30517578125, "crs": "EPSG:32737", "global_x_min": 265317.00035705569, "global_y_min": 9866641.6442016605, "global_x_max": 265333.71621704102, "global_y_max": 9866631.6862792969 }, "geometry": { "type": "Polygon", "coordinates": [ [ [ 265317.000357055687346, 9866641.644201660528779 ], [ 265333.716217041015625, 9866641.644201660528779 ], [ 265333.716217041015625, 9866631.686279296875 ], [ 265317.000357055687346, 9866631.686279296875 ], [ 265317.000357055687346, 9866641.644201660528779 ] ] ] } },
{ "type": "Feature", "properties": { "tile_row": 78, "tile_col": 1, "x_min": 930.792, "y_min": 314.91385, "x_max": 991.86584, "y_max": 391.42618, "confidence_score": 0.86418533, "Class": "domestic garbage", "tile_id": "78_1", "filename": "tile_78_1.jpg", "x_offset": 1024, "y_offset": 79872, "width": 1024, "height": 1023, "left": 253789.6728515625, "top": 9847713.3178710938, "pixel_size_x": 0.30517578125, "pixel_size_y": 0.30517578125, "crs": "EPSG:32737", "global_x_min": 254073.72802734375, "global_y_min": 9847617.2137908936, "global_x_max": 254092.36628417968, "global_y_max": 9847593.8640808109 }, "geometry": { "type": "Polygon", "coordinates": [ [ [ 254073.72802734375, 9847617.213790893554688 ], [ 254092.366284179675858, 9847617.213790893554688 ], [ 254092.366284179675858, 9847593.864080810919404 ], [ 254073.72802734375, 9847593.864080810919404 ], [ 254073.72802734375, 9847617.213790893554688 ] ] ] } },
{ "type": "Feature", "properties": { "tile_row": 78, "tile_col": 1, "x_min": 718.16705, "y_min": 492.66772, "x_max": 797.9704, "y_max": 561.1704, "confidence_score": 0.31412134, "Class": "domestic garbage", "tile_id": "78_1", "filename": "tile_78_1.jpg", "x_offset": 1024, "y_offset": 79872, "width": 1024, "height": 1023, "left": 253789.6728515625, "top": 9847713.3178710938, "pixel_size_x": 0.30517578125, "pixel_size_y": 0.30517578125, "crs": "EPSG:32737", "global_x_min": 254008.84004211426, "global_y_min": 9847562.9676147457, "global_x_max": 254033.19409179688, "global_y_max": 9847542.0622558594 }, "geometry": { "type": "Polygon", "coordinates": [ [ [ 254008.840042114257812, 9847562.967614745721221 ], [ 254033.194091796875, 9847562.967614745721221 ], [ 254033.194091796875, 9847542.062255859375 ], [ 254008.840042114257812, 9847542.062255859375 ], [ 254008.840042114257812, 9847562.967614745721221 ] ] ] } },
{ "type": "Feature", "properties": { "tile_row": 46, "tile_col": 1, "x_min": 670.9311, "y_min": 728.88275, "x_max": 711.7038, "y_max": 765.26447, "confidence_score": 0.36739647, "Class": "domestic garbage", "tile_id": "46_1", "filename": "tile_46_1.jpg", "x_offset": 1024, "y_offset": 47104, "width": 1024, "height": 1024, "left": 253789.6728515625, "top": 9857713.3178710938, "pixel_size_x": 0.30517578125, "pixel_size_y": 0.30517578125, "crs": "EPSG:32737", "global_x_min": 253994.42477416992, "global_y_min": 9857490.8805084229, "global_x_max": 254006.86761474609, "global_y_max": 9857479.7776885983 }, "geometry": { "type": "Polygon", "coordinates": [ [ [ 253994.424774169921875, 9857490.880508422851562 ], [ 254006.86761474609375, 9857490.880508422851562 ], [ 254006.86761474609375, 9857479.777688598260283 ], [ 253994.424774169921875, 9857479.777688598260283 ], [ 253994.424774169921875, 9857490.880508422851562 ] ] ] } },
{ "type": "Feature", "properties": { "tile_row": 24, "tile_col": 26, "x_min": 619.9059, "y_min": 677.59436, "x_max": 652.4015, "y_max": 712.0956, "confidence_score": 0.38574508, "Class": "domestic garbage", "tile_id": "24_26", "filename": "tile_24_26.jpg", "x_offset": 26624, "y_offset": 24576, "width": 1024, "height": 1024, "left": 261602.1728515625, "top": 9864588.3178710938, "pixel_size_x": 0.30517578125, "pixel_size_y": 0.30517578125, "crs": "EPSG:32737", "global_x_min": 261791.35311889648, "global_y_min": 9864381.5324829109, "global_x_max": 261801.26998901367, "global_y_max": 9864371.0035400391 }, "geometry": { "type": "Polygon", "coordinates": [ [ [ 261791.353118896484375, 9864381.532482910901308 ], [ 261801.269989013671875, 9864381.532482910901308 ], [ 261801.269989013671875, 9864371.0035400390625 ], [ 261791.353118896484375, 9864371.0035400390625 ], [ 261791.353118896484375, 9864381.532482910901308 ] ] ] } },
{ "type": "Feature", "properties": { "tile_row": 78, "tile_col": 3, "x_min": 521.09875, "y_min": 684.46027, "x_max": 600.73706, "y_max": 742.48553, "confidence_score": 0.86686665, "Class": "domestic garbage", "tile_id": "78_3", "filename": "tile_78_3.jpg", "x_offset": 3072, "y_offset": 79872, "width": 1024, "height": 1023, "left": 254414.6728515625, "top": 9847713.3178710938, "pixel_size_x": 0.30517578125, "pixel_size_y": 0.30517578125, "crs": "EPSG:32737", "global_x_min": 254573.69956970215, "global_y_min": 9847504.4371734615, "global_x_max": 254598.00325317384, "global_y_max": 9847486.7292694096 }, "geometry": { "type": "Polygon", "coordinates": [ [ [ 254573.699569702148438, 9847504.437173461541533 ], [ 254598.003253173839767, 9847504.437173461541533 ], [ 254598.003253173839767, 9847486.729269409552217 ], [ 254573.699569702148438, 9847486.729269409552217 ], [ 254573.699569702148438, 9847504.437173461541533 ] ] ] } },
{ "type": "Feature", "properties": { "tile_row": 78, "tile_col": 3, "x_min": 289.12534, "y_min": 646.6068, "x_max": 431.7994, "y_max": 728.8135, "confidence_score": 0.51705676, "Class": "domestic garbage", "tile_id": "78_3", "filename": "tile_78_3.jpg", "x_offset": 3072, "y_offset": 79872, "width": 1024, "height": 1023, "left": 254414.6728515625, "top": 9847713.3178710938, "pixel_size_x": 0.30517578125, "pixel_size_y": 0.30517578125, "crs": "EPSG:32737", "global_x_min": 254502.90690307616, "global_y_min": 9847515.9891357422, "global_x_max": 254546.44757080078, "global_y_max": 9847490.9016418457 }, "geometry": { "type": "Polygon", "coordinates": [ [ [ 254502.906903076160233, 9847515.9891357421875 ], [ 254546.44757080078125, 9847515.9891357421875 ], [ 254546.44757080078125, 9847490.901641845703125 ], [ 254502.906903076160233, 9847490.901641845703125 ], [ 254502.906903076160233, 9847515.9891357421875 ] ] ] } },
{ "type": "Feature", "properties": { "tile_row": 78, "tile_col": 3, "x_min": 644.17035, "y_min": 866.30676, "x_max": 721.04205, "y_max": 948.6969, "confidence_score": 0.4541783, "Class": "domestic garbage", "tile_id": "78_3", "filename": "tile_78_3.jpg", "x_offset": 3072, "y_offset": 79872, "width": 1024, "height": 1023, "left": 254414.6728515625, "top": 9847713.3178710938, "pixel_size_x": 0.30517578125, "pixel_size_y": 0.30517578125, "crs": "EPSG:32737", "global_x_min": 254611.25804138184, "global_y_min": 9847448.9420288093, "global_x_max": 254634.71742248535, "global_y_max": 9847423.7985534668 }, "geometry": { "type": "Polygon", "coordinates": [ [ [ 254611.258041381835938, 9847448.942028809338808 ], [ 254634.717422485351562, 9847448.942028809338808 ], [ 254634.717422485351562, 9847423.798553466796875 ], [ 254611.258041381835938, 9847423.798553466796875 ], [ 254611.258041381835938, 9847448.942028809338808 ] ] ] } },
{ "type": "Feature", "properties": { "tile_row": 46, "tile_col": 25, "x_min": 811.57996, "y_min": 665.6024, "x_max": 852.28186, "y_max": 706.4619, "confidence_score": 0.8213697, "Class": "domestic garbage", "tile_id": "46_25", "filename": "tile_46_25.jpg", "x_offset": 25600, "y_offset": 47104, "width": 1024, "height": 1024, "left": 261289.6728515625, "top": 9857713.3178710938, "pixel_size_x": 0.30517578125, "pixel_size_y": 0.30517578125, "crs": "EPSG:32737", "global_x_min": 261537.34739990236, "global_y_min": 9857510.1921386719, "global_x_max": 261549.76863403321, "global_y_max": 9857497.7228088379 }, "geometry": { "type": "Polygon", "coordinates": [ [ [ 261537.347399902355392, 9857510.192138671875 ], [ 261549.768634033214767, 9857510.192138671875 ], [ 261549.768634033214767, 9857497.722808837890625 ], [ 261537.347399902355392, 9857497.722808837890625 ], [ 261537.347399902355392, 9857510.192138671875 ] ] ] } },
{ "type": "Feature", "properties": { "tile_row": 46, "tile_col": 25, "x_min": 727.29224, "y_min": 319.77118, "x_max": 768.37695, "y_max": 369.6615, "confidence_score": 0.5277282, "Class": "domestic garbage", "tile_id": "46_25", "filename": "tile_46_25.jpg", "x_offset": 25600, "y_offset": 47104, "width": 1024, "height": 1024, "left": 261289.6728515625, "top": 9857713.3178710938, "pixel_size_x": 0.30517578125, "pixel_size_y": 0.30517578125, "crs": "EPSG:32737", "global_x_min": 261511.62482910155, "global_y_min": 9857615.7314514164, "global_x_max": 261524.16288757324, "global_y_max": 9857600.5061340332 }, "geometry": { "type": "Polygon", "coordinates": [ [ [ 261511.624829101550858, 9857615.731451416388154 ], [ 261524.162887573242188, 9857615.731451416388154 ], [ 261524.162887573242188, 9857600.506134033203125 ], [ 261511.624829101550858, 9857600.506134033203125 ], [ 261511.624829101550858, 9857615.731451416388154 ] ] ] } },
{ "type": "Feature", "properties": { "tile_row": 56, "tile_col": 20, "x_min": 459.14325, "y_min": 190.05182, "x_max": 490.60663, "y_max": 245.24207, "confidence_score": 0.7530528, "Class": "domestic garbage", "tile_id": "56_20", "filename": "tile_56_20.jpg", "x_offset": 20480, "y_offset": 57344, "width": 1024, "height": 1024, "left": 259727.1728515625, "top": 9854588.3178710938, "pixel_size_x": 0.30517578125, "pixel_size_y": 0.30517578125, "crs": "EPSG:32737", "global_x_min": 259867.29225158691, "global_y_min": 9854530.3186584469, "global_x_max": 259876.89411315919, "global_y_max": 9854513.4759307858 }, "geometry": { "type": "Polygon", "coordinates": [ [ [ 259867.292251586914062, 9854530.318658446893096 ], [ 259876.894113159185508, 9854530.318658446893096 ], [ 259876.894113159185508, 9854513.475930785760283 ], [ 259867.292251586914062, 9854513.475930785760283 ], [ 259867.292251586914062, 9854530.318658446893096 ] ] ] } },
{ "type": "Feature", "properties": { "tile_row": 20, "tile_col": 12, "x_min": 809.83093, "y_min": 889.87006, "x_max": 858.22534, "y_max": 919.0999, "confidence_score": 0.3251935, "Class": "domestic garbage", "tile_id": "20_12", "filename": "tile_20_12.jpg", "x_offset": 12288, "y_offset": 20480, "width": 1024, "height": 1024, "left": 257227.1728515625, "top": 9865838.3178710938, "pixel_size_x": 0.30517578125, "pixel_size_y": 0.30517578125, "crs": "EPSG:32737", "global_x_min": 257474.31363830567, "global_y_min": 9865566.751080323, "global_x_max": 257489.08244018554, "global_y_max": 9865557.8308410645 }, "geometry": { "type": "Polygon", "coordinates": [ [ [ 257474.313638305669883, 9865566.751080323010683 ], [ 257489.082440185535233, 9865566.751080323010683 ], [ 257489.082440185535233, 9865557.830841064453125 ], [ 257474.313638305669883, 9865557.830841064453125 ], [ 257474.313638305669883, 9865566.751080323010683 ] ] ] } },
{ "type": "Feature", "properties": { "tile_row": 45, "tile_col": 9, "x_min": 66.22589, "y_min": 361.57883, "x_max": 105.066696, "y_max": 400.40994, "confidence_score": 0.6143171, "Class": "domestic garbage", "tile_id": "45_9", "filename": "tile_45_9.jpg", "x_offset": 9216, "y_offset": 46080, "width": 1024, "height": 1024, "left": 256289.6728515625, "top": 9858025.8178710938, "pixel_size_x": 0.30517578125, "pixel_size_y": 0.30517578125, "crs": "EPSG:32737", "global_x_min": 256309.88338928221, "global_y_min": 9857915.4727691654, "global_x_max": 256321.73666259766, "global_y_max": 9857903.6224548332 }, "geometry": { "type": "Polygon", "coordinates": [ [ [ 256309.883389282214921, 9857915.472769165411592 ], [ 256321.736662597657414, 9857915.472769165411592 ], [ 256321.736662597657414, 9857903.622454833239317 ], [ 256309.883389282214921, 9857903.622454833239317 ], [ 256309.883389282214921, 9857915.472769165411592 ] ] ] } },
{ "type": "Feature", "properties": { "tile_row": 62, "tile_col": 38, "x_min": 397.38263, "y_min": 413.97595, "x_max": 461.25824, "y_max": 479.3352, "confidence_score": 0.7528217, "Class": "domestic garbage", "tile_id": "62_38", "filename": "tile_62_38.jpg", "x_offset": 38912, "y_offset": 63488, "width": 1024, "height": 1024, "left": 265352.1728515625, "top": 9852713.3178710938, "pixel_size_x": 0.30517578125, "pixel_size_y": 0.30517578125, "crs": "EPSG:32737", "global_x_min": 265473.44440612791, "global_y_min": 9852586.9824371338, "global_x_max": 265492.93769531249, "global_y_max": 9852567.0363769531 }, "geometry": { "type": "Polygon", "coordinates": [ [ [ 265473.444406127906404, 9852586.982437133789062 ], [ 265492.937695312488358, 9852586.982437133789062 ], [ 265492.937695312488358, 9852567.036376953125 ], [ 265473.444406127906404, 9852567.036376953125 ], [ 265473.444406127906404, 9852586.982437133789062 ] ] ] } },
{ "type": "Feature", "properties": { "tile_row": 62, "tile_col": 38, "x_min": 365.7735, "y_min": 151.71503, "x_max": 441.4098, "y_max": 235.23123, "confidence_score": 0.6458044, "Class": "domestic garbage", "tile_id": "62_38", "filename": "tile_62_38.jpg", "x_offset": 38912, "y_offset": 63488, "width": 1024, "height": 1024, "left": 265352.1728515625, "top": 9852713.3178710938, "pixel_size_x": 0.30517578125, "pixel_size_y": 0.30517578125, "crs": "EPSG:32737", "global_x_min": 265463.79806518555, "global_y_min": 9852667.0181182865, "global_x_max": 265486.88043212891, "global_y_max": 9852641.5309967045 }, "geometry": { "type": "Polygon", "coordinates": [ [ [ 265463.798065185546875, 9852667.018118286505342 ], [ 265486.88043212890625, 9852667.018118286505342 ], [ 265486.88043212890625, 9852641.530996704474092 ], [ 265463.798065185546875, 9852641.530996704474092 ], [ 265463.798065185546875, 9852667.018118286505342 ] ] ] } },
{ "type": "Feature", "properties": { "tile_row": 62, "tile_col": 38, "x_min": 385.83673, "y_min": 378.9438, "x_max": 464.17017, "y_max": 489.78766, "confidence_score": 0.43959996, "Class": "domestic garbage", "tile_id": "62_38", "filename": "tile_62_38.jpg", "x_offset": 38912, "y_offset": 63488, "width": 1024, "height": 1024, "left": 265352.1728515625, "top": 9852713.3178710938, "pixel_size_x": 0.30517578125, "pixel_size_y": 0.30517578125, "crs": "EPSG:32737", "global_x_min": 265469.92087707517, "global_y_min": 9852597.6734008789, "global_x_max": 265493.82634582522, "global_y_max": 9852563.8465393074 }, "geometry": { "type": "Polygon", "coordinates": [ [ [ 265469.920877075172029, 9852597.67340087890625 ], [ 265493.826345825218596, 9852597.67340087890625 ], [ 265493.826345825218596, 9852563.846539307385683 ], [ 265469.920877075172029, 9852563.846539307385683 ], [ 265469.920877075172029, 9852597.67340087890625 ] ] ] } },
{ "type": "Feature", "properties": { "tile_row": 73, "tile_col": 12, "x_min": 553.87256, "y_min": 298.32242, "x_max": 601.41943, "y_max": 353.4578, "confidence_score": 0.38397506, "Class": "domestic garbage", "tile_id": "73_12", "filename": "tile_73_12.jpg", "x_offset": 12288, "y_offset": 74752, "width": 1024, "height": 1024, "left": 257227.1728515625, "top": 9849275.8178710938, "pixel_size_x": 0.30517578125, "pixel_size_y": 0.30517578125, "crs": "EPSG:32737", "global_x_min": 257396.20134277345, "global_y_min": 9849184.7770935055, "global_x_max": 257410.71149597169, "global_y_max": 9849167.9511108398 }, "geometry": { "type": "Polygon", "coordinates": [ [ [ 257396.201342773449142, 9849184.777093505486846 ], [ 257410.711495971685508, 9849184.777093505486846 ], [ 257410.711495971685508, 9849167.95111083984375 ], [ 257396.201342773449142, 9849167.95111083984375 ], [ 257396.201342773449142, 9849184.777093505486846 ] ] ] } },
{ "type": "Feature", "properties": { "tile_row": 34, "tile_col": 13, "x_min": 60.905594, "y_min": 45.209908, "x_max": 127.98628, "y_max": 89.54984, "confidence_score": 0.5124608, "Class": "domestic garbage", "tile_id": "34_13", "filename": "tile_34_13.jpg", "x_offset": 13312, "y_offset": 34816, "width": 1024, "height": 1024, "left": 257539.6728515625, "top": 9861463.3178710938, "pixel_size_x": 0.30517578125, "pixel_size_y": 0.30517578125, "crs": "EPSG:32737", "global_x_min": 257558.25976379393, "global_y_min": 9861449.5209020991, "global_x_max": 257578.73116455079, "global_y_max": 9861435.9894287102 }, "geometry": { "type": "Polygon", "coordinates": [ [ [ 257558.259763793932507, 9861449.520902099087834 ], [ 257578.731164550787071, 9861449.520902099087834 ], [ 257578.731164550787071, 9861435.989428710192442 ], [ 257558.259763793932507, 9861435.989428710192442 ], [ 257558.259763793932507, 9861449.520902099087834 ] ] ] } },
{ "type": "Feature", "properties": { "tile_row": 77, "tile_col": 9, "x_min": 178.37796, "y_min": 307.74908, "x_max": 237.80527, "y_max": 359.93958, "confidence_score": 0.41800764, "Class": "domestic garbage", "tile_id": "77_9", "filename": "tile_77_9.jpg", "x_offset": 9216, "y_offset": 78848, "width": 1024, "height": 1024, "left": 256289.6728515625, "top": 9848025.8178710938, "pixel_size_x": 0.30517578125, "pixel_size_y": 0.30517578125, "crs": "EPSG:32737", "global_x_min": 256344.10948486329, "global_y_min": 9847931.9003051762, "global_x_max": 256362.24526062011, "global_y_max": 9847915.9730285648 }, "geometry": { "type": "Polygon", "coordinates": [ [ [ 256344.109484863292892, 9847931.900305176153779 ], [ 256362.245260620111367, 9847931.900305176153779 ], [ 256362.245260620111367, 9847915.973028564825654 ], [ 256344.109484863292892, 9847915.973028564825654 ], [ 256344.109484863292892, 9847931.900305176153779 ] ] ] } },
{ "type": "Feature", "properties": { "tile_row": 12, "tile_col": 37, "x_min": 734.15295, "y_min": 533.1267, "x_max": 811.6217, "y_max": 583.7434, "confidence_score": 0.50344455, "Class": "domestic garbage", "tile_id": "12_37", "filename": "tile_12_37.jpg", "x_offset": 37888, "y_offset": 12288, "width": 1024, "height": 1024, "left": 265039.6728515625, "top": 9868338.3178710938, "pixel_size_x": 0.30517578125, "pixel_size_y": 0.30517578125, "crs": "EPSG:32737", "global_x_min": 265263.71855163574, "global_y_min": 9868175.620513916, "global_x_max": 265287.36013793945, "global_y_max": 9868160.1735229492 }, "geometry": { "type": "Polygon", "coordinates": [ [ [ 265263.718551635742188, 9868175.620513916015625 ], [ 265287.360137939453125, 9868175.620513916015625 ], [ 265287.360137939453125, 9868160.17352294921875 ], [ 265263.718551635742188, 9868160.17352294921875 ], [ 265263.718551635742188, 9868175.620513916015625 ] ] ] } },
{ "type": "Feature", "properties": { "tile_row": 48, "tile_col": 34, "x_min": 562.35974, "y_min": 651.16406, "x_max": 598.9586, "y_max": 716.17285, "confidence_score": 0.46142218, "Class": "domestic garbage", "tile_id": "48_34", "filename": "tile_48_34.jpg", "x_offset": 34816, "y_offset": 49152, "width": 1024, "height": 1024, "left": 264102.1728515625, "top": 9857088.3178710938, "pixel_size_x": 0.30517578125, "pixel_size_y": 0.30517578125, "crs": "EPSG:32737", "global_x_min": 264273.79142456054, "global_y_min": 9856889.5983703621, "global_x_max": 264284.96051025391, "global_y_max": 9856869.759262085 }, "geometry": { "type": "Polygon", "coordinates": [ [ [ 264273.791424560535233, 9856889.598370362073183 ], [ 264284.96051025390625, 9856889.598370362073183 ], [ 264284.96051025390625, 9856869.759262084960938 ], [ 264273.791424560535233, 9856869.759262084960938 ], [ 264273.791424560535233, 9856889.598370362073183 ] ] ] } },
{ "type": "Feature", "properties": { "tile_row": 60, "tile_col": 9, "x_min": 257.89276, "y_min": 939.2005, "x_max": 300.31482, "y_max": 1009.9799, "confidence_score": 0.6864449, "Class": "domestic garbage", "tile_id": "60_9", "filename": "tile_60_9.jpg", "x_offset": 9216, "y_offset": 61440, "width": 1024, "height": 1024, "left": 256289.6728515625, "top": 9853338.3178710938, "pixel_size_x": 0.30517578125, "pixel_size_y": 0.30517578125, "crs": "EPSG:32737", "global_x_min": 256368.37547607423, "global_y_min": 9853051.6966247559, "global_x_max": 256381.32166137695, "global_y_max": 9853030.0964660645 }, "geometry": { "type": "Polygon", "coordinates": [ [ [ 256368.375476074230392, 9853051.696624755859375 ], [ 256381.321661376947304, 9853051.696624755859375 ], [ 256381.321661376947304, 9853030.096466064453125 ], [ 256368.375476074230392, 9853030.096466064453125 ], [ 256368.375476074230392, 9853051.696624755859375 ] ] ] } },
{ "type": "Feature", "properties": { "tile_row": 65, "tile_col": 40, "x_min": 251.44318, "y_min": 809.6728, "x_max": 306.57672, "y_max": 862.7358, "confidence_score": 0.9343691, "Class": "domestic garbage", "tile_id": "65_40", "filename": "tile_65_40.jpg", "x_offset": 40960, "y_offset": 66560, "width": 1024, "height": 1024, "left": 265977.1728515625, "top": 9851775.8178710938, "pixel_size_x": 0.30517578125, "pixel_size_y": 0.30517578125, "crs": "EPSG:32737", "global_x_min": 266053.90722045896, "global_y_min": 9851528.7253417969, "global_x_max": 266070.73264160159, "global_y_max": 9851512.5317993164 }, "geometry": { "type": "Polygon", "coordinates": [ [ [ 266053.907220458961092, 9851528.725341796875 ], [ 266070.732641601585783, 9851528.725341796875 ], [ 266070.732641601585783, 9851512.53179931640625 ], [ 266053.907220458961092, 9851512.53179931640625 ], [ 266053.907220458961092, 9851528.725341796875 ] ] ] } },
{ "type": "Feature", "properties": { "tile_row": 47, "tile_col": 5, "x_min": 346.25302, "y_min": 803.7416, "x_max": 387.29227, "y_max": 872.19226, "confidence_score": 0.8637882, "Class": "domestic garbage", "tile_id": "47_5", "filename": "tile_47_5.jpg", "x_offset": 5120, "y_offset": 48128, "width": 1024, "height": 1024, "left": 255039.6728515625, "top": 9857400.8178710938, "pixel_size_x": 0.30517578125, "pixel_size_y": 0.30517578125, "crs": "EPSG:32737", "global_x_min": 255145.34088745117, "global_y_min": 9857155.5354003906, "global_x_max": 255157.86507263183, "global_y_max": 9857134.6459167488 }, "geometry": { "type": "Polygon", "coordinates": [ [ [ 255145.340887451166054, 9857155.535400390625 ], [ 255157.865072631830117, 9857155.535400390625 ], [ 255157.865072631830117, 9857134.645916748791933 ], [ 255145.340887451166054, 9857134.645916748791933 ], [ 255145.340887451166054, 9857155.535400390625 ] ] ] } },
{ "type": "Feature", "properties": { "tile_row": 47, "tile_col": 5, "x_min": 776.5756, "y_min": 781.5782, "x_max": 874.6506, "y_max": 835.8107, "confidence_score": 0.45820186, "Class": "domestic garbage", "tile_id": "47_5", "filename": "tile_47_5.jpg", "x_offset": 5120, "y_offset": 48128, "width": 1024, "height": 1024, "left": 255039.6728515625, "top": 9857400.8178710938, "pixel_size_x": 0.30517578125, "pixel_size_y": 0.30517578125, "crs": "EPSG:32737", "global_x_min": 255276.66491699219, "global_y_min": 9857162.2991333008, "global_x_max": 255306.59503173828, "global_y_max": 9857145.7486877441 }, "geometry": { "type": "Polygon", "coordinates": [ [ [ 255276.6649169921875, 9857162.29913330078125 ], [ 255306.59503173828125, 9857162.29913330078125 ], [ 255306.59503173828125, 9857145.748687744140625 ], [ 255276.6649169921875, 9857145.748687744140625 ], [ 255276.6649169921875, 9857162.29913330078125 ] ] ] } },
{ "type": "Feature", "properties": { "tile_row": 15, "tile_col": 18, "x_min": 864.41095, "y_min": 253.64737, "x_max": 915.6324, "y_max": 323.69437, "confidence_score": 0.5920181, "Class": "domestic garbage", "tile_id": "15_18", "filename": "tile_15_18.jpg", "x_offset": 18432, "y_offset": 15360, "width": 1024, "height": 1024, "left": 259102.1728515625, "top": 9867400.8178710938, "pixel_size_x": 0.30517578125, "pixel_size_y": 0.30517578125, "crs": "EPSG:32737", "global_x_min": 259365.9701385498, "global_y_min": 9867323.4108367916, "global_x_max": 259381.60168457031, "global_y_max": 9867302.0341888424 }, "geometry": { "type": "Polygon", "coordinates": [ [ [ 259365.970138549804688, 9867323.410836791619658 ], [ 259381.6016845703125, 9867323.410836791619658 ], [ 259381.6016845703125, 9867302.034188842400908 ], [ 259365.970138549804688, 9867302.034188842400908 ], [ 259365.970138549804688, 9867323.410836791619658 ] ] ] } },
{ "type": "Feature", "properties": { "tile_row": 49, "tile_col": 0, "x_min": 324.10162, "y_min": 426.6492, "x_max": 399.1012, "y_max": 469.5847, "confidence_score": 0.6841084, "Class": "domestic garbage", "tile_id": "49_0", "filename": "tile_49_0.jpg", "x_offset": 0, "y_offset": 50176, "width": 1024, "height": 1024, "left": 253477.1728515625, "top": 9856775.8178710938, "pixel_size_x": 0.30517578125, "pixel_size_y": 0.30517578125, "crs": "EPSG:32737", "global_x_min": 253576.08081665038, "global_y_min": 9856645.6148681641, "global_x_max": 253598.96887207031, "global_y_max": 9856632.5119934082 }, "geometry": { "type": "Polygon", "coordinates": [ [ [ 253576.080816650384804, 9856645.6148681640625 ], [ 253598.9688720703125, 9856645.6148681640625 ], [ 253598.9688720703125, 9856632.511993408203125 ], [ 253576.080816650384804, 9856632.511993408203125 ], [ 253576.080816650384804, 9856645.6148681640625 ] ] ] } },
{ "type": "Feature", "properties": { "tile_row": 49, "tile_col": 40, "x_min": 344.38736, "y_min": 376.61127, "x_max": 457.77304, "y_max": 491.4046, "confidence_score": 0.3147287, "Class": "domestic garbage", "tile_id": "49_40", "filename": "tile_49_40.jpg", "x_offset": 40960, "y_offset": 50176, "width": 1024, "height": 1024, "left": 265977.1728515625, "top": 9856775.8178710938, "pixel_size_x": 0.30517578125, "pixel_size_y": 0.30517578125, "crs": "EPSG:32737", "global_x_min": 266082.27153320314, "global_y_min": 9856660.8852325436, "global_x_max": 266116.87409667968, "global_y_max": 9856625.8530883789 }, "geometry": { "type": "Polygon", "coordinates": [ [ [ 266082.271533203136642, 9856660.885232543572783 ], [ 266116.874096679675858, 9856660.885232543572783 ], [ 266116.874096679675858, 9856625.85308837890625 ], [ 266082.271533203136642, 9856625.85308837890625 ], [ 266082.271533203136642, 9856660.885232543572783 ] ] ] } },
{ "type": "Feature", "properties": { "tile_row": 29, "tile_col": 21, "x_min": 377.25323, "y_min": 345.78198, "x_max": 510.97498, "y_max": 497.66882, "confidence_score": 0.43061757, "Class": "domestic garbage", "tile_id": "29_21", "filename": "tile_29_21.jpg", "x_offset": 21504, "y_offset": 29696, "width": 1024, "height": 1024, "left": 260039.6728515625, "top": 9863025.8178710938, "pixel_size_x": 0.30517578125, "pixel_size_y": 0.30517578125, "crs": "EPSG:32737", "global_x_min": 260154.80140075684, "global_y_min": 9862920.2935852055, "global_x_max": 260195.61004028321, "global_y_max": 9862873.9414001461 }, "geometry": { "type": "Polygon", "coordinates": [ [ [ 260154.801400756841758, 9862920.293585205450654 ], [ 260195.610040283208946, 9862920.293585205450654 ], [ 260195.610040283208946, 9862873.941400146111846 ], [ 260154.801400756841758, 9862873.941400146111846 ], [ 260154.801400756841758, 9862920.293585205450654 ] ] ] } },
{ "type": "Feature", "properties": { "tile_row": 10, "tile_col": 11, "x_min": 861.6323, "y_min": 733.67395, "x_max": 904.20105, "y_max": 773.3882, "confidence_score": 0.57447416, "Class": "domestic garbage", "tile_id": "10_11", "filename": "tile_10_11.jpg", "x_offset": 11264, "y_offset": 10240, "width": 1024, "height": 1024, "left": 256914.6728515625, "top": 9868963.3178710938, "pixel_size_x": 0.30517578125, "pixel_size_y": 0.30517578125, "crs": "EPSG:32737", "global_x_min": 257177.62216186523, "global_y_min": 9868739.4183502197, "global_x_max": 257190.61311340332, "global_y_max": 9868727.2985229492 }, "geometry": { "type": "Polygon", "coordinates": [ [ [ 257177.622161865234375, 9868739.418350219726562 ], [ 257190.613113403320312, 9868739.418350219726562 ], [ 257190.613113403320312, 9868727.29852294921875 ], [ 257177.622161865234375, 9868727.29852294921875 ], [ 257177.622161865234375, 9868739.418350219726562 ] ] ] } },
{ "type": "Feature", "properties": { "tile_row": 10, "tile_col": 11, "x_min": 309.11444, "y_min": 370.34747, "x_max": 358.2428, "y_max": 407.85242, "confidence_score": 0.5508548, "Class": "domestic garbage", "tile_id": "10_11", "filename": "tile_10_11.jpg", "x_offset": 11264, "y_offset": 10240, "width": 1024, "height": 1024, "left": 256914.6728515625, "top": 9868963.3178710938, "pixel_size_x": 0.30517578125, "pixel_size_y": 0.30517578125, "crs": "EPSG:32737", "global_x_min": 257009.00709228514, "global_y_min": 9868850.2967926022, "global_x_max": 257023.99987792969, "global_y_max": 9868838.8511901852 }, "geometry": { "type": "Polygon", "coordinates": [ [ [ 257009.007092285144608, 9868850.296792602166533 ], [ 257023.9998779296875, 9868850.296792602166533 ], [ 257023.9998779296875, 9868838.851190185174346 ], [ 257009.007092285144608, 9868838.851190185174346 ], [ 257009.007092285144608, 9868850.296792602166533 ] ] ] } },
{ "type": "Feature", "properties": { "tile_row": 52, "tile_col": 0, "x_min": 566.9646, "y_min": 444.45178, "x_max": 668.65283, "y_max": 554.8805, "confidence_score": 0.34305122, "Class": "domestic garbage", "tile_id": "52_0", "filename": "tile_52_0.jpg", "x_offset": 0, "y_offset": 53248, "width": 1024, "height": 1024, "left": 253477.1728515625, "top": 9855838.3178710938, "pixel_size_x": 0.30517578125, "pixel_size_y": 0.30517578125, "crs": "EPSG:32737", "global_x_min": 253650.19671630859, "global_y_min": 9855702.6819519047, "global_x_max": 253681.22950134278, "global_y_max": 9855668.9817810059 }, "geometry": { "type": "Polygon", "coordinates": [ [ [ 253650.19671630859375, 9855702.681951904669404 ], [ 253681.229501342779258, 9855702.681951904669404 ], [ 253681.229501342779258, 9855668.981781005859375 ], [ 253650.19671630859375, 9855668.981781005859375 ], [ 253650.19671630859375, 9855702.681951904669404 ] ] ] } },
{ "type": "Feature", "properties": { "tile_row": 33, "tile_col": 4, "x_min": 252.68433, "y_min": 389.85226, "x_max": 306.12585, "y_max": 425.31625, "confidence_score": 0.58700323, "Class": "domestic garbage", "tile_id": "33_4", "filename": "tile_33_4.jpg", "x_offset": 4096, "y_offset": 33792, "width": 1024, "height": 1024, "left": 254727.1728515625, "top": 9861775.8178710938, "pixel_size_x": 0.30517578125, "pixel_size_y": 0.30517578125, "crs": "EPSG:32737", "global_x_min": 254804.28598937989, "global_y_min": 9861656.8444030769, "global_x_max": 254820.59504699707, "global_y_max": 9861646.0216522217 }, "geometry": { "type": "Polygon", "coordinates": [ [ [ 254804.285989379888633, 9861656.844403076916933 ], [ 254820.595046997070312, 9861656.844403076916933 ], [ 254820.595046997070312, 9861646.021652221679688 ], [ 254804.285989379888633, 9861646.021652221679688 ], [ 254804.285989379888633, 9861656.844403076916933 ] ] ] } },
{ "type": "Feature", "properties": { "tile_row": 31, "tile_col": 36, "x_min": 247.88109, "y_min": 751.9728, "x_max": 291.3737, "y_max": 796.41846, "confidence_score": 0.6123937, "Class": "domestic garbage", "tile_id": "31_36", "filename": "tile_31_36.jpg", "x_offset": 36864, "y_offset": 31744, "width": 1024, "height": 1024, "left": 264727.1728515625, "top": 9862400.8178710938, "pixel_size_x": 0.30517578125, "pixel_size_y": 0.30517578125, "crs": "EPSG:32737", "global_x_min": 264802.82015686034, "global_y_min": 9862171.333984375, "global_x_max": 264816.0930480957, "global_y_max": 9862157.7702453621 }, "geometry": { "type": "Polygon", "coordinates": [ [ [ 264802.820156860339921, 9862171.333984375 ], [ 264816.093048095703125, 9862171.333984375 ], [ 264816.093048095703125, 9862157.770245362073183 ], [ 264802.820156860339921, 9862157.770245362073183 ], [ 264802.820156860339921, 9862171.333984375 ] ] ] } },
{ "type": "Feature", "properties": { "tile_row": 33, "tile_col": 40, "x_min": 59.260567, "y_min": 161.49838, "x_max": 114.21714, "y_max": 232.3761, "confidence_score": 0.4451882, "Class": "domestic garbage", "tile_id": "33_40", "filename": "tile_33_40.jpg", "x_offset": 40960, "y_offset": 33792, "width": 1024, "height": 1024, "left": 265977.1728515625, "top": 9861775.8178710938, "pixel_size_x": 0.30517578125, "pixel_size_y": 0.30517578125, "crs": "EPSG:32737", "global_x_min": 265995.25774139405, "global_y_min": 9861726.532476807, "global_x_max": 266012.02915649413, "global_y_max": 9861704.9023132324 }, "geometry": { "type": "Polygon", "coordinates": [ [ [ 265995.257741394045297, 9861726.532476807013154 ], [ 266012.029156494128983, 9861726.532476807013154 ], [ 266012.029156494128983, 9861704.902313232421875 ], [ 265995.257741394045297, 9861704.902313232421875 ], [ 265995.257741394045297, 9861726.532476807013154 ] ] ] } },
{ "type": "Feature", "properties": { "tile_row": 14, "tile_col": 14, "x_min": 669.1719, "y_min": 493.30322, "x_max": 723.05286, "y_max": 533.82385, "confidence_score": 0.3748148, "Class": "domestic garbage", "tile_id": "14_14", "filename": "tile_14_14.jpg", "x_offset": 14336, "y_offset": 14336, "width": 1024, "height": 1024, "left": 257852.1728515625, "top": 9867713.3178710938, "pixel_size_x": 0.30517578125, "pixel_size_y": 0.30517578125, "crs": "EPSG:32737", "global_x_min": 258056.38790893555, "global_y_min": 9867562.7736755367, "global_x_max": 258072.83107299806, "global_y_max": 9867550.4077606201 }, "geometry": { "type": "Polygon", "coordinates": [ [ [ 258056.387908935546875, 9867562.773675536736846 ], [ 258072.831072998058517, 9867562.773675536736846 ], [ 258072.831072998058517, 9867550.407760620117188 ], [ 258056.387908935546875, 9867550.407760620117188 ], [ 258056.387908935546875, 9867562.773675536736846 ] ] ] } },
{ "type": "Feature", "properties": { "tile_row": 48, "tile_col": 26, "x_min": 290.59668, "y_min": 584.9398, "x_max": 332.31287, "y_max": 620.93005, "confidence_score": 0.5938908, "Class": "domestic garbage", "tile_id": "48_26", "filename": "tile_48_26.jpg", "x_offset": 26624, "y_offset": 49152, "width": 1024, "height": 1024, "left": 261602.1728515625, "top": 9857088.3178710938, "pixel_size_x": 0.30517578125, "pixel_size_y": 0.30517578125, "crs": "EPSG:32737", "global_x_min": 261690.85592041016, "global_y_min": 9856909.8084106445, "global_x_max": 261703.58669128417, "global_y_max": 9856898.8250579834 }, "geometry": { "type": "Polygon", "coordinates": [ [ [ 261690.855920410162071, 9856909.80841064453125 ], [ 261703.586691284173867, 9856909.80841064453125 ], [ 261703.586691284173867, 9856898.825057983398438 ], [ 261690.855920410162071, 9856898.825057983398438 ], [ 261690.855920410162071, 9856909.80841064453125 ] ] ] } },
{ "type": "Feature", "properties": { "tile_row": 58, "tile_col": 21, "x_min": 796.80286, "y_min": 452.2538, "x_max": 837.6011, "y_max": 483.1016, "confidence_score": 0.5778832, "Class": "domestic garbage", "tile_id": "58_21", "filename": "tile_58_21.jpg", "x_offset": 21504, "y_offset": 59392, "width": 1024, "height": 1024, "left": 260039.6728515625, "top": 9853963.3178710938, "pixel_size_x": 0.30517578125, "pixel_size_y": 0.30517578125, "crs": "EPSG:32737", "global_x_min": 260282.83778686525, "global_y_min": 9853825.3009643555, "global_x_max": 260295.28842163086, "global_y_max": 9853815.8869628906 }, "geometry": { "type": "Polygon", "coordinates": [ [ [ 260282.837786865246017, 9853825.30096435546875 ], [ 260295.288421630859375, 9853825.30096435546875 ], [ 260295.288421630859375, 9853815.886962890625 ], [ 260282.837786865246017, 9853815.886962890625 ], [ 260282.837786865246017, 9853825.30096435546875 ] ] ] } },
{ "type": "Feature", "properties": { "tile_row": 9, "tile_col": 34, "x_min": 519.04926, "y_min": 248.79265, "x_max": 548.5672, "y_max": 284.22705, "confidence_score": 0.37536058, "Class": "domestic garbage", "tile_id": "9_34", "filename": "tile_9_34.jpg", "x_offset": 34816, "y_offset": 9216, "width": 1024, "height": 1024, "left": 264102.1728515625, "top": 9869275.8178710938, "pixel_size_x": 0.30517578125, "pixel_size_y": 0.30517578125, "crs": "EPSG:32737", "global_x_min": 264260.57411499025, "global_y_min": 9869199.8923797607, "global_x_max": 264269.58227539062, "global_y_max": 9869189.0786590576 }, "geometry": { "type": "Polygon", "coordinates": [ [ [ 264260.574114990246017, 9869199.892379760742188 ], [ 264269.582275390625, 9869199.892379760742188 ], [ 264269.582275390625, 9869189.078659057617188 ], [ 264260.574114990246017, 9869189.078659057617188 ], [ 264260.574114990246017, 9869199.892379760742188 ] ] ] } },
{ "type": "Feature", "properties": { "tile_row": 48, "tile_col": 29, "x_min": 714.60767, "y_min": 498.1453, "x_max": 741.9049, "y_max": 559.8026, "confidence_score": 0.62169504, "Class": "domestic garbage", "tile_id": "48_29", "filename": "tile_48_29.jpg", "x_offset": 29696, "y_offset": 49152, "width": 1024, "height": 1024, "left": 262539.6728515625, "top": 9857088.3178710938, "pixel_size_x": 0.30517578125, "pixel_size_y": 0.30517578125, "crs": "EPSG:32737", "global_x_min": 262757.75380554202, "global_y_min": 9856936.2959899902, "global_x_max": 262766.0842590332, "global_y_max": 9856917.479675293 }, "geometry": { "type": "Polygon", "coordinates": [ [ [ 262757.753805542015471, 9856936.295989990234375 ], [ 262766.084259033203125, 9856936.295989990234375 ], [ 262766.084259033203125, 9856917.47967529296875 ], [ 262757.753805542015471, 9856917.47967529296875 ], [ 262757.753805542015471, 9856936.295989990234375 ] ] ] } },
{ "type": "Feature", "properties": { "tile_row": 24, "tile_col": 42, "x_min": 573.34106, "y_min": 132.74171, "x_max": 635.7494, "y_max": 201.79027, "confidence_score": 0.82804674, "Class": "domestic garbage", "tile_id": "24_42", "filename": "tile_24_42.jpg", "x_offset": 43008, "y_offset": 24576, "width": 1024, "height": 1024, "left": 266602.1728515625, "top": 9864588.3178710938, "pixel_size_x": 0.30517578125, "pixel_size_y": 0.30517578125, "crs": "EPSG:32737", "global_x_min": 266777.14265747071, "global_y_min": 9864547.8083160408, "global_x_max": 266796.18817138672, "global_y_max": 9864526.7363677975 }, "geometry": { "type": "Polygon", "coordinates": [ [ [ 266777.142657470714767, 9864547.808316040784121 ], [ 266796.18817138671875, 9864547.808316040784121 ], [ 266796.18817138671875, 9864526.736367797479033 ], [ 266777.142657470714767, 9864526.736367797479033 ], [ 266777.142657470714767, 9864547.808316040784121 ] ] ] } },
{ "type": "Feature", "properties": { "tile_row": 24, "tile_col": 42, "x_min": 552.9308, "y_min": 721.294, "x_max": 648.91785, "y_max": 820.085, "confidence_score": 0.6972259, "Class": "domestic garbage", "tile_id": "24_42", "filename": "tile_24_42.jpg", "x_offset": 43008, "y_offset": 24576, "width": 1024, "height": 1024, "left": 266602.1728515625, "top": 9864588.3178710938, "pixel_size_x": 0.30517578125, "pixel_size_y": 0.30517578125, "crs": "EPSG:32737", "global_x_min": 266770.91394042969, "global_y_min": 9864368.1964111328, "global_x_max": 266800.20686340332, "global_y_max": 9864338.0477905273 }, "geometry": { "type": "Polygon", "coordinates": [ [ [ 266770.9139404296875, 9864368.1964111328125 ], [ 266800.206863403320312, 9864368.1964111328125 ], [ 266800.206863403320312, 9864338.04779052734375 ], [ 266770.9139404296875, 9864338.04779052734375 ], [ 266770.9139404296875, 9864368.1964111328125 ] ] ] } },
{ "type": "Feature", "properties": { "tile_row": 24, "tile_col": 42, "x_min": 606.1907, "y_min": 497.81754, "x_max": 696.178, "y_max": 564.4857, "confidence_score": 0.67176664, "Class": "domestic garbage", "tile_id": "24_42", "filename": "tile_24_42.jpg", "x_offset": 43008, "y_offset": 24576, "width": 1024, "height": 1024, "left": 266602.1728515625, "top": 9864588.3178710938, "pixel_size_x": 0.30517578125, "pixel_size_y": 0.30517578125, "crs": "EPSG:32737", "global_x_min": 266787.16757202148, "global_y_min": 9864436.3960144036, "global_x_max": 266814.62951660156, "global_y_max": 9864416.0505065918 }, "geometry": { "type": "Polygon", "coordinates": [ [ [ 266787.167572021484375, 9864436.396014403551817 ], [ 266814.6295166015625, 9864436.396014403551817 ], [ 266814.6295166015625, 9864416.050506591796875 ], [ 266787.167572021484375, 9864416.050506591796875 ], [ 266787.167572021484375, 9864436.396014403551817 ] ] ] } },
{ "type": "Feature", "properties": { "tile_row": 24, "tile_col": 42, "x_min": 922.5609, "y_min": 262.28143, "x_max": 964.694, "y_max": 338.01526, "confidence_score": 0.43814975, "Class": "domestic garbage", "tile_id": "24_42", "filename": "tile_24_42.jpg", "x_offset": 43008, "y_offset": 24576, "width": 1024, "height": 1024, "left": 266602.1728515625, "top": 9864588.3178710938, "pixel_size_x": 0.30517578125, "pixel_size_y": 0.30517578125, "crs": "EPSG:32737", "global_x_min": 266883.7160949707, "global_y_min": 9864508.2759307865, "global_x_max": 266896.57409667969, "global_y_max": 9864485.1638000496 }, "geometry": { "type": "Polygon", "coordinates": [ [ [ 266883.716094970703125, 9864508.275930786505342 ], [ 266896.5740966796875, 9864508.275930786505342 ], [ 266896.5740966796875, 9864485.163800049573183 ], [ 266883.716094970703125, 9864485.163800049573183 ], [ 266883.716094970703125, 9864508.275930786505342 ] ] ] } },
{ "type": "Feature", "properties": { "tile_row": 24, "tile_col": 42, "x_min": 752.9386, "y_min": 309.17148, "x_max": 816.50586, "y_max": 409.94766, "confidence_score": 0.30376554, "Class": "domestic garbage", "tile_id": "24_42", "filename": "tile_24_42.jpg", "x_offset": 43008, "y_offset": 24576, "width": 1024, "height": 1024, "left": 266602.1728515625, "top": 9864588.3178710938, "pixel_size_x": 0.30517578125, "pixel_size_y": 0.30517578125, "crs": "EPSG:32737", "global_x_min": 266831.95147705078, "global_y_min": 9864493.9662231449, "global_x_max": 266851.35066528321, "global_y_max": 9864463.2117736824 }, "geometry": { "type": "Polygon", "coordinates": [ [ [ 266831.95147705078125, 9864493.966223144903779 ], [ 266851.350665283214767, 9864493.966223144903779 ], [ 266851.350665283214767, 9864463.211773682385683 ], [ 266831.95147705078125, 9864463.211773682385683 ], [ 266831.95147705078125, 9864493.966223144903779 ] ] ] } },
{ "type": "Feature", "properties": { "tile_row": 61, "tile_col": 12, "x_min": 505.82828, "y_min": 676.31226, "x_max": 590.6729, "y_max": 734.1898, "confidence_score": 0.8811115, "Class": "domestic garbage", "tile_id": "61_12", "filename": "tile_61_12.jpg", "x_offset": 12288, "y_offset": 62464, "width": 1024, "height": 1024, "left": 257227.1728515625, "top": 9853025.8178710938, "pixel_size_x": 0.30517578125, "pixel_size_y": 0.30517578125, "crs": "EPSG:32737", "global_x_min": 257381.53939208985, "global_y_min": 9852819.42374878, "global_x_max": 257407.4319152832, "global_y_max": 9852801.760925293 }, "geometry": { "type": "Polygon", "coordinates": [ [ [ 257381.539392089849571, 9852819.423748780041933 ], [ 257407.431915283203125, 9852819.423748780041933 ], [ 257407.431915283203125, 9852801.76092529296875 ], [ 257381.539392089849571, 9852801.76092529296875 ], [ 257381.539392089849571, 9852819.423748780041933 ] ] ] } },
{ "type": "Feature", "properties": { "tile_row": 51, "tile_col": 8, "x_min": 540.48236, "y_min": 15.188732, "x_max": 591.0555, "y_max": 93.228134, "confidence_score": 0.32289034, "Class": "domestic garbage", "tile_id": "51_8", "filename": "tile_51_8.jpg", "x_offset": 8192, "y_offset": 52224, "width": 1024, "height": 1024, "left": 255977.1728515625, "top": 9856150.8178710938, "pixel_size_x": 0.30517578125, "pixel_size_y": 0.30517578125, "crs": "EPSG:32737", "global_x_min": 256142.11497802736, "global_y_min": 9856146.1826379392, "global_x_max": 256157.54867553711, "global_y_max": 9856122.366902465 }, "geometry": { "type": "Polygon", "coordinates": [ [ [ 256142.114978027355392, 9856146.182637939229608 ], [ 256157.548675537109375, 9856146.182637939229608 ], [ 256157.548675537109375, 9856122.366902465000749 ], [ 256142.114978027355392, 9856122.366902465000749 ], [ 256142.114978027355392, 9856146.182637939229608 ] ] ] } },
{ "type": "Feature", "properties": { "tile_row": 51, "tile_col": 5, "x_min": 443.92578, "y_min": 389.09744, "x_max": 480.56854, "y_max": 445.4819, "confidence_score": 0.8762539, "Class": "domestic garbage", "tile_id": "51_5", "filename": "tile_51_5.jpg", "x_offset": 5120, "y_offset": 52224, "width": 1024, "height": 1024, "left": 255039.6728515625, "top": 9856150.8178710938, "pixel_size_x": 0.30517578125, "pixel_size_y": 0.30517578125, "crs": "EPSG:32737", "global_x_min": 255175.14824829102, "global_y_min": 9856032.0747558586, "global_x_max": 255186.33073120116, "global_y_max": 9856014.8675842285 }, "geometry": { "type": "Polygon", "coordinates": [ [ [ 255175.148248291021446, 9856032.074755858629942 ], [ 255186.330731201160233, 9856032.074755858629942 ], [ 255186.330731201160233, 9856014.867584228515625 ], [ 255175.148248291021446, 9856014.867584228515625 ], [ 255175.148248291021446, 9856032.074755858629942 ] ] ] } },
{ "type": "Feature", "properties": { "tile_row": 57, "tile_col": 3, "x_min": 499.10556, "y_min": 879.0303, "x_max": 594.0589, "y_max": 940.556, "confidence_score": 0.3272326, "Class": "domestic garbage", "tile_id": "57_3", "filename": "tile_57_3.jpg", "x_offset": 3072, "y_offset": 58368, "width": 1024, "height": 1024, "left": 254414.6728515625, "top": 9854275.8178710938, "pixel_size_x": 0.30517578125, "pixel_size_y": 0.30517578125, "crs": "EPSG:32737", "global_x_min": 254566.98778076173, "global_y_min": 9854007.5591125488, "global_x_max": 254595.96524047852, "global_y_max": 9853988.7829589844 }, "geometry": { "type": "Polygon", "coordinates": [ [ [ 254566.987780761730392, 9854007.559112548828125 ], [ 254595.965240478515625, 9854007.559112548828125 ], [ 254595.965240478515625, 9853988.782958984375 ], [ 254566.987780761730392, 9853988.782958984375 ], [ 254566.987780761730392, 9854007.559112548828125 ] ] ] } },
{ "type": "Feature", "properties": { "tile_row": 21, "tile_col": 11, "x_min": 769.64026, "y_min": 689.5598, "x_max": 819.0386, "y_max": 738.58093, "confidence_score": 0.50918764, "Class": "domestic garbage", "tile_id": "21_11", "filename": "tile_21_11.jpg", "x_offset": 11264, "y_offset": 21504, "width": 1024, "height": 1024, "left": 256914.6728515625, "top": 9865525.8178710938, "pixel_size_x": 0.30517578125, "pixel_size_y": 0.30517578125, "crs": "EPSG:32737", "global_x_min": 257149.54841918946, "global_y_min": 9865315.3809204102, "global_x_max": 257164.62359619141, "global_y_max": 9865300.420858765 }, "geometry": { "type": "Polygon", "coordinates": [ [ [ 257149.548419189464767, 9865315.38092041015625 ], [ 257164.62359619140625, 9865315.38092041015625 ], [ 257164.62359619140625, 9865300.420858765020967 ], [ 257149.548419189464767, 9865300.420858765020967 ], [ 257149.548419189464767, 9865315.38092041015625 ] ] ] } },
{ "type": "Feature", "properties": { "tile_row": 58, "tile_col": 16, "x_min": 620.2386, "y_min": 355.0912, "x_max": 678.134, "y_max": 406.31104, "confidence_score": 0.7696123, "Class": "domestic garbage", "tile_id": "58_16", "filename": "tile_58_16.jpg", "x_offset": 16384, "y_offset": 59392, "width": 1024, "height": 1024, "left": 258477.1728515625, "top": 9853963.3178710938, "pixel_size_x": 0.30517578125, "pixel_size_y": 0.30517578125, "crs": "EPSG:32737", "global_x_min": 258666.45465087891, "global_y_min": 9853854.9526367188, "global_x_max": 258684.12292480469, "global_y_max": 9853839.3215820305 }, "geometry": { "type": "Polygon", "coordinates": [ [ [ 258666.45465087890625, 9853854.95263671875 ], [ 258684.1229248046875, 9853854.95263671875 ], [ 258684.1229248046875, 9853839.321582030504942 ], [ 258666.45465087890625, 9853839.321582030504942 ], [ 258666.45465087890625, 9853854.95263671875 ] ] ] } },
{ "type": "Feature", "properties": { "tile_row": 72, "tile_col": 41, "x_min": 151.8696, "y_min": 701.4126, "x_max": 189.46716, "y_max": 745.0475, "confidence_score": 0.362277, "Class": "domestic garbage", "tile_id": "72_41", "filename": "tile_72_41.jpg", "x_offset": 41984, "y_offset": 73728, "width": 1024, "height": 1024, "left": 266289.6728515625, "top": 9849588.3178710938, "pixel_size_x": 0.30517578125, "pixel_size_y": 0.30517578125, "crs": "EPSG:32737", "global_x_min": 266336.01977539062, "global_y_min": 9849374.2637329102, "global_x_max": 266347.49364013673, "global_y_max": 9849360.9474182129 }, "geometry": { "type": "Polygon", "coordinates": [ [ [ 266336.019775390625, 9849374.26373291015625 ], [ 266347.493640136730392, 9849374.26373291015625 ], [ 266347.493640136730392, 9849360.947418212890625 ], [ 266336.019775390625, 9849360.947418212890625 ], [ 266336.019775390625, 9849374.26373291015625 ] ] ] } },
{ "type": "Feature", "properties": { "tile_row": 72, "tile_col": 20, "x_min": 766.5906, "y_min": 690.87, "x_max": 815.3047, "y_max": 736.6941, "confidence_score": 0.62886685, "Class": "domestic garbage", "tile_id": "72_20", "filename": "tile_72_20.jpg", "x_offset": 20480, "y_offset": 73728, "width": 1024, "height": 1024, "left": 259727.1728515625, "top": 9849588.3178710938, "pixel_size_x": 0.30517578125, "pixel_size_y": 0.30517578125, "crs": "EPSG:32737", "global_x_min": 259961.11773681641, "global_y_min": 9849377.4810791016, "global_x_max": 259975.9841003418, "global_y_max": 9849363.496673584 }, "geometry": { "type": "Polygon", "coordinates": [ [ [ 259961.11773681640625, 9849377.4810791015625 ], [ 259975.984100341796875, 9849377.4810791015625 ], [ 259975.984100341796875, 9849363.496673583984375 ], [ 259961.11773681640625, 9849363.496673583984375 ], [ 259961.11773681640625, 9849377.4810791015625 ] ] ] } },
{ "type": "Feature", "properties": { "tile_row": 72, "tile_col": 20, "x_min": 237.80386, "y_min": 108.38596, "x_max": 307.5723, "y_max": 192.4472, "confidence_score": 0.30486235, "Class": "domestic garbage", "tile_id": "72_20", "filename": "tile_72_20.jpg", "x_offset": 20480, "y_offset": 73728, "width": 1024, "height": 1024, "left": 259727.1728515625, "top": 9849588.3178710938, "pixel_size_x": 0.30517578125, "pixel_size_y": 0.30517578125, "crs": "EPSG:32737", "global_x_min": 259799.74483032228, "global_y_min": 9849555.241101075, "global_x_max": 259821.03646850586, "global_y_max": 9849529.5876464844 }, "geometry": { "type": "Polygon", "coordinates": [ [ [ 259799.744830322277267, 9849555.241101074963808 ], [ 259821.036468505859375, 9849555.241101074963808 ], [ 259821.036468505859375, 9849529.587646484375 ], [ 259799.744830322277267, 9849529.587646484375 ], [ 259799.744830322277267, 9849555.241101074963808 ] ] ] } },
{ "type": "Feature", "properties": { "tile_row": 15, "tile_col": 10, "x_min": 447.63736, "y_min": 656.30304, "x_max": 519.9988, "y_max": 703.04596, "confidence_score": 0.3806451, "Class": "domestic garbage", "tile_id": "15_10", "filename": "tile_15_10.jpg", "x_offset": 10240, "y_offset": 15360, "width": 1024, "height": 1024, "left": 256602.1728515625, "top": 9867400.8178710938, "pixel_size_x": 0.30517578125, "pixel_size_y": 0.30517578125, "crs": "EPSG:32737", "global_x_min": 256738.7809326172, "global_y_min": 9867200.5300781243, "global_x_max": 256760.86389160156, "global_y_max": 9867186.2652709968 }, "geometry": { "type": "Polygon", "coordinates": [ [ [ 256738.780932617199142, 9867200.530078124254942 ], [ 256760.8638916015625, 9867200.530078124254942 ], [ 256760.8638916015625, 9867186.265270996838808 ], [ 256738.780932617199142, 9867186.265270996838808 ], [ 256738.780932617199142, 9867200.530078124254942 ] ] ] } },
{ "type": "Feature", "properties": { "tile_row": 18, "tile_col": 10, "x_min": 370.41876, "y_min": 6.900173, "x_max": 435.56976, "y_max": 64.3441, "confidence_score": 0.41462848, "Class": "domestic garbage", "tile_id": "18_10", "filename": "tile_18_10.jpg", "x_offset": 10240, "y_offset": 18432, "width": 1024, "height": 1024, "left": 256602.1728515625, "top": 9866463.3178710938, "pixel_size_x": 0.30517578125, "pixel_size_y": 0.30517578125, "crs": "EPSG:32737", "global_x_min": 256715.21568603517, "global_y_min": 9866461.2121054083, "global_x_max": 256735.09819335939, "global_y_max": 9866443.6816101074 }, "geometry": { "type": "Polygon", "coordinates": [ [ [ 256715.215686035167892, 9866461.21210540831089 ], [ 256735.098193359386642, 9866461.21210540831089 ], [ 256735.098193359386642, 9866443.681610107421875 ], [ 256715.215686035167892, 9866443.681610107421875 ], [ 256715.215686035167892, 9866461.21210540831089 ] ] ] } },
{ "type": "Feature", "properties": { "tile_row": 13, "tile_col": 9, "x_min": 330.88162, "y_min": 773.603, "x_max": 380.41464, "y_max": 823.0709, "confidence_score": 0.48945403, "Class": "domestic garbage", "tile_id": "13_9", "filename": "tile_13_9.jpg", "x_offset": 9216, "y_offset": 13312, "width": 1024, "height": 1024, "left": 256289.6728515625, "top": 9868025.8178710938, "pixel_size_x": 0.30517578125, "pixel_size_y": 0.30517578125, "crs": "EPSG:32737", "global_x_min": 256390.64990844726, "global_y_min": 9867789.7329711914, "global_x_max": 256405.76618652343, "global_y_max": 9867774.6365661621 }, "geometry": { "type": "Polygon", "coordinates": [ [ [ 256390.649908447259804, 9867789.73297119140625 ], [ 256405.766186523425858, 9867789.73297119140625 ], [ 256405.766186523425858, 9867774.636566162109375 ], [ 256390.649908447259804, 9867774.636566162109375 ], [ 256390.649908447259804, 9867789.73297119140625 ] ] ] } },
{ "type": "Feature", "properties": { "tile_row": 51, "tile_col": 23, "x_min": 85.77991, "y_min": 313.55258, "x_max": 135.20834, "y_max": 364.2773, "confidence_score": 0.46227315, "Class": "domestic garbage", "tile_id": "51_23", "filename": "tile_51_23.jpg", "x_offset": 23552, "y_offset": 52224, "width": 1024, "height": 1024, "left": 260664.6728515625, "top": 9856150.8178710938, "pixel_size_x": 0.30517578125, "pixel_size_y": 0.30517578125, "crs": "EPSG:32737", "global_x_min": 260690.85080261232, "global_y_min": 9856055.1292175297, "global_x_max": 260705.9351623535, "global_y_max": 9856039.6492614746 }, "geometry": { "type": "Polygon", "coordinates": [ [ [ 260690.850802612316329, 9856055.129217529669404 ], [ 260705.935162353503983, 9856055.129217529669404 ], [ 260705.935162353503983, 9856039.649261474609375 ], [ 260690.850802612316329, 9856039.649261474609375 ], [ 260690.850802612316329, 9856055.129217529669404 ] ] ] } },
{ "type": "Feature", "properties": { "tile_row": 13, "tile_col": 12, "x_min": 961.87616, "y_min": 552.65955, "x_max": 1018.5628, "y_max": 643.7429, "confidence_score": 0.4056069, "Class": "domestic garbage", "tile_id": "13_12", "filename": "tile_13_12.jpg", "x_offset": 12288, "y_offset": 13312, "width": 1024, "height": 1024, "left": 257227.1728515625, "top": 9868025.8178710938, "pixel_size_x": 0.30517578125, "pixel_size_y": 0.30517578125, "crs": "EPSG:32737", "global_x_min": 257520.71416015626, "global_y_min": 9867857.1595611572, "global_x_max": 257538.01354980469, "global_y_max": 9867829.3631286621 }, "geometry": { "type": "Polygon", "coordinates": [ [ [ 257520.714160156261642, 9867857.159561157226562 ], [ 257538.0135498046875, 9867857.159561157226562 ], [ 257538.0135498046875, 9867829.363128662109375 ], [ 257520.714160156261642, 9867829.363128662109375 ], [ 257520.714160156261642, 9867857.159561157226562 ] ] ] } },
{ "type": "Feature", "properties": { "tile_row": 43, "tile_col": 5, "x_min": 517.2833, "y_min": 645.39136, "x_max": 578.7888, "y_max": 696.24365, "confidence_score": 0.82879007, "Class": "domestic garbage", "tile_id": "43_5", "filename": "tile_43_5.jpg", "x_offset": 5120, "y_offset": 44032, "width": 1024, "height": 1024, "left": 255039.6728515625, "top": 9858650.8178710938, "pixel_size_x": 0.30517578125, "pixel_size_y": 0.30517578125, "crs": "EPSG:32737", "global_x_min": 255197.53518676758, "global_y_min": 9858453.8600585945, "global_x_max": 255216.30517578125, "global_y_max": 9858438.3411712646 }, "geometry": { "type": "Polygon", "coordinates": [ [ [ 255197.535186767578125, 9858453.860058594495058 ], [ 255216.30517578125, 9858453.860058594495058 ], [ 255216.30517578125, 9858438.341171264648438 ], [ 255197.535186767578125, 9858438.341171264648438 ], [ 255197.535186767578125, 9858453.860058594495058 ] ] ] } },
{ "type": "Feature", "properties": { "tile_row": 43, "tile_col": 5, "x_min": 514.8345, "y_min": 444.5341, "x_max": 574.57056, "y_max": 502.8823, "confidence_score": 0.37636343, "Class": "domestic garbage", "tile_id": "43_5", "filename": "tile_43_5.jpg", "x_offset": 5120, "y_offset": 44032, "width": 1024, "height": 1024, "left": 255039.6728515625, "top": 9858650.8178710938, "pixel_size_x": 0.30517578125, "pixel_size_y": 0.30517578125, "crs": "EPSG:32737", "global_x_min": 255196.78787231445, "global_y_min": 9858515.156829834, "global_x_max": 255215.01787109376, "global_y_max": 9858497.3503723145 }, "geometry": { "type": "Polygon", "coordinates": [ [ [ 255196.787872314453125, 9858515.156829833984375 ], [ 255215.017871093761642, 9858515.156829833984375 ], [ 255215.017871093761642, 9858497.350372314453125 ], [ 255196.787872314453125, 9858497.350372314453125 ], [ 255196.787872314453125, 9858515.156829833984375 ] ] ] } },
{ "type": "Feature", "properties": { "tile_row": 40, "tile_col": 26, "x_min": 792.59937, "y_min": 664.4138, "x_max": 822.31934, "y_max": 703.7539, "confidence_score": 0.433692, "Class": "domestic garbage", "tile_id": "40_26", "filename": "tile_40_26.jpg", "x_offset": 26624, "y_offset": 40960, "width": 1024, "height": 1024, "left": 261602.1728515625, "top": 9859588.3178710938, "pixel_size_x": 0.30517578125, "pixel_size_y": 0.30517578125, "crs": "EPSG:32737", "global_x_min": 261844.0549835205, "global_y_min": 9859385.5548706055, "global_x_max": 261853.12479858397, "global_y_max": 9859373.5492248535 }, "geometry": { "type": "Polygon", "coordinates": [ [ [ 261844.054983520501992, 9859385.55487060546875 ], [ 261853.124798583972733, 9859385.55487060546875 ], [ 261853.124798583972733, 9859373.549224853515625 ], [ 261844.054983520501992, 9859373.549224853515625 ], [ 261844.054983520501992, 9859385.55487060546875 ] ] ] } },
{ "type": "Feature", "properties": { "tile_row": 76, "tile_col": 9, "x_min": 0.0, "y_min": 569.68713, "x_max": 41.739708, "y_max": 645.432, "confidence_score": 0.469072, "Class": "domestic garbage", "tile_id": "76_9", "filename": "tile_76_9.jpg", "x_offset": 9216, "y_offset": 77824, "width": 1024, "height": 1024, "left": 256289.6728515625, "top": 9848338.3178710938, "pixel_size_x": 0.30517578125, "pixel_size_y": 0.30517578125, "crs": "EPSG:32737", "global_x_min": 256289.6728515625, "global_y_min": 9848164.4631561283, "global_x_max": 256302.41079956054, "global_y_max": 9848141.34765625 }, "geometry": { "type": "Polygon", "coordinates": [ [ [ 256289.6728515625, 9848164.463156128302217 ], [ 256302.410799560544547, 9848164.463156128302217 ], [ 256302.410799560544547, 9848141.34765625 ], [ 256289.6728515625, 9848141.34765625 ], [ 256289.6728515625, 9848164.463156128302217 ] ] ] } },
{ "type": "Feature", "properties": { "tile_row": 76, "tile_col": 9, "x_min": 607.14703, "y_min": 773.04254, "x_max": 661.0473, "y_max": 812.27386, "confidence_score": 0.30268762, "Class": "domestic garbage", "tile_id": "76_9", "filename": "tile_76_9.jpg", "x_offset": 9216, "y_offset": 77824, "width": 1024, "height": 1024, "left": 256289.6728515625, "top": 9848338.3178710938, "pixel_size_x": 0.30517578125, "pixel_size_y": 0.30517578125, "crs": "EPSG:32737", "global_x_min": 256474.95942077637, "global_y_min": 9848102.404010009, "global_x_max": 256491.4084777832, "global_y_max": 9848090.43156128 }, "geometry": { "type": "Polygon", "coordinates": [ [ [ 256474.959420776373008, 9848102.404010009020567 ], [ 256491.408477783203125, 9848102.404010009020567 ], [ 256491.408477783203125, 9848090.431561280041933 ], [ 256474.959420776373008, 9848090.431561280041933 ], [ 256474.959420776373008, 9848102.404010009020567 ] ] ] } },
{ "type": "Feature", "properties": { "tile_row": 33, "tile_col": 34, "x_min": 448.989, "y_min": 979.11127, "x_max": 481.2824, "y_max": 1013.2718, "confidence_score": 0.34448928, "Class": "domestic garbage", "tile_id": "33_34", "filename": "tile_33_34.jpg", "x_offset": 34816, "y_offset": 33792, "width": 1024, "height": 1024, "left": 264102.1728515625, "top": 9861775.8178710938, "pixel_size_x": 0.30517578125, "pixel_size_y": 0.30517578125, "crs": "EPSG:32737", "global_x_min": 264239.19342041016, "global_y_min": 9861477.0168243404, "global_x_max": 264249.04858398438, "global_y_max": 9861466.5918579102 }, "geometry": { "type": "Polygon", "coordinates": [ [ [ 264239.19342041015625, 9861477.016824340447783 ], [ 264249.048583984375, 9861477.016824340447783 ], [ 264249.048583984375, 9861466.59185791015625 ], [ 264239.19342041015625, 9861466.59185791015625 ], [ 264239.19342041015625, 9861477.016824340447783 ] ] ] } },
{ "type": "Feature", "properties": { "tile_row": 61, "tile_col": 5, "x_min": 923.3024, "y_min": 614.11676, "x_max": 981.4716, "y_max": 684.10626, "confidence_score": 0.58487684, "Class": "domestic garbage", "tile_id": "61_5", "filename": "tile_61_5.jpg", "x_offset": 5120, "y_offset": 62464, "width": 1024, "height": 1024, "left": 255039.6728515625, "top": 9853025.8178710938, "pixel_size_x": 0.30517578125, "pixel_size_y": 0.30517578125, "crs": "EPSG:32737", "global_x_min": 255321.4423828125, "global_y_min": 9852838.4043090828, "global_x_max": 255339.19421386719, "global_y_max": 9852817.045208741 }, "geometry": { "type": "Polygon", "coordinates": [ [ [ 255321.4423828125, 9852838.404309082776308 ], [ 255339.1942138671875, 9852838.404309082776308 ], [ 255339.1942138671875, 9852817.045208740979433 ], [ 255321.4423828125, 9852817.045208740979433 ], [ 255321.4423828125, 9852838.404309082776308 ] ] ] } },
{ "type": "Feature", "properties": { "tile_row": 11, "tile_col": 38, "x_min": 384.3567, "y_min": 712.7134, "x_max": 432.32037, "y_max": 740.3484, "confidence_score": 0.32847777, "Class": "domestic garbage", "tile_id": "11_38", "filename": "tile_11_38.jpg", "x_offset": 38912, "y_offset": 11264, "width": 1024, "height": 1024, "left": 265352.1728515625, "top": 9868650.8178710938, "pixel_size_x": 0.30517578125, "pixel_size_y": 0.30517578125, "crs": "EPSG:32737", "global_x_min": 265469.46920776367, "global_y_min": 9868433.3150024414, "global_x_max": 265484.10655822756, "global_y_max": 9868424.8814697266 }, "geometry": { "type": "Polygon", "coordinates": [ [ [ 265469.469207763671875, 9868433.31500244140625 ], [ 265484.106558227562346, 9868433.31500244140625 ], [ 265484.106558227562346, 9868424.8814697265625 ], [ 265469.469207763671875, 9868424.8814697265625 ], [ 265469.469207763671875, 9868433.31500244140625 ] ] ] } },
{ "type": "Feature", "properties": { "tile_row": 11, "tile_col": 38, "x_min": 960.0582, "y_min": 516.12335, "x_max": 1023.1267, "y_max": 583.39996, "confidence_score": 0.3234853, "Class": "domestic garbage", "tile_id": "11_38", "filename": "tile_11_38.jpg", "x_offset": 38912, "y_offset": 11264, "width": 1024, "height": 1024, "left": 265352.1728515625, "top": 9868650.8178710938, "pixel_size_x": 0.30517578125, "pixel_size_y": 0.30517578125, "crs": "EPSG:32737", "global_x_min": 265645.15936279297, "global_y_min": 9868493.3095245361, "global_x_max": 265664.40634155273, "global_y_max": 9868472.7783325203 }, "geometry": { "type": "Polygon", "coordinates": [ [ [ 265645.15936279296875, 9868493.309524536132812 ], [ 265664.406341552734375, 9868493.309524536132812 ], [ 265664.406341552734375, 9868472.778332520276308 ], [ 265645.15936279296875, 9868472.778332520276308 ], [ 265645.15936279296875, 9868493.309524536132812 ] ] ] } },
{ "type": "Feature", "properties": { "tile_row": 1, "tile_col": 18, "x_min": 688.7173, "y_min": 96.83194, "x_max": 741.7982, "y_max": 154.4341, "confidence_score": 0.32786787, "Class": "domestic garbage", "tile_id": "1_18", "filename": "tile_1_18.jpg", "x_offset": 18432, "y_offset": 1024, "width": 1024, "height": 1024, "left": 259102.1728515625, "top": 9871775.8178710938, "pixel_size_x": 0.30517578125, "pixel_size_y": 0.30517578125, "crs": "EPSG:32737", "global_x_min": 259312.35269165039, "global_y_min": 9871746.2671081536, "global_x_max": 259328.55169677734, "global_y_max": 9871728.6883239746 }, "geometry": { "type": "Polygon", "coordinates": [ [ [ 259312.352691650390625, 9871746.267108153551817 ], [ 259328.55169677734375, 9871746.267108153551817 ], [ 259328.55169677734375, 9871728.688323974609375 ], [ 259312.352691650390625, 9871728.688323974609375 ], [ 259312.352691650390625, 9871746.267108153551817 ] ] ] } },
{ "type": "Feature", "properties": { "tile_row": 51, "tile_col": 29, "x_min": 925.7419, "y_min": 84.12105, "x_max": 1019.79767, "y_max": 182.29057, "confidence_score": 0.61878043, "Class": "domestic garbage", "tile_id": "51_29", "filename": "tile_51_29.jpg", "x_offset": 29696, "y_offset": 52224, "width": 1024, "height": 1024, "left": 262539.6728515625, "top": 9856150.8178710938, "pixel_size_x": 0.30517578125, "pixel_size_y": 0.30517578125, "crs": "EPSG:32737", "global_x_min": 262822.18685913086, "global_y_min": 9856125.1461639404, "global_x_max": 262850.8904022217, "global_y_max": 9856095.1872039791 }, "geometry": { "type": "Polygon", "coordinates": [ [ [ 262822.186859130859375, 9856125.146163940429688 ], [ 262850.890402221702971, 9856125.146163940429688 ], [ 262850.890402221702971, 9856095.187203979119658 ], [ 262822.186859130859375, 9856095.187203979119658 ], [ 262822.186859130859375, 9856125.146163940429688 ] ] ] } },
{ "type": "Feature", "properties": { "tile_row": 51, "tile_col": 29, "x_min": 520.8973, "y_min": 60.207916, "x_max": 639.42316, "y_max": 134.93645, "confidence_score": 0.3854615, "Class": "domestic garbage", "tile_id": "51_29", "filename": "tile_51_29.jpg", "x_offset": 29696, "y_offset": 52224, "width": 1024, "height": 1024, "left": 262539.6728515625, "top": 9856150.8178710938, "pixel_size_x": 0.30517578125, "pixel_size_y": 0.30517578125, "crs": "EPSG:32737", "global_x_min": 262698.63809204102, "global_y_min": 9856132.4438732918, "global_x_max": 262734.80931396486, "global_y_max": 9856109.6385345459 }, "geometry": { "type": "Polygon", "coordinates": [ [ [ 262698.638092041015625, 9856132.443873291835189 ], [ 262734.809313964855392, 9856132.443873291835189 ], [ 262734.809313964855392, 9856109.638534545898438 ], [ 262698.638092041015625, 9856109.638534545898438 ], [ 262698.638092041015625, 9856132.443873291835189 ] ] ] } },
{ "type": "Feature", "properties": { "tile_row": 24, "tile_col": 10, "x_min": 572.3063, "y_min": 371.72784, "x_max": 619.6697, "y_max": 415.59735, "confidence_score": 0.31536943, "Class": "domestic garbage", "tile_id": "24_10", "filename": "tile_24_10.jpg", "x_offset": 10240, "y_offset": 24576, "width": 1024, "height": 1024, "left": 256602.1728515625, "top": 9864588.3178710938, "pixel_size_x": 0.30517578125, "pixel_size_y": 0.30517578125, "crs": "EPSG:32737", "global_x_min": 256776.8268737793, "global_y_min": 9864474.8755371086, "global_x_max": 256791.28103637695, "global_y_max": 9864461.4876251221 }, "geometry": { "type": "Polygon", "coordinates": [ [ [ 256776.826873779296875, 9864474.875537108629942 ], [ 256791.281036376953125, 9864474.875537108629942 ], [ 256791.281036376953125, 9864461.487625122070312 ], [ 256776.826873779296875, 9864461.487625122070312 ], [ 256776.826873779296875, 9864474.875537108629942 ] ] ] } },
{ "type": "Feature", "properties": { "tile_row": 23, "tile_col": 29, "x_min": 391.68478, "y_min": 638.39825, "x_max": 433.40884, "y_max": 670.50946, "confidence_score": 0.7171703, "Class": "domestic garbage", "tile_id": "23_29", "filename": "tile_23_29.jpg", "x_offset": 29696, "y_offset": 23552, "width": 1024, "height": 1024, "left": 262539.6728515625, "top": 9864900.8178710938, "pixel_size_x": 0.30517578125, "pixel_size_y": 0.30517578125, "crs": "EPSG:32737", "global_x_min": 262659.20556030271, "global_y_min": 9864705.9941864014, "global_x_max": 262671.93873291014, "global_y_max": 9864696.1946228035 }, "geometry": { "type": "Polygon", "coordinates": [ [ [ 262659.205560302711092, 9864705.994186401367188 ], [ 262671.938732910144608, 9864705.994186401367188 ], [ 262671.938732910144608, 9864696.194622803479433 ], [ 262659.205560302711092, 9864696.194622803479433 ], [ 262659.205560302711092, 9864705.994186401367188 ] ] ] } },
{ "type": "Feature", "properties": { "tile_row": 6, "tile_col": 42, "x_min": 542.4708, "y_min": 672.8479, "x_max": 601.4739, "y_max": 705.82654, "confidence_score": 0.44436035, "Class": "domestic garbage", "tile_id": "6_42", "filename": "tile_6_42.jpg", "x_offset": 43008, "y_offset": 6144, "width": 1024, "height": 1024, "left": 266602.1728515625, "top": 9870213.3178710938, "pixel_size_x": 0.30517578125, "pixel_size_y": 0.30517578125, "crs": "EPSG:32737", "global_x_min": 266767.72180175781, "global_y_min": 9870007.9809875488, "global_x_max": 266785.72811889648, "global_y_max": 9869997.9167053215 }, "geometry": { "type": "Polygon", "coordinates": [ [ [ 266767.7218017578125, 9870007.980987548828125 ], [ 266785.728118896484375, 9870007.980987548828125 ], [ 266785.728118896484375, 9869997.916705321520567 ], [ 266767.7218017578125, 9869997.916705321520567 ], [ 266767.7218017578125, 9870007.980987548828125 ] ] ] } },
{ "type": "Feature", "properties": { "tile_row": 47, "tile_col": 30, "x_min": 750.68225, "y_min": 590.507, "x_max": 833.7119, "y_max": 662.08563, "confidence_score": 0.5484118, "Class": "domestic garbage", "tile_id": "47_30", "filename": "tile_47_30.jpg", "x_offset": 30720, "y_offset": 48128, "width": 1024, "height": 1024, "left": 262852.1728515625, "top": 9857400.8178710938, "pixel_size_x": 0.30517578125, "pixel_size_y": 0.30517578125, "crs": "EPSG:32737", "global_x_min": 263081.26289367676, "global_y_min": 9857220.6094360352, "global_x_max": 263106.60153198242, "global_y_max": 9857198.7653717045 }, "geometry": { "type": "Polygon", "coordinates": [ [ [ 263081.262893676757812, 9857220.60943603515625 ], [ 263106.601531982421875, 9857220.60943603515625 ], [ 263106.601531982421875, 9857198.765371704474092 ], [ 263081.262893676757812, 9857198.765371704474092 ], [ 263081.262893676757812, 9857220.60943603515625 ] ] ] } },
{ "type": "Feature", "properties": { "tile_row": 47, "tile_col": 30, "x_min": 201.53973, "y_min": 173.08284, "x_max": 280.8531, "y_max": 212.65767, "confidence_score": 0.38582242, "Class": "domestic garbage", "tile_id": "47_30", "filename": "tile_47_30.jpg", "x_offset": 30720, "y_offset": 48128, "width": 1024, "height": 1024, "left": 262852.1728515625, "top": 9857400.8178710938, "pixel_size_x": 0.30517578125, "pixel_size_y": 0.30517578125, "crs": "EPSG:32737", "global_x_min": 262913.67789611814, "global_y_min": 9857347.997180175, "global_x_max": 262937.88241577148, "global_y_max": 9857335.9199005123 }, "geometry": { "type": "Polygon", "coordinates": [ [ [ 262913.677896118140779, 9857347.997180175036192 ], [ 262937.882415771484375, 9857347.997180175036192 ], [ 262937.882415771484375, 9857335.919900512322783 ], [ 262913.677896118140779, 9857335.919900512322783 ], [ 262913.677896118140779, 9857347.997180175036192 ] ] ] } },
{ "type": "Feature", "properties": { "tile_row": 77, "tile_col": 32, "x_min": 528.33124, "y_min": 710.4971, "x_max": 602.0079, "y_max": 827.79065, "confidence_score": 0.68076307, "Class": "domestic garbage", "tile_id": "77_32", "filename": "tile_77_32.jpg", "x_offset": 32768, "y_offset": 78848, "width": 1024, "height": 1024, "left": 263477.1728515625, "top": 9848025.8178710938, "pixel_size_x": 0.30517578125, "pixel_size_y": 0.30517578125, "crs": "EPSG:32737", "global_x_min": 263638.40675048827, "global_y_min": 9847808.9913635254, "global_x_max": 263660.89108276367, "global_y_max": 9847773.1962127686 }, "geometry": { "type": "Polygon", "coordinates": [ [ [ 263638.406750488269608, 9847808.991363525390625 ], [ 263660.891082763671875, 9847808.991363525390625 ], [ 263660.891082763671875, 9847773.196212768554688 ], [ 263638.406750488269608, 9847773.196212768554688 ], [ 263638.406750488269608, 9847808.991363525390625 ] ] ] } },
{ "type": "Feature", "properties": { "tile_row": 25, "tile_col": 19, "x_min": 366.65543, "y_min": 544.8743, "x_max": 420.99893, "y_max": 607.14777, "confidence_score": 0.8569586, "Class": "domestic garbage", "tile_id": "25_19", "filename": "tile_25_19.jpg", "x_offset": 19456, "y_offset": 25600, "width": 1024, "height": 1024, "left": 259414.6728515625, "top": 9864275.8178710938, "pixel_size_x": 0.30517578125, "pixel_size_y": 0.30517578125, "crs": "EPSG:32737", "global_x_min": 259526.56720886231, "global_y_min": 9864109.5354309082, "global_x_max": 259543.15152893067, "global_y_max": 9864090.5310760494 }, "geometry": { "type": "Polygon", "coordinates": [ [ [ 259526.567208862310508, 9864109.535430908203125 ], [ 259543.151528930669883, 9864109.535430908203125 ], [ 259543.151528930669883, 9864090.531076049432158 ], [ 259526.567208862310508, 9864090.531076049432158 ], [ 259526.567208862310508, 9864109.535430908203125 ] ] ] } },
{ "type": "Feature", "properties": { "tile_row": 57, "tile_col": 7, "x_min": 620.8591, "y_min": 330.29938, "x_max": 705.00275, "y_max": 488.32062, "confidence_score": 0.4297642, "Class": "domestic garbage", "tile_id": "57_7", "filename": "tile_57_7.jpg", "x_offset": 7168, "y_offset": 58368, "width": 1024, "height": 1024, "left": 255664.6728515625, "top": 9854275.8178710938, "pixel_size_x": 0.30517578125, "pixel_size_y": 0.30517578125, "crs": "EPSG:32737", "global_x_min": 255854.14401245117, "global_y_min": 9854175.0184997562, "global_x_max": 255879.82261657715, "global_y_max": 9854126.7942443844 }, "geometry": { "type": "Polygon", "coordinates": [ [ [ 255854.144012451171875, 9854175.018499756231904 ], [ 255879.822616577148438, 9854175.018499756231904 ], [ 255879.822616577148438, 9854126.794244384393096 ], [ 255854.144012451171875, 9854126.794244384393096 ], [ 255854.144012451171875, 9854175.018499756231904 ] ] ] } },
{ "type": "Feature", "properties": { "tile_row": 63, "tile_col": 5, "x_min": 653.6098, "y_min": 67.78679, "x_max": 714.221, "y_max": 125.329666, "confidence_score": 0.5295468, "Class": "domestic garbage", "tile_id": "63_5", "filename": "tile_63_5.jpg", "x_offset": 5120, "y_offset": 64512, "width": 1024, "height": 1024, "left": 255039.6728515625, "top": 9852400.8178710938, "pixel_size_x": 0.30517578125, "pixel_size_y": 0.30517578125, "crs": "EPSG:32737", "global_x_min": 255239.13873291016, "global_y_min": 9852380.1309844963, "global_x_max": 255257.63580322266, "global_y_max": 9852362.5702923592 }, "geometry": { "type": "Polygon", "coordinates": [ [ [ 255239.13873291015625, 9852380.130984496325254 ], [ 255257.63580322265625, 9852380.130984496325254 ], [ 255257.63580322265625, 9852362.570292359218001 ], [ 255239.13873291015625, 9852362.570292359218001 ], [ 255239.13873291015625, 9852380.130984496325254 ] ] ] } },
{ "type": "Feature", "properties": { "tile_row": 4, "tile_col": 14, "x_min": 770.2415, "y_min": 600.4439, "x_max": 811.8431, "y_max": 646.10455, "confidence_score": 0.63904715, "Class": "domestic garbage", "tile_id": "4_14", "filename": "tile_4_14.jpg", "x_offset": 14336, "y_offset": 4096, "width": 1024, "height": 1024, "left": 257852.1728515625, "top": 9870838.3178710938, "pixel_size_x": 0.30517578125, "pixel_size_y": 0.30517578125, "crs": "EPSG:32737", "global_x_min": 258087.23190307617, "global_y_min": 9870655.0769348145, "global_x_max": 258099.92770385742, "global_y_max": 9870641.1424102783 }, "geometry": { "type": "Polygon", "coordinates": [ [ [ 258087.231903076171875, 9870655.076934814453125 ], [ 258099.927703857421875, 9870655.076934814453125 ], [ 258099.927703857421875, 9870641.142410278320312 ], [ 258087.231903076171875, 9870641.142410278320312 ], [ 258087.231903076171875, 9870655.076934814453125 ] ] ] } },
{ "type": "Feature", "properties": { "tile_row": 55, "tile_col": 41, "x_min": 313.41946, "y_min": 585.6937, "x_max": 352.26328, "y_max": 618.1022, "confidence_score": 0.34204024, "Class": "domestic garbage", "tile_id": "55_41", "filename": "tile_55_41.jpg", "x_offset": 41984, "y_offset": 56320, "width": 1024, "height": 1024, "left": 266289.6728515625, "top": 9854900.8178710938, "pixel_size_x": 0.30517578125, "pixel_size_y": 0.30517578125, "crs": "EPSG:32737", "global_x_min": 266385.32088012696, "global_y_min": 9854722.078338623, "global_x_max": 266397.17507324216, "global_y_max": 9854712.1880493164 }, "geometry": { "type": "Polygon", "coordinates": [ [ [ 266385.320880126964767, 9854722.078338623046875 ], [ 266397.175073242164217, 9854722.078338623046875 ], [ 266397.175073242164217, 9854712.18804931640625 ], [ 266385.320880126964767, 9854712.18804931640625 ], [ 266385.320880126964767, 9854722.078338623046875 ] ] ] } },
{ "type": "Feature", "properties": { "tile_row": 8, "tile_col": 40, "x_min": 603.6547, "y_min": 695.84485, "x_max": 689.38324, "y_max": 743.97095, "confidence_score": 0.7216983, "Class": "domestic garbage", "tile_id": "8_40", "filename": "tile_8_40.jpg", "x_offset": 40960, "y_offset": 8192, "width": 1024, "height": 1024, "left": 265977.1728515625, "top": 9869588.3178710938, "pixel_size_x": 0.30517578125, "pixel_size_y": 0.30517578125, "crs": "EPSG:32737", "global_x_min": 266161.39364624023, "global_y_min": 9869375.9628753662, "global_x_max": 266187.55592041014, "global_y_max": 9869361.2759552002 }, "geometry": { "type": "Polygon", "coordinates": [ [ [ 266161.393646240234375, 9869375.962875366210938 ], [ 266187.555920410144608, 9869375.962875366210938 ], [ 266187.555920410144608, 9869361.275955200195312 ], [ 266161.393646240234375, 9869361.275955200195312 ], [ 266161.393646240234375, 9869375.962875366210938 ] ] ] } },
{ "type": "Feature", "properties": { "tile_row": 1, "tile_col": 29, "x_min": 447.9264, "y_min": 102.72102, "x_max": 512.4456, "y_max": 141.2762, "confidence_score": 0.32257387, "Class": "domestic garbage", "tile_id": "1_29", "filename": "tile_1_29.jpg", "x_offset": 29696, "y_offset": 1024, "width": 1024, "height": 1024, "left": 262539.6728515625, "top": 9871775.8178710938, "pixel_size_x": 0.30517578125, "pixel_size_y": 0.30517578125, "crs": "EPSG:32737", "global_x_min": 262676.369140625, "global_y_min": 9871744.4699035641, "global_x_max": 262696.05883789062, "global_y_max": 9871732.7037963867 }, "geometry": { "type": "Polygon", "coordinates": [ [ [ 262676.369140625, 9871744.469903564080596 ], [ 262696.058837890625, 9871744.469903564080596 ], [ 262696.058837890625, 9871732.70379638671875 ], [ 262676.369140625, 9871732.70379638671875 ], [ 262676.369140625, 9871744.469903564080596 ] ] ] } },
{ "type": "Feature", "properties": { "tile_row": 39, "tile_col": 10, "x_min": 787.97015, "y_min": 251.1012, "x_max": 829.91705, "y_max": 290.01123, "confidence_score": 0.751099, "Class": "domestic garbage", "tile_id": "39_10", "filename": "tile_39_10.jpg", "x_offset": 10240, "y_offset": 39936, "width": 1024, "height": 1024, "left": 256602.1728515625, "top": 9859900.8178710938, "pixel_size_x": 0.30517578125, "pixel_size_y": 0.30517578125, "crs": "EPSG:32737", "global_x_min": 256842.64225769043, "global_y_min": 9859824.1878662109, "global_x_max": 256855.44343566895, "global_y_max": 9859812.3134674076 }, "geometry": { "type": "Polygon", "coordinates": [ [ [ 256842.642257690429688, 9859824.1878662109375 ], [ 256855.443435668945312, 9859824.1878662109375 ], [ 256855.443435668945312, 9859812.313467407599092 ], [ 256842.642257690429688, 9859812.313467407599092 ], [ 256842.642257690429688, 9859824.1878662109375 ] ] ] } },
{ "type": "Feature", "properties": { "tile_row": 39, "tile_col": 10, "x_min": 687.28064, "y_min": 229.85686, "x_max": 736.84375, "y_max": 301.18372, "confidence_score": 0.5402316, "Class": "domestic garbage", "tile_id": "39_10", "filename": "tile_39_10.jpg", "x_offset": 10240, "y_offset": 39936, "width": 1024, "height": 1024, "left": 256602.1728515625, "top": 9859900.8178710938, "pixel_size_x": 0.30517578125, "pixel_size_y": 0.30517578125, "crs": "EPSG:32737", "global_x_min": 256811.91425781249, "global_y_min": 9859830.6711242683, "global_x_max": 256827.03971862793, "global_y_max": 9859808.9038940426 }, "geometry": { "type": "Polygon", "coordinates": [ [ [ 256811.914257812488358, 9859830.671124268323183 ], [ 256827.039718627929688, 9859830.671124268323183 ], [ 256827.039718627929688, 9859808.903894042596221 ], [ 256811.914257812488358, 9859808.903894042596221 ], [ 256811.914257812488358, 9859830.671124268323183 ] ] ] } },
{ "type": "Feature", "properties": { "tile_row": 40, "tile_col": 35, "x_min": 767.0863, "y_min": 688.8771, "x_max": 804.79724, "y_max": 722.44885, "confidence_score": 0.57851434, "Class": "domestic garbage", "tile_id": "40_35", "filename": "tile_40_35.jpg", "x_offset": 35840, "y_offset": 40960, "width": 1024, "height": 1024, "left": 264414.6728515625, "top": 9859588.3178710938, "pixel_size_x": 0.30517578125, "pixel_size_y": 0.30517578125, "crs": "EPSG:32737", "global_x_min": 264648.76901245117, "global_y_min": 9859378.089263916, "global_x_max": 264660.27747802733, "global_y_max": 9859367.8439788818 }, "geometry": { "type": "Polygon", "coordinates": [ [ [ 264648.769012451171875, 9859378.089263916015625 ], [ 264660.277478027332108, 9859378.089263916015625 ], [ 264660.277478027332108, 9859367.843978881835938 ], [ 264648.769012451171875, 9859367.843978881835938 ], [ 264648.769012451171875, 9859378.089263916015625 ] ] ] } },
{ "type": "Feature", "properties": { "tile_row": 75, "tile_col": 0, "x_min": 813.88837, "y_min": 269.12283, "x_max": 893.3665, "y_max": 340.6013, "confidence_score": 0.75816685, "Class": "domestic garbage", "tile_id": "75_0", "filename": "tile_75_0.jpg", "x_offset": 0, "y_offset": 76800, "width": 1024, "height": 1024, "left": 253477.1728515625, "top": 9848650.8178710938, "pixel_size_x": 0.30517578125, "pixel_size_y": 0.30517578125, "crs": "EPSG:32737", "global_x_min": 253725.55187072753, "global_y_min": 9848568.6881011967, "global_x_max": 253749.80667114258, "global_y_max": 9848546.8746032715 }, "geometry": { "type": "Polygon", "coordinates": [ [ [ 253725.551870727533242, 9848568.688101196661592 ], [ 253749.806671142578125, 9848568.688101196661592 ], [ 253749.806671142578125, 9848546.874603271484375 ], [ 253725.551870727533242, 9848546.874603271484375 ], [ 253725.551870727533242, 9848568.688101196661592 ] ] ] } },
{ "type": "Feature", "properties": { "tile_row": 42, "tile_col": 35, "x_min": 565.031, "y_min": 322.3782, "x_max": 629.3257, "y_max": 379.89297, "confidence_score": 0.6035087, "Class": "domestic garbage", "tile_id": "42_35", "filename": "tile_42_35.jpg", "x_offset": 35840, "y_offset": 43008, "width": 1024, "height": 1024, "left": 264414.6728515625, "top": 9858963.3178710938, "pixel_size_x": 0.30517578125, "pixel_size_y": 0.30517578125, "crs": "EPSG:32737", "global_x_min": 264587.10662841797, "global_y_min": 9858864.9358520508, "global_x_max": 264606.7278137207, "global_y_max": 9858847.3837371822 }, "geometry": { "type": "Polygon", "coordinates": [ [ [ 264587.10662841796875, 9858864.93585205078125 ], [ 264606.727813720703125, 9858864.93585205078125 ], [ 264606.727813720703125, 9858847.383737182244658 ], [ 264587.10662841796875, 9858847.383737182244658 ], [ 264587.10662841796875, 9858864.93585205078125 ] ] ] } },
{ "type": "Feature", "properties": { "tile_row": 42, "tile_col": 30, "x_min": 256.50894, "y_min": 549.21857, "x_max": 312.25156, "y_max": 643.4975, "confidence_score": 0.4532744, "Class": "domestic garbage", "tile_id": "42_30", "filename": "tile_42_30.jpg", "x_offset": 30720, "y_offset": 43008, "width": 1024, "height": 1024, "left": 262852.1728515625, "top": 9858963.3178710938, "pixel_size_x": 0.30517578125, "pixel_size_y": 0.30517578125, "crs": "EPSG:32737", "global_x_min": 262930.4531677246, "global_y_min": 9858795.7096649166, "global_x_max": 262947.46446533204, "global_y_max": 9858766.9380187988 }, "geometry": { "type": "Polygon", "coordinates": [ [ [ 262930.453167724597733, 9858795.709664916619658 ], [ 262947.464465332042892, 9858795.709664916619658 ], [ 262947.464465332042892, 9858766.938018798828125 ], [ 262930.453167724597733, 9858766.938018798828125 ], [ 262930.453167724597733, 9858795.709664916619658 ] ] ] } },
{ "type": "Feature", "properties": { "tile_row": 18, "tile_col": 40, "x_min": 323.63608, "y_min": 679.75244, "x_max": 374.45206, "y_max": 734.03296, "confidence_score": 0.66364, "Class": "domestic garbage", "tile_id": "18_40", "filename": "tile_18_40.jpg", "x_offset": 40960, "y_offset": 18432, "width": 1024, "height": 1024, "left": 265977.1728515625, "top": 9866463.3178710938, "pixel_size_x": 0.30517578125, "pixel_size_y": 0.30517578125, "crs": "EPSG:32737", "global_x_min": 266075.93874511716, "global_y_min": 9866255.8738891594, "global_x_max": 266091.44655151368, "global_y_max": 9866239.3087890632 }, "geometry": { "type": "Polygon", "coordinates": [ [ [ 266075.938745117164217, 9866255.873889159411192 ], [ 266091.446551513683517, 9866255.873889159411192 ], [ 266091.446551513683517, 9866239.308789063245058 ], [ 266075.938745117164217, 9866239.308789063245058 ], [ 266075.938745117164217, 9866255.873889159411192 ] ] ] } },
{ "type": "Feature", "properties": { "tile_row": 11, "tile_col": 41, "x_min": 151.12953, "y_min": 358.07132, "x_max": 194.73497, "y_max": 422.0325, "confidence_score": 0.54927564, "Class": "domestic garbage", "tile_id": "11_41", "filename": "tile_11_41.jpg", "x_offset": 41984, "y_offset": 11264, "width": 1024, "height": 1024, "left": 266289.6728515625, "top": 9868650.8178710938, "pixel_size_x": 0.30517578125, "pixel_size_y": 0.30517578125, "crs": "EPSG:32737", "global_x_min": 266335.79392395017, "global_y_min": 9868541.5431762692, "global_x_max": 266349.10124816897, "global_y_max": 9868522.0237731934 }, "geometry": { "type": "Polygon", "coordinates": [ [ [ 266335.793923950172029, 9868541.543176269158721 ], [ 266349.101248168968596, 9868541.543176269158721 ], [ 266349.101248168968596, 9868522.023773193359375 ], [ 266335.793923950172029, 9868522.023773193359375 ], [ 266335.793923950172029, 9868541.543176269158721 ] ] ] } },
{ "type": "Feature", "properties": { "tile_row": 34, "tile_col": 9, "x_min": 718.44086, "y_min": 853.8481, "x_max": 763.03595, "y_max": 916.3829, "confidence_score": 0.3549533, "Class": "domestic garbage", "tile_id": "34_9", "filename": "tile_34_9.jpg", "x_offset": 9216, "y_offset": 34816, "width": 1024, "height": 1024, "left": 256289.6728515625, "top": 9861463.3178710938, "pixel_size_x": 0.30517578125, "pixel_size_y": 0.30517578125, "crs": "EPSG:32737", "global_x_min": 256508.92360229493, "global_y_min": 9861202.7441101074, "global_x_max": 256522.53294372559, "global_y_max": 9861183.6600036621 }, "geometry": { "type": "Polygon", "coordinates": [ [ [ 256508.923602294933517, 9861202.744110107421875 ], [ 256522.532943725585938, 9861202.744110107421875 ], [ 256522.532943725585938, 9861183.660003662109375 ], [ 256508.923602294933517, 9861183.660003662109375 ], [ 256508.923602294933517, 9861202.744110107421875 ] ] ] } },
{ "type": "Feature", "properties": { "tile_row": 41, "tile_col": 31, "x_min": 275.43088, "y_min": 642.31934, "x_max": 315.27902, "y_max": 670.5939, "confidence_score": 0.33486623, "Class": "domestic garbage", "tile_id": "41_31", "filename": "tile_41_31.jpg", "x_offset": 31744, "y_offset": 41984, "width": 1024, "height": 1024, "left": 263164.6728515625, "top": 9859275.8178710938, "pixel_size_x": 0.30517578125, "pixel_size_y": 0.30517578125, "crs": "EPSG:32737", "global_x_min": 263248.72768554685, "global_y_min": 9859079.7975646965, "global_x_max": 263260.88837280276, "global_y_max": 9859071.1688537598 }, "geometry": { "type": "Polygon", "coordinates": [ [ [ 263248.727685546851717, 9859079.797564696520567 ], [ 263260.888372802757658, 9859079.797564696520567 ], [ 263260.888372802757658, 9859071.168853759765625 ], [ 263248.727685546851717, 9859071.168853759765625 ], [ 263248.727685546851717, 9859079.797564696520567 ] ] ] } },
{ "type": "Feature", "properties": { "tile_row": 41, "tile_col": 16, "x_min": 457.34534, "y_min": 111.9958, "x_max": 491.04224, "y_max": 152.48656, "confidence_score": 0.6112279, "Class": "domestic garbage", "tile_id": "41_16", "filename": "tile_41_16.jpg", "x_offset": 16384, "y_offset": 41984, "width": 1024, "height": 1024, "left": 258477.1728515625, "top": 9859275.8178710938, "pixel_size_x": 0.30517578125, "pixel_size_y": 0.30517578125, "crs": "EPSG:32737", "global_x_min": 258616.74357299804, "global_y_min": 9859241.639465332, "global_x_max": 258627.02705078124, "global_y_max": 9859229.2826660164 }, "geometry": { "type": "Polygon", "coordinates": [ [ [ 258616.743572998035233, 9859241.63946533203125 ], [ 258627.027050781238358, 9859241.63946533203125 ], [ 258627.027050781238358, 9859229.282666016370058 ], [ 258616.743572998035233, 9859229.282666016370058 ], [ 258616.743572998035233, 9859241.63946533203125 ] ] ] } },
{ "type": "Feature", "properties": { "tile_row": 74, "tile_col": 0, "x_min": 459.8692, "y_min": 576.1901, "x_max": 541.57697, "y_max": 670.43915, "confidence_score": 0.6850757, "Class": "domestic garbage", "tile_id": "74_0", "filename": "tile_74_0.jpg", "x_offset": 0, "y_offset": 75776, "width": 1024, "height": 1024, "left": 253477.1728515625, "top": 9848963.3178710938, "pixel_size_x": 0.30517578125, "pixel_size_y": 0.30517578125, "crs": "EPSG:32737", "global_x_min": 253617.51379394531, "global_y_min": 9848787.4786071777, "global_x_max": 253642.44902648925, "global_y_max": 9848758.7160797119 }, "geometry": { "type": "Polygon", "coordinates": [ [ [ 253617.5137939453125, 9848787.478607177734375 ], [ 253642.449026489251992, 9848787.478607177734375 ], [ 253642.449026489251992, 9848758.716079711914062 ], [ 253617.5137939453125, 9848758.716079711914062 ], [ 253617.5137939453125, 9848787.478607177734375 ] ] ] } },
{ "type": "Feature", "properties": { "tile_row": 14, "tile_col": 22, "x_min": 675.9983, "y_min": 265.702, "x_max": 719.4879, "y_max": 307.48587, "confidence_score": 0.51466256, "Class": "domestic garbage", "tile_id": "14_22", "filename": "tile_14_22.jpg", "x_offset": 22528, "y_offset": 14336, "width": 1024, "height": 1024, "left": 260352.1728515625, "top": 9867713.3178710938, "pixel_size_x": 0.30517578125, "pixel_size_y": 0.30517578125, "crs": "EPSG:32737", "global_x_min": 260558.47116088867, "global_y_min": 9867632.2320556641, "global_x_max": 260571.74313354492, "global_y_max": 9867619.4806304928 }, "geometry": { "type": "Polygon", "coordinates": [ [ [ 260558.471160888671875, 9867632.2320556640625 ], [ 260571.743133544921875, 9867632.2320556640625 ], [ 260571.743133544921875, 9867619.480630492791533 ], [ 260558.471160888671875, 9867619.480630492791533 ], [ 260558.471160888671875, 9867632.2320556640625 ] ] ] } },
{ "type": "Feature", "properties": { "tile_row": 36, "tile_col": 26, "x_min": 531.356, "y_min": 268.30017, "x_max": 580.4664, "y_max": 329.5694, "confidence_score": 0.9053741, "Class": "domestic garbage", "tile_id": "36_26", "filename": "tile_36_26.jpg", "x_offset": 26624, "y_offset": 36864, "width": 1024, "height": 1024, "left": 261602.1728515625, "top": 9860838.3178710938, "pixel_size_x": 0.30517578125, "pixel_size_y": 0.30517578125, "crs": "EPSG:32737", "global_x_min": 261764.32983398438, "global_y_min": 9860756.4391571041, "global_x_max": 261779.31713867188, "global_y_max": 9860737.7412719727 }, "geometry": { "type": "Polygon", "coordinates": [ [ [ 261764.329833984375, 9860756.439157104119658 ], [ 261779.317138671875, 9860756.439157104119658 ], [ 261779.317138671875, 9860737.74127197265625 ], [ 261764.329833984375, 9860737.74127197265625 ], [ 261764.329833984375, 9860756.439157104119658 ] ] ] } },
{ "type": "Feature", "properties": { "tile_row": 36, "tile_col": 26, "x_min": 586.3622, "y_min": 477.47247, "x_max": 642.9496, "y_max": 510.1615, "confidence_score": 0.6916186, "Class": "domestic garbage", "tile_id": "36_26", "filename": "tile_36_26.jpg", "x_offset": 26624, "y_offset": 36864, "width": 1024, "height": 1024, "left": 261602.1728515625, "top": 9860838.3178710938, "pixel_size_x": 0.30517578125, "pixel_size_y": 0.30517578125, "crs": "EPSG:32737", "global_x_min": 261781.11639404297, "global_y_min": 9860692.6048370358, "global_x_max": 261798.38549804688, "global_y_max": 9860682.6289367676 }, "geometry": { "type": "Polygon", "coordinates": [ [ [ 261781.11639404296875, 9860692.604837035760283 ], [ 261798.385498046875, 9860692.604837035760283 ], [ 261798.385498046875, 9860682.628936767578125 ], [ 261781.11639404296875, 9860682.628936767578125 ], [ 261781.11639404296875, 9860692.604837035760283 ] ] ] } },
{ "type": "Feature", "properties": { "tile_row": 46, "tile_col": 6, "x_min": 645.83594, "y_min": 823.1819, "x_max": 719.5123, "y_max": 869.8021, "confidence_score": 0.3309222, "Class": "domestic garbage", "tile_id": "46_6", "filename": "tile_46_6.jpg", "x_offset": 6144, "y_offset": 47104, "width": 1024, "height": 1024, "left": 255352.1728515625, "top": 9857713.3178710938, "pixel_size_x": 0.30517578125, "pixel_size_y": 0.30517578125, "crs": "EPSG:32737", "global_x_min": 255549.26633911132, "global_y_min": 9857462.1026916504, "global_x_max": 255571.75057983398, "global_y_max": 9857447.8753356934 }, "geometry": { "type": "Polygon", "coordinates": [ [ [ 255549.266339111316483, 9857462.102691650390625 ], [ 255571.750579833984375, 9857462.102691650390625 ], [ 255571.750579833984375, 9857447.875335693359375 ], [ 255549.266339111316483, 9857447.875335693359375 ], [ 255549.266339111316483, 9857462.102691650390625 ] ] ] } },
{ "type": "Feature", "properties": { "tile_row": 43, "tile_col": 14, "x_min": 506.26868, "y_min": 153.4431, "x_max": 568.66675, "y_max": 197.11198, "confidence_score": 0.3210199, "Class": "domestic garbage", "tile_id": "43_14", "filename": "tile_43_14.jpg", "x_offset": 14336, "y_offset": 44032, "width": 1024, "height": 1024, "left": 257852.1728515625, "top": 9858650.8178710938, "pixel_size_x": 0.30517578125, "pixel_size_y": 0.30517578125, "crs": "EPSG:32737", "global_x_min": 258006.67379150391, "global_y_min": 9858603.9907531738, "global_x_max": 258025.71617126465, "global_y_max": 9858590.6640686039 }, "geometry": { "type": "Polygon", "coordinates": [ [ [ 258006.673791503912071, 9858603.990753173828125 ], [ 258025.716171264648438, 9858603.990753173828125 ], [ 258025.716171264648438, 9858590.664068603888154 ], [ 258006.673791503912071, 9858590.664068603888154 ], [ 258006.673791503912071, 9858603.990753173828125 ] ] ] } },
{ "type": "Feature", "properties": { "tile_row": 55, "tile_col": 7, "x_min": 604.19806, "y_min": 599.39667, "x_max": 665.7941, "y_max": 639.8403, "confidence_score": 0.45693624, "Class": "domestic garbage", "tile_id": "55_7", "filename": "tile_55_7.jpg", "x_offset": 7168, "y_offset": 56320, "width": 1024, "height": 1024, "left": 255664.6728515625, "top": 9854900.8178710938, "pixel_size_x": 0.30517578125, "pixel_size_y": 0.30517578125, "crs": "EPSG:32737", "global_x_min": 255849.05946655275, "global_y_min": 9854717.8965240475, "global_x_max": 255867.85708618164, "global_y_max": 9854705.554107666 }, "geometry": { "type": "Polygon", "coordinates": [ [ [ 255849.059466552746017, 9854717.896524047479033 ], [ 255867.857086181640625, 9854717.896524047479033 ], [ 255867.857086181640625, 9854705.554107666015625 ], [ 255849.059466552746017, 9854705.554107666015625 ], [ 255849.059466552746017, 9854717.896524047479033 ] ] ] } },
{ "type": "Feature", "properties": { "tile_row": 18, "tile_col": 41, "x_min": 546.9071, "y_min": 172.62283, "x_max": 596.31494, "y_max": 227.1199, "confidence_score": 0.81178313, "Class": "domestic garbage", "tile_id": "18_41", "filename": "tile_18_41.jpg", "x_offset": 41984, "y_offset": 18432, "width": 1024, "height": 1024, "left": 266289.6728515625, "top": 9866463.3178710938, "pixel_size_x": 0.30517578125, "pixel_size_y": 0.30517578125, "crs": "EPSG:32737", "global_x_min": 266456.57565307617, "global_y_min": 9866410.6375640873, "global_x_max": 266471.65372924804, "global_y_max": 9866394.0063781738 }, "geometry": { "type": "Polygon", "coordinates": [ [ [ 266456.575653076171875, 9866410.637564087286592 ], [ 266471.653729248035233, 9866410.637564087286592 ], [ 266471.653729248035233, 9866394.006378173828125 ], [ 266456.575653076171875, 9866394.006378173828125 ], [ 266456.575653076171875, 9866410.637564087286592 ] ] ] } },
{ "type": "Feature", "properties": { "tile_row": 18, "tile_col": 41, "x_min": 474.53555, "y_min": 570.3521, "x_max": 515.9396, "y_max": 646.5971, "confidence_score": 0.32103702, "Class": "domestic garbage", "tile_id": "18_41", "filename": "tile_18_41.jpg", "x_offset": 41984, "y_offset": 18432, "width": 1024, "height": 1024, "left": 266289.6728515625, "top": 9866463.3178710938, "pixel_size_x": 0.30517578125, "pixel_size_y": 0.30517578125, "crs": "EPSG:32737", "global_x_min": 266434.48960876465, "global_y_min": 9866289.2602233887, "global_x_max": 266447.12512207031, "global_y_max": 9866265.9920959473 }, "geometry": { "type": "Polygon", "coordinates": [ [ [ 266434.489608764648438, 9866289.260223388671875 ], [ 266447.1251220703125, 9866289.260223388671875 ], [ 266447.1251220703125, 9866265.992095947265625 ], [ 266434.489608764648438, 9866265.992095947265625 ], [ 266434.489608764648438, 9866289.260223388671875 ] ] ] } },
{ "type": "Feature", "properties": { "tile_row": 61, "tile_col": 33, "x_min": 158.5003, "y_min": 725.5514, "x_max": 202.61456, "y_max": 795.53345, "confidence_score": 0.6259227, "Class": "domestic garbage", "tile_id": "61_33", "filename": "tile_61_33.jpg", "x_offset": 33792, "y_offset": 62464, "width": 1024, "height": 1024, "left": 263789.6728515625, "top": 9853025.8178710938, "pixel_size_x": 0.30517578125, "pixel_size_y": 0.30517578125, "crs": "EPSG:32737", "global_x_min": 263838.04330444336, "global_y_min": 9852804.3971557617, "global_x_max": 263851.50590820314, "global_y_max": 9852783.0403289795 }, "geometry": { "type": "Polygon", "coordinates": [ [ [ 263838.043304443359375, 9852804.39715576171875 ], [ 263851.505908203136642, 9852804.39715576171875 ], [ 263851.505908203136642, 9852783.040328979492188 ], [ 263838.043304443359375, 9852783.040328979492188 ], [ 263838.043304443359375, 9852804.39715576171875 ] ] ] } },
{ "type": "Feature", "properties": { "tile_row": 27, "tile_col": 15, "x_min": 477.855, "y_min": 275.75745, "x_max": 529.1077, "y_max": 326.0385, "confidence_score": 0.7038611, "Class": "domestic garbage", "tile_id": "27_15", "filename": "tile_27_15.jpg", "x_offset": 15360, "y_offset": 27648, "width": 1024, "height": 1024, "left": 258164.6728515625, "top": 9863650.8178710938, "pixel_size_x": 0.30517578125, "pixel_size_y": 0.30517578125, "crs": "EPSG:32737", "global_x_min": 258310.50262451172, "global_y_min": 9863566.6633758545, "global_x_max": 258326.14370727539, "global_y_max": 9863551.3188171387 }, "geometry": { "type": "Polygon", "coordinates": [ [ [ 258310.50262451171875, 9863566.663375854492188 ], [ 258326.143707275390625, 9863566.663375854492188 ], [ 258326.143707275390625, 9863551.318817138671875 ], [ 258310.50262451171875, 9863551.318817138671875 ], [ 258310.50262451171875, 9863566.663375854492188 ] ] ] } },
{ "type": "Feature", "properties": { "tile_row": 21, "tile_col": 25, "x_min": 777.0236, "y_min": 755.5014, "x_max": 834.2493, "y_max": 796.5644, "confidence_score": 0.6775455, "Class": "domestic garbage", "tile_id": "21_25", "filename": "tile_21_25.jpg", "x_offset": 25600, "y_offset": 21504, "width": 1024, "height": 1024, "left": 261289.6728515625, "top": 9865525.8178710938, "pixel_size_x": 0.30517578125, "pixel_size_y": 0.30517578125, "crs": "EPSG:32737", "global_x_min": 261526.80163574219, "global_y_min": 9865295.2571411133, "global_x_max": 261544.26553344727, "global_y_max": 9865282.7257080078 }, "geometry": { "type": "Polygon", "coordinates": [ [ [ 261526.8016357421875, 9865295.25714111328125 ], [ 261544.265533447265625, 9865295.25714111328125 ], [ 261544.265533447265625, 9865282.7257080078125 ], [ 261526.8016357421875, 9865282.7257080078125 ], [ 261526.8016357421875, 9865295.25714111328125 ] ] ] } },
{ "type": "Feature", "properties": { "tile_row": 50, "tile_col": 6, "x_min": 696.80164, "y_min": 768.3144, "x_max": 736.5438, "y_max": 798.9443, "confidence_score": 0.42600837, "Class": "domestic garbage", "tile_id": "50_6", "filename": "tile_50_6.jpg", "x_offset": 6144, "y_offset": 51200, "width": 1024, "height": 1024, "left": 255352.1728515625, "top": 9856463.3178710938, "pixel_size_x": 0.30517578125, "pixel_size_y": 0.30517578125, "crs": "EPSG:32737", "global_x_min": 255564.81983642577, "global_y_min": 9856228.8469238281, "global_x_max": 255576.94818115234, "global_y_max": 9856219.499420166 }, "geometry": { "type": "Polygon", "coordinates": [ [ [ 255564.819836425769608, 9856228.846923828125 ], [ 255576.94818115234375, 9856228.846923828125 ], [ 255576.94818115234375, 9856219.499420166015625 ], [ 255564.819836425769608, 9856219.499420166015625 ], [ 255564.819836425769608, 9856228.846923828125 ] ] ] } },
{ "type": "Feature", "properties": { "tile_row": 38, "tile_col": 10, "x_min": 598.4997, "y_min": 688.7813, "x_max": 639.62506, "y_max": 777.11285, "confidence_score": 0.5568044, "Class": "domestic garbage", "tile_id": "38_10", "filename": "tile_38_10.jpg", "x_offset": 10240, "y_offset": 38912, "width": 1024, "height": 1024, "left": 256602.1728515625, "top": 9860213.3178710938, "pixel_size_x": 0.30517578125, "pixel_size_y": 0.30517578125, "crs": "EPSG:32737", "global_x_min": 256784.82046508789, "global_y_min": 9860003.1184997559, "global_x_max": 256797.37092895509, "global_y_max": 9859976.1618499756 }, "geometry": { "type": "Polygon", "coordinates": [ [ [ 256784.820465087890625, 9860003.118499755859375 ], [ 256797.370928955089767, 9860003.118499755859375 ], [ 256797.370928955089767, 9859976.161849975585938 ], [ 256784.820465087890625, 9859976.161849975585938 ], [ 256784.820465087890625, 9860003.118499755859375 ] ] ] } },
{ "type": "Feature", "properties": { "tile_row": 44, "tile_col": 37, "x_min": 687.1835, "y_min": 604.4097, "x_max": 734.43884, "y_max": 639.42645, "confidence_score": 0.9124581, "Class": "domestic garbage", "tile_id": "44_37", "filename": "tile_44_37.jpg", "x_offset": 37888, "y_offset": 45056, "width": 1024, "height": 1024, "left": 265039.6728515625, "top": 9858338.3178710938, "pixel_size_x": 0.30517578125, "pixel_size_y": 0.30517578125, "crs": "EPSG:32737", "global_x_min": 265249.38461303711, "global_y_min": 9858153.8666687012, "global_x_max": 265263.80579833983, "global_y_max": 9858143.1804046631 }, "geometry": { "type": "Polygon", "coordinates": [ [ [ 265249.384613037109375, 9858153.866668701171875 ], [ 265263.805798339832108, 9858153.866668701171875 ], [ 265263.805798339832108, 9858143.180404663085938 ], [ 265249.384613037109375, 9858143.180404663085938 ], [ 265249.384613037109375, 9858153.866668701171875 ] ] ] } },
{ "type": "Feature", "properties": { "tile_row": 44, "tile_col": 37, "x_min": 292.16455, "y_min": 535.78094, "x_max": 322.8883, "y_max": 573.95233, "confidence_score": 0.8217869, "Class": "domestic garbage", "tile_id": "44_37", "filename": "tile_44_37.jpg", "x_offset": 37888, "y_offset": 45056, "width": 1024, "height": 1024, "left": 265039.6728515625, "top": 9858338.3178710938, "pixel_size_x": 0.30517578125, "pixel_size_y": 0.30517578125, "crs": "EPSG:32737", "global_x_min": 265128.8343963623, "global_y_min": 9858174.8105041496, "global_x_max": 265138.21054077148, "global_y_max": 9858163.1615203861 }, "geometry": { "type": "Polygon", "coordinates": [ [ [ 265128.834396362304688, 9858174.810504149645567 ], [ 265138.210540771484375, 9858174.810504149645567 ], [ 265138.210540771484375, 9858163.161520386114717 ], [ 265128.834396362304688, 9858163.161520386114717 ], [ 265128.834396362304688, 9858174.810504149645567 ] ] ] } },
{ "type": "Feature", "properties": { "tile_row": 56, "tile_col": 22, "x_min": 322.78397, "y_min": 573.6257, "x_max": 373.079, "y_max": 623.06573, "confidence_score": 0.30070826, "Class": "domestic garbage", "tile_id": "56_22", "filename": "tile_56_22.jpg", "x_offset": 22528, "y_offset": 57344, "width": 1024, "height": 1024, "left": 260352.1728515625, "top": 9854588.3178710938, "pixel_size_x": 0.30517578125, "pixel_size_y": 0.30517578125, "crs": "EPSG:32737", "global_x_min": 260450.67870178222, "global_y_min": 9854413.2611999512, "global_x_max": 260466.02752685547, "global_y_max": 9854398.1733001713 }, "geometry": { "type": "Polygon", "coordinates": [ [ [ 260450.678701782220742, 9854413.261199951171875 ], [ 260466.02752685546875, 9854413.261199951171875 ], [ 260466.02752685546875, 9854398.173300171270967 ], [ 260450.678701782220742, 9854398.173300171270967 ], [ 260450.678701782220742, 9854413.261199951171875 ] ] ] } },
{ "type": "Feature", "properties": { "tile_row": 32, "tile_col": 41, "x_min": 661.48425, "y_min": 327.63898, "x_max": 726.5145, "y_max": 390.03796, "confidence_score": 0.58255154, "Class": "domestic garbage", "tile_id": "32_41", "filename": "tile_32_41.jpg", "x_offset": 41984, "y_offset": 32768, "width": 1024, "height": 1024, "left": 266289.6728515625, "top": 9862088.3178710938, "pixel_size_x": 0.30517578125, "pixel_size_y": 0.30517578125, "crs": "EPSG:32737", "global_x_min": 266491.54182434082, "global_y_min": 9861988.3303894047, "global_x_max": 266511.38748168945, "global_y_max": 9861969.2877319343 }, "geometry": { "type": "Polygon", "coordinates": [ [ [ 266491.541824340820312, 9861988.330389404669404 ], [ 266511.387481689453125, 9861988.330389404669404 ], [ 266511.387481689453125, 9861969.287731934338808 ], [ 266491.541824340820312, 9861969.287731934338808 ], [ 266491.541824340820312, 9861988.330389404669404 ] ] ] } },
{ "type": "Feature", "properties": { "tile_row": 57, "tile_col": 4, "x_min": 226.7409, "y_min": 342.52036, "x_max": 276.9064, "y_max": 379.49728, "confidence_score": 0.32309684, "Class": "domestic garbage", "tile_id": "57_4", "filename": "tile_57_4.jpg", "x_offset": 4096, "y_offset": 58368, "width": 1024, "height": 1024, "left": 254727.1728515625, "top": 9854275.8178710938, "pixel_size_x": 0.30517578125, "pixel_size_y": 0.30517578125, "crs": "EPSG:32737", "global_x_min": 254796.36868286133, "global_y_min": 9854171.2889526375, "global_x_max": 254811.67797851562, "global_y_max": 9854160.0044921879 }, "geometry": { "type": "Polygon", "coordinates": [ [ [ 254796.368682861328125, 9854171.288952637463808 ], [ 254811.677978515625, 9854171.288952637463808 ], [ 254811.677978515625, 9854160.004492187872529 ], [ 254796.368682861328125, 9854160.004492187872529 ], [ 254796.368682861328125, 9854171.288952637463808 ] ] ] } },
{ "type": "Feature", "properties": { "tile_row": 38, "tile_col": 32, "x_min": 202.78189, "y_min": 295.15155, "x_max": 254.5654, "y_max": 343.18048, "confidence_score": 0.5421503, "Class": "domestic garbage", "tile_id": "38_32", "filename": "tile_38_32.jpg", "x_offset": 32768, "y_offset": 38912, "width": 1024, "height": 1024, "left": 263477.1728515625, "top": 9860213.3178710938, "pixel_size_x": 0.30517578125, "pixel_size_y": 0.30517578125, "crs": "EPSG:32737", "global_x_min": 263539.05697326659, "global_y_min": 9860123.2447662354, "global_x_max": 263554.86004638672, "global_y_max": 9860108.5875000004 }, "geometry": { "type": "Polygon", "coordinates": [ [ [ 263539.056973266589921, 9860123.244766235351562 ], [ 263554.86004638671875, 9860123.244766235351562 ], [ 263554.86004638671875, 9860108.587500000372529 ], [ 263539.056973266589921, 9860108.587500000372529 ], [ 263539.056973266589921, 9860123.244766235351562 ] ] ] } },
{ "type": "Feature", "properties": { "tile_row": 13, "tile_col": 14, "x_min": 365.6814, "y_min": 834.67426, "x_max": 494.6314, "y_max": 960.8177, "confidence_score": 0.4540404, "Class": "domestic garbage", "tile_id": "13_14", "filename": "tile_13_14.jpg", "x_offset": 14336, "y_offset": 13312, "width": 1024, "height": 1024, "left": 257852.1728515625, "top": 9868025.8178710938, "pixel_size_x": 0.30517578125, "pixel_size_y": 0.30517578125, "crs": "EPSG:32737", "global_x_min": 257963.76995849609, "global_y_min": 9867771.0955017097, "global_x_max": 258003.12237548828, "global_y_max": 9867732.5995788574 }, "geometry": { "type": "Polygon", "coordinates": [ [ [ 257963.76995849609375, 9867771.095501709729433 ], [ 258003.12237548828125, 9867771.095501709729433 ], [ 258003.12237548828125, 9867732.599578857421875 ], [ 257963.76995849609375, 9867732.599578857421875 ], [ 257963.76995849609375, 9867771.095501709729433 ] ] ] } },
{ "type": "Feature", "properties": { "tile_row": 41, "tile_col": 5, "x_min": 829.45764, "y_min": 664.81323, "x_max": 902.85876, "y_max": 710.05334, "confidence_score": 0.7854245, "Class": "domestic garbage", "tile_id": "41_5", "filename": "tile_41_5.jpg", "x_offset": 5120, "y_offset": 41984, "width": 1024, "height": 1024, "left": 255039.6728515625, "top": 9859275.8178710938, "pixel_size_x": 0.30517578125, "pixel_size_y": 0.30517578125, "crs": "EPSG:32737", "global_x_min": 255292.80323486327, "global_y_min": 9859072.9329742435, "global_x_max": 255315.20347900392, "global_y_max": 9859059.1267883293 }, "geometry": { "type": "Polygon", "coordinates": [ [ [ 255292.803234863269608, 9859072.932974243536592 ], [ 255315.203479003917892, 9859072.932974243536592 ], [ 255315.203479003917892, 9859059.126788329333067 ], [ 255292.803234863269608, 9859059.126788329333067 ], [ 255292.803234863269608, 9859072.932974243536592 ] ] ] } },
{ "type": "Feature", "properties": { "tile_row": 42, "tile_col": 0, "x_min": 722.74396, "y_min": 649.85614, "x_max": 767.4095, "y_max": 704.94464, "confidence_score": 0.32553047, "Class": "domestic garbage", "tile_id": "42_0", "filename": "tile_42_0.jpg", "x_offset": 0, "y_offset": 43008, "width": 1024, "height": 1024, "left": 253477.1728515625, "top": 9858963.3178710938, "pixel_size_x": 0.30517578125, "pixel_size_y": 0.30517578125, "crs": "EPSG:32737", "global_x_min": 253697.73680419923, "global_y_min": 9858764.9975158684, "global_x_max": 253711.36764526367, "global_y_max": 9858748.185839843 }, "geometry": { "type": "Polygon", "coordinates": [ [ [ 253697.736804199230392, 9858764.997515868395567 ], [ 253711.367645263671875, 9858764.997515868395567 ], [ 253711.367645263671875, 9858748.185839843004942 ], [ 253697.736804199230392, 9858748.185839843004942 ], [ 253697.736804199230392, 9858764.997515868395567 ] ] ] } },
{ "type": "Feature", "properties": { "tile_row": 72, "tile_col": 40, "x_min": 359.19232, "y_min": 256.7425, "x_max": 435.23303, "y_max": 347.11707, "confidence_score": 0.35227475, "Class": "domestic garbage", "tile_id": "72_40", "filename": "tile_72_40.jpg", "x_offset": 40960, "y_offset": 73728, "width": 1024, "height": 1024, "left": 265977.1728515625, "top": 9849588.3178710938, "pixel_size_x": 0.30517578125, "pixel_size_y": 0.30517578125, "crs": "EPSG:32737", "global_x_min": 266086.78964843752, "global_y_min": 9849509.9662780762, "global_x_max": 266109.99543151853, "global_y_max": 9849482.3861480709 }, "geometry": { "type": "Polygon", "coordinates": [ [ [ 266086.789648437523283, 9849509.966278076171875 ], [ 266109.995431518531404, 9849509.966278076171875 ], [ 266109.995431518531404, 9849482.386148070916533 ], [ 266086.789648437523283, 9849482.386148070916533 ], [ 266086.789648437523283, 9849509.966278076171875 ] ] ] } },
{ "type": "Feature", "properties": { "tile_row": 72, "tile_col": 40, "x_min": 355.62814, "y_min": 288.81537, "x_max": 419.72403, "y_max": 348.95697, "confidence_score": 0.31749406, "Class": "domestic garbage", "tile_id": "72_40", "filename": "tile_72_40.jpg", "x_offset": 40960, "y_offset": 73728, "width": 1024, "height": 1024, "left": 265977.1728515625, "top": 9849588.3178710938, "pixel_size_x": 0.30517578125, "pixel_size_y": 0.30517578125, "crs": "EPSG:32737", "global_x_min": 266085.70194702147, "global_y_min": 9849500.1784149166, "global_x_max": 266105.26246032713, "global_y_max": 9849481.824655151 }, "geometry": { "type": "Polygon", "coordinates": [ [ [ 266085.701947021472733, 9849500.178414916619658 ], [ 266105.262460327125154, 9849500.178414916619658 ], [ 266105.262460327125154, 9849481.824655150994658 ], [ 266085.701947021472733, 9849481.824655150994658 ], [ 266085.701947021472733, 9849500.178414916619658 ] ] ] } },
{ "type": "Feature", "properties": { "tile_row": 69, "tile_col": 35, "x_min": 850.93555, "y_min": 90.39591, "x_max": 897.18774, "y_max": 132.01912, "confidence_score": 0.54811, "Class": "domestic garbage", "tile_id": "69_35", "filename": "tile_69_35.jpg", "x_offset": 35840, "y_offset": 70656, "width": 1024, "height": 1024, "left": 264414.6728515625, "top": 9850525.8178710938, "pixel_size_x": 0.30517578125, "pixel_size_y": 0.30517578125, "crs": "EPSG:32737", "global_x_min": 264674.35777282715, "global_y_min": 9850498.2312286384, "global_x_max": 264688.47282104491, "global_y_max": 9850485.5288330074 }, "geometry": { "type": "Polygon", "coordinates": [ [ [ 264674.357772827148438, 9850498.231228638440371 ], [ 264688.472821044910233, 9850498.231228638440371 ], [ 264688.472821044910233, 9850485.528833007439971 ], [ 264674.357772827148438, 9850485.528833007439971 ], [ 264674.357772827148438, 9850498.231228638440371 ] ] ] } },
{ "type": "Feature", "properties": { "tile_row": 38, "tile_col": 15, "x_min": 922.36255, "y_min": 930.44073, "x_max": 961.6509, "y_max": 966.63165, "confidence_score": 0.5338814, "Class": "domestic garbage", "tile_id": "38_15", "filename": "tile_38_15.jpg", "x_offset": 15360, "y_offset": 38912, "width": 1024, "height": 1024, "left": 258164.6728515625, "top": 9860213.3178710938, "pixel_size_x": 0.30517578125, "pixel_size_y": 0.30517578125, "crs": "EPSG:32737", "global_x_min": 258446.15556335449, "global_y_min": 9859929.3698944096, "global_x_max": 258458.14541625977, "global_y_max": 9859918.325302124 }, "geometry": { "type": "Polygon", "coordinates": [ [ [ 258446.155563354492188, 9859929.369894409552217 ], [ 258458.145416259765625, 9859929.369894409552217 ], [ 258458.145416259765625, 9859918.325302124023438 ], [ 258446.155563354492188, 9859918.325302124023438 ], [ 258446.155563354492188, 9859929.369894409552217 ] ] ] } },
{ "type": "Feature", "properties": { "tile_row": 58, "tile_col": 26, "x_min": 678.34534, "y_min": 809.5201, "x_max": 729.3247, "y_max": 846.0544, "confidence_score": 0.78339875, "Class": "domestic garbage", "tile_id": "58_26", "filename": "tile_58_26.jpg", "x_offset": 26624, "y_offset": 59392, "width": 1024, "height": 1024, "left": 261602.1728515625, "top": 9853963.3178710938, "pixel_size_x": 0.30517578125, "pixel_size_y": 0.30517578125, "crs": "EPSG:32737", "global_x_min": 261809.18742065429, "global_y_min": 9853716.2719421387, "global_x_max": 261824.74508666992, "global_y_max": 9853705.1225585938 }, "geometry": { "type": "Polygon", "coordinates": [ [ [ 261809.187420654285233, 9853716.271942138671875 ], [ 261824.745086669921875, 9853716.271942138671875 ], [ 261824.745086669921875, 9853705.12255859375 ], [ 261809.187420654285233, 9853705.12255859375 ], [ 261809.187420654285233, 9853716.271942138671875 ] ] ] } },
{ "type": "Feature", "properties": { "tile_row": 30, "tile_col": 39, "x_min": 239.07211, "y_min": 472.70297, "x_max": 279.17612, "y_max": 502.14322, "confidence_score": 0.67605346, "Class": "domestic garbage", "tile_id": "30_39", "filename": "tile_30_39.jpg", "x_offset": 39936, "y_offset": 30720, "width": 1024, "height": 1024, "left": 265664.6728515625, "top": 9862713.3178710938, "pixel_size_x": 0.30517578125, "pixel_size_y": 0.30517578125, "crs": "EPSG:32737", "global_x_min": 265737.63186950685, "global_y_min": 9862569.0603729244, "global_x_max": 265749.87064208987, "global_y_max": 9862560.0759216305 }, "geometry": { "type": "Polygon", "coordinates": [ [ [ 265737.631869506847579, 9862569.060372924432158 ], [ 265749.870642089867033, 9862569.060372924432158 ], [ 265749.870642089867033, 9862560.075921630486846 ], [ 265737.631869506847579, 9862560.075921630486846 ], [ 265737.631869506847579, 9862569.060372924432158 ] ] ] } },
{ "type": "Feature", "properties": { "tile_row": 57, "tile_col": 6, "x_min": 204.63591, "y_min": 473.8979, "x_max": 261.15118, "y_max": 514.81195, "confidence_score": 0.8812371, "Class": "domestic garbage", "tile_id": "57_6", "filename": "tile_57_6.jpg", "x_offset": 6144, "y_offset": 58368, "width": 1024, "height": 1024, "left": 255352.1728515625, "top": 9854275.8178710938, "pixel_size_x": 0.30517578125, "pixel_size_y": 0.30517578125, "crs": "EPSG:32737", "global_x_min": 255414.62277526857, "global_y_min": 9854131.1957092285, "global_x_max": 255431.86986694337, "global_y_max": 9854118.7097320557 }, "geometry": { "type": "Polygon", "coordinates": [ [ [ 255414.622775268566329, 9854131.195709228515625 ], [ 255431.869866943365196, 9854131.195709228515625 ], [ 255431.869866943365196, 9854118.709732055664062 ], [ 255414.622775268566329, 9854118.709732055664062 ], [ 255414.622775268566329, 9854131.195709228515625 ] ] ] } },
{ "type": "Feature", "properties": { "tile_row": 16, "tile_col": 24, "x_min": 711.7244, "y_min": 47.055496, "x_max": 805.2514, "y_max": 104.67697, "confidence_score": 0.72248256, "Class": "domestic garbage", "tile_id": "16_24", "filename": "tile_16_24.jpg", "x_offset": 24576, "y_offset": 16384, "width": 1024, "height": 1024, "left": 260977.1728515625, "top": 9867088.3178710938, "pixel_size_x": 0.30517578125, "pixel_size_y": 0.30517578125, "crs": "EPSG:32737", "global_x_min": 261194.37390136719, "global_y_min": 9867073.9576733392, "global_x_max": 261222.91607666016, "global_y_max": 9867056.3729949947 }, "geometry": { "type": "Polygon", "coordinates": [ [ [ 261194.3739013671875, 9867073.957673339173198 ], [ 261222.91607666015625, 9867073.957673339173198 ], [ 261222.91607666015625, 9867056.372994994744658 ], [ 261194.3739013671875, 9867056.372994994744658 ], [ 261194.3739013671875, 9867073.957673339173198 ] ] ] } },
{ "type": "Feature", "properties": { "tile_row": 30, "tile_col": 24, "x_min": 508.56305, "y_min": 389.44812, "x_max": 540.7763, "y_max": 419.66193, "confidence_score": 0.6937905, "Class": "domestic garbage", "tile_id": "30_24", "filename": "tile_30_24.jpg", "x_offset": 24576, "y_offset": 30720, "width": 1024, "height": 1024, "left": 260977.1728515625, "top": 9862713.3178710938, "pixel_size_x": 0.30517578125, "pixel_size_y": 0.30517578125, "crs": "EPSG:32737", "global_x_min": 261132.37397766113, "global_y_min": 9862594.467736816, "global_x_max": 261142.20468139648, "global_y_max": 9862585.2472137455 }, "geometry": { "type": "Polygon", "coordinates": [ [ [ 261132.373977661132812, 9862594.467736816033721 ], [ 261142.204681396484375, 9862594.467736816033721 ], [ 261142.204681396484375, 9862585.247213745489717 ], [ 261132.373977661132812, 9862585.247213745489717 ], [ 261132.373977661132812, 9862594.467736816033721 ] ] ] } },
{ "type": "Feature", "properties": { "tile_row": 24, "tile_col": 36, "x_min": 322.06403, "y_min": 224.98872, "x_max": 373.72144, "y_max": 270.56247, "confidence_score": 0.3647821, "Class": "domestic garbage", "tile_id": "24_36", "filename": "tile_24_36.jpg", "x_offset": 36864, "y_offset": 24576, "width": 1024, "height": 1024, "left": 264727.1728515625, "top": 9864588.3178710938, "pixel_size_x": 0.30517578125, "pixel_size_y": 0.30517578125, "crs": "EPSG:32737", "global_x_min": 264825.45899353025, "global_y_min": 9864519.6567626949, "global_x_max": 264841.22358398436, "global_y_max": 9864505.7487579342 }, "geometry": { "type": "Polygon", "coordinates": [ [ [ 264825.458993530250154, 9864519.656762694939971 ], [ 264841.223583984363358, 9864519.656762694939971 ], [ 264841.223583984363358, 9864505.748757934197783 ], [ 264825.458993530250154, 9864505.748757934197783 ], [ 264825.458993530250154, 9864519.656762694939971 ] ] ] } },
{ "type": "Feature", "properties": { "tile_row": 49, "tile_col": 3, "x_min": 294.02618, "y_min": 415.14914, "x_max": 324.7273, "y_max": 446.24734, "confidence_score": 0.543668, "Class": "domestic garbage", "tile_id": "49_3", "filename": "tile_49_3.jpg", "x_offset": 3072, "y_offset": 50176, "width": 1024, "height": 1024, "left": 254414.6728515625, "top": 9856775.8178710938, "pixel_size_x": 0.30517578125, "pixel_size_y": 0.30517578125, "crs": "EPSG:32737", "global_x_min": 254504.40252075196, "global_y_min": 9856649.1244079582, "global_x_max": 254513.7717590332, "global_y_max": 9856639.6339904778 }, "geometry": { "type": "Polygon", "coordinates": [ [ [ 254504.402520751958946, 9856649.124407958239317 ], [ 254513.771759033203125, 9856649.124407958239317 ], [ 254513.771759033203125, 9856639.633990477770567 ], [ 254504.402520751958946, 9856639.633990477770567 ], [ 254504.402520751958946, 9856649.124407958239317 ] ] ] } },
{ "type": "Feature", "properties": { "tile_row": 49, "tile_col": 3, "x_min": 472.07263, "y_min": 558.29, "x_max": 542.05914, "y_max": 596.8094, "confidence_score": 0.36820742, "Class": "domestic garbage", "tile_id": "49_3", "filename": "tile_49_3.jpg", "x_offset": 3072, "y_offset": 50176, "width": 1024, "height": 1024, "left": 254414.6728515625, "top": 9856775.8178710938, "pixel_size_x": 0.30517578125, "pixel_size_y": 0.30517578125, "crs": "EPSG:32737", "global_x_min": 254558.7379852295, "global_y_min": 9856605.4412841797, "global_x_max": 254580.09617309569, "global_y_max": 9856593.6860961914 }, "geometry": { "type": "Polygon", "coordinates": [ [ [ 254558.737985229498008, 9856605.4412841796875 ], [ 254580.096173095691483, 9856605.4412841796875 ], [ 254580.096173095691483, 9856593.68609619140625 ], [ 254558.737985229498008, 9856593.68609619140625 ], [ 254558.737985229498008, 9856605.4412841796875 ] ] ] } },
{ "type": "Feature", "properties": { "tile_row": 51, "tile_col": 6, "x_min": 793.2519, "y_min": 390.07492, "x_max": 849.42596, "y_max": 441.9628, "confidence_score": 0.5298984, "Class": "domestic garbage", "tile_id": "51_6", "filename": "tile_51_6.jpg", "x_offset": 6144, "y_offset": 52224, "width": 1024, "height": 1024, "left": 255352.1728515625, "top": 9856150.8178710938, "pixel_size_x": 0.30517578125, "pixel_size_y": 0.30517578125, "crs": "EPSG:32737", "global_x_min": 255594.25411987305, "global_y_min": 9856031.7764526363, "global_x_max": 255611.39708251954, "global_y_max": 9856015.9415283203 }, "geometry": { "type": "Polygon", "coordinates": [ [ [ 255594.254119873046875, 9856031.776452636346221 ], [ 255611.397082519542892, 9856031.776452636346221 ], [ 255611.397082519542892, 9856015.9415283203125 ], [ 255594.254119873046875, 9856015.9415283203125 ], [ 255594.254119873046875, 9856031.776452636346221 ] ] ] } },
{ "type": "Feature", "properties": { "tile_row": 51, "tile_col": 6, "x_min": 140.49968, "y_min": 417.7631, "x_max": 181.2205, "y_max": 451.33542, "confidence_score": 0.4717535, "Class": "domestic garbage", "tile_id": "51_6", "filename": "tile_51_6.jpg", "x_offset": 6144, "y_offset": 52224, "width": 1024, "height": 1024, "left": 255352.1728515625, "top": 9856150.8178710938, "pixel_size_x": 0.30517578125, "pixel_size_y": 0.30517578125, "crs": "EPSG:32737", "global_x_min": 255395.04995117188, "global_y_min": 9856023.3266906738, "global_x_max": 255407.47695922852, "global_y_max": 9856013.0812316891 }, "geometry": { "type": "Polygon", "coordinates": [ [ [ 255395.049951171880821, 9856023.326690673828125 ], [ 255407.476959228515625, 9856023.326690673828125 ], [ 255407.476959228515625, 9856013.081231689080596 ], [ 255395.049951171880821, 9856013.081231689080596 ], [ 255395.049951171880821, 9856023.326690673828125 ] ] ] } },
{ "type": "Feature", "properties": { "tile_row": 45, "tile_col": 27, "x_min": 77.48057, "y_min": 347.99933, "x_max": 120.91303, "y_max": 418.51587, "confidence_score": 0.35160646, "Class": "domestic garbage", "tile_id": "45_27", "filename": "tile_45_27.jpg", "x_offset": 27648, "y_offset": 46080, "width": 1024, "height": 1024, "left": 261914.6728515625, "top": 9858025.8178710938, "pixel_size_x": 0.30517578125, "pixel_size_y": 0.30517578125, "crs": "EPSG:32737", "global_x_min": 261938.31804504394, "global_y_min": 9857919.6169036869, "global_x_max": 261951.57257995606, "global_y_max": 9857898.0969635006 }, "geometry": { "type": "Polygon", "coordinates": [ [ [ 261938.318045043939492, 9857919.616903686895967 ], [ 261951.572579956060508, 9857919.616903686895967 ], [ 261951.572579956060508, 9857898.096963500604033 ], [ 261938.318045043939492, 9857898.096963500604033 ], [ 261938.318045043939492, 9857919.616903686895967 ] ] ] } },
{ "type": "Feature", "properties": { "tile_row": 18, "tile_col": 37, "x_min": 737.48987, "y_min": 783.3724, "x_max": 772.9905, "y_max": 844.4482, "confidence_score": 0.3735365, "Class": "domestic garbage", "tile_id": "18_37", "filename": "tile_18_37.jpg", "x_offset": 37888, "y_offset": 18432, "width": 1024, "height": 1024, "left": 265039.6728515625, "top": 9866463.3178710938, "pixel_size_x": 0.30517578125, "pixel_size_y": 0.30517578125, "crs": "EPSG:32737", "global_x_min": 265264.73689880373, "global_y_min": 9866224.2515869141, "global_x_max": 265275.57083129883, "global_y_max": 9866205.6127319336 }, "geometry": { "type": "Polygon", "coordinates": [ [ [ 265264.736898803734221, 9866224.2515869140625 ], [ 265275.570831298828125, 9866224.2515869140625 ], [ 265275.570831298828125, 9866205.61273193359375 ], [ 265264.736898803734221, 9866205.61273193359375 ], [ 265264.736898803734221, 9866224.2515869140625 ] ] ] } },
{ "type": "Feature", "properties": { "tile_row": 15, "tile_col": 21, "x_min": 444.20084, "y_min": 393.48895, "x_max": 489.69254, "y_max": 432.7011, "confidence_score": 0.34168, "Class": "domestic garbage", "tile_id": "15_21", "filename": "tile_15_21.jpg", "x_offset": 21504, "y_offset": 15360, "width": 1024, "height": 1024, "left": 260039.6728515625, "top": 9867400.8178710938, "pixel_size_x": 0.30517578125, "pixel_size_y": 0.30517578125, "crs": "EPSG:32737", "global_x_min": 260175.23218994139, "global_y_min": 9867280.7345733643, "global_x_max": 260189.11515502929, "global_y_max": 9867268.7679748535 }, "geometry": { "type": "Polygon", "coordinates": [ [ [ 260175.232189941394608, 9867280.734573364257812 ], [ 260189.115155029285233, 9867280.734573364257812 ], [ 260189.115155029285233, 9867268.767974853515625 ], [ 260175.232189941394608, 9867268.767974853515625 ], [ 260175.232189941394608, 9867280.734573364257812 ] ] ] } },
{ "type": "Feature", "properties": { "tile_row": 24, "tile_col": 6, "x_min": 826.6709, "y_min": 118.02301, "x_max": 901.6371, "y_max": 190.35352, "confidence_score": 0.40511796, "Class": "domestic garbage", "tile_id": "24_6", "filename": "tile_24_6.jpg", "x_offset": 6144, "y_offset": 24576, "width": 1024, "height": 1024, "left": 255352.1728515625, "top": 9864588.3178710938, "pixel_size_x": 0.30517578125, "pixel_size_y": 0.30517578125, "crs": "EPSG:32737", "global_x_min": 255604.45278930664, "global_y_min": 9864552.3001068123, "global_x_max": 255627.33065795898, "global_y_max": 9864530.2265869137 }, "geometry": { "type": "Polygon", "coordinates": [ [ [ 255604.452789306640625, 9864552.300106812268496 ], [ 255627.330657958984375, 9864552.300106812268496 ], [ 255627.330657958984375, 9864530.226586913689971 ], [ 255604.452789306640625, 9864530.226586913689971 ], [ 255604.452789306640625, 9864552.300106812268496 ] ] ] } },
{ "type": "Feature", "properties": { "tile_row": 24, "tile_col": 41, "x_min": 240.95697, "y_min": 572.706, "x_max": 294.716, "y_max": 613.7033, "confidence_score": 0.3045617, "Class": "domestic garbage", "tile_id": "24_41", "filename": "tile_24_41.jpg", "x_offset": 41984, "y_offset": 24576, "width": 1024, "height": 1024, "left": 266289.6728515625, "top": 9864588.3178710938, "pixel_size_x": 0.30517578125, "pixel_size_y": 0.30517578125, "crs": "EPSG:32737", "global_x_min": 266363.20708312991, "global_y_min": 9864413.5418701172, "global_x_max": 266379.61303710938, "global_y_max": 9864401.0304870605 }, "geometry": { "type": "Polygon", "coordinates": [ [ [ 266363.207083129906096, 9864413.5418701171875 ], [ 266379.613037109375, 9864413.5418701171875 ], [ 266379.613037109375, 9864401.030487060546875 ], [ 266363.207083129906096, 9864401.030487060546875 ], [ 266363.207083129906096, 9864413.5418701171875 ] ] ] } },
{ "type": "Feature", "properties": { "tile_row": 20, "tile_col": 21, "x_min": 410.30994, "y_min": 518.291, "x_max": 501.61737, "y_max": 601.23584, "confidence_score": 0.5400569, "Class": "domestic garbage", "tile_id": "20_21", "filename": "tile_20_21.jpg", "x_offset": 21504, "y_offset": 20480, "width": 1024, "height": 1024, "left": 260039.6728515625, "top": 9865838.3178710938, "pixel_size_x": 0.30517578125, "pixel_size_y": 0.30517578125, "crs": "EPSG:32737", "global_x_min": 260164.88950805663, "global_y_min": 9865680.1480102539, "global_x_max": 260192.75432434081, "global_y_max": 9865654.8352539055 }, "geometry": { "type": "Polygon", "coordinates": [ [ [ 260164.889508056628983, 9865680.14801025390625 ], [ 260192.754324340814492, 9865680.14801025390625 ], [ 260192.754324340814492, 9865654.835253905504942 ], [ 260164.889508056628983, 9865654.835253905504942 ], [ 260164.889508056628983, 9865680.14801025390625 ] ] ] } },
{ "type": "Feature", "properties": { "tile_row": 20, "tile_col": 21, "x_min": 195.04077, "y_min": 560.3728, "x_max": 253.07153, "y_max": 617.3115, "confidence_score": 0.46832162, "Class": "domestic garbage", "tile_id": "20_21", "filename": "tile_20_21.jpg", "x_offset": 21504, "y_offset": 20480, "width": 1024, "height": 1024, "left": 260039.6728515625, "top": 9865838.3178710938, "pixel_size_x": 0.30517578125, "pixel_size_y": 0.30517578125, "crs": "EPSG:32737", "global_x_min": 260099.19457092285, "global_y_min": 9865667.3056640625, "global_x_max": 260116.90415344239, "global_y_max": 9865649.9293518066 }, "geometry": { "type": "Polygon", "coordinates": [ [ [ 260099.194570922845742, 9865667.3056640625 ], [ 260116.904153442388633, 9865667.3056640625 ], [ 260116.904153442388633, 9865649.929351806640625 ], [ 260099.194570922845742, 9865649.929351806640625 ], [ 260099.194570922845742, 9865667.3056640625 ] ] ] } },
{ "type": "Feature", "properties": { "tile_row": 20, "tile_col": 21, "x_min": 524.2419, "y_min": 594.4015, "x_max": 631.732, "y_max": 668.12524, "confidence_score": 0.35137552, "Class": "domestic garbage", "tile_id": "20_21", "filename": "tile_20_21.jpg", "x_offset": 21504, "y_offset": 20480, "width": 1024, "height": 1024, "left": 260039.6728515625, "top": 9865838.3178710938, "pixel_size_x": 0.30517578125, "pixel_size_y": 0.30517578125, "crs": "EPSG:32737", "global_x_min": 260199.65878295898, "global_y_min": 9865656.9209289551, "global_x_max": 260232.46215820312, "global_y_max": 9865634.4222290032 }, "geometry": { "type": "Polygon", "coordinates": [ [ [ 260199.658782958984375, 9865656.920928955078125 ], [ 260232.462158203125, 9865656.920928955078125 ], [ 260232.462158203125, 9865634.422229003161192 ], [ 260199.658782958984375, 9865634.422229003161192 ], [ 260199.658782958984375, 9865656.920928955078125 ] ] ] } },
{ "type": "Feature", "properties": { "tile_row": 45, "tile_col": 39, "x_min": 214.11903, "y_min": 287.29895, "x_max": 269.1915, "y_max": 328.72516, "confidence_score": 0.6020071, "Class": "domestic garbage", "tile_id": "45_39", "filename": "tile_45_39.jpg", "x_offset": 39936, "y_offset": 46080, "width": 1024, "height": 1024, "left": 265664.6728515625, "top": 9858025.8178710938, "pixel_size_x": 0.30517578125, "pixel_size_y": 0.30517578125, "crs": "EPSG:32737", "global_x_min": 265730.01679382322, "global_y_min": 9857938.1411895752, "global_x_max": 265746.82357788086, "global_y_max": 9857925.498913575 }, "geometry": { "type": "Polygon", "coordinates": [ [ [ 265730.016793823218904, 9857938.141189575195312 ], [ 265746.823577880859375, 9857938.141189575195312 ], [ 265746.823577880859375, 9857925.498913574963808 ], [ 265730.016793823218904, 9857925.498913574963808 ], [ 265730.016793823218904, 9857938.141189575195312 ] ] ] } },
{ "type": "Feature", "properties": { "tile_row": 61, "tile_col": 4, "x_min": 731.55396, "y_min": 634.85614, "x_max": 776.81104, "y_max": 674.2071, "confidence_score": 0.8533081, "Class": "domestic garbage", "tile_id": "61_4", "filename": "tile_61_4.jpg", "x_offset": 4096, "y_offset": 62464, "width": 1024, "height": 1024, "left": 254727.1728515625, "top": 9853025.8178710938, "pixel_size_x": 0.30517578125, "pixel_size_y": 0.30517578125, "crs": "EPSG:32737", "global_x_min": 254950.42540283204, "global_y_min": 9852832.0751525871, "global_x_max": 254964.23676757811, "global_y_max": 9852820.066192627 }, "geometry": { "type": "Polygon", "coordinates": [ [ [ 254950.425402832042892, 9852832.075152587145567 ], [ 254964.236767578113358, 9852832.075152587145567 ], [ 254964.236767578113358, 9852820.066192626953125 ], [ 254950.425402832042892, 9852820.066192626953125 ], [ 254950.425402832042892, 9852832.075152587145567 ] ] ] } },
{ "type": "Feature", "properties": { "tile_row": 29, "tile_col": 37, "x_min": 503.30057, "y_min": 668.9403, "x_max": 568.5057, "y_max": 706.577, "confidence_score": 0.37681553, "Class": "domestic garbage", "tile_id": "29_37", "filename": "tile_29_37.jpg", "x_offset": 37888, "y_offset": 29696, "width": 1024, "height": 1024, "left": 265039.6728515625, "top": 9863025.8178710938, "pixel_size_x": 0.30517578125, "pixel_size_y": 0.30517578125, "crs": "EPSG:32737", "global_x_min": 265193.26799621584, "global_y_min": 9862821.6734924316, "global_x_max": 265213.16702270508, "global_y_max": 9862810.1876831055 }, "geometry": { "type": "Polygon", "coordinates": [ [ [ 265193.267996215843596, 9862821.673492431640625 ], [ 265213.167022705078125, 9862821.673492431640625 ], [ 265213.167022705078125, 9862810.18768310546875 ], [ 265193.267996215843596, 9862810.18768310546875 ], [ 265193.267996215843596, 9862821.673492431640625 ] ] ] } },
{ "type": "Feature", "properties": { "tile_row": 77, "tile_col": 4, "x_min": 593.39844, "y_min": 618.7162, "x_max": 680.44995, "y_max": 698.1742, "confidence_score": 0.9011721, "Class": "domestic garbage", "tile_id": "77_4", "filename": "tile_77_4.jpg", "x_offset": 4096, "y_offset": 78848, "width": 1024, "height": 1024, "left": 254727.1728515625, "top": 9848025.8178710938, "pixel_size_x": 0.30517578125, "pixel_size_y": 0.30517578125, "crs": "EPSG:32737", "global_x_min": 254908.26368408202, "global_y_min": 9847837.0006713867, "global_x_max": 254934.82969665527, "global_y_max": 9847812.7520141602 }, "geometry": { "type": "Polygon", "coordinates": [ [ [ 254908.263684082019608, 9847837.00067138671875 ], [ 254934.829696655273438, 9847837.00067138671875 ], [ 254934.829696655273438, 9847812.75201416015625 ], [ 254908.263684082019608, 9847812.75201416015625 ], [ 254908.263684082019608, 9847837.00067138671875 ] ] ] } },
{ "type": "Feature", "properties": { "tile_row": 20, "tile_col": 27, "x_min": 774.20355, "y_min": 849.4512, "x_max": 834.5678, "y_max": 910.94714, "confidence_score": 0.41124022, "Class": "domestic garbage", "tile_id": "20_27", "filename": "tile_20_27.jpg", "x_offset": 27648, "y_offset": 20480, "width": 1024, "height": 1024, "left": 261914.6728515625, "top": 9865838.3178710938, "pixel_size_x": 0.30517578125, "pixel_size_y": 0.30517578125, "crs": "EPSG:32737", "global_x_min": 262150.94102478027, "global_y_min": 9865579.0859375, "global_x_max": 262169.36273193359, "global_y_max": 9865560.3188659661 }, "geometry": { "type": "Polygon", "coordinates": [ [ [ 262150.941024780273438, 9865579.0859375 ], [ 262169.36273193359375, 9865579.0859375 ], [ 262169.36273193359375, 9865560.318865966051817 ], [ 262150.941024780273438, 9865560.318865966051817 ], [ 262150.941024780273438, 9865579.0859375 ] ] ] } },
{ "type": "Feature", "properties": { "tile_row": 59, "tile_col": 24, "x_min": 330.19324, "y_min": 391.64835, "x_max": 445.08752, "y_max": 466.86575, "confidence_score": 0.64948714, "Class": "domestic garbage", "tile_id": "59_24", "filename": "tile_59_24.jpg", "x_offset": 24576, "y_offset": 60416, "width": 1024, "height": 1024, "left": 260977.1728515625, "top": 9853650.8178710938, "pixel_size_x": 0.30517578125, "pixel_size_y": 0.30517578125, "crs": "EPSG:32737", "global_x_min": 261077.93983154296, "global_y_min": 9853531.2962799072, "global_x_max": 261113.00278320312, "global_y_max": 9853508.3417510986 }, "geometry": { "type": "Polygon", "coordinates": [ [ [ 261077.939831542957108, 9853531.296279907226562 ], [ 261113.002783203119179, 9853531.296279907226562 ], [ 261113.002783203119179, 9853508.341751098632812 ], [ 261077.939831542957108, 9853508.341751098632812 ], [ 261077.939831542957108, 9853531.296279907226562 ] ] ] } },
{ "type": "Feature", "properties": { "tile_row": 59, "tile_col": 24, "x_min": 373.82034, "y_min": 391.29654, "x_max": 439.7098, "y_max": 453.7335, "confidence_score": 0.38358706, "Class": "domestic garbage", "tile_id": "59_24", "filename": "tile_59_24.jpg", "x_offset": 24576, "y_offset": 60416, "width": 1024, "height": 1024, "left": 260977.1728515625, "top": 9853650.8178710938, "pixel_size_x": 0.30517578125, "pixel_size_y": 0.30517578125, "crs": "EPSG:32737", "global_x_min": 261091.25376586913, "global_y_min": 9853531.4036437981, "global_x_max": 261111.36163330078, "global_y_max": 9853512.349395752 }, "geometry": { "type": "Polygon", "coordinates": [ [ [ 261091.253765869128983, 9853531.403643798083067 ], [ 261111.36163330078125, 9853531.403643798083067 ], [ 261111.36163330078125, 9853512.349395751953125 ], [ 261091.253765869128983, 9853512.349395751953125 ], [ 261091.253765869128983, 9853531.403643798083067 ] ] ] } },
{ "type": "Feature", "properties": { "tile_row": 13, "tile_col": 39, "x_min": 904.5442, "y_min": 522.56213, "x_max": 1016.0093, "y_max": 636.3677, "confidence_score": 0.7935123, "Class": "domestic garbage", "tile_id": "13_39", "filename": "tile_13_39.jpg", "x_offset": 39936, "y_offset": 13312, "width": 1024, "height": 1024, "left": 265664.6728515625, "top": 9868025.8178710938, "pixel_size_x": 0.30517578125, "pixel_size_y": 0.30517578125, "crs": "EPSG:32737", "global_x_min": 265940.71783447266, "global_y_min": 9867866.3445648197, "global_x_max": 265974.73428344727, "global_y_max": 9867831.613861084 }, "geometry": { "type": "Polygon", "coordinates": [ [ [ 265940.71783447265625, 9867866.344564819708467 ], [ 265974.734283447265625, 9867866.344564819708467 ], [ 265974.734283447265625, 9867831.613861083984375 ], [ 265940.71783447265625, 9867831.613861083984375 ], [ 265940.71783447265625, 9867866.344564819708467 ] ] ] } },
{ "type": "Feature", "properties": { "tile_row": 55, "tile_col": 39, "x_min": 631.657, "y_min": 102.10617, "x_max": 669.2622, "y_max": 135.79292, "confidence_score": 0.37720907, "Class": "domestic garbage", "tile_id": "55_39", "filename": "tile_55_39.jpg", "x_offset": 39936, "y_offset": 56320, "width": 1024, "height": 1024, "left": 265664.6728515625, "top": 9854900.8178710938, "pixel_size_x": 0.30517578125, "pixel_size_y": 0.30517578125, "crs": "EPSG:32737", "global_x_min": 265857.43927001953, "global_y_min": 9854869.6575408932, "global_x_max": 265868.91546630859, "global_y_max": 9854859.3771606442 }, "geometry": { "type": "Polygon", "coordinates": [ [ [ 265857.43927001953125, 9854869.657540893182158 ], [ 265868.91546630859375, 9854869.657540893182158 ], [ 265868.91546630859375, 9854859.377160644158721 ], [ 265857.43927001953125, 9854859.377160644158721 ], [ 265857.43927001953125, 9854869.657540893182158 ] ] ] } },
{ "type": "Feature", "properties": { "tile_row": 20, "tile_col": 11, "x_min": 418.4877, "y_min": 928.1001, "x_max": 560.6311, "y_max": 977.1262, "confidence_score": 0.47230366, "Class": "domestic garbage", "tile_id": "20_11", "filename": "tile_20_11.jpg", "x_offset": 11264, "y_offset": 20480, "width": 1024, "height": 1024, "left": 256914.6728515625, "top": 9865838.3178710938, "pixel_size_x": 0.30517578125, "pixel_size_y": 0.30517578125, "crs": "EPSG:32737", "global_x_min": 257042.38516235352, "global_y_min": 9865555.084197998, "global_x_max": 257085.76388549805, "global_y_max": 9865540.1226196289 }, "geometry": { "type": "Polygon", "coordinates": [ [ [ 257042.385162353515625, 9865555.084197998046875 ], [ 257085.763885498046875, 9865555.084197998046875 ], [ 257085.763885498046875, 9865540.12261962890625 ], [ 257042.385162353515625, 9865540.12261962890625 ], [ 257042.385162353515625, 9865555.084197998046875 ] ] ] } },
{ "type": "Feature", "properties": { "tile_row": 49, "tile_col": 4, "x_min": 448.9846, "y_min": 465.0947, "x_max": 516.3339, "y_max": 547.1755, "confidence_score": 0.69637734, "Class": "domestic garbage", "tile_id": "49_4", "filename": "tile_49_4.jpg", "x_offset": 4096, "y_offset": 50176, "width": 1024, "height": 1024, "left": 254727.1728515625, "top": 9856775.8178710938, "pixel_size_x": 0.30517578125, "pixel_size_y": 0.30517578125, "crs": "EPSG:32737", "global_x_min": 254864.19207763672, "global_y_min": 9856633.882232666, "global_x_max": 254884.74545288086, "global_y_max": 9856608.8331604004 }, "geometry": { "type": "Polygon", "coordinates": [ [ [ 254864.19207763671875, 9856633.882232666015625 ], [ 254884.745452880859375, 9856633.882232666015625 ], [ 254884.745452880859375, 9856608.833160400390625 ], [ 254864.19207763671875, 9856608.833160400390625 ], [ 254864.19207763671875, 9856633.882232666015625 ] ] ] } },
{ "type": "Feature", "properties": { "tile_row": 42, "tile_col": 31, "x_min": 588.2436, "y_min": 402.73782, "x_max": 666.56696, "y_max": 486.58115, "confidence_score": 0.93667775, "Class": "domestic garbage", "tile_id": "42_31", "filename": "tile_42_31.jpg", "x_offset": 31744, "y_offset": 43008, "width": 1024, "height": 1024, "left": 263164.6728515625, "top": 9858963.3178710938, "pixel_size_x": 0.30517578125, "pixel_size_y": 0.30517578125, "crs": "EPSG:32737", "global_x_min": 263344.19055175781, "global_y_min": 9858840.412042236, "global_x_max": 263368.09294433595, "global_y_max": 9858814.825088501 }, "geometry": { "type": "Polygon", "coordinates": [ [ [ 263344.1905517578125, 9858840.412042235955596 ], [ 263368.092944335949142, 9858840.412042235955596 ], [ 263368.092944335949142, 9858814.825088500976562 ], [ 263344.1905517578125, 9858814.825088500976562 ], [ 263344.1905517578125, 9858840.412042235955596 ] ] ] } },
{ "type": "Feature", "properties": { "tile_row": 42, "tile_col": 31, "x_min": 797.016, "y_min": 356.93375, "x_max": 832.10547, "y_max": 412.5076, "confidence_score": 0.39800793, "Class": "domestic garbage", "tile_id": "42_31", "filename": "tile_42_31.jpg", "x_offset": 31744, "y_offset": 43008, "width": 1024, "height": 1024, "left": 263164.6728515625, "top": 9858963.3178710938, "pixel_size_x": 0.30517578125, "pixel_size_y": 0.30517578125, "crs": "EPSG:32737", "global_x_min": 263407.90283203125, "global_y_min": 9858854.390335083, "global_x_max": 263418.61128845217, "global_y_max": 9858837.4305419922 }, "geometry": { "type": "Polygon", "coordinates": [ [ [ 263407.90283203125, 9858854.390335083007812 ], [ 263418.611288452171721, 9858854.390335083007812 ], [ 263418.611288452171721, 9858837.4305419921875 ], [ 263407.90283203125, 9858837.4305419921875 ], [ 263407.90283203125, 9858854.390335083007812 ] ] ] } },
{ "type": "Feature", "properties": { "tile_row": 57, "tile_col": 0, "x_min": 505.29904, "y_min": 261.14124, "x_max": 557.6027, "y_max": 329.53955, "confidence_score": 0.905919, "Class": "domestic garbage", "tile_id": "57_0", "filename": "tile_57_0.jpg", "x_offset": 0, "y_offset": 58368, "width": 1024, "height": 1024, "left": 253477.1728515625, "top": 9854275.8178710938, "pixel_size_x": 0.30517578125, "pixel_size_y": 0.30517578125, "crs": "EPSG:32737", "global_x_min": 253631.37788085936, "global_y_min": 9854196.1238891594, "global_x_max": 253647.33969116211, "global_y_max": 9854175.2503814697 }, "geometry": { "type": "Polygon", "coordinates": [ [ [ 253631.377880859363358, 9854196.123889159411192 ], [ 253647.339691162109375, 9854196.123889159411192 ], [ 253647.339691162109375, 9854175.250381469726562 ], [ 253631.377880859363358, 9854175.250381469726562 ], [ 253631.377880859363358, 9854196.123889159411192 ] ] ] } },
{ "type": "Feature", "properties": { "tile_row": 57, "tile_col": 0, "x_min": 485.67297, "y_min": 254.45966, "x_max": 560.95764, "y_max": 355.04895, "confidence_score": 0.3784625, "Class": "domestic garbage", "tile_id": "57_0", "filename": "tile_57_0.jpg", "x_offset": 0, "y_offset": 58368, "width": 1024, "height": 1024, "left": 253477.1728515625, "top": 9854275.8178710938, "pixel_size_x": 0.30517578125, "pixel_size_y": 0.30517578125, "crs": "EPSG:32737", "global_x_min": 253625.38847961425, "global_y_min": 9854198.1629455574, "global_x_max": 253648.36353759764, "global_y_max": 9854167.4655303955 }, "geometry": { "type": "Polygon", "coordinates": [ [ [ 253625.388479614251992, 9854198.162945557385683 ], [ 253648.363537597644608, 9854198.162945557385683 ], [ 253648.363537597644608, 9854167.465530395507812 ], [ 253625.388479614251992, 9854167.465530395507812 ], [ 253625.388479614251992, 9854198.162945557385683 ] ] ] } },
{ "type": "Feature", "properties": { "tile_row": 3, "tile_col": 0, "x_min": 82.67215, "y_min": 180.36423, "x_max": 190.37064, "y_max": 284.2489, "confidence_score": 0.325174, "Class": "domestic garbage", "tile_id": "3_0", "filename": "tile_3_0.jpg", "x_offset": 0, "y_offset": 3072, "width": 1024, "height": 1024, "left": 253477.1728515625, "top": 9871150.8178710938, "pixel_size_x": 0.30517578125, "pixel_size_y": 0.30517578125, "crs": "EPSG:32737", "global_x_min": 253502.40238952637, "global_y_min": 9871095.7750762943, "global_x_max": 253535.26936035155, "global_y_max": 9871064.0719909668 }, "geometry": { "type": "Polygon", "coordinates": [ [ [ 253502.402389526367188, 9871095.775076294317842 ], [ 253535.269360351550858, 9871095.775076294317842 ], [ 253535.269360351550858, 9871064.071990966796875 ], [ 253502.402389526367188, 9871064.071990966796875 ], [ 253502.402389526367188, 9871095.775076294317842 ] ] ] } },
{ "type": "Feature", "properties": { "tile_row": 50, "tile_col": 8, "x_min": 555.6735, "y_min": 49.750412, "x_max": 630.4466, "y_max": 90.79236, "confidence_score": 0.31240597, "Class": "domestic garbage", "tile_id": "50_8", "filename": "tile_50_8.jpg", "x_offset": 8192, "y_offset": 51200, "width": 1024, "height": 1024, "left": 255977.1728515625, "top": 9856463.3178710938, "pixel_size_x": 0.30517578125, "pixel_size_y": 0.30517578125, "crs": "EPSG:32737", "global_x_min": 256146.75094604492, "global_y_min": 9856448.1352502443, "global_x_max": 256169.56988525391, "global_y_max": 9856435.6102417 }, "geometry": { "type": "Polygon", "coordinates": [ [ [ 256146.750946044921875, 9856448.135250244289637 ], [ 256169.56988525390625, 9856448.135250244289637 ], [ 256169.56988525390625, 9856435.610241699963808 ], [ 256146.750946044921875, 9856435.610241699963808 ], [ 256146.750946044921875, 9856448.135250244289637 ] ] ] } },
{ "type": "Feature", "properties": { "tile_row": 4, "tile_col": 30, "x_min": 383.87064, "y_min": 637.74286, "x_max": 420.80392, "y_max": 675.4599, "confidence_score": 0.4705898, "Class": "domestic garbage", "tile_id": "4_30", "filename": "tile_4_30.jpg", "x_offset": 30720, "y_offset": 4096, "width": 1024, "height": 1024, "left": 262852.1728515625, "top": 9870838.3178710938, "pixel_size_x": 0.30517578125, "pixel_size_y": 0.30517578125, "crs": "EPSG:32737", "global_x_min": 262969.32087402343, "global_y_min": 9870643.6941955574, "global_x_max": 262980.59201660159, "global_y_max": 9870632.1838684082 }, "geometry": { "type": "Polygon", "coordinates": [ [ [ 262969.320874023425858, 9870643.694195557385683 ], [ 262980.592016601585783, 9870643.694195557385683 ], [ 262980.592016601585783, 9870632.183868408203125 ], [ 262969.320874023425858, 9870632.183868408203125 ], [ 262969.320874023425858, 9870643.694195557385683 ] ] ] } },
{ "type": "Feature", "properties": { "tile_row": 71, "tile_col": 24, "x_min": 657.88525, "y_min": 638.0388, "x_max": 704.5193, "y_max": 729.3584, "confidence_score": 0.49963048, "Class": "domestic garbage", "tile_id": "71_24", "filename": "tile_71_24.jpg", "x_offset": 24576, "y_offset": 72704, "width": 1024, "height": 1024, "left": 260977.1728515625, "top": 9849900.8178710938, "pixel_size_x": 0.30517578125, "pixel_size_y": 0.30517578125, "crs": "EPSG:32737", "global_x_min": 261177.9434967041, "global_y_min": 9849706.1038818359, "global_x_max": 261192.1750793457, "global_y_max": 9849678.2353515625 }, "geometry": { "type": "Polygon", "coordinates": [ [ [ 261177.943496704101562, 9849706.1038818359375 ], [ 261192.175079345703125, 9849706.1038818359375 ], [ 261192.175079345703125, 9849678.2353515625 ], [ 261177.943496704101562, 9849678.2353515625 ], [ 261177.943496704101562, 9849706.1038818359375 ] ] ] } },
{ "type": "Feature", "properties": { "tile_row": 71, "tile_col": 24, "x_min": 524.01904, "y_min": 368.5587, "x_max": 624.12024, "y_max": 464.01193, "confidence_score": 0.30838823, "Class": "domestic garbage", "tile_id": "71_24", "filename": "tile_71_24.jpg", "x_offset": 24576, "y_offset": 72704, "width": 1024, "height": 1024, "left": 260977.1728515625, "top": 9849900.8178710938, "pixel_size_x": 0.30517578125, "pixel_size_y": 0.30517578125, "crs": "EPSG:32737", "global_x_min": 261137.09077148436, "global_y_min": 9849788.3426818848, "global_x_max": 261167.63923339843, "global_y_max": 9849759.2126678471 }, "geometry": { "type": "Polygon", "coordinates": [ [ [ 261137.090771484363358, 9849788.342681884765625 ], [ 261167.639233398425858, 9849788.342681884765625 ], [ 261167.639233398425858, 9849759.212667847052217 ], [ 261137.090771484363358, 9849759.212667847052217 ], [ 261137.090771484363358, 9849788.342681884765625 ] ] ] } },
{ "type": "Feature", "properties": { "tile_row": 32, "tile_col": 33, "x_min": 373.26465, "y_min": 379.28683, "x_max": 405.7735, "y_max": 412.3903, "confidence_score": 0.3809398, "Class": "domestic garbage", "tile_id": "32_33", "filename": "tile_32_33.jpg", "x_offset": 33792, "y_offset": 32768, "width": 1024, "height": 1024, "left": 263789.6728515625, "top": 9862088.3178710938, "pixel_size_x": 0.30517578125, "pixel_size_y": 0.30517578125, "crs": "EPSG:32737", "global_x_min": 263903.58418273926, "global_y_min": 9861972.568716431, "global_x_max": 263913.50509643555, "global_y_max": 9861962.4663391113 }, "geometry": { "type": "Polygon", "coordinates": [ [ [ 263903.584182739257812, 9861972.568716431036592 ], [ 263913.505096435546875, 9861972.568716431036592 ], [ 263913.505096435546875, 9861962.466339111328125 ], [ 263903.584182739257812, 9861962.466339111328125 ], [ 263903.584182739257812, 9861972.568716431036592 ] ] ] } },
{ "type": "Feature", "properties": { "tile_row": 20, "tile_col": 16, "x_min": 920.0122, "y_min": 826.2391, "x_max": 955.06226, "y_max": 884.0651, "confidence_score": 0.49864978, "Class": "domestic garbage", "tile_id": "20_16", "filename": "tile_20_16.jpg", "x_offset": 16384, "y_offset": 20480, "width": 1024, "height": 1024, "left": 258477.1728515625, "top": 9865838.3178710938, "pixel_size_x": 0.30517578125, "pixel_size_y": 0.30517578125, "crs": "EPSG:32737", "global_x_min": 258757.93829345703, "global_y_min": 9865586.169708252, "global_x_max": 258768.6347229004, "global_y_max": 9865568.5226135254 }, "geometry": { "type": "Polygon", "coordinates": [ [ [ 258757.93829345703125, 9865586.169708251953125 ], [ 258768.634722900402267, 9865586.169708251953125 ], [ 258768.634722900402267, 9865568.522613525390625 ], [ 258757.93829345703125, 9865568.522613525390625 ], [ 258757.93829345703125, 9865586.169708251953125 ] ] ] } },
{ "type": "Feature", "properties": { "tile_row": 20, "tile_col": 34, "x_min": 441.34436, "y_min": 137.59819, "x_max": 543.5946, "y_max": 218.6967, "confidence_score": 0.9554971, "Class": "domestic garbage", "tile_id": "20_34", "filename": "tile_20_34.jpg", "x_offset": 34816, "y_offset": 20480, "width": 1024, "height": 1024, "left": 264102.1728515625, "top": 9865838.3178710938, "pixel_size_x": 0.30517578125, "pixel_size_y": 0.30517578125, "crs": "EPSG:32737", "global_x_min": 264236.86046142579, "global_y_min": 9865796.3262359612, "global_x_max": 264268.06475830078, "global_y_max": 9865771.5769348145 }, "geometry": { "type": "Polygon", "coordinates": [ [ [ 264236.860461425792892, 9865796.326235961169004 ], [ 264268.06475830078125, 9865796.326235961169004 ], [ 264268.06475830078125, 9865771.576934814453125 ], [ 264236.860461425792892, 9865771.576934814453125 ], [ 264236.860461425792892, 9865796.326235961169004 ] ] ] } },
{ "type": "Feature", "properties": { "tile_row": 34, "tile_col": 27, "x_min": 313.83624, "y_min": 631.4162, "x_max": 354.30396, "y_max": 665.873, "confidence_score": 0.54746133, "Class": "domestic garbage", "tile_id": "34_27", "filename": "tile_34_27.jpg", "x_offset": 27648, "y_offset": 34816, "width": 1024, "height": 1024, "left": 261914.6728515625, "top": 9861463.3178710938, "pixel_size_x": 0.30517578125, "pixel_size_y": 0.30517578125, "crs": "EPSG:32737", "global_x_min": 262010.44807128905, "global_y_min": 9861270.6249389648, "global_x_max": 262022.79783935548, "global_y_max": 9861260.1095581055 }, "geometry": { "type": "Polygon", "coordinates": [ [ [ 262010.448071289050858, 9861270.62493896484375 ], [ 262022.797839355480392, 9861270.62493896484375 ], [ 262022.797839355480392, 9861260.10955810546875 ], [ 262010.448071289050858, 9861260.10955810546875 ], [ 262010.448071289050858, 9861270.62493896484375 ] ] ] } },
{ "type": "Feature", "properties": { "tile_row": 5, "tile_col": 20, "x_min": 855.2611, "y_min": 638.5313, "x_max": 897.0311, "y_max": 704.5955, "confidence_score": 0.45981452, "Class": "domestic garbage", "tile_id": "5_20", "filename": "tile_5_20.jpg", "x_offset": 20480, "y_offset": 5120, "width": 1024, "height": 1024, "left": 259727.1728515625, "top": 9870525.8178710938, "pixel_size_x": 0.30517578125, "pixel_size_y": 0.30517578125, "crs": "EPSG:32737", "global_x_min": 259988.17782592773, "global_y_min": 9870330.9535827637, "global_x_max": 260000.92501831055, "global_y_max": 9870310.792388916 }, "geometry": { "type": "Polygon", "coordinates": [ [ [ 259988.177825927734375, 9870330.953582763671875 ], [ 260000.925018310546875, 9870330.953582763671875 ], [ 260000.925018310546875, 9870310.792388916015625 ], [ 259988.177825927734375, 9870310.792388916015625 ], [ 259988.177825927734375, 9870330.953582763671875 ] ] ] } },
{ "type": "Feature", "properties": { "tile_row": 35, "tile_col": 36, "x_min": 530.0198, "y_min": 239.10089, "x_max": 572.4182, "y_max": 281.68964, "confidence_score": 0.4978146, "Class": "domestic garbage", "tile_id": "35_36", "filename": "tile_35_36.jpg", "x_offset": 36864, "y_offset": 35840, "width": 1024, "height": 1024, "left": 264727.1728515625, "top": 9861150.8178710938, "pixel_size_x": 0.30517578125, "pixel_size_y": 0.30517578125, "crs": "EPSG:32737", "global_x_min": 264888.92205810547, "global_y_min": 9861077.8500701897, "global_x_max": 264901.86102294922, "global_y_max": 9861064.853015136 }, "geometry": { "type": "Polygon", "coordinates": [ [ [ 264888.92205810546875, 9861077.850070189684629 ], [ 264901.86102294921875, 9861077.850070189684629 ], [ 264901.86102294921875, 9861064.853015135973692 ], [ 264888.92205810546875, 9861064.853015135973692 ], [ 264888.92205810546875, 9861077.850070189684629 ] ] ] } },
{ "type": "Feature", "properties": { "tile_row": 23, "tile_col": 1, "x_min": 91.05722, "y_min": 594.90314, "x_max": 155.52567, "y_max": 652.4599, "confidence_score": 0.7212591, "Class": "domestic garbage", "tile_id": "23_1", "filename": "tile_23_1.jpg", "x_offset": 1024, "y_offset": 23552, "width": 1024, "height": 1024, "left": 253789.6728515625, "top": 9864900.8178710938, "pixel_size_x": 0.30517578125, "pixel_size_y": 0.30517578125, "crs": "EPSG:32737", "global_x_min": 253817.46130981445, "global_y_min": 9864719.2678405754, "global_x_max": 253837.13551940917, "global_y_max": 9864701.702911377 }, "geometry": { "type": "Polygon", "coordinates": [ [ [ 253817.461309814447304, 9864719.267840575426817 ], [ 253837.135519409173867, 9864719.267840575426817 ], [ 253837.135519409173867, 9864701.702911376953125 ], [ 253817.461309814447304, 9864701.702911376953125 ], [ 253817.461309814447304, 9864719.267840575426817 ] ] ] } },
{ "type": "Feature", "properties": { "tile_row": 44, "tile_col": 3, "x_min": 306.41772, "y_min": 853.7106, "x_max": 350.99512, "y_max": 886.0741, "confidence_score": 0.44246575, "Class": "domestic garbage", "tile_id": "44_3", "filename": "tile_44_3.jpg", "x_offset": 3072, "y_offset": 45056, "width": 1024, "height": 1024, "left": 254414.6728515625, "top": 9858338.3178710938, "pixel_size_x": 0.30517578125, "pixel_size_y": 0.30517578125, "crs": "EPSG:32737", "global_x_min": 254508.18411865234, "global_y_min": 9858077.7860717773, "global_x_max": 254521.78806152343, "global_y_max": 9858067.9095153809 }, "geometry": { "type": "Polygon", "coordinates": [ [ [ 254508.184118652337929, 9858077.78607177734375 ], [ 254521.788061523431679, 9858077.78607177734375 ], [ 254521.788061523431679, 9858067.909515380859375 ], [ 254508.184118652337929, 9858067.909515380859375 ], [ 254508.184118652337929, 9858077.78607177734375 ] ] ] } },
{ "type": "Feature", "properties": { "tile_row": 77, "tile_col": 26, "x_min": 720.9278, "y_min": 663.47144, "x_max": 784.1762, "y_max": 718.9652, "confidence_score": 0.39937195, "Class": "domestic garbage", "tile_id": "77_26", "filename": "tile_77_26.jpg", "x_offset": 26624, "y_offset": 78848, "width": 1024, "height": 1024, "left": 261602.1728515625, "top": 9848025.8178710938, "pixel_size_x": 0.30517578125, "pixel_size_y": 0.30517578125, "crs": "EPSG:32737", "global_x_min": 261822.18255615234, "global_y_min": 9847823.3424560539, "global_x_max": 261841.48443603516, "global_y_max": 9847806.4071044922 }, "geometry": { "type": "Polygon", "coordinates": [ [ [ 261822.18255615234375, 9847823.342456053942442 ], [ 261841.48443603515625, 9847823.342456053942442 ], [ 261841.48443603515625, 9847806.4071044921875 ], [ 261822.18255615234375, 9847806.4071044921875 ], [ 261822.18255615234375, 9847823.342456053942442 ] ] ] } },
{ "type": "Feature", "properties": { "tile_row": 24, "tile_col": 30, "x_min": 354.93118, "y_min": 795.67096, "x_max": 403.2958, "y_max": 825.0395, "confidence_score": 0.37228394, "Class": "domestic garbage", "tile_id": "24_30", "filename": "tile_24_30.jpg", "x_offset": 30720, "y_offset": 24576, "width": 1024, "height": 1024, "left": 262852.1728515625, "top": 9864588.3178710938, "pixel_size_x": 0.30517578125, "pixel_size_y": 0.30517578125, "crs": "EPSG:32737", "global_x_min": 262960.48925170896, "global_y_min": 9864345.4983642586, "global_x_max": 262975.24896240234, "global_y_max": 9864336.5357971191 }, "geometry": { "type": "Polygon", "coordinates": [ [ [ 262960.489251708961092, 9864345.498364258557558 ], [ 262975.24896240234375, 9864345.498364258557558 ], [ 262975.24896240234375, 9864336.535797119140625 ], [ 262960.489251708961092, 9864336.535797119140625 ], [ 262960.489251708961092, 9864345.498364258557558 ] ] ] } },
{ "type": "Feature", "properties": { "tile_row": 20, "tile_col": 1, "x_min": 592.0616, "y_min": 397.14084, "x_max": 632.0451, "y_max": 438.23892, "confidence_score": 0.70777744, "Class": "domestic garbage", "tile_id": "20_1", "filename": "tile_20_1.jpg", "x_offset": 1024, "y_offset": 20480, "width": 1024, "height": 1024, "left": 253789.6728515625, "top": 9865838.3178710938, "pixel_size_x": 0.30517578125, "pixel_size_y": 0.30517578125, "crs": "EPSG:32737", "global_x_min": 253970.35571289062, "global_y_min": 9865717.1201049797, "global_x_max": 253982.55770874023, "global_y_max": 9865704.5779663082 }, "geometry": { "type": "Polygon", "coordinates": [ [ [ 253970.355712890625, 9865717.120104979723692 ], [ 253982.557708740234375, 9865717.120104979723692 ], [ 253982.557708740234375, 9865704.577966308221221 ], [ 253970.355712890625, 9865704.577966308221221 ], [ 253970.355712890625, 9865717.120104979723692 ] ] ] } },
{ "type": "Feature", "properties": { "tile_row": 23, "tile_col": 2, "x_min": 766.8573, "y_min": 137.89395, "x_max": 867.40796, "y_max": 186.17508, "confidence_score": 0.6493562, "Class": "domestic garbage", "tile_id": "23_2", "filename": "tile_23_2.jpg", "x_offset": 2048, "y_offset": 23552, "width": 1024, "height": 1024, "left": 254102.1728515625, "top": 9864900.8178710938, "pixel_size_x": 0.30517578125, "pixel_size_y": 0.30517578125, "crs": "EPSG:32737", "global_x_min": 254336.19912719727, "global_y_min": 9864858.7359771729, "global_x_max": 254366.88475341798, "global_y_max": 9864844.0017456058 }, "geometry": { "type": "Polygon", "coordinates": [ [ [ 254336.199127197265625, 9864858.735977172851562 ], [ 254366.884753417980392, 9864858.735977172851562 ], [ 254366.884753417980392, 9864844.001745605841279 ], [ 254336.199127197265625, 9864844.001745605841279 ], [ 254336.199127197265625, 9864858.735977172851562 ] ] ] } },
{ "type": "Feature", "properties": { "tile_row": 27, "tile_col": 27, "x_min": 112.01692, "y_min": 537.1053, "x_max": 251.67924, "y_max": 625.54913, "confidence_score": 0.3628116, "Class": "domestic garbage", "tile_id": "27_27", "filename": "tile_27_27.jpg", "x_offset": 27648, "y_offset": 27648, "width": 1024, "height": 1024, "left": 261914.6728515625, "top": 9863650.8178710938, "pixel_size_x": 0.30517578125, "pixel_size_y": 0.30517578125, "crs": "EPSG:32737", "global_x_min": 261948.85770263671, "global_y_min": 9863486.9063415527, "global_x_max": 261991.47926025389, "global_y_max": 9863459.9154266361 }, "geometry": { "type": "Polygon", "coordinates": [ [ [ 261948.857702636712929, 9863486.906341552734375 ], [ 261991.479260253894608, 9863486.906341552734375 ], [ 261991.479260253894608, 9863459.915426636114717 ], [ 261948.857702636712929, 9863459.915426636114717 ], [ 261948.857702636712929, 9863486.906341552734375 ] ] ] } },
{ "type": "Feature", "properties": { "tile_row": 57, "tile_col": 13, "x_min": 700.5418, "y_min": 382.03543, "x_max": 808.38007, "y_max": 422.67404, "confidence_score": 0.62283516, "Class": "domestic garbage", "tile_id": "57_13", "filename": "tile_57_13.jpg", "x_offset": 13312, "y_offset": 58368, "width": 1024, "height": 1024, "left": 257539.6728515625, "top": 9854275.8178710938, "pixel_size_x": 0.30517578125, "pixel_size_y": 0.30517578125, "crs": "EPSG:32737", "global_x_min": 257753.46124267578, "global_y_min": 9854159.2299102787, "global_x_max": 257786.37087097167, "global_y_max": 9854146.8279907219 }, "geometry": { "type": "Polygon", "coordinates": [ [ [ 257753.46124267578125, 9854159.229910278692842 ], [ 257786.370870971673867, 9854159.229910278692842 ], [ 257786.370870971673867, 9854146.827990721911192 ], [ 257753.46124267578125, 9854146.827990721911192 ], [ 257753.46124267578125, 9854159.229910278692842 ] ] ] } },
{ "type": "Feature", "properties": { "tile_row": 44, "tile_col": 42, "x_min": 438.5184, "y_min": 735.04425, "x_max": 471.0638, "y_max": 780.64166, "confidence_score": 0.42145082, "Class": "domestic garbage", "tile_id": "44_42", "filename": "tile_44_42.jpg", "x_offset": 43008, "y_offset": 45056, "width": 1024, "height": 1024, "left": 266602.1728515625, "top": 9858338.3178710938, "pixel_size_x": 0.30517578125, "pixel_size_y": 0.30517578125, "crs": "EPSG:32737", "global_x_min": 266735.998046875, "global_y_min": 9858114.0001678467, "global_x_max": 266745.93011474609, "global_y_max": 9858100.0849426277 }, "geometry": { "type": "Polygon", "coordinates": [ [ [ 266735.998046875, 9858114.000167846679688 ], [ 266745.93011474609375, 9858114.000167846679688 ], [ 266745.93011474609375, 9858100.084942627698183 ], [ 266735.998046875, 9858100.084942627698183 ], [ 266735.998046875, 9858114.000167846679688 ] ] ] } },
{ "type": "Feature", "properties": { "tile_row": 46, "tile_col": 26, "x_min": 498.65045, "y_min": 117.985855, "x_max": 558.0197, "y_max": 168.42137, "confidence_score": 0.32523215, "Class": "domestic garbage", "tile_id": "46_26", "filename": "tile_46_26.jpg", "x_offset": 26624, "y_offset": 47104, "width": 1024, "height": 1024, "left": 261602.1728515625, "top": 9857713.3178710938, "pixel_size_x": 0.30517578125, "pixel_size_y": 0.30517578125, "crs": "EPSG:32737", "global_x_min": 261754.34889221191, "global_y_min": 9857677.311445618, "global_x_max": 261772.46694946289, "global_y_max": 9857661.9197479244 }, "geometry": { "type": "Polygon", "coordinates": [ [ [ 261754.348892211914062, 9857677.31144561804831 ], [ 261772.466949462890625, 9857677.31144561804831 ], [ 261772.466949462890625, 9857661.919747924432158 ], [ 261754.348892211914062, 9857661.919747924432158 ], [ 261754.348892211914062, 9857677.31144561804831 ] ] ] } },
{ "type": "Feature", "properties": { "tile_row": 35, "tile_col": 41, "x_min": 218.22116, "y_min": 152.19803, "x_max": 272.60352, "y_max": 210.05936, "confidence_score": 0.45821127, "Class": "domestic garbage", "tile_id": "35_41", "filename": "tile_35_41.jpg", "x_offset": 41984, "y_offset": 35840, "width": 1024, "height": 1024, "left": 266289.6728515625, "top": 9861150.8178710938, "pixel_size_x": 0.30517578125, "pixel_size_y": 0.30517578125, "crs": "EPSG:32737", "global_x_min": 266356.26866455079, "global_y_min": 9861104.3707183842, "global_x_max": 266372.86484375002, "global_y_max": 9861086.7128417976 }, "geometry": { "type": "Polygon", "coordinates": [ [ [ 266356.268664550792892, 9861104.370718384161592 ], [ 266372.864843750023283, 9861104.370718384161592 ], [ 266372.864843750023283, 9861086.712841797620058 ], [ 266356.268664550792892, 9861086.712841797620058 ], [ 266356.268664550792892, 9861104.370718384161592 ] ] ] } },
{ "type": "Feature", "properties": { "tile_row": 20, "tile_col": 22, "x_min": 220.78232, "y_min": 704.3598, "x_max": 286.3684, "y_max": 803.472, "confidence_score": 0.5629108, "Class": "domestic garbage", "tile_id": "20_22", "filename": "tile_20_22.jpg", "x_offset": 22528, "y_offset": 20480, "width": 1024, "height": 1024, "left": 260352.1728515625, "top": 9865838.3178710938, "pixel_size_x": 0.30517578125, "pixel_size_y": 0.30517578125, "crs": "EPSG:32737", "global_x_min": 260419.55026855468, "global_y_min": 9865623.3643188477, "global_x_max": 260439.56555175781, "global_y_max": 9865593.1176757812 }, "geometry": { "type": "Polygon", "coordinates": [ [ [ 260419.550268554681679, 9865623.36431884765625 ], [ 260439.5655517578125, 9865623.36431884765625 ], [ 260439.5655517578125, 9865593.11767578125 ], [ 260419.550268554681679, 9865593.11767578125 ], [ 260419.550268554681679, 9865623.36431884765625 ] ] ] } },
{ "type": "Feature", "properties": { "tile_row": 29, "tile_col": 0, "x_min": 777.2856, "y_min": 397.54, "x_max": 861.2796, "y_max": 455.09726, "confidence_score": 0.5061948, "Class": "domestic garbage", "tile_id": "29_0", "filename": "tile_29_0.jpg", "x_offset": 0, "y_offset": 29696, "width": 1024, "height": 1024, "left": 253477.1728515625, "top": 9863025.8178710938, "pixel_size_x": 0.30517578125, "pixel_size_y": 0.30517578125, "crs": "EPSG:32737", "global_x_min": 253714.38159179688, "global_y_min": 9862904.4982910156, "global_x_max": 253740.01452636719, "global_y_max": 9862886.9332092293 }, "geometry": { "type": "Polygon", "coordinates": [ [ [ 253714.381591796875, 9862904.498291015625 ], [ 253740.0145263671875, 9862904.498291015625 ], [ 253740.0145263671875, 9862886.933209229260683 ], [ 253714.381591796875, 9862886.933209229260683 ], [ 253714.381591796875, 9862904.498291015625 ] ] ] } },
{ "type": "Feature", "properties": { "tile_row": 46, "tile_col": 17, "x_min": 418.1596, "y_min": 219.80315, "x_max": 495.31738, "y_max": 271.0982, "confidence_score": 0.8421584, "Class": "domestic garbage", "tile_id": "46_17", "filename": "tile_46_17.jpg", "x_offset": 17408, "y_offset": 47104, "width": 1024, "height": 1024, "left": 258789.6728515625, "top": 9857713.3178710938, "pixel_size_x": 0.30517578125, "pixel_size_y": 0.30517578125, "crs": "EPSG:32737", "global_x_min": 258917.28503417969, "global_y_min": 9857646.2392730713, "global_x_max": 258940.83171997071, "global_y_max": 9857630.5852661133 }, "geometry": { "type": "Polygon", "coordinates": [ [ [ 258917.2850341796875, 9857646.239273071289062 ], [ 258940.831719970708946, 9857646.239273071289062 ], [ 258940.831719970708946, 9857630.58526611328125 ], [ 258917.2850341796875, 9857630.58526611328125 ], [ 258917.2850341796875, 9857646.239273071289062 ] ] ] } },
{ "type": "Feature", "properties": { "tile_row": 38, "tile_col": 30, "x_min": 446.67798, "y_min": 788.31146, "x_max": 521.9658, "y_max": 885.11237, "confidence_score": 0.6364022, "Class": "domestic garbage", "tile_id": "38_30", "filename": "tile_38_30.jpg", "x_offset": 30720, "y_offset": 38912, "width": 1024, "height": 1024, "left": 262852.1728515625, "top": 9860213.3178710938, "pixel_size_x": 0.30517578125, "pixel_size_y": 0.30517578125, "crs": "EPSG:32737", "global_x_min": 262988.48815307615, "global_y_min": 9859972.7443054207, "global_x_max": 263011.46417236328, "global_y_max": 9859943.2030120846 }, "geometry": { "type": "Polygon", "coordinates": [ [ [ 262988.488153076148592, 9859972.744305420666933 ], [ 263011.46417236328125, 9859972.744305420666933 ], [ 263011.46417236328125, 9859943.203012084588408 ], [ 262988.488153076148592, 9859943.203012084588408 ], [ 262988.488153076148592, 9859972.744305420666933 ] ] ] } },
{ "type": "Feature", "properties": { "tile_row": 38, "tile_col": 30, "x_min": 208.64256, "y_min": 363.11624, "x_max": 291.35925, "y_max": 410.98117, "confidence_score": 0.4918234, "Class": "domestic garbage", "tile_id": "38_30", "filename": "tile_38_30.jpg", "x_offset": 30720, "y_offset": 38912, "width": 1024, "height": 1024, "left": 262852.1728515625, "top": 9860213.3178710938, "pixel_size_x": 0.30517578125, "pixel_size_y": 0.30517578125, "crs": "EPSG:32737", "global_x_min": 262915.84550781251, "global_y_min": 9860102.5035888664, "global_x_max": 262941.08863830566, "global_y_max": 9860087.8963714596 }, "geometry": { "type": "Polygon", "coordinates": [ [ [ 262915.845507812511642, 9860102.503588866442442 ], [ 262941.088638305664062, 9860102.503588866442442 ], [ 262941.088638305664062, 9860087.896371459588408 ], [ 262915.845507812511642, 9860087.896371459588408 ], [ 262915.845507812511642, 9860102.503588866442442 ] ] ] } },
{ "type": "Feature", "properties": { "tile_row": 54, "tile_col": 29, "x_min": 450.96964, "y_min": 205.2141, "x_max": 490.99905, "y_max": 264.41565, "confidence_score": 0.8909735, "Class": "domestic garbage", "tile_id": "54_29", "filename": "tile_54_29.jpg", "x_offset": 29696, "y_offset": 55296, "width": 1024, "height": 1024, "left": 262539.6728515625, "top": 9855213.3178710938, "pixel_size_x": 0.30517578125, "pixel_size_y": 0.30517578125, "crs": "EPSG:32737", "global_x_min": 262677.29786376952, "global_y_min": 9855150.6914978027, "global_x_max": 262689.51387023926, "global_y_max": 9855132.6246185303 }, "geometry": { "type": "Polygon", "coordinates": [ [ [ 262677.297863769519608, 9855150.691497802734375 ], [ 262689.513870239257812, 9855150.691497802734375 ], [ 262689.513870239257812, 9855132.624618530273438 ], [ 262677.297863769519608, 9855132.624618530273438 ], [ 262677.297863769519608, 9855150.691497802734375 ] ] ] } },
{ "type": "Feature", "properties": { "tile_row": 48, "tile_col": 14, "x_min": 574.5968, "y_min": 254.32536, "x_max": 619.2422, "y_max": 309.10257, "confidence_score": 0.4353754, "Class": "domestic garbage", "tile_id": "48_14", "filename": "tile_48_14.jpg", "x_offset": 14336, "y_offset": 49152, "width": 1024, "height": 1024, "left": 257852.1728515625, "top": 9857088.3178710938, "pixel_size_x": 0.30517578125, "pixel_size_y": 0.30517578125, "crs": "EPSG:32737", "global_x_min": 258027.52587890625, "global_y_min": 9857010.7039306648, "global_x_max": 258041.15057373047, "global_y_max": 9856993.9872528072 }, "geometry": { "type": "Polygon", "coordinates": [ [ [ 258027.52587890625, 9857010.703930664807558 ], [ 258041.15057373046875, 9857010.703930664807558 ], [ 258041.15057373046875, 9856993.987252807244658 ], [ 258027.52587890625, 9856993.987252807244658 ], [ 258027.52587890625, 9857010.703930664807558 ] ] ] } },
{ "type": "Feature", "properties": { "tile_row": 73, "tile_col": 7, "x_min": 644.6999, "y_min": 374.7064, "x_max": 697.56366, "y_max": 428.54184, "confidence_score": 0.7740934, "Class": "domestic garbage", "tile_id": "73_7", "filename": "tile_73_7.jpg", "x_offset": 7168, "y_offset": 74752, "width": 1024, "height": 1024, "left": 255664.6728515625, "top": 9849275.8178710938, "pixel_size_x": 0.30517578125, "pixel_size_y": 0.30517578125, "crs": "EPSG:32737", "global_x_min": 255861.4196472168, "global_y_min": 9849161.4665527344, "global_x_max": 255877.55238647462, "global_y_max": 9849145.0372802727 }, "geometry": { "type": "Polygon", "coordinates": [ [ [ 255861.419647216796875, 9849161.466552734375 ], [ 255877.552386474621017, 9849161.466552734375 ], [ 255877.552386474621017, 9849145.037280272692442 ], [ 255861.419647216796875, 9849145.037280272692442 ], [ 255861.419647216796875, 9849161.466552734375 ] ] ] } },
{ "type": "Feature", "properties": { "tile_row": 54, "tile_col": 14, "x_min": 504.8252, "y_min": 284.41687, "x_max": 545.90894, "y_max": 333.2249, "confidence_score": 0.95180106, "Class": "domestic garbage", "tile_id": "54_14", "filename": "tile_54_14.jpg", "x_offset": 14336, "y_offset": 55296, "width": 1024, "height": 1024, "left": 257852.1728515625, "top": 9855213.3178710938, "pixel_size_x": 0.30517578125, "pixel_size_y": 0.30517578125, "crs": "EPSG:32737", "global_x_min": 258006.23327636719, "global_y_min": 9855126.5207305904, "global_x_max": 258018.77103881835, "global_y_max": 9855111.6257019043 }, "geometry": { "type": "Polygon", "coordinates": [ [ [ 258006.2332763671875, 9855126.520730590447783 ], [ 258018.771038818347733, 9855126.520730590447783 ], [ 258018.771038818347733, 9855111.625701904296875 ], [ 258006.2332763671875, 9855111.625701904296875 ], [ 258006.2332763671875, 9855126.520730590447783 ] ] ] } },
{ "type": "Feature", "properties": { "tile_row": 54, "tile_col": 14, "x_min": 766.8838, "y_min": 900.1779, "x_max": 808.895, "y_max": 932.98175, "confidence_score": 0.77338046, "Class": "domestic garbage", "tile_id": "54_14", "filename": "tile_54_14.jpg", "x_offset": 14336, "y_offset": 55296, "width": 1024, "height": 1024, "left": 257852.1728515625, "top": 9855213.3178710938, "pixel_size_x": 0.30517578125, "pixel_size_y": 0.30517578125, "crs": "EPSG:32737", "global_x_min": 258086.20721435547, "global_y_min": 9854938.6053771973, "global_x_max": 258099.02801513672, "global_y_max": 9854928.5944366455 }, "geometry": { "type": "Polygon", "coordinates": [ [ [ 258086.20721435546875, 9854938.605377197265625 ], [ 258099.02801513671875, 9854938.605377197265625 ], [ 258099.02801513671875, 9854928.594436645507812 ], [ 258086.20721435546875, 9854928.594436645507812 ], [ 258086.20721435546875, 9854938.605377197265625 ] ] ] } },
{ "type": "Feature", "properties": { "tile_row": 46, "tile_col": 22, "x_min": 65.99905, "y_min": 291.31476, "x_max": 200.03882, "y_max": 355.57422, "confidence_score": 0.35894725, "Class": "domestic garbage", "tile_id": "46_22", "filename": "tile_46_22.jpg", "x_offset": 22528, "y_offset": 47104, "width": 1024, "height": 1024, "left": 260352.1728515625, "top": 9857713.3178710938, "pixel_size_x": 0.30517578125, "pixel_size_y": 0.30517578125, "crs": "EPSG:32737", "global_x_min": 260372.31416320801, "global_y_min": 9857624.4156616218, "global_x_max": 260413.21985473632, "global_y_max": 9857604.8052307125 }, "geometry": { "type": "Polygon", "coordinates": [ [ [ 260372.314163208007812, 9857624.415661621838808 ], [ 260413.219854736322304, 9857624.415661621838808 ], [ 260413.219854736322304, 9857604.805230712518096 ], [ 260372.314163208007812, 9857604.805230712518096 ], [ 260372.314163208007812, 9857624.415661621838808 ] ] ] } },
{ "type": "Feature", "properties": { "tile_row": 40, "tile_col": 27, "x_min": 157.3523, "y_min": 476.85385, "x_max": 193.7243, "y_max": 508.5485, "confidence_score": 0.6086847, "Class": "domestic garbage", "tile_id": "40_27", "filename": "tile_40_27.jpg", "x_offset": 27648, "y_offset": 40960, "width": 1024, "height": 1024, "left": 261914.6728515625, "top": 9859588.3178710938, "pixel_size_x": 0.30517578125, "pixel_size_y": 0.30517578125, "crs": "EPSG:32737", "global_x_min": 261962.69296264648, "global_y_min": 9859442.7936248779, "global_x_max": 261973.79281616211, "global_y_max": 9859433.1211853027 }, "geometry": { "type": "Polygon", "coordinates": [ [ [ 261962.692962646484375, 9859442.793624877929688 ], [ 261973.792816162109375, 9859442.793624877929688 ], [ 261973.792816162109375, 9859433.121185302734375 ], [ 261962.692962646484375, 9859433.121185302734375 ], [ 261962.692962646484375, 9859442.793624877929688 ] ] ] } },
{ "type": "Feature", "properties": { "tile_row": 45, "tile_col": 29, "x_min": 546.75275, "y_min": 290.67987, "x_max": 588.2026, "y_max": 328.39368, "confidence_score": 0.78713185, "Class": "domestic garbage", "tile_id": "45_29", "filename": "tile_45_29.jpg", "x_offset": 29696, "y_offset": 46080, "width": 1024, "height": 1024, "left": 262539.6728515625, "top": 9858025.8178710938, "pixel_size_x": 0.30517578125, "pixel_size_y": 0.30517578125, "crs": "EPSG:32737", "global_x_min": 262706.52854919434, "global_y_min": 9857937.1094146725, "global_x_max": 262719.17803955078, "global_y_max": 9857925.6000732426 }, "geometry": { "type": "Polygon", "coordinates": [ [ [ 262706.528549194335938, 9857937.109414672479033 ], [ 262719.17803955078125, 9857937.109414672479033 ], [ 262719.17803955078125, 9857925.600073242560029 ], [ 262706.528549194335938, 9857925.600073242560029 ], [ 262706.528549194335938, 9857937.109414672479033 ] ] ] } },
{ "type": "Feature", "properties": { "tile_row": 62, "tile_col": 36, "x_min": 408.40225, "y_min": 278.69534, "x_max": 454.65323, "y_max": 309.20853, "confidence_score": 0.62457925, "Class": "domestic garbage", "tile_id": "62_36", "filename": "tile_62_36.jpg", "x_offset": 36864, "y_offset": 63488, "width": 1024, "height": 1024, "left": 264727.1728515625, "top": 9852713.3178710938, "pixel_size_x": 0.30517578125, "pixel_size_y": 0.30517578125, "crs": "EPSG:32737", "global_x_min": 264851.80732727051, "global_y_min": 9852628.2668029778, "global_x_max": 264865.92200622556, "global_y_max": 9852618.9549163822 }, "geometry": { "type": "Polygon", "coordinates": [ [ [ 264851.807327270507812, 9852628.266802977770567 ], [ 264865.922006225562654, 9852628.266802977770567 ], [ 264865.922006225562654, 9852618.954916382208467 ], [ 264851.807327270507812, 9852618.954916382208467 ], [ 264851.807327270507812, 9852628.266802977770567 ] ] ] } },
{ "type": "Feature", "properties": { "tile_row": 22, "tile_col": 25, "x_min": 274.72256, "y_min": 58.082138, "x_max": 315.53873, "y_max": 114.885635, "confidence_score": 0.34963512, "Class": "domestic garbage", "tile_id": "22_25", "filename": "tile_22_25.jpg", "x_offset": 25600, "y_offset": 22528, "width": 1024, "height": 1024, "left": 261289.6728515625, "top": 9865213.3178710938, "pixel_size_x": 0.30517578125, "pixel_size_y": 0.30517578125, "crs": "EPSG:32737", "global_x_min": 261373.51152343751, "global_y_min": 9865195.5926092528, "global_x_max": 261385.96763000489, "global_y_max": 9865178.257557679 }, "geometry": { "type": "Polygon", "coordinates": [ [ [ 261373.511523437511642, 9865195.592609252780676 ], [ 261385.967630004888633, 9865195.592609252780676 ], [ 261385.967630004888633, 9865178.257557678967714 ], [ 261373.511523437511642, 9865178.257557678967714 ], [ 261373.511523437511642, 9865195.592609252780676 ] ] ] } },
{ "type": "Feature", "properties": { "tile_row": 47, "tile_col": 2, "x_min": 359.70172, "y_min": 794.011, "x_max": 413.62695, "y_max": 830.1245, "confidence_score": 0.8525592, "Class": "domestic garbage", "tile_id": "47_2", "filename": "tile_47_2.jpg", "x_offset": 2048, "y_offset": 48128, "width": 1024, "height": 1024, "left": 254102.1728515625, "top": 9857400.8178710938, "pixel_size_x": 0.30517578125, "pixel_size_y": 0.30517578125, "crs": "EPSG:32737", "global_x_min": 254211.94510498046, "global_y_min": 9857158.5049438477, "global_x_max": 254228.4017791748, "global_y_max": 9857147.4839782715 }, "geometry": { "type": "Polygon", "coordinates": [ [ [ 254211.945104980462929, 9857158.50494384765625 ], [ 254228.401779174804688, 9857158.50494384765625 ], [ 254228.401779174804688, 9857147.483978271484375 ], [ 254211.945104980462929, 9857147.483978271484375 ], [ 254211.945104980462929, 9857158.50494384765625 ] ] ] } },
{ "type": "Feature", "properties": { "tile_row": 49, "tile_col": 7, "x_min": 593.59717, "y_min": 707.0725, "x_max": 636.9424, "y_max": 752.1875, "confidence_score": 0.3085426, "Class": "domestic garbage", "tile_id": "49_7", "filename": "tile_49_7.jpg", "x_offset": 7168, "y_offset": 50176, "width": 1024, "height": 1024, "left": 255664.6728515625, "top": 9856775.8178710938, "pixel_size_x": 0.30517578125, "pixel_size_y": 0.30517578125, "crs": "EPSG:32737", "global_x_min": 255845.82433166503, "global_y_min": 9856560.0364685059, "global_x_max": 255859.05224609375, "global_y_max": 9856546.2684631348 }, "geometry": { "type": "Polygon", "coordinates": [ [ [ 255845.824331665033242, 9856560.036468505859375 ], [ 255859.05224609375, 9856560.036468505859375 ], [ 255859.05224609375, 9856546.268463134765625 ], [ 255845.824331665033242, 9856546.268463134765625 ], [ 255845.824331665033242, 9856560.036468505859375 ] ] ] } },
{ "type": "Feature", "properties": { "tile_row": 15, "tile_col": 38, "x_min": 104.32837, "y_min": 186.5594, "x_max": 184.39285, "y_max": 244.1834, "confidence_score": 0.63072044, "Class": "domestic garbage", "tile_id": "15_38", "filename": "tile_15_38.jpg", "x_offset": 38912, "y_offset": 15360, "width": 1024, "height": 1024, "left": 265352.1728515625, "top": 9867400.8178710938, "pixel_size_x": 0.30517578125, "pixel_size_y": 0.30517578125, "crs": "EPSG:32737", "global_x_min": 265384.01134338381, "global_y_min": 9867343.8844604492, "global_x_max": 265408.44508361816, "global_y_max": 9867326.2990112305 }, "geometry": { "type": "Polygon", "coordinates": [ [ [ 265384.011343383812346, 9867343.88446044921875 ], [ 265408.445083618164062, 9867343.88446044921875 ], [ 265408.445083618164062, 9867326.29901123046875 ], [ 265384.011343383812346, 9867326.29901123046875 ], [ 265384.011343383812346, 9867343.88446044921875 ] ] ] } },
{ "type": "Feature", "properties": { "tile_row": 25, "tile_col": 23, "x_min": 467.9802, "y_min": 347.89185, "x_max": 505.8693, "y_max": 381.52643, "confidence_score": 0.65648896, "Class": "domestic garbage", "tile_id": "25_23", "filename": "tile_25_23.jpg", "x_offset": 23552, "y_offset": 25600, "width": 1024, "height": 1024, "left": 260664.6728515625, "top": 9864275.8178710938, "pixel_size_x": 0.30517578125, "pixel_size_y": 0.30517578125, "crs": "EPSG:32737", "global_x_min": 260807.48907470703, "global_y_min": 9864169.6497039795, "global_x_max": 260819.05191040039, "global_y_max": 9864159.3852447513 }, "geometry": { "type": "Polygon", "coordinates": [ [ [ 260807.48907470703125, 9864169.649703979492188 ], [ 260819.051910400390625, 9864169.649703979492188 ], [ 260819.051910400390625, 9864159.385244751349092 ], [ 260807.48907470703125, 9864159.385244751349092 ], [ 260807.48907470703125, 9864169.649703979492188 ] ] ] } },
{ "type": "Feature", "properties": { "tile_row": 34, "tile_col": 18, "x_min": 369.29144, "y_min": 457.51572, "x_max": 425.3446, "y_max": 503.31107, "confidence_score": 0.3164524, "Class": "domestic garbage", "tile_id": "34_18", "filename": "tile_34_18.jpg", "x_offset": 18432, "y_offset": 34816, "width": 1024, "height": 1024, "left": 259102.1728515625, "top": 9861463.3178710938, "pixel_size_x": 0.30517578125, "pixel_size_y": 0.30517578125, "crs": "EPSG:32737", "global_x_min": 259214.87165527343, "global_y_min": 9861323.6951538082, "global_x_max": 259231.97772216797, "global_y_max": 9861309.7195220944 }, "geometry": { "type": "Polygon", "coordinates": [ [ [ 259214.871655273425858, 9861323.695153808221221 ], [ 259231.97772216796875, 9861323.695153808221221 ], [ 259231.97772216796875, 9861309.719522094354033 ], [ 259214.871655273425858, 9861309.719522094354033 ], [ 259214.871655273425858, 9861323.695153808221221 ] ] ] } },
{ "type": "Feature", "properties": { "tile_row": 20, "tile_col": 25, "x_min": 446.11697, "y_min": 726.2407, "x_max": 516.2987, "y_max": 778.0867, "confidence_score": 0.43825293, "Class": "domestic garbage", "tile_id": "20_25", "filename": "tile_20_25.jpg", "x_offset": 25600, "y_offset": 20480, "width": 1024, "height": 1024, "left": 261289.6728515625, "top": 9865838.3178710938, "pixel_size_x": 0.30517578125, "pixel_size_y": 0.30517578125, "crs": "EPSG:32737", "global_x_min": 261425.81694641113, "global_y_min": 9865616.6867980957, "global_x_max": 261447.23471069336, "global_y_max": 9865600.864654541 }, "geometry": { "type": "Polygon", "coordinates": [ [ [ 261425.816946411126992, 9865616.686798095703125 ], [ 261447.234710693359375, 9865616.686798095703125 ], [ 261447.234710693359375, 9865600.864654541015625 ], [ 261425.816946411126992, 9865600.864654541015625 ], [ 261425.816946411126992, 9865616.686798095703125 ] ] ] } },
{ "type": "Feature", "properties": { "tile_row": 56, "tile_col": 15, "x_min": 387.77402, "y_min": 464.04678, "x_max": 436.53482, "y_max": 512.9843, "confidence_score": 0.3433636, "Class": "domestic garbage", "tile_id": "56_15", "filename": "tile_56_15.jpg", "x_offset": 15360, "y_offset": 57344, "width": 1024, "height": 1024, "left": 258164.6728515625, "top": 9854588.3178710938, "pixel_size_x": 0.30517578125, "pixel_size_y": 0.30517578125, "crs": "EPSG:32737", "global_x_min": 258283.01209106445, "global_y_min": 9854446.7020324711, "global_x_max": 258297.89270629882, "global_y_max": 9854431.7674865723 }, "geometry": { "type": "Polygon", "coordinates": [ [ [ 258283.012091064447304, 9854446.702032471075654 ], [ 258297.892706298822304, 9854446.702032471075654 ], [ 258297.892706298822304, 9854431.767486572265625 ], [ 258283.012091064447304, 9854431.767486572265625 ], [ 258283.012091064447304, 9854446.702032471075654 ] ] ] } },
{ "type": "Feature", "properties": { "tile_row": 56, "tile_col": 15, "x_min": 94.40415, "y_min": 375.4983, "x_max": 134.01596, "y_max": 420.43756, "confidence_score": 0.3157704, "Class": "domestic garbage", "tile_id": "56_15", "filename": "tile_56_15.jpg", "x_offset": 15360, "y_offset": 57344, "width": 1024, "height": 1024, "left": 258164.6728515625, "top": 9854588.3178710938, "pixel_size_x": 0.30517578125, "pixel_size_y": 0.30517578125, "crs": "EPSG:32737", "global_x_min": 258193.48271179199, "global_y_min": 9854473.7248840332, "global_x_max": 258205.57127685548, "global_y_max": 9854460.0105102547 }, "geometry": { "type": "Polygon", "coordinates": [ [ [ 258193.482711791992188, 9854473.724884033203125 ], [ 258205.571276855480392, 9854473.724884033203125 ], [ 258205.571276855480392, 9854460.010510254651308 ], [ 258193.482711791992188, 9854460.010510254651308 ], [ 258193.482711791992188, 9854473.724884033203125 ] ] ] } },
{ "type": "Feature", "properties": { "tile_row": 64, "tile_col": 35, "x_min": 666.7437, "y_min": 815.9648, "x_max": 791.7602, "y_max": 893.4843, "confidence_score": 0.5962781, "Class": "domestic garbage", "tile_id": "64_35", "filename": "tile_64_35.jpg", "x_offset": 35840, "y_offset": 65536, "width": 1024, "height": 1024, "left": 264414.6728515625, "top": 9852088.3178710938, "pixel_size_x": 0.30517578125, "pixel_size_y": 0.30517578125, "crs": "EPSG:32737", "global_x_min": 264618.14688110352, "global_y_min": 9851839.3051757812, "global_x_max": 264656.29888916016, "global_y_max": 9851815.6481018066 }, "geometry": { "type": "Polygon", "coordinates": [ [ [ 264618.146881103515625, 9851839.30517578125 ], [ 264656.29888916015625, 9851839.30517578125 ], [ 264656.29888916015625, 9851815.648101806640625 ], [ 264618.146881103515625, 9851815.648101806640625 ], [ 264618.146881103515625, 9851839.30517578125 ] ] ] } },
{ "type": "Feature", "properties": { "tile_row": 5, "tile_col": 2, "x_min": 448.0393, "y_min": 701.0787, "x_max": 492.49353, "y_max": 743.0905, "confidence_score": 0.74670565, "Class": "domestic garbage", "tile_id": "5_2", "filename": "tile_5_2.jpg", "x_offset": 2048, "y_offset": 5120, "width": 1024, "height": 1024, "left": 254102.1728515625, "top": 9870525.8178710938, "pixel_size_x": 0.30517578125, "pixel_size_y": 0.30517578125, "crs": "EPSG:32737", "global_x_min": 254238.9035949707, "global_y_min": 9870311.8656311035, "global_x_max": 254252.46994934083, "global_y_max": 9870299.0446472168 }, "geometry": { "type": "Polygon", "coordinates": [ [ [ 254238.903594970703125, 9870311.865631103515625 ], [ 254252.469949340826133, 9870311.865631103515625 ], [ 254252.469949340826133, 9870299.044647216796875 ], [ 254238.903594970703125, 9870299.044647216796875 ], [ 254238.903594970703125, 9870311.865631103515625 ] ] ] } },
{ "type": "Feature", "properties": { "tile_row": 47, "tile_col": 33, "x_min": 375.93515, "y_min": 763.68555, "x_max": 414.48514, "y_max": 803.245, "confidence_score": 0.47972316, "Class": "domestic garbage", "tile_id": "47_33", "filename": "tile_47_33.jpg", "x_offset": 33792, "y_offset": 48128, "width": 1024, "height": 1024, "left": 263789.6728515625, "top": 9857400.8178710938, "pixel_size_x": 0.30517578125, "pixel_size_y": 0.30517578125, "crs": "EPSG:32737", "global_x_min": 263904.39915466309, "global_y_min": 9857167.7595367432, "global_x_max": 263916.1636779785, "global_y_max": 9857155.6869506836 }, "geometry": { "type": "Polygon", "coordinates": [ [ [ 263904.399154663085938, 9857167.759536743164062 ], [ 263916.163677978503983, 9857167.759536743164062 ], [ 263916.163677978503983, 9857155.68695068359375 ], [ 263904.399154663085938, 9857155.68695068359375 ], [ 263904.399154663085938, 9857167.759536743164062 ] ] ] } },
{ "type": "Feature", "properties": { "tile_row": 68, "tile_col": 1, "x_min": 408.8432, "y_min": 173.38057, "x_max": 502.4662, "y_max": 258.2958, "confidence_score": 0.4947845, "Class": "domestic garbage", "tile_id": "68_1", "filename": "tile_68_1.jpg", "x_offset": 1024, "y_offset": 69632, "width": 1024, "height": 1024, "left": 253789.6728515625, "top": 9850838.3178710938, "pixel_size_x": 0.30517578125, "pixel_size_y": 0.30517578125, "crs": "EPSG:32737", "global_x_min": 253914.44189453125, "global_y_min": 9850785.4063201901, "global_x_max": 253943.01336669922, "global_y_max": 9850759.4922485352 }, "geometry": { "type": "Polygon", "coordinates": [ [ [ 253914.44189453125, 9850785.406320190057158 ], [ 253943.01336669921875, 9850785.406320190057158 ], [ 253943.01336669921875, 9850759.49224853515625 ], [ 253914.44189453125, 9850759.49224853515625 ], [ 253914.44189453125, 9850785.406320190057158 ] ] ] } },
{ "type": "Feature", "properties": { "tile_row": 39, "tile_col": 31, "x_min": 789.1052, "y_min": 325.90103, "x_max": 875.0542, "y_max": 440.17593, "confidence_score": 0.7554205, "Class": "domestic garbage", "tile_id": "39_31", "filename": "tile_39_31.jpg", "x_offset": 31744, "y_offset": 39936, "width": 1024, "height": 1024, "left": 263164.6728515625, "top": 9859900.8178710938, "pixel_size_x": 0.30517578125, "pixel_size_y": 0.30517578125, "crs": "EPSG:32737", "global_x_min": 263405.48864746094, "global_y_min": 9859801.3607696537, "global_x_max": 263431.71820068359, "global_y_max": 9859766.4868377689 }, "geometry": { "type": "Polygon", "coordinates": [ [ [ 263405.4886474609375, 9859801.360769653692842 ], [ 263431.71820068359375, 9859801.360769653692842 ], [ 263431.71820068359375, 9859766.486837768927217 ], [ 263405.4886474609375, 9859766.486837768927217 ], [ 263405.4886474609375, 9859801.360769653692842 ] ] ] } },
{ "type": "Feature", "properties": { "tile_row": 39, "tile_col": 31, "x_min": 431.74228, "y_min": 410.1001, "x_max": 488.33432, "y_max": 450.91772, "confidence_score": 0.66255265, "Class": "domestic garbage", "tile_id": "39_31", "filename": "tile_39_31.jpg", "x_offset": 31744, "y_offset": 39936, "width": 1024, "height": 1024, "left": 263164.6728515625, "top": 9859900.8178710938, "pixel_size_x": 0.30517578125, "pixel_size_y": 0.30517578125, "crs": "EPSG:32737", "global_x_min": 263296.43013916013, "global_y_min": 9859775.6652526855, "global_x_max": 263313.70065917971, "global_y_max": 9859763.2087036129 }, "geometry": { "type": "Polygon", "coordinates": [ [ [ 263296.430139160132967, 9859775.665252685546875 ], [ 263313.700659179710783, 9859775.665252685546875 ], [ 263313.700659179710783, 9859763.208703612908721 ], [ 263296.430139160132967, 9859763.208703612908721 ], [ 263296.430139160132967, 9859775.665252685546875 ] ] ] } },
{ "type": "Feature", "properties": { "tile_row": 39, "tile_col": 31, "x_min": 824.1159, "y_min": 679.89716, "x_max": 895.0518, "y_max": 721.9029, "confidence_score": 0.40555784, "Class": "domestic garbage", "tile_id": "39_31", "filename": "tile_39_31.jpg", "x_offset": 31744, "y_offset": 39936, "width": 1024, "height": 1024, "left": 263164.6728515625, "top": 9859900.8178710938, "pixel_size_x": 0.30517578125, "pixel_size_y": 0.30517578125, "crs": "EPSG:32737", "global_x_min": 263416.17306518555, "global_y_min": 9859693.3297241218, "global_x_max": 263437.82098388672, "global_y_max": 9859680.5105895996 }, "geometry": { "type": "Polygon", "coordinates": [ [ [ 263416.173065185546875, 9859693.329724121838808 ], [ 263437.82098388671875, 9859693.329724121838808 ], [ 263437.82098388671875, 9859680.510589599609375 ], [ 263416.173065185546875, 9859680.510589599609375 ], [ 263416.173065185546875, 9859693.329724121838808 ] ] ] } },
{ "type": "Feature", "properties": { "tile_row": 75, "tile_col": 18, "x_min": 854.149, "y_min": 661.4957, "x_max": 911.58527, "y_max": 727.8679, "confidence_score": 0.6754997, "Class": "domestic garbage", "tile_id": "75_18", "filename": "tile_75_18.jpg", "x_offset": 18432, "y_offset": 76800, "width": 1024, "height": 1024, "left": 259102.1728515625, "top": 9848650.8178710938, "pixel_size_x": 0.30517578125, "pixel_size_y": 0.30517578125, "crs": "EPSG:32737", "global_x_min": 259362.83843994141, "global_y_min": 9848448.9454040527, "global_x_max": 259380.36659851074, "global_y_max": 9848428.6902160645 }, "geometry": { "type": "Polygon", "coordinates": [ [ [ 259362.83843994140625, 9848448.945404052734375 ], [ 259380.366598510736367, 9848448.945404052734375 ], [ 259380.366598510736367, 9848428.690216064453125 ], [ 259362.83843994140625, 9848428.690216064453125 ], [ 259362.83843994140625, 9848448.945404052734375 ] ] ] } },
{ "type": "Feature", "properties": { "tile_row": 20, "tile_col": 14, "x_min": 633.2102, "y_min": 627.739, "x_max": 684.6261, "y_max": 676.10156, "confidence_score": 0.84302, "Class": "domestic garbage", "tile_id": "20_14", "filename": "tile_20_14.jpg", "x_offset": 14336, "y_offset": 20480, "width": 1024, "height": 1024, "left": 257852.1728515625, "top": 9865838.3178710938, "pixel_size_x": 0.30517578125, "pixel_size_y": 0.30517578125, "crs": "EPSG:32737", "global_x_min": 258045.41326904297, "global_y_min": 9865646.7471313477, "global_x_max": 258061.10415649414, "global_y_max": 9865631.9880493172 }, "geometry": { "type": "Polygon", "coordinates": [ [ [ 258045.41326904296875, 9865646.74713134765625 ], [ 258061.104156494140625, 9865646.74713134765625 ], [ 258061.104156494140625, 9865631.988049317151308 ], [ 258045.41326904296875, 9865631.988049317151308 ], [ 258045.41326904296875, 9865646.74713134765625 ] ] ] } },
{ "type": "Feature", "properties": { "tile_row": 10, "tile_col": 15, "x_min": 363.95184, "y_min": 108.622604, "x_max": 462.153, "y_max": 180.98778, "confidence_score": 0.42200035, "Class": "domestic garbage", "tile_id": "10_15", "filename": "tile_10_15.jpg", "x_offset": 15360, "y_offset": 10240, "width": 1024, "height": 1024, "left": 258164.6728515625, "top": 9868963.3178710938, "pixel_size_x": 0.30517578125, "pixel_size_y": 0.30517578125, "crs": "EPSG:32737", "global_x_min": 258275.74213867186, "global_y_min": 9868930.1688830573, "global_x_max": 258305.71075439453, "global_y_max": 9868908.0847839359 }, "geometry": { "type": "Polygon", "coordinates": [ [ [ 258275.742138671863358, 9868930.168883057311177 ], [ 258305.71075439453125, 9868930.168883057311177 ], [ 258305.71075439453125, 9868908.084783935919404 ], [ 258275.742138671863358, 9868908.084783935919404 ], [ 258275.742138671863358, 9868930.168883057311177 ] ] ] } },
{ "type": "Feature", "properties": { "tile_row": 30, "tile_col": 32, "x_min": 312.33405, "y_min": 389.84198, "x_max": 370.48096, "y_max": 442.0216, "confidence_score": 0.93922615, "Class": "domestic garbage", "tile_id": "30_32", "filename": "tile_30_32.jpg", "x_offset": 32768, "y_offset": 30720, "width": 1024, "height": 1024, "left": 263477.1728515625, "top": 9862713.3178710938, "pixel_size_x": 0.30517578125, "pixel_size_y": 0.30517578125, "crs": "EPSG:32737", "global_x_min": 263572.48963928223, "global_y_min": 9862594.3475402836, "global_x_max": 263590.23466796876, "global_y_max": 9862578.4235839844 }, "geometry": { "type": "Polygon", "coordinates": [ [ [ 263572.489639282226562, 9862594.347540283575654 ], [ 263590.234667968761642, 9862594.347540283575654 ], [ 263590.234667968761642, 9862578.423583984375 ], [ 263572.489639282226562, 9862578.423583984375 ], [ 263572.489639282226562, 9862594.347540283575654 ] ] ] } },
{ "type": "Feature", "properties": { "tile_row": 40, "tile_col": 23, "x_min": 572.6433, "y_min": 263.62137, "x_max": 614.53174, "y_max": 298.6271, "confidence_score": 0.6500754, "Class": "domestic garbage", "tile_id": "40_23", "filename": "tile_40_23.jpg", "x_offset": 23552, "y_offset": 40960, "width": 1024, "height": 1024, "left": 260664.6728515625, "top": 9859588.3178710938, "pixel_size_x": 0.30517578125, "pixel_size_y": 0.30517578125, "crs": "EPSG:32737", "global_x_min": 260839.42971801758, "global_y_min": 9859507.8670135494, "global_x_max": 260852.21305541991, "global_y_max": 9859497.1841125488 }, "geometry": { "type": "Polygon", "coordinates": [ [ [ 260839.429718017578125, 9859507.867013549432158 ], [ 260852.213055419910233, 9859507.867013549432158 ], [ 260852.213055419910233, 9859497.184112548828125 ], [ 260839.429718017578125, 9859497.184112548828125 ], [ 260839.429718017578125, 9859507.867013549432158 ] ] ] } },
{ "type": "Feature", "properties": { "tile_row": 56, "tile_col": 5, "x_min": 887.74634, "y_min": 362.07025, "x_max": 933.65027, "y_max": 412.77942, "confidence_score": 0.30681458, "Class": "domestic garbage", "tile_id": "56_5", "filename": "tile_56_5.jpg", "x_offset": 5120, "y_offset": 57344, "width": 1024, "height": 1024, "left": 255039.6728515625, "top": 9854588.3178710938, "pixel_size_x": 0.30517578125, "pixel_size_y": 0.30517578125, "crs": "EPSG:32737", "global_x_min": 255310.59153442382, "global_y_min": 9854477.8227996826, "global_x_max": 255324.60030212402, "global_y_max": 9854462.347589111 }, "geometry": { "type": "Polygon", "coordinates": [ [ [ 255310.591534423816483, 9854477.822799682617188 ], [ 255324.600302124017617, 9854477.822799682617188 ], [ 255324.600302124017617, 9854462.347589110955596 ], [ 255310.591534423816483, 9854462.347589110955596 ], [ 255310.591534423816483, 9854477.822799682617188 ] ] ] } },
{ "type": "Feature", "properties": { "tile_row": 48, "tile_col": 31, "x_min": 357.23596, "y_min": 506.4209, "x_max": 431.23584, "y_max": 555.5858, "confidence_score": 0.5743369, "Class": "domestic garbage", "tile_id": "48_31", "filename": "tile_48_31.jpg", "x_offset": 31744, "y_offset": 49152, "width": 1024, "height": 1024, "left": 263164.6728515625, "top": 9857088.3178710938, "pixel_size_x": 0.30517578125, "pixel_size_y": 0.30517578125, "crs": "EPSG:32737", "global_x_min": 263273.69261474611, "global_y_min": 9856933.7704772949, "global_x_max": 263296.27558593749, "global_y_max": 9856918.7665405273 }, "geometry": { "type": "Polygon", "coordinates": [ [ [ 263273.692614746105392, 9856933.770477294921875 ], [ 263296.275585937488358, 9856933.770477294921875 ], [ 263296.275585937488358, 9856918.76654052734375 ], [ 263273.692614746105392, 9856918.76654052734375 ], [ 263273.692614746105392, 9856933.770477294921875 ] ] ] } },
{ "type": "Feature", "properties": { "tile_row": 48, "tile_col": 31, "x_min": 83.3721, "y_min": 490.08145, "x_max": 128.15201, "y_max": 529.4301, "confidence_score": 0.5583743, "Class": "domestic garbage", "tile_id": "48_31", "filename": "tile_48_31.jpg", "x_offset": 31744, "y_offset": 49152, "width": 1024, "height": 1024, "left": 263164.6728515625, "top": 9857088.3178710938, "pixel_size_x": 0.30517578125, "pixel_size_y": 0.30517578125, "crs": "EPSG:32737", "global_x_min": 263190.11599731445, "global_y_min": 9856938.7568817139, "global_x_max": 263203.78174133302, "global_y_max": 9856926.748626709 }, "geometry": { "type": "Polygon", "coordinates": [ [ [ 263190.115997314453125, 9856938.756881713867188 ], [ 263203.781741333019454, 9856938.756881713867188 ], [ 263203.781741333019454, 9856926.748626708984375 ], [ 263190.115997314453125, 9856926.748626708984375 ], [ 263190.115997314453125, 9856938.756881713867188 ] ] ] } },
{ "type": "Feature", "properties": { "tile_row": 44, "tile_col": 29, "x_min": 317.347, "y_min": 536.369, "x_max": 355.1156, "y_max": 565.11816, "confidence_score": 0.6012477, "Class": "domestic garbage", "tile_id": "44_29", "filename": "tile_44_29.jpg", "x_offset": 29696, "y_offset": 45056, "width": 1024, "height": 1024, "left": 262539.6728515625, "top": 9858338.3178710938, "pixel_size_x": 0.30517578125, "pixel_size_y": 0.30517578125, "crs": "EPSG:32737", "global_x_min": 262636.51947021484, "global_y_min": 9858174.6310424805, "global_x_max": 262648.04553222656, "global_y_max": 9858165.8574951179 }, "geometry": { "type": "Polygon", "coordinates": [ [ [ 262636.51947021484375, 9858174.63104248046875 ], [ 262648.0455322265625, 9858174.63104248046875 ], [ 262648.0455322265625, 9858165.857495117932558 ], [ 262636.51947021484375, 9858165.857495117932558 ], [ 262636.51947021484375, 9858174.63104248046875 ] ] ] } },
{ "type": "Feature", "properties": { "tile_row": 34, "tile_col": 37, "x_min": 813.16473, "y_min": 462.23853, "x_max": 909.26654, "y_max": 591.4807, "confidence_score": 0.49301723, "Class": "domestic garbage", "tile_id": "34_37", "filename": "tile_34_37.jpg", "x_offset": 37888, "y_offset": 34816, "width": 1024, "height": 1024, "left": 265039.6728515625, "top": 9861463.3178710938, "pixel_size_x": 0.30517578125, "pixel_size_y": 0.30517578125, "crs": "EPSG:32737", "global_x_min": 265287.83103332517, "global_y_min": 9861322.2538665775, "global_x_max": 265317.15897827147, "global_y_max": 9861282.812286377 }, "geometry": { "type": "Polygon", "coordinates": [ [ [ 265287.831033325172029, 9861322.253866577520967 ], [ 265317.158978271472733, 9861322.253866577520967 ], [ 265317.158978271472733, 9861282.812286376953125 ], [ 265287.831033325172029, 9861282.812286376953125 ], [ 265287.831033325172029, 9861322.253866577520967 ] ] ] } },
{ "type": "Feature", "properties": { "tile_row": 35, "tile_col": 23, "x_min": 245.58759, "y_min": 875.8687, "x_max": 325.69775, "y_max": 910.89984, "confidence_score": 0.3587356, "Class": "domestic garbage", "tile_id": "35_23", "filename": "tile_35_23.jpg", "x_offset": 23552, "y_offset": 35840, "width": 1024, "height": 1024, "left": 260664.6728515625, "top": 9861150.8178710938, "pixel_size_x": 0.30517578125, "pixel_size_y": 0.30517578125, "crs": "EPSG:32737", "global_x_min": 260739.62023620604, "global_y_min": 9860883.5239562988, "global_x_max": 260764.06791687012, "global_y_max": 9860872.8333007805 }, "geometry": { "type": "Polygon", "coordinates": [ [ [ 260739.620236206043046, 9860883.523956298828125 ], [ 260764.067916870117188, 9860883.523956298828125 ], [ 260764.067916870117188, 9860872.833300780504942 ], [ 260739.620236206043046, 9860872.833300780504942 ], [ 260739.620236206043046, 9860883.523956298828125 ] ] ] } },
{ "type": "Feature", "properties": { "tile_row": 39, "tile_col": 8, "x_min": 385.6242, "y_min": 575.6355, "x_max": 422.5829, "y_max": 605.286, "confidence_score": 0.35803634, "Class": "domestic garbage", "tile_id": "39_8", "filename": "tile_39_8.jpg", "x_offset": 8192, "y_offset": 39936, "width": 1024, "height": 1024, "left": 255977.1728515625, "top": 9859900.8178710938, "pixel_size_x": 0.30517578125, "pixel_size_y": 0.30517578125, "crs": "EPSG:32737", "global_x_min": 256094.85601806641, "global_y_min": 9859725.147857666, "global_x_max": 256106.13491821289, "global_y_max": 9859716.0992431641 }, "geometry": { "type": "Polygon", "coordinates": [ [ [ 256094.85601806640625, 9859725.147857666015625 ], [ 256106.134918212890625, 9859725.147857666015625 ], [ 256106.134918212890625, 9859716.0992431640625 ], [ 256094.85601806640625, 9859716.0992431640625 ], [ 256094.85601806640625, 9859725.147857666015625 ] ] ] } },
{ "type": "Feature", "properties": { "tile_row": 42, "tile_col": 39, "x_min": 459.70706, "y_min": 190.64542, "x_max": 531.8441, "y_max": 281.52493, "confidence_score": 0.74973875, "Class": "domestic garbage", "tile_id": "42_39", "filename": "tile_42_39.jpg", "x_offset": 39936, "y_offset": 43008, "width": 1024, "height": 1024, "left": 265664.6728515625, "top": 9858963.3178710938, "pixel_size_x": 0.30517578125, "pixel_size_y": 0.30517578125, "crs": "EPSG:32737", "global_x_min": 265804.96431274415, "global_y_min": 9858905.1375061031, "global_x_max": 265826.9787902832, "global_y_max": 9858877.40328064 }, "geometry": { "type": "Polygon", "coordinates": [ [ [ 265804.964312744152267, 9858905.137506103143096 ], [ 265826.978790283203125, 9858905.137506103143096 ], [ 265826.978790283203125, 9858877.403280640020967 ], [ 265804.964312744152267, 9858877.403280640020967 ], [ 265804.964312744152267, 9858905.137506103143096 ] ] ] } },
{ "type": "Feature", "properties": { "tile_row": 67, "tile_col": 9, "x_min": 308.1734, "y_min": 594.6121, "x_max": 379.5741, "y_max": 657.12054, "confidence_score": 0.83861583, "Class": "domestic garbage", "tile_id": "67_9", "filename": "tile_67_9.jpg", "x_offset": 9216, "y_offset": 68608, "width": 1024, "height": 1024, "left": 256289.6728515625, "top": 9851150.8178710938, "pixel_size_x": 0.30517578125, "pixel_size_y": 0.30517578125, "crs": "EPSG:32737", "global_x_min": 256383.71990966797, "global_y_min": 9850969.3566589355, "global_x_max": 256405.50967407227, "global_y_max": 9850950.2805969231 }, "geometry": { "type": "Polygon", "coordinates": [ [ [ 256383.71990966796875, 9850969.356658935546875 ], [ 256405.509674072265625, 9850969.356658935546875 ], [ 256405.509674072265625, 9850950.280596923083067 ], [ 256383.71990966796875, 9850950.280596923083067 ], [ 256383.71990966796875, 9850969.356658935546875 ] ] ] } },
{ "type": "Feature", "properties": { "tile_row": 54, "tile_col": 12, "x_min": 335.21622, "y_min": 387.81152, "x_max": 415.57126, "y_max": 436.3305, "confidence_score": 0.6698496, "Class": "domestic garbage", "tile_id": "54_12", "filename": "tile_54_12.jpg", "x_offset": 12288, "y_offset": 55296, "width": 1024, "height": 1024, "left": 257227.1728515625, "top": 9855213.3178710938, "pixel_size_x": 0.30517578125, "pixel_size_y": 0.30517578125, "crs": "EPSG:32737", "global_x_min": 257329.47272338867, "global_y_min": 9855094.9671874996, "global_x_max": 257353.99513549806, "global_y_max": 9855080.160369873 }, "geometry": { "type": "Polygon", "coordinates": [ [ [ 257329.472723388666054, 9855094.967187499627471 ], [ 257353.995135498058517, 9855094.967187499627471 ], [ 257353.995135498058517, 9855080.160369873046875 ], [ 257329.472723388666054, 9855080.160369873046875 ], [ 257329.472723388666054, 9855094.967187499627471 ] ] ] } },
{ "type": "Feature", "properties": { "tile_row": 24, "tile_col": 32, "x_min": 662.4882, "y_min": 228.69598, "x_max": 720.62445, "y_max": 265.08386, "confidence_score": 0.53085095, "Class": "domestic garbage", "tile_id": "24_32", "filename": "tile_24_32.jpg", "x_offset": 32768, "y_offset": 24576, "width": 1024, "height": 1024, "left": 263477.1728515625, "top": 9864588.3178710938, "pixel_size_x": 0.30517578125, "pixel_size_y": 0.30517578125, "crs": "EPSG:32737", "global_x_min": 263679.34820556641, "global_y_min": 9864518.5253967289, "global_x_max": 263697.0899810791, "global_y_max": 9864507.4206970222 }, "geometry": { "type": "Polygon", "coordinates": [ [ [ 263679.34820556640625, 9864518.525396728888154 ], [ 263697.089981079101562, 9864518.525396728888154 ], [ 263697.089981079101562, 9864507.420697022229433 ], [ 263679.34820556640625, 9864507.420697022229433 ], [ 263679.34820556640625, 9864518.525396728888154 ] ] ] } },
{ "type": "Feature", "properties": { "tile_row": 34, "tile_col": 42, "x_min": 797.5886, "y_min": 697.42267, "x_max": 844.46704, "y_max": 734.0192, "confidence_score": 0.68214417, "Class": "domestic garbage", "tile_id": "34_42", "filename": "tile_34_42.jpg", "x_offset": 43008, "y_offset": 34816, "width": 1024, "height": 1024, "left": 266602.1728515625, "top": 9861463.3178710938, "pixel_size_x": 0.30517578125, "pixel_size_y": 0.30517578125, "crs": "EPSG:32737", "global_x_min": 266845.57757568359, "global_y_min": 9861250.4813629147, "global_x_max": 266859.88374023436, "global_y_max": 9861239.3129882812 }, "geometry": { "type": "Polygon", "coordinates": [ [ [ 266845.57757568359375, 9861250.481362914666533 ], [ 266859.883740234363358, 9861250.481362914666533 ], [ 266859.883740234363358, 9861239.31298828125 ], [ 266845.57757568359375, 9861239.31298828125 ], [ 266845.57757568359375, 9861250.481362914666533 ] ] ] } },
{ "type": "Feature", "properties": { "tile_row": 62, "tile_col": 9, "x_min": 634.8155, "y_min": 265.6929, "x_max": 716.638, "y_max": 336.4183, "confidence_score": 0.37096983, "Class": "domestic garbage", "tile_id": "62_9", "filename": "tile_62_9.jpg", "x_offset": 9216, "y_offset": 63488, "width": 1024, "height": 1024, "left": 256289.6728515625, "top": 9852713.3178710938, "pixel_size_x": 0.30517578125, "pixel_size_y": 0.30517578125, "crs": "EPSG:32737", "global_x_min": 256483.40316772461, "global_y_min": 9852632.2348327637, "global_x_max": 256508.37341308594, "global_y_max": 9852610.6511535645 }, "geometry": { "type": "Polygon", "coordinates": [ [ [ 256483.403167724609375, 9852632.234832763671875 ], [ 256508.3734130859375, 9852632.234832763671875 ], [ 256508.3734130859375, 9852610.651153564453125 ], [ 256483.403167724609375, 9852610.651153564453125 ], [ 256483.403167724609375, 9852632.234832763671875 ] ] ] } },
{ "type": "Feature", "properties": { "tile_row": 27, "tile_col": 28, "x_min": 422.55496, "y_min": 606.93134, "x_max": 492.2092, "y_max": 671.32745, "confidence_score": 0.4767438, "Class": "domestic garbage", "tile_id": "27_28", "filename": "tile_27_28.jpg", "x_offset": 28672, "y_offset": 27648, "width": 1024, "height": 1024, "left": 262227.1728515625, "top": 9863650.8178710938, "pixel_size_x": 0.30517578125, "pixel_size_y": 0.30517578125, "crs": "EPSG:32737", "global_x_min": 262356.12639160157, "global_y_min": 9863465.5971252434, "global_x_max": 262377.38317871094, "global_y_max": 9863445.9449920654 }, "geometry": { "type": "Polygon", "coordinates": [ [ [ 262356.126391601574142, 9863465.597125243395567 ], [ 262377.3831787109375, 9863465.597125243395567 ], [ 262377.3831787109375, 9863445.944992065429688 ], [ 262356.126391601574142, 9863445.944992065429688 ], [ 262356.126391601574142, 9863465.597125243395567 ] ] ] } },
{ "type": "Feature", "properties": { "tile_row": 33, "tile_col": 0, "x_min": 421.72736, "y_min": 753.12036, "x_max": 489.5559, "y_max": 795.26025, "confidence_score": 0.7468312, "Class": "domestic garbage", "tile_id": "33_0", "filename": "tile_33_0.jpg", "x_offset": 0, "y_offset": 33792, "width": 1024, "height": 1024, "left": 253477.1728515625, "top": 9861775.8178710938, "pixel_size_x": 0.30517578125, "pixel_size_y": 0.30517578125, "crs": "EPSG:32737", "global_x_min": 253605.87382812501, "global_y_min": 9861545.9837768562, "global_x_max": 253626.57345581055, "global_y_max": 9861533.1237030029 }, "geometry": { "type": "Polygon", "coordinates": [ [ [ 253605.873828125011642, 9861545.983776856213808 ], [ 253626.573455810546875, 9861545.983776856213808 ], [ 253626.573455810546875, 9861533.123703002929688 ], [ 253605.873828125011642, 9861533.123703002929688 ], [ 253605.873828125011642, 9861545.983776856213808 ] ] ] } },
{ "type": "Feature", "properties": { "tile_row": 19, "tile_col": 18, "x_min": 280.38568, "y_min": 309.9747, "x_max": 326.47467, "y_max": 350.90036, "confidence_score": 0.62227505, "Class": "domestic garbage", "tile_id": "19_18", "filename": "tile_19_18.jpg", "x_offset": 18432, "y_offset": 19456, "width": 1024, "height": 1024, "left": 259102.1728515625, "top": 9866150.8178710938, "pixel_size_x": 0.30517578125, "pixel_size_y": 0.30517578125, "crs": "EPSG:32737", "global_x_min": 259187.73977050782, "global_y_min": 9866056.2210998535, "global_x_max": 259201.80501403808, "global_y_max": 9866043.7315795906 }, "geometry": { "type": "Polygon", "coordinates": [ [ [ 259187.739770507818321, 9866056.221099853515625 ], [ 259201.805014038080117, 9866056.221099853515625 ], [ 259201.805014038080117, 9866043.731579590588808 ], [ 259187.739770507818321, 9866043.731579590588808 ], [ 259187.739770507818321, 9866056.221099853515625 ] ] ] } },
{ "type": "Feature", "properties": { "tile_row": 30, "tile_col": 37, "x_min": 894.8567, "y_min": 352.13794, "x_max": 934.16064, "y_max": 383.87903, "confidence_score": 0.4788266, "Class": "domestic garbage", "tile_id": "30_37", "filename": "tile_30_37.jpg", "x_offset": 37888, "y_offset": 30720, "width": 1024, "height": 1024, "left": 265039.6728515625, "top": 9862713.3178710938, "pixel_size_x": 0.30517578125, "pixel_size_y": 0.30517578125, "crs": "EPSG:32737", "global_x_min": 265312.7614440918, "global_y_min": 9862605.8539001457, "global_x_max": 265324.75605468749, "global_y_max": 9862596.1672882084 }, "geometry": { "type": "Polygon", "coordinates": [ [ [ 265312.761444091796875, 9862605.853900145739317 ], [ 265324.756054687488358, 9862605.853900145739317 ], [ 265324.756054687488358, 9862596.167288208380342 ], [ 265312.761444091796875, 9862596.167288208380342 ], [ 265312.761444091796875, 9862605.853900145739317 ] ] ] } },
{ "type": "Feature", "properties": { "tile_row": 30, "tile_col": 37, "x_min": 717.40924, "y_min": 375.23477, "x_max": 778.66327, "y_max": 441.71774, "confidence_score": 0.36530787, "Class": "domestic garbage", "tile_id": "30_37", "filename": "tile_30_37.jpg", "x_offset": 37888, "y_offset": 30720, "width": 1024, "height": 1024, "left": 265039.6728515625, "top": 9862713.3178710938, "pixel_size_x": 0.30517578125, "pixel_size_y": 0.30517578125, "crs": "EPSG:32737", "global_x_min": 265258.60877685546, "global_y_min": 9862598.8053070065, "global_x_max": 265277.30202331545, "global_y_max": 9862578.5163146965 }, "geometry": { "type": "Polygon", "coordinates": [ [ [ 265258.608776855457108, 9862598.805307006463408 ], [ 265277.302023315452971, 9862598.805307006463408 ], [ 265277.302023315452971, 9862578.516314696520567 ], [ 265258.608776855457108, 9862578.516314696520567 ], [ 265258.608776855457108, 9862598.805307006463408 ] ] ] } },
{ "type": "Feature", "properties": { "tile_row": 42, "tile_col": 11, "x_min": 443.57498, "y_min": 603.8763, "x_max": 528.70715, "y_max": 699.6115, "confidence_score": 0.3095845, "Class": "domestic garbage", "tile_id": "42_11", "filename": "tile_42_11.jpg", "x_offset": 11264, "y_offset": 43008, "width": 1024, "height": 1024, "left": 256914.6728515625, "top": 9858963.3178710938, "pixel_size_x": 0.30517578125, "pixel_size_y": 0.30517578125, "crs": "EPSG:32737", "global_x_min": 257050.04119262696, "global_y_min": 9858779.0294494629, "global_x_max": 257076.02146911621, "global_y_max": 9858749.8133850098 }, "geometry": { "type": "Polygon", "coordinates": [ [ [ 257050.041192626958946, 9858779.029449462890625 ], [ 257076.021469116210938, 9858779.029449462890625 ], [ 257076.021469116210938, 9858749.813385009765625 ], [ 257050.041192626958946, 9858749.813385009765625 ], [ 257050.041192626958946, 9858779.029449462890625 ] ] ] } },
{ "type": "Feature", "properties": { "tile_row": 16, "tile_col": 31, "x_min": 730.1535, "y_min": 507.9123, "x_max": 768.0002, "y_max": 543.674, "confidence_score": 0.5024364, "Class": "domestic garbage", "tile_id": "16_31", "filename": "tile_16_31.jpg", "x_offset": 31744, "y_offset": 16384, "width": 1024, "height": 1024, "left": 263164.6728515625, "top": 9867088.3178710938, "pixel_size_x": 0.30517578125, "pixel_size_y": 0.30517578125, "crs": "EPSG:32737", "global_x_min": 263387.49801635742, "global_y_min": 9866933.3153381348, "global_x_max": 263399.04791259766, "global_y_max": 9866922.4017333984 }, "geometry": { "type": "Polygon", "coordinates": [ [ [ 263387.498016357421875, 9866933.315338134765625 ], [ 263399.04791259765625, 9866933.315338134765625 ], [ 263399.04791259765625, 9866922.4017333984375 ], [ 263387.498016357421875, 9866922.4017333984375 ], [ 263387.498016357421875, 9866933.315338134765625 ] ] ] } },
{ "type": "Feature", "properties": { "tile_row": 52, "tile_col": 1, "x_min": 414.2481, "y_min": 877.6068, "x_max": 475.04718, "y_max": 939.3203, "confidence_score": 0.78402007, "Class": "domestic garbage", "tile_id": "52_1", "filename": "tile_52_1.jpg", "x_offset": 1024, "y_offset": 53248, "width": 1024, "height": 1024, "left": 253789.6728515625, "top": 9855838.3178710938, "pixel_size_x": 0.30517578125, "pixel_size_y": 0.30517578125, "crs": "EPSG:32737", "global_x_min": 253916.09133911133, "global_y_min": 9855570.4935302734, "global_x_max": 253934.64574584962, "global_y_max": 9855551.6600646973 }, "geometry": { "type": "Polygon", "coordinates": [ [ [ 253916.091339111328125, 9855570.4935302734375 ], [ 253934.645745849615196, 9855570.4935302734375 ], [ 253934.645745849615196, 9855551.660064697265625 ], [ 253916.091339111328125, 9855551.660064697265625 ], [ 253916.091339111328125, 9855570.4935302734375 ] ] ] } },
{ "type": "Feature", "properties": { "tile_row": 39, "tile_col": 7, "x_min": 380.01566, "y_min": 450.17453, "x_max": 445.3375, "y_max": 486.02768, "confidence_score": 0.86155456, "Class": "domestic garbage", "tile_id": "39_7", "filename": "tile_39_7.jpg", "x_offset": 7168, "y_offset": 39936, "width": 1024, "height": 1024, "left": 255664.6728515625, "top": 9859900.8178710938, "pixel_size_x": 0.30517578125, "pixel_size_y": 0.30517578125, "crs": "EPSG:32737", "global_x_min": 255780.64442749025, "global_y_min": 9859763.4355072025, "global_x_max": 255800.57907104492, "global_y_max": 9859752.493994141 }, "geometry": { "type": "Polygon", "coordinates": [ [ [ 255780.644427490246017, 9859763.435507202520967 ], [ 255800.579071044921875, 9859763.435507202520967 ], [ 255800.579071044921875, 9859752.493994140997529 ], [ 255780.644427490246017, 9859752.493994140997529 ], [ 255780.644427490246017, 9859763.435507202520967 ] ] ] } },
{ "type": "Feature", "properties": { "tile_row": 13, "tile_col": 40, "x_min": 306.89713, "y_min": 883.1549, "x_max": 345.4456, "y_max": 945.66956, "confidence_score": 0.63278574, "Class": "domestic garbage", "tile_id": "13_40", "filename": "tile_13_40.jpg", "x_offset": 40960, "y_offset": 13312, "width": 1024, "height": 1024, "left": 265977.1728515625, "top": 9868025.8178710938, "pixel_size_x": 0.30517578125, "pixel_size_y": 0.30517578125, "crs": "EPSG:32737", "global_x_min": 266070.83042297361, "global_y_min": 9867756.3003845215, "global_x_max": 266082.59448242188, "global_y_max": 9867737.2224243172 }, "geometry": { "type": "Polygon", "coordinates": [ [ [ 266070.830422973609529, 9867756.300384521484375 ], [ 266082.594482421875, 9867756.300384521484375 ], [ 266082.594482421875, 9867737.222424317151308 ], [ 266070.830422973609529, 9867737.222424317151308 ], [ 266070.830422973609529, 9867756.300384521484375 ] ] ] } },
{ "type": "Feature", "properties": { "tile_row": 25, "tile_col": 35, "x_min": 720.54865, "y_min": 857.7696, "x_max": 771.21, "y_max": 894.9296, "confidence_score": 0.7573451, "Class": "domestic garbage", "tile_id": "25_35", "filename": "tile_25_35.jpg", "x_offset": 35840, "y_offset": 25600, "width": 1024, "height": 1024, "left": 264414.6728515625, "top": 9864275.8178710938, "pixel_size_x": 0.30517578125, "pixel_size_y": 0.30517578125, "crs": "EPSG:32737", "global_x_min": 264634.56684875488, "global_y_min": 9864014.0473632812, "global_x_max": 264650.02746582031, "global_y_max": 9864002.70703125 }, "geometry": { "type": "Polygon", "coordinates": [ [ [ 264634.566848754882812, 9864014.04736328125 ], [ 264650.0274658203125, 9864014.04736328125 ], [ 264650.0274658203125, 9864002.70703125 ], [ 264634.566848754882812, 9864002.70703125 ], [ 264634.566848754882812, 9864014.04736328125 ] ] ] } },
{ "type": "Feature", "properties": { "tile_row": 63, "tile_col": 2, "x_min": 469.93332, "y_min": 633.7698, "x_max": 513.1824, "y_max": 677.85535, "confidence_score": 0.7713868, "Class": "domestic garbage", "tile_id": "63_2", "filename": "tile_63_2.jpg", "x_offset": 2048, "y_offset": 64512, "width": 1024, "height": 1024, "left": 254102.1728515625, "top": 9852400.8178710938, "pixel_size_x": 0.30517578125, "pixel_size_y": 0.30517578125, "crs": "EPSG:32737", "global_x_min": 254245.5851196289, "global_y_min": 9852207.4066772461, "global_x_max": 254258.78369140625, "global_y_max": 9852193.952835083 }, "geometry": { "type": "Polygon", "coordinates": [ [ [ 254245.585119628900429, 9852207.40667724609375 ], [ 254258.78369140625, 9852207.40667724609375 ], [ 254258.78369140625, 9852193.952835083007812 ], [ 254245.585119628900429, 9852193.952835083007812 ], [ 254245.585119628900429, 9852207.40667724609375 ] ] ] } },
{ "type": "Feature", "properties": { "tile_row": 51, "tile_col": 20, "x_min": 302.16486, "y_min": 611.88104, "x_max": 349.5359, "y_max": 657.72076, "confidence_score": 0.75085986, "Class": "domestic garbage", "tile_id": "51_20", "filename": "tile_51_20.jpg", "x_offset": 20480, "y_offset": 52224, "width": 1024, "height": 1024, "left": 259727.1728515625, "top": 9856150.8178710938, "pixel_size_x": 0.30517578125, "pixel_size_y": 0.30517578125, "crs": "EPSG:32737", "global_x_min": 259819.38624877931, "global_y_min": 9855964.0865966789, "global_x_max": 259833.84274291992, "global_y_max": 9855950.0974243172 }, "geometry": { "type": "Polygon", "coordinates": [ [ [ 259819.386248779308517, 9855964.086596678942442 ], [ 259833.842742919921875, 9855964.086596678942442 ], [ 259833.842742919921875, 9855950.097424317151308 ], [ 259819.386248779308517, 9855950.097424317151308 ], [ 259819.386248779308517, 9855964.086596678942442 ] ] ] } },
{ "type": "Feature", "properties": { "tile_row": 36, "tile_col": 40, "x_min": 708.0129, "y_min": 730.8157, "x_max": 838.07184, "y_max": 819.2949, "confidence_score": 0.5585118, "Class": "domestic garbage", "tile_id": "36_40", "filename": "tile_36_40.jpg", "x_offset": 40960, "y_offset": 36864, "width": 1024, "height": 1024, "left": 265977.1728515625, "top": 9860838.3178710938, "pixel_size_x": 0.30517578125, "pixel_size_y": 0.30517578125, "crs": "EPSG:32737", "global_x_min": 266193.24124145508, "global_y_min": 9860615.2906188965, "global_x_max": 266232.93208007811, "global_y_max": 9860588.2889099121 }, "geometry": { "type": "Polygon", "coordinates": [ [ [ 266193.241241455078125, 9860615.290618896484375 ], [ 266232.932080078113358, 9860615.290618896484375 ], [ 266232.932080078113358, 9860588.288909912109375 ], [ 266193.241241455078125, 9860588.288909912109375 ], [ 266193.241241455078125, 9860615.290618896484375 ] ] ] } },
{ "type": "Feature", "properties": { "tile_row": 50, "tile_col": 35, "x_min": 928.0616, "y_min": 230.06276, "x_max": 1024.0, "y_max": 291.21765, "confidence_score": 0.50896835, "Class": "domestic garbage", "tile_id": "50_35", "filename": "tile_50_35.jpg", "x_offset": 35840, "y_offset": 51200, "width": 1024, "height": 1024, "left": 264414.6728515625, "top": 9856463.3178710938, "pixel_size_x": 0.30517578125, "pixel_size_y": 0.30517578125, "crs": "EPSG:32737", "global_x_min": 264697.89477539062, "global_y_min": 9856393.108288575, "global_x_max": 264727.1728515625, "global_y_max": 9856374.4452972412 }, "geometry": { "type": "Polygon", "coordinates": [ [ [ 264697.894775390625, 9856393.108288574963808 ], [ 264727.1728515625, 9856393.108288574963808 ], [ 264727.1728515625, 9856374.445297241210938 ], [ 264697.894775390625, 9856374.445297241210938 ], [ 264697.894775390625, 9856393.108288574963808 ] ] ] } },
{ "type": "Feature", "properties": { "tile_row": 40, "tile_col": 14, "x_min": 445.6405, "y_min": 831.5884, "x_max": 511.98993, "y_max": 869.25037, "confidence_score": 0.8103697, "Class": "domestic garbage", "tile_id": "40_14", "filename": "tile_40_14.jpg", "x_offset": 14336, "y_offset": 40960, "width": 1024, "height": 1024, "left": 257852.1728515625, "top": 9859588.3178710938, "pixel_size_x": 0.30517578125, "pixel_size_y": 0.30517578125, "crs": "EPSG:32737", "global_x_min": 257988.17153930664, "global_y_min": 9859334.5372314453, "global_x_max": 258008.41977844239, "global_y_max": 9859323.0437103268 }, "geometry": { "type": "Polygon", "coordinates": [ [ [ 257988.171539306640625, 9859334.5372314453125 ], [ 258008.419778442388633, 9859334.5372314453125 ], [ 258008.419778442388633, 9859323.043710326775908 ], [ 257988.171539306640625, 9859323.043710326775908 ], [ 257988.171539306640625, 9859334.5372314453125 ] ] ] } },
{ "type": "Feature", "properties": { "tile_row": 40, "tile_col": 39, "x_min": 452.62088, "y_min": 183.38744, "x_max": 510.78757, "y_max": 228.60753, "confidence_score": 0.5657337, "Class": "domestic garbage", "tile_id": "40_39", "filename": "tile_40_39.jpg", "x_offset": 39936, "y_offset": 40960, "width": 1024, "height": 1024, "left": 265664.6728515625, "top": 9859588.3178710938, "pixel_size_x": 0.30517578125, "pixel_size_y": 0.30517578125, "crs": "EPSG:32737", "global_x_min": 265802.80178222654, "global_y_min": 9859532.3524658196, "global_x_max": 265820.55284729006, "global_y_max": 9859518.5523895267 }, "geometry": { "type": "Polygon", "coordinates": [ [ [ 265802.801782226539217, 9859532.352465819567442 ], [ 265820.552847290062346, 9859532.352465819567442 ], [ 265820.552847290062346, 9859518.552389526739717 ], [ 265802.801782226539217, 9859518.552389526739717 ], [ 265802.801782226539217, 9859532.352465819567442 ] ] ] } },
{ "type": "Feature", "properties": { "tile_row": 29, "tile_col": 35, "x_min": 866.62714, "y_min": 846.0052, "x_max": 901.6003, "y_max": 883.8328, "confidence_score": 0.37924346, "Class": "domestic garbage", "tile_id": "29_35", "filename": "tile_29_35.jpg", "x_offset": 35840, "y_offset": 29696, "width": 1024, "height": 1024, "left": 264414.6728515625, "top": 9863025.8178710938, "pixel_size_x": 0.30517578125, "pixel_size_y": 0.30517578125, "crs": "EPSG:32737", "global_x_min": 264679.14646606444, "global_y_min": 9862767.6375732422, "global_x_max": 264689.81942749023, "global_y_max": 9862756.0935058594 }, "geometry": { "type": "Polygon", "coordinates": [ [ [ 264679.146466064441483, 9862767.6375732421875 ], [ 264689.819427490234375, 9862767.6375732421875 ], [ 264689.819427490234375, 9862756.093505859375 ], [ 264679.146466064441483, 9862756.093505859375 ], [ 264679.146466064441483, 9862767.6375732421875 ] ] ] } },
{ "type": "Feature", "properties": { "tile_row": 27, "tile_col": 23, "x_min": 231.36726, "y_min": 248.41379, "x_max": 286.11426, "y_max": 298.33652, "confidence_score": 0.7142336, "Class": "domestic garbage", "tile_id": "27_23", "filename": "tile_27_23.jpg", "x_offset": 23552, "y_offset": 27648, "width": 1024, "height": 1024, "left": 260664.6728515625, "top": 9863650.8178710938, "pixel_size_x": 0.30517578125, "pixel_size_y": 0.30517578125, "crs": "EPSG:32737", "global_x_min": 260735.28053588868, "global_y_min": 9863575.0079986565, "global_x_max": 260751.98799438478, "global_y_max": 9863559.772790527 }, "geometry": { "type": "Polygon", "coordinates": [ [ [ 260735.280535888683517, 9863575.007998656481504 ], [ 260751.987994384777267, 9863575.007998656481504 ], [ 260751.987994384777267, 9863559.772790526971221 ], [ 260735.280535888683517, 9863559.772790526971221 ], [ 260735.280535888683517, 9863575.007998656481504 ] ] ] } },
{ "type": "Feature", "properties": { "tile_row": 27, "tile_col": 23, "x_min": 492.88614, "y_min": 902.09503, "x_max": 546.9071, "y_max": 967.2503, "confidence_score": 0.32640687, "Class": "domestic garbage", "tile_id": "27_23", "filename": "tile_27_23.jpg", "x_offset": 23552, "y_offset": 27648, "width": 1024, "height": 1024, "left": 260664.6728515625, "top": 9863650.8178710938, "pixel_size_x": 0.30517578125, "pixel_size_y": 0.30517578125, "crs": "EPSG:32737", "global_x_min": 260815.08976440429, "global_y_min": 9863375.5203155521, "global_x_max": 260831.57565307617, "global_y_max": 9863355.636505127 }, "geometry": { "type": "Polygon", "coordinates": [ [ [ 260815.089764404285233, 9863375.520315552130342 ], [ 260831.575653076171875, 9863375.520315552130342 ], [ 260831.575653076171875, 9863355.636505126953125 ], [ 260815.089764404285233, 9863355.636505126953125 ], [ 260815.089764404285233, 9863375.520315552130342 ] ] ] } },
{ "type": "Feature", "properties": { "tile_row": 18, "tile_col": 18, "x_min": 644.96, "y_min": 240.1312, "x_max": 735.4959, "y_max": 326.4219, "confidence_score": 0.30115747, "Class": "domestic garbage", "tile_id": "18_18", "filename": "tile_18_18.jpg", "x_offset": 18432, "y_offset": 18432, "width": 1024, "height": 1024, "left": 259102.1728515625, "top": 9866463.3178710938, "pixel_size_x": 0.30517578125, "pixel_size_y": 0.30517578125, "crs": "EPSG:32737", "global_x_min": 259298.9990234375, "global_y_min": 9866390.0356445312, "global_x_max": 259326.62838745117, "global_y_max": 9866363.7018127441 }, "geometry": { "type": "Polygon", "coordinates": [ [ [ 259298.9990234375, 9866390.03564453125 ], [ 259326.628387451171875, 9866390.03564453125 ], [ 259326.628387451171875, 9866363.701812744140625 ], [ 259298.9990234375, 9866363.701812744140625 ], [ 259298.9990234375, 9866390.03564453125 ] ] ] } },
{ "type": "Feature", "properties": { "tile_row": 53, "tile_col": 23, "x_min": 924.459, "y_min": 491.25952, "x_max": 983.38354, "y_max": 585.32056, "confidence_score": 0.4699783, "Class": "domestic garbage", "tile_id": "53_23", "filename": "tile_53_23.jpg", "x_offset": 23552, "y_offset": 54272, "width": 1024, "height": 1024, "left": 260664.6728515625, "top": 9855525.8178710938, "pixel_size_x": 0.30517578125, "pixel_size_y": 0.30517578125, "crs": "EPSG:32737", "global_x_min": 260946.79534912109, "global_y_min": 9855375.8973632809, "global_x_max": 260964.77769165038, "global_y_max": 9855347.1922119148 }, "geometry": { "type": "Polygon", "coordinates": [ [ [ 260946.79534912109375, 9855375.897363280877471 ], [ 260964.777691650378983, 9855375.897363280877471 ], [ 260964.777691650378983, 9855347.192211914807558 ], [ 260946.79534912109375, 9855347.192211914807558 ], [ 260946.79534912109375, 9855375.897363280877471 ] ] ] } },
{ "type": "Feature", "properties": { "tile_row": 52, "tile_col": 4, "x_min": 913.7805, "y_min": 248.869, "x_max": 978.61597, "y_max": 311.3194, "confidence_score": 0.8926427, "Class": "domestic garbage", "tile_id": "52_4", "filename": "tile_52_4.jpg", "x_offset": 4096, "y_offset": 53248, "width": 1024, "height": 1024, "left": 254727.1728515625, "top": 9855838.3178710938, "pixel_size_x": 0.30517578125, "pixel_size_y": 0.30517578125, "crs": "EPSG:32737", "global_x_min": 255006.03652954102, "global_y_min": 9855762.3690795898, "global_x_max": 255025.82274475097, "global_y_max": 9855743.3107299805 }, "geometry": { "type": "Polygon", "coordinates": [ [ [ 255006.036529541015625, 9855762.36907958984375 ], [ 255025.822744750970742, 9855762.36907958984375 ], [ 255025.822744750970742, 9855743.31072998046875 ], [ 255006.036529541015625, 9855743.31072998046875 ], [ 255006.036529541015625, 9855762.36907958984375 ] ] ] } },
{ "type": "Feature", "properties": { "tile_row": 36, "tile_col": 39, "x_min": 113.795105, "y_min": 486.35977, "x_max": 174.51767, "y_max": 527.38995, "confidence_score": 0.7761566, "Class": "domestic garbage", "tile_id": "36_39", "filename": "tile_36_39.jpg", "x_offset": 39936, "y_offset": 36864, "width": 1024, "height": 1024, "left": 265664.6728515625, "top": 9860838.3178710938, "pixel_size_x": 0.30517578125, "pixel_size_y": 0.30517578125, "crs": "EPSG:32737", "global_x_min": 265699.40036163328, "global_y_min": 9860689.8926483151, "global_x_max": 265717.9314178467, "global_y_max": 9860677.3712310791 }, "geometry": { "type": "Polygon", "coordinates": [ [ [ 265699.400361633277498, 9860689.892648315057158 ], [ 265717.931417846702971, 9860689.892648315057158 ], [ 265717.931417846702971, 9860677.371231079101562 ], [ 265699.400361633277498, 9860677.371231079101562 ], [ 265699.400361633277498, 9860689.892648315057158 ] ] ] } },
{ "type": "Feature", "properties": { "tile_row": 44, "tile_col": 19, "x_min": 807.067, "y_min": 438.23688, "x_max": 905.3812, "y_max": 487.66333, "confidence_score": 0.5631899, "Class": "domestic garbage", "tile_id": "44_19", "filename": "tile_44_19.jpg", "x_offset": 19456, "y_offset": 45056, "width": 1024, "height": 1024, "left": 259414.6728515625, "top": 9858338.3178710938, "pixel_size_x": 0.30517578125, "pixel_size_y": 0.30517578125, "crs": "EPSG:32737", "global_x_min": 259660.97015380859, "global_y_min": 9858204.5785888676, "global_x_max": 259690.97326660156, "global_y_max": 9858189.4948333744 }, "geometry": { "type": "Polygon", "coordinates": [ [ [ 259660.97015380859375, 9858204.578588867560029 ], [ 259690.9732666015625, 9858204.578588867560029 ], [ 259690.9732666015625, 9858189.494833374395967 ], [ 259660.97015380859375, 9858189.494833374395967 ], [ 259660.97015380859375, 9858204.578588867560029 ] ] ] } },
{ "type": "Feature", "properties": { "tile_row": 21, "tile_col": 26, "x_min": 759.1342, "y_min": 383.61795, "x_max": 861.37054, "y_max": 454.6191, "confidence_score": 0.66061217, "Class": "domestic garbage", "tile_id": "21_26", "filename": "tile_21_26.jpg", "x_offset": 26624, "y_offset": 21504, "width": 1024, "height": 1024, "left": 261602.1728515625, "top": 9865525.8178710938, "pixel_size_x": 0.30517578125, "pixel_size_y": 0.30517578125, "crs": "EPSG:32737", "global_x_min": 261833.84222412109, "global_y_min": 9865408.746963501, "global_x_max": 261865.04227905272, "global_y_max": 9865387.0791320801 }, "geometry": { "type": "Polygon", "coordinates": [ [ [ 261833.84222412109375, 9865408.746963500976562 ], [ 261865.042279052722733, 9865408.746963500976562 ], [ 261865.042279052722733, 9865387.079132080078125 ], [ 261833.84222412109375, 9865387.079132080078125 ], [ 261833.84222412109375, 9865408.746963500976562 ] ] ] } },
{ "type": "Feature", "properties": { "tile_row": 50, "tile_col": 27, "x_min": 495.33765, "y_min": 846.4202, "x_max": 560.8733, "y_max": 929.60834, "confidence_score": 0.41837797, "Class": "domestic garbage", "tile_id": "50_27", "filename": "tile_50_27.jpg", "x_offset": 27648, "y_offset": 51200, "width": 1024, "height": 1024, "left": 261914.6728515625, "top": 9856463.3178710938, "pixel_size_x": 0.30517578125, "pixel_size_y": 0.30517578125, "crs": "EPSG:32737", "global_x_min": 262065.83790588379, "global_y_min": 9856205.010925293, "global_x_max": 262085.83779907227, "global_y_max": 9856179.623919677 }, "geometry": { "type": "Polygon", "coordinates": [ [ [ 262065.837905883789062, 9856205.01092529296875 ], [ 262085.837799072265625, 9856205.01092529296875 ], [ 262085.837799072265625, 9856179.623919676989317 ], [ 262065.837905883789062, 9856179.623919676989317 ], [ 262065.837905883789062, 9856205.01092529296875 ] ] ] } },
{ "type": "Feature", "properties": { "tile_row": 55, "tile_col": 2, "x_min": 681.29236, "y_min": 482.61865, "x_max": 731.95337, "y_max": 521.39813, "confidence_score": 0.957639, "Class": "domestic garbage", "tile_id": "55_2", "filename": "tile_55_2.jpg", "x_offset": 2048, "y_offset": 56320, "width": 1024, "height": 1024, "left": 254102.1728515625, "top": 9854900.8178710938, "pixel_size_x": 0.30517578125, "pixel_size_y": 0.30517578125, "crs": "EPSG:32737", "global_x_min": 254310.08677978517, "global_y_min": 9854753.5343475342, "global_x_max": 254325.54729309081, "global_y_max": 9854741.6997894291 }, "geometry": { "type": "Polygon", "coordinates": [ [ [ 254310.086779785167892, 9854753.534347534179688 ], [ 254325.547293090814492, 9854753.534347534179688 ], [ 254325.547293090814492, 9854741.699789429083467 ], [ 254310.086779785167892, 9854741.699789429083467 ], [ 254310.086779785167892, 9854753.534347534179688 ] ] ] } },
{ "type": "Feature", "properties": { "tile_row": 55, "tile_col": 2, "x_min": 458.8422, "y_min": 209.18013, "x_max": 501.33737, "y_max": 250.33229, "confidence_score": 0.514448, "Class": "domestic garbage", "tile_id": "55_2", "filename": "tile_55_2.jpg", "x_offset": 2048, "y_offset": 56320, "width": 1024, "height": 1024, "left": 254102.1728515625, "top": 9854900.8178710938, "pixel_size_x": 0.30517578125, "pixel_size_y": 0.30517578125, "crs": "EPSG:32737", "global_x_min": 254242.20037841797, "global_y_min": 9854836.9811614994, "global_x_max": 254255.16887512206, "global_y_max": 9854824.4225189202 }, "geometry": { "type": "Polygon", "coordinates": [ [ [ 254242.20037841796875, 9854836.981161499395967 ], [ 254255.168875122064492, 9854836.981161499395967 ], [ 254255.168875122064492, 9854824.422518920153379 ], [ 254242.20037841796875, 9854824.422518920153379 ], [ 254242.20037841796875, 9854836.981161499395967 ] ] ] } },
{ "type": "Feature", "properties": { "tile_row": 44, "tile_col": 36, "x_min": 358.8013, "y_min": 90.41461, "x_max": 401.05405, "y_max": 144.95857, "confidence_score": 0.3620485, "Class": "domestic garbage", "tile_id": "44_36", "filename": "tile_44_36.jpg", "x_offset": 36864, "y_offset": 45056, "width": 1024, "height": 1024, "left": 264727.1728515625, "top": 9858338.3178710938, "pixel_size_x": 0.30517578125, "pixel_size_y": 0.30517578125, "crs": "EPSG:32737", "global_x_min": 264836.67031860352, "global_y_min": 9858310.7255218513, "global_x_max": 264849.56483459473, "global_y_max": 9858294.0800262447 }, "geometry": { "type": "Polygon", "coordinates": [ [ [ 264836.670318603515625, 9858310.725521851330996 ], [ 264849.564834594726562, 9858310.725521851330996 ], [ 264849.564834594726562, 9858294.080026244744658 ], [ 264836.670318603515625, 9858294.080026244744658 ], [ 264836.670318603515625, 9858310.725521851330996 ] ] ] } },
{ "type": "Feature", "properties": { "tile_row": 68, "tile_col": 25, "x_min": 316.38635, "y_min": 336.6902, "x_max": 390.49933, "y_max": 409.8606, "confidence_score": 0.9363343, "Class": "domestic garbage", "tile_id": "68_25", "filename": "tile_68_25.jpg", "x_offset": 25600, "y_offset": 69632, "width": 1024, "height": 1024, "left": 261289.6728515625, "top": 9850838.3178710938, "pixel_size_x": 0.30517578125, "pixel_size_y": 0.30517578125, "crs": "EPSG:32737", "global_x_min": 261386.22630310059, "global_y_min": 9850735.5681762695, "global_x_max": 261408.84378967286, "global_y_max": 9850713.2383422852 }, "geometry": { "type": "Polygon", "coordinates": [ [ [ 261386.226303100585938, 9850735.56817626953125 ], [ 261408.843789672857383, 9850735.56817626953125 ], [ 261408.843789672857383, 9850713.23834228515625 ], [ 261386.226303100585938, 9850713.23834228515625 ], [ 261386.226303100585938, 9850735.56817626953125 ] ] ] } },
{ "type": "Feature", "properties": { "tile_row": 43, "tile_col": 24, "x_min": 632.17114, "y_min": 393.57736, "x_max": 672.8131, "y_max": 431.72604, "confidence_score": 0.31333667, "Class": "domestic garbage", "tile_id": "43_24", "filename": "tile_43_24.jpg", "x_offset": 24576, "y_offset": 44032, "width": 1024, "height": 1024, "left": 260977.1728515625, "top": 9858650.8178710938, "pixel_size_x": 0.30517578125, "pixel_size_y": 0.30517578125, "crs": "EPSG:32737", "global_x_min": 261170.09617309569, "global_y_min": 9858530.7075927742, "global_x_max": 261182.49911499023, "global_y_max": 9858519.06553955 }, "geometry": { "type": "Polygon", "coordinates": [ [ [ 261170.096173095691483, 9858530.707592774182558 ], [ 261182.499114990234375, 9858530.707592774182558 ], [ 261182.499114990234375, 9858519.065539550036192 ], [ 261170.096173095691483, 9858519.065539550036192 ], [ 261170.096173095691483, 9858530.707592774182558 ] ] ] } },
{ "type": "Feature", "properties": { "tile_row": 49, "tile_col": 31, "x_min": 394.0913, "y_min": 842.0342, "x_max": 471.81042, "y_max": 884.0227, "confidence_score": 0.8242418, "Class": "domestic garbage", "tile_id": "49_31", "filename": "tile_49_31.jpg", "x_offset": 31744, "y_offset": 50176, "width": 1024, "height": 1024, "left": 263164.6728515625, "top": 9856775.8178710938, "pixel_size_x": 0.30517578125, "pixel_size_y": 0.30517578125, "crs": "EPSG:32737", "global_x_min": 263284.93997192383, "global_y_min": 9856518.8494262695, "global_x_max": 263308.65796508791, "global_y_max": 9856506.0355529785 }, "geometry": { "type": "Polygon", "coordinates": [ [ [ 263284.939971923828125, 9856518.84942626953125 ], [ 263308.657965087913908, 9856518.84942626953125 ], [ 263308.657965087913908, 9856506.035552978515625 ], [ 263284.939971923828125, 9856506.035552978515625 ], [ 263284.939971923828125, 9856518.84942626953125 ] ] ] } },
{ "type": "Feature", "properties": { "tile_row": 27, "tile_col": 4, "x_min": 372.14447, "y_min": 846.12915, "x_max": 448.08752, "y_max": 896.83606, "confidence_score": 0.90164405, "Class": "domestic garbage", "tile_id": "27_4", "filename": "tile_27_4.jpg", "x_offset": 4096, "y_offset": 27648, "width": 1024, "height": 1024, "left": 254727.1728515625, "top": 9863650.8178710938, "pixel_size_x": 0.30517578125, "pixel_size_y": 0.30517578125, "crs": "EPSG:32737", "global_x_min": 254840.74233093261, "global_y_min": 9863392.5997467041, "global_x_max": 254863.91831054687, "global_y_max": 9863377.1252258308 }, "geometry": { "type": "Polygon", "coordinates": [ [ [ 254840.742330932611367, 9863392.599746704101562 ], [ 254863.918310546869179, 9863392.599746704101562 ], [ 254863.918310546869179, 9863377.125225830823183 ], [ 254840.742330932611367, 9863377.125225830823183 ], [ 254840.742330932611367, 9863392.599746704101562 ] ] ] } },
{ "type": "Feature", "properties": { "tile_row": 42, "tile_col": 7, "x_min": 911.4303, "y_min": 368.9464, "x_max": 1023.97, "y_max": 443.2824, "confidence_score": 0.56750023, "Class": "domestic garbage", "tile_id": "42_7", "filename": "tile_42_7.jpg", "x_offset": 7168, "y_offset": 43008, "width": 1024, "height": 1024, "left": 255664.6728515625, "top": 9858963.3178710938, "pixel_size_x": 0.30517578125, "pixel_size_y": 0.30517578125, "crs": "EPSG:32737", "global_x_min": 255942.81930541992, "global_y_min": 9858850.7243652344, "global_x_max": 255977.16369628906, "global_y_max": 9858828.0388183594 }, "geometry": { "type": "Polygon", "coordinates": [ [ [ 255942.819305419921875, 9858850.724365234375 ], [ 255977.1636962890625, 9858850.724365234375 ], [ 255977.1636962890625, 9858828.038818359375 ], [ 255942.819305419921875, 9858828.038818359375 ], [ 255942.819305419921875, 9858850.724365234375 ] ] ] } },
{ "type": "Feature", "properties": { "tile_row": 33, "tile_col": 32, "x_min": 337.99298, "y_min": 870.89264, "x_max": 399.79004, "y_max": 902.7266, "confidence_score": 0.38551277, "Class": "domestic garbage", "tile_id": "33_32", "filename": "tile_33_32.jpg", "x_offset": 32768, "y_offset": 33792, "width": 1024, "height": 1024, "left": 263477.1728515625, "top": 9861775.8178710938, "pixel_size_x": 0.30517578125, "pixel_size_y": 0.30517578125, "crs": "EPSG:32737", "global_x_min": 263580.32012329099, "global_y_min": 9861510.0425292961, "global_x_max": 263599.17908935546, "global_y_max": 9861500.3275756836 }, "geometry": { "type": "Polygon", "coordinates": [ [ [ 263580.320123290992342, 9861510.042529296129942 ], [ 263599.179089355457108, 9861510.042529296129942 ], [ 263599.179089355457108, 9861500.32757568359375 ], [ 263580.320123290992342, 9861500.32757568359375 ], [ 263580.320123290992342, 9861510.042529296129942 ] ] ] } },
{ "type": "Feature", "properties": { "tile_row": 28, "tile_col": 29, "x_min": 414.3655, "y_min": 365.15585, "x_max": 449.2031, "y_max": 405.28586, "confidence_score": 0.35131055, "Class": "domestic garbage", "tile_id": "28_29", "filename": "tile_28_29.jpg", "x_offset": 29696, "y_offset": 28672, "width": 1024, "height": 1024, "left": 262539.6728515625, "top": 9863338.3178710938, "pixel_size_x": 0.30517578125, "pixel_size_y": 0.30517578125, "crs": "EPSG:32737", "global_x_min": 262666.12716674805, "global_y_min": 9863226.881149292, "global_x_max": 262676.75875854492, "global_y_max": 9863214.6344421394 }, "geometry": { "type": "Polygon", "coordinates": [ [ [ 262666.127166748046875, 9863226.881149291992188 ], [ 262676.758758544921875, 9863226.881149291992188 ], [ 262676.758758544921875, 9863214.634442139416933 ], [ 262666.127166748046875, 9863214.634442139416933 ], [ 262666.127166748046875, 9863226.881149291992188 ] ] ] } },
{ "type": "Feature", "properties": { "tile_row": 71, "tile_col": 42, "x_min": 418.2087, "y_min": 219.08105, "x_max": 467.00424, "y_max": 279.16882, "confidence_score": 0.88686126, "Class": "domestic garbage", "tile_id": "71_42", "filename": "tile_71_42.jpg", "x_offset": 43008, "y_offset": 72704, "width": 1024, "height": 1024, "left": 266602.1728515625, "top": 9849900.8178710938, "pixel_size_x": 0.30517578125, "pixel_size_y": 0.30517578125, "crs": "EPSG:32737", "global_x_min": 266729.80001831055, "global_y_min": 9849833.9596405029, "global_x_max": 266744.69123535155, "global_y_max": 9849815.6223083492 }, "geometry": { "type": "Polygon", "coordinates": [ [ [ 266729.800018310546875, 9849833.959640502929688 ], [ 266744.691235351550858, 9849833.959640502929688 ], [ 266744.691235351550858, 9849815.622308349236846 ], [ 266729.800018310546875, 9849815.622308349236846 ], [ 266729.800018310546875, 9849833.959640502929688 ] ] ] } },
{ "type": "Feature", "properties": { "tile_row": 19, "tile_col": 40, "x_min": 685.4243, "y_min": 313.47308, "x_max": 738.8782, "y_max": 344.0478, "confidence_score": 0.5519958, "Class": "domestic garbage", "tile_id": "19_40", "filename": "tile_19_40.jpg", "x_offset": 40960, "y_offset": 19456, "width": 1024, "height": 1024, "left": 265977.1728515625, "top": 9866150.8178710938, "pixel_size_x": 0.30517578125, "pixel_size_y": 0.30517578125, "crs": "EPSG:32737", "global_x_min": 266186.34774780273, "global_y_min": 9866055.1534790043, "global_x_max": 266202.66058349609, "global_y_max": 9866045.8228149414 }, "geometry": { "type": "Polygon", "coordinates": [ [ [ 266186.347747802734375, 9866055.153479004278779 ], [ 266202.66058349609375, 9866055.153479004278779 ], [ 266202.66058349609375, 9866045.82281494140625 ], [ 266186.347747802734375, 9866045.82281494140625 ], [ 266186.347747802734375, 9866055.153479004278779 ] ] ] } },
{ "type": "Feature", "properties": { "tile_row": 50, "tile_col": 26, "x_min": 502.50943, "y_min": 479.4793, "x_max": 549.10693, "y_max": 512.7888, "confidence_score": 0.4940113, "Class": "domestic garbage", "tile_id": "50_26", "filename": "tile_50_26.jpg", "x_offset": 26624, "y_offset": 51200, "width": 1024, "height": 1024, "left": 261602.1728515625, "top": 9856463.3178710938, "pixel_size_x": 0.30517578125, "pixel_size_y": 0.30517578125, "crs": "EPSG:32737", "global_x_min": 261755.52655944825, "global_y_min": 9856316.992401123, "global_x_max": 261769.74698791504, "global_y_max": 9856306.8271484375 }, "geometry": { "type": "Polygon", "coordinates": [ [ [ 261755.526559448248008, 9856316.992401123046875 ], [ 261769.746987915044883, 9856316.992401123046875 ], [ 261769.746987915044883, 9856306.8271484375 ], [ 261755.526559448248008, 9856306.8271484375 ], [ 261755.526559448248008, 9856316.992401123046875 ] ] ] } },
{ "type": "Feature", "properties": { "tile_row": 50, "tile_col": 26, "x_min": 390.11047, "y_min": 554.4295, "x_max": 436.19092, "y_max": 576.3681, "confidence_score": 0.45786378, "Class": "domestic garbage", "tile_id": "50_26", "filename": "tile_50_26.jpg", "x_offset": 26624, "y_offset": 51200, "width": 1024, "height": 1024, "left": 261602.1728515625, "top": 9856463.3178710938, "pixel_size_x": 0.30517578125, "pixel_size_y": 0.30517578125, "crs": "EPSG:32737", "global_x_min": 261721.22511901855, "global_y_min": 9856294.1194152832, "global_x_max": 261735.28775634765, "global_y_max": 9856287.4242858887 }, "geometry": { "type": "Polygon", "coordinates": [ [ [ 261721.225119018548867, 9856294.119415283203125 ], [ 261735.287756347650429, 9856294.119415283203125 ], [ 261735.287756347650429, 9856287.424285888671875 ], [ 261721.225119018548867, 9856287.424285888671875 ], [ 261721.225119018548867, 9856294.119415283203125 ] ] ] } },
{ "type": "Feature", "properties": { "tile_row": 50, "tile_col": 26, "x_min": 275.74185, "y_min": 336.1589, "x_max": 367.44034, "y_max": 368.89908, "confidence_score": 0.3523594, "Class": "domestic garbage", "tile_id": "50_26", "filename": "tile_50_26.jpg", "x_offset": 26624, "y_offset": 51200, "width": 1024, "height": 1024, "left": 261602.1728515625, "top": 9856463.3178710938, "pixel_size_x": 0.30517578125, "pixel_size_y": 0.30517578125, "crs": "EPSG:32737", "global_x_min": 261686.32258605957, "global_y_min": 9856360.7303161621, "global_x_max": 261714.30674438475, "global_y_max": 9856350.7388061527 }, "geometry": { "type": "Polygon", "coordinates": [ [ [ 261686.322586059570312, 9856360.730316162109375 ], [ 261714.306744384753983, 9856360.730316162109375 ], [ 261714.306744384753983, 9856350.738806152716279 ], [ 261686.322586059570312, 9856350.738806152716279 ], [ 261686.322586059570312, 9856360.730316162109375 ] ] ] } },
{ "type": "Feature", "properties": { "tile_row": 13, "tile_col": 10, "x_min": 173.13345, "y_min": 688.4446, "x_max": 227.58359, "y_max": 757.8473, "confidence_score": 0.8093228, "Class": "domestic garbage", "tile_id": "13_10", "filename": "tile_13_10.jpg", "x_offset": 10240, "y_offset": 13312, "width": 1024, "height": 1024, "left": 256602.1728515625, "top": 9868025.8178710938, "pixel_size_x": 0.30517578125, "pixel_size_y": 0.30517578125, "crs": "EPSG:32737", "global_x_min": 256655.00898742676, "global_y_min": 9867815.7212524414, "global_x_max": 256671.62585144042, "global_y_max": 9867794.541229248 }, "geometry": { "type": "Polygon", "coordinates": [ [ [ 256655.008987426757812, 9867815.72125244140625 ], [ 256671.625851440418046, 9867815.72125244140625 ], [ 256671.625851440418046, 9867794.541229248046875 ], [ 256655.008987426757812, 9867794.541229248046875 ], [ 256655.008987426757812, 9867815.72125244140625 ] ] ] } },
{ "type": "Feature", "properties": { "tile_row": 62, "tile_col": 8, "x_min": 862.1051, "y_min": 357.633, "x_max": 913.51685, "y_max": 418.74323, "confidence_score": 0.7268674, "Class": "domestic garbage", "tile_id": "62_8", "filename": "tile_62_8.jpg", "x_offset": 8192, "y_offset": 63488, "width": 1024, "height": 1024, "left": 255977.1728515625, "top": 9852713.3178710938, "pixel_size_x": 0.30517578125, "pixel_size_y": 0.30517578125, "crs": "EPSG:32737", "global_x_min": 256240.26644897461, "global_y_min": 9852604.176940918, "global_x_max": 256255.95606994629, "global_y_max": 9852585.5275787357 }, "geometry": { "type": "Polygon", "coordinates": [ [ [ 256240.266448974609375, 9852604.17694091796875 ], [ 256255.956069946289062, 9852604.17694091796875 ], [ 256255.956069946289062, 9852585.527578735724092 ], [ 256240.266448974609375, 9852585.527578735724092 ], [ 256240.266448974609375, 9852604.17694091796875 ] ] ] } },
{ "type": "Feature", "properties": { "tile_row": 56, "tile_col": 6, "x_min": 617.41223, "y_min": 248.52267, "x_max": 706.27527, "y_max": 302.97018, "confidence_score": 0.6353244, "Class": "domestic garbage", "tile_id": "56_6", "filename": "tile_56_6.jpg", "x_offset": 6144, "y_offset": 57344, "width": 1024, "height": 1024, "left": 255352.1728515625, "top": 9854588.3178710938, "pixel_size_x": 0.30517578125, "pixel_size_y": 0.30517578125, "crs": "EPSG:32737", "global_x_min": 255540.59211120606, "global_y_min": 9854512.4747711178, "global_x_max": 255567.7109588623, "global_y_max": 9854495.8587097172 }, "geometry": { "type": "Polygon", "coordinates": [ [ [ 255540.592111206060508, 9854512.474771117791533 ], [ 255567.710958862298867, 9854512.474771117791533 ], [ 255567.710958862298867, 9854495.858709717169404 ], [ 255540.592111206060508, 9854495.858709717169404 ], [ 255540.592111206060508, 9854512.474771117791533 ] ] ] } },
{ "type": "Feature", "properties": { "tile_row": 56, "tile_col": 6, "x_min": 214.44868, "y_min": 82.12622, "x_max": 257.45004, "y_max": 121.66522, "confidence_score": 0.44437447, "Class": "domestic garbage", "tile_id": "56_6", "filename": "tile_56_6.jpg", "x_offset": 6144, "y_offset": 57344, "width": 1024, "height": 1024, "left": 255352.1728515625, "top": 9854588.3178710938, "pixel_size_x": 0.30517578125, "pixel_size_y": 0.30517578125, "crs": "EPSG:32737", "global_x_min": 255417.61739501954, "global_y_min": 9854563.2549377438, "global_x_max": 255430.74036865233, "global_y_max": 9854551.1885925289 }, "geometry": { "type": "Polygon", "coordinates": [ [ [ 255417.617395019537071, 9854563.254937743768096 ], [ 255430.740368652332108, 9854563.254937743768096 ], [ 255430.740368652332108, 9854551.188592528924346 ], [ 255417.617395019537071, 9854551.188592528924346 ], [ 255417.617395019537071, 9854563.254937743768096 ] ] ] } },
{ "type": "Feature", "properties": { "tile_row": 56, "tile_col": 6, "x_min": 793.1417, "y_min": 947.1232, "x_max": 867.0238, "y_max": 997.16705, "confidence_score": 0.38571274, "Class": "domestic garbage", "tile_id": "56_6", "filename": "tile_56_6.jpg", "x_offset": 6144, "y_offset": 57344, "width": 1024, "height": 1024, "left": 255352.1728515625, "top": 9854588.3178710938, "pixel_size_x": 0.30517578125, "pixel_size_y": 0.30517578125, "crs": "EPSG:32737", "global_x_min": 255594.22048950195, "global_y_min": 9854299.2788085938, "global_x_max": 255616.76751708984, "global_y_max": 9854284.0066375732 }, "geometry": { "type": "Polygon", "coordinates": [ [ [ 255594.220489501953125, 9854299.27880859375 ], [ 255616.76751708984375, 9854299.27880859375 ], [ 255616.76751708984375, 9854284.006637573242188 ], [ 255594.220489501953125, 9854284.006637573242188 ], [ 255594.220489501953125, 9854299.27880859375 ] ] ] } },
{ "type": "Feature", "properties": { "tile_row": 43, "tile_col": 21, "x_min": 318.50473, "y_min": 578.6039, "x_max": 372.71286, "y_max": 618.06055, "confidence_score": 0.7155361, "Class": "domestic garbage", "tile_id": "43_21", "filename": "tile_43_21.jpg", "x_offset": 21504, "y_offset": 44032, "width": 1024, "height": 1024, "left": 260039.6728515625, "top": 9858650.8178710938, "pixel_size_x": 0.30517578125, "pixel_size_y": 0.30517578125, "crs": "EPSG:32737", "global_x_min": 260136.87278137208, "global_y_min": 9858474.241973877, "global_x_max": 260153.41578979493, "global_y_max": 9858462.2007598877 }, "geometry": { "type": "Polygon", "coordinates": [ [ [ 260136.872781372076133, 9858474.241973876953125 ], [ 260153.415789794933517, 9858474.241973876953125 ], [ 260153.415789794933517, 9858462.200759887695312 ], [ 260136.872781372076133, 9858462.200759887695312 ], [ 260136.872781372076133, 9858474.241973876953125 ] ] ] } },
{ "type": "Feature", "properties": { "tile_row": 37, "tile_col": 22, "x_min": 728.43115, "y_min": 365.5482, "x_max": 771.6456, "y_max": 403.4221, "confidence_score": 0.33389053, "Class": "domestic garbage", "tile_id": "37_22", "filename": "tile_37_22.jpg", "x_offset": 22528, "y_offset": 37888, "width": 1024, "height": 1024, "left": 260352.1728515625, "top": 9860525.8178710938, "pixel_size_x": 0.30517578125, "pixel_size_y": 0.30517578125, "crs": "EPSG:32737", "global_x_min": 260574.47239685059, "global_y_min": 9860414.2614135742, "global_x_max": 260587.66040039062, "global_y_max": 9860402.7032165527 }, "geometry": { "type": "Polygon", "coordinates": [ [ [ 260574.472396850585938, 9860414.26141357421875 ], [ 260587.660400390625, 9860414.26141357421875 ], [ 260587.660400390625, 9860402.703216552734375 ], [ 260574.472396850585938, 9860402.703216552734375 ], [ 260574.472396850585938, 9860414.26141357421875 ] ] ] } },
{ "type": "Feature", "properties": { "tile_row": 28, "tile_col": 23, "x_min": 291.2357, "y_min": 688.4284, "x_max": 327.85507, "y_max": 724.93634, "confidence_score": 0.41753855, "Class": "domestic garbage", "tile_id": "28_23", "filename": "tile_28_23.jpg", "x_offset": 23552, "y_offset": 28672, "width": 1024, "height": 1024, "left": 260664.6728515625, "top": 9863338.3178710938, "pixel_size_x": 0.30517578125, "pixel_size_y": 0.30517578125, "crs": "EPSG:32737", "global_x_min": 260753.55093383789, "global_y_min": 9863128.2261962891, "global_x_max": 260764.72627868652, "global_y_max": 9863117.084857177 }, "geometry": { "type": "Polygon", "coordinates": [ [ [ 260753.550933837890625, 9863128.2261962890625 ], [ 260764.726278686517617, 9863128.2261962890625 ], [ 260764.726278686517617, 9863117.084857176989317 ], [ 260753.550933837890625, 9863117.084857176989317 ], [ 260753.550933837890625, 9863128.2261962890625 ] ] ] } },
{ "type": "Feature", "properties": { "tile_row": 19, "tile_col": 34, "x_min": 356.4346, "y_min": 855.2972, "x_max": 415.16672, "y_max": 901.0152, "confidence_score": 0.7069586, "Class": "domestic garbage", "tile_id": "19_34", "filename": "tile_19_34.jpg", "x_offset": 34816, "y_offset": 19456, "width": 1024, "height": 1024, "left": 264102.1728515625, "top": 9866150.8178710938, "pixel_size_x": 0.30517578125, "pixel_size_y": 0.30517578125, "crs": "EPSG:32737", "global_x_min": 264210.94805908203, "global_y_min": 9865889.8018798828, "global_x_max": 264228.87167968752, "global_y_max": 9865875.8498535156 }, "geometry": { "type": "Polygon", "coordinates": [ [ [ 264210.94805908203125, 9865889.8018798828125 ], [ 264228.871679687523283, 9865889.8018798828125 ], [ 264228.871679687523283, 9865875.849853515625 ], [ 264210.94805908203125, 9865875.849853515625 ], [ 264210.94805908203125, 9865889.8018798828125 ] ] ] } },
{ "type": "Feature", "properties": { "tile_row": 37, "tile_col": 38, "x_min": 733.9807, "y_min": 497.94214, "x_max": 833.0842, "y_max": 565.7435, "confidence_score": 0.6366972, "Class": "domestic garbage", "tile_id": "37_38", "filename": "tile_37_38.jpg", "x_offset": 38912, "y_offset": 37888, "width": 1024, "height": 1024, "left": 265352.1728515625, "top": 9860525.8178710938, "pixel_size_x": 0.30517578125, "pixel_size_y": 0.30517578125, "crs": "EPSG:32737", "global_x_min": 265576.16598510742, "global_y_min": 9860373.8579895012, "global_x_max": 265606.40997314453, "global_y_max": 9860353.1666564941 }, "geometry": { "type": "Polygon", "coordinates": [ [ [ 265576.165985107421875, 9860373.857989501208067 ], [ 265606.40997314453125, 9860373.857989501208067 ], [ 265606.40997314453125, 9860353.166656494140625 ], [ 265576.165985107421875, 9860353.166656494140625 ], [ 265576.165985107421875, 9860373.857989501208067 ] ] ] } },
{ "type": "Feature", "properties": { "tile_row": 69, "tile_col": 15, "x_min": 724.3475, "y_min": 658.292, "x_max": 806.6767, "y_max": 737.7617, "confidence_score": 0.38070536, "Class": "domestic garbage", "tile_id": "69_15", "filename": "tile_69_15.jpg", "x_offset": 15360, "y_offset": 70656, "width": 1024, "height": 1024, "left": 258164.6728515625, "top": 9850525.8178710938, "pixel_size_x": 0.30517578125, "pixel_size_y": 0.30517578125, "crs": "EPSG:32737", "global_x_min": 258385.72616577148, "global_y_min": 9850324.9230957031, "global_x_max": 258410.85104370117, "global_y_max": 9850300.6708679199 }, "geometry": { "type": "Polygon", "coordinates": [ [ [ 258385.726165771484375, 9850324.923095703125 ], [ 258410.851043701171875, 9850324.923095703125 ], [ 258410.851043701171875, 9850300.670867919921875 ], [ 258385.726165771484375, 9850300.670867919921875 ], [ 258385.726165771484375, 9850324.923095703125 ] ] ] } },
{ "type": "Feature", "properties": { "tile_row": 64, "tile_col": 31, "x_min": 230.31206, "y_min": 634.21356, "x_max": 281.41608, "y_max": 677.54816, "confidence_score": 0.8610975, "Class": "domestic garbage", "tile_id": "64_31", "filename": "tile_64_31.jpg", "x_offset": 31744, "y_offset": 65536, "width": 1024, "height": 1024, "left": 263164.6728515625, "top": 9852088.3178710938, "pixel_size_x": 0.30517578125, "pixel_size_y": 0.30517578125, "crs": "EPSG:32737", "global_x_min": 263234.95851440431, "global_y_min": 9851894.7712524422, "global_x_max": 263250.55422363279, "global_y_max": 9851881.546582032 }, "geometry": { "type": "Polygon", "coordinates": [ [ [ 263234.958514404308517, 9851894.771252442151308 ], [ 263250.554223632789217, 9851894.771252442151308 ], [ 263250.554223632789217, 9851881.546582031995058 ], [ 263234.958514404308517, 9851881.546582031995058 ], [ 263234.958514404308517, 9851894.771252442151308 ] ] ] } },
{ "type": "Feature", "properties": { "tile_row": 30, "tile_col": 33, "x_min": 179.79796, "y_min": 720.9423, "x_max": 230.99873, "y_max": 815.8372, "confidence_score": 0.33355528, "Class": "domestic garbage", "tile_id": "30_33", "filename": "tile_30_33.jpg", "x_offset": 33792, "y_offset": 30720, "width": 1024, "height": 1024, "left": 263789.6728515625, "top": 9862713.3178710938, "pixel_size_x": 0.30517578125, "pixel_size_y": 0.30517578125, "crs": "EPSG:32737", "global_x_min": 263844.54283447267, "global_y_min": 9862493.3037414551, "global_x_max": 263860.16806945798, "global_y_max": 9862464.3441162109 }, "geometry": { "type": "Polygon", "coordinates": [ [ [ 263844.542834472667892, 9862493.303741455078125 ], [ 263860.168069457984529, 9862493.303741455078125 ], [ 263860.168069457984529, 9862464.3441162109375 ], [ 263844.542834472667892, 9862464.3441162109375 ], [ 263844.542834472667892, 9862493.303741455078125 ] ] ] } },
{ "type": "Feature", "properties": { "tile_row": 2, "tile_col": 33, "x_min": 641.9379, "y_min": 334.46512, "x_max": 694.5545, "y_max": 389.0759, "confidence_score": 0.4027995, "Class": "domestic garbage", "tile_id": "2_33", "filename": "tile_2_33.jpg", "x_offset": 33792, "y_offset": 2048, "width": 1024, "height": 1024, "left": 263789.6728515625, "top": 9871463.3178710938, "pixel_size_x": 0.30517578125, "pixel_size_y": 0.30517578125, "crs": "EPSG:32737", "global_x_min": 263985.57675170898, "global_y_min": 9871361.2472167965, "global_x_max": 264001.6340637207, "global_y_max": 9871344.5813293457 }, "geometry": { "type": "Polygon", "coordinates": [ [ [ 263985.576751708984375, 9871361.247216796502471 ], [ 264001.634063720703125, 9871361.247216796502471 ], [ 264001.634063720703125, 9871344.581329345703125 ], [ 263985.576751708984375, 9871344.581329345703125 ], [ 263985.576751708984375, 9871361.247216796502471 ] ] ] } },
{ "type": "Feature", "properties": { "tile_row": 59, "tile_col": 4, "x_min": 261.41556, "y_min": 276.60077, "x_max": 290.28867, "y_max": 331.64526, "confidence_score": 0.4396639, "Class": "domestic garbage", "tile_id": "59_4", "filename": "tile_59_4.jpg", "x_offset": 4096, "y_offset": 60416, "width": 1024, "height": 1024, "left": 254727.1728515625, "top": 9853650.8178710938, "pixel_size_x": 0.30517578125, "pixel_size_y": 0.30517578125, "crs": "EPSG:32737", "global_x_min": 254806.95054931642, "global_y_min": 9853566.4060150143, "global_x_max": 254815.76192321777, "global_y_max": 9853549.6077697761 }, "geometry": { "type": "Polygon", "coordinates": [ [ [ 254806.950549316417892, 9853566.406015014275908 ], [ 254815.761923217767617, 9853566.406015014275908 ], [ 254815.761923217767617, 9853549.607769776135683 ], [ 254806.950549316417892, 9853549.607769776135683 ], [ 254806.950549316417892, 9853566.406015014275908 ] ] ] } },
{ "type": "Feature", "properties": { "tile_row": 57, "tile_col": 5, "x_min": 763.62085, "y_min": 630.89575, "x_max": 832.4265, "y_max": 785.0763, "confidence_score": 0.40437007, "Class": "domestic garbage", "tile_id": "57_5", "filename": "tile_57_5.jpg", "x_offset": 5120, "y_offset": 58368, "width": 1024, "height": 1024, "left": 255039.6728515625, "top": 9854275.8178710938, "pixel_size_x": 0.30517578125, "pixel_size_y": 0.30517578125, "crs": "EPSG:32737", "global_x_min": 255272.71144104004, "global_y_min": 9854083.2837677002, "global_x_max": 255293.7092590332, "global_y_max": 9854036.2315979004 }, "geometry": { "type": "Polygon", "coordinates": [ [ [ 255272.711441040039062, 9854083.283767700195312 ], [ 255293.709259033203125, 9854083.283767700195312 ], [ 255293.709259033203125, 9854036.231597900390625 ], [ 255272.711441040039062, 9854036.231597900390625 ], [ 255272.711441040039062, 9854083.283767700195312 ] ] ] } },
{ "type": "Feature", "properties": { "tile_row": 57, "tile_col": 5, "x_min": 259.76154, "y_min": 455.5554, "x_max": 313.66284, "y_max": 497.64517, "confidence_score": 0.31140086, "Class": "domestic garbage", "tile_id": "57_5", "filename": "tile_57_5.jpg", "x_offset": 5120, "y_offset": 58368, "width": 1024, "height": 1024, "left": 255039.6728515625, "top": 9854275.8178710938, "pixel_size_x": 0.30517578125, "pixel_size_y": 0.30517578125, "crs": "EPSG:32737", "global_x_min": 255118.94578247069, "global_y_min": 9854136.7933959961, "global_x_max": 255135.39515380858, "global_y_max": 9854123.9486175533 }, "geometry": { "type": "Polygon", "coordinates": [ [ [ 255118.945782470691483, 9854136.79339599609375 ], [ 255135.395153808582108, 9854136.79339599609375 ], [ 255135.395153808582108, 9854123.948617553338408 ], [ 255118.945782470691483, 9854123.948617553338408 ], [ 255118.945782470691483, 9854136.79339599609375 ] ] ] } },
{ "type": "Feature", "properties": { "tile_row": 38, "tile_col": 22, "x_min": 301.2246, "y_min": 133.21103, "x_max": 340.6001, "y_max": 187.22794, "confidence_score": 0.6796491, "Class": "domestic garbage", "tile_id": "38_22", "filename": "tile_38_22.jpg", "x_offset": 22528, "y_offset": 38912, "width": 1024, "height": 1024, "left": 260352.1728515625, "top": 9860213.3178710938, "pixel_size_x": 0.30517578125, "pixel_size_y": 0.30517578125, "crs": "EPSG:32737", "global_x_min": 260444.09930419922, "global_y_min": 9860172.6650909428, "global_x_max": 260456.11575317383, "global_y_max": 9860156.1804382317 }, "geometry": { "type": "Polygon", "coordinates": [ [ [ 260444.09930419921875, 9860172.665090942755342 ], [ 260456.115753173828125, 9860172.665090942755342 ], [ 260456.115753173828125, 9860156.180438231676817 ], [ 260444.09930419921875, 9860156.180438231676817 ], [ 260444.09930419921875, 9860172.665090942755342 ] ] ] } },
{ "type": "Feature", "properties": { "tile_row": 14, "tile_col": 40, "x_min": 260.3747, "y_min": 33.56634, "x_max": 365.87354, "y_max": 105.39293, "confidence_score": 0.3084453, "Class": "domestic garbage", "tile_id": "14_40", "filename": "tile_14_40.jpg", "x_offset": 40960, "y_offset": 14336, "width": 1024, "height": 1024, "left": 265977.1728515625, "top": 9867713.3178710938, "pixel_size_x": 0.30517578125, "pixel_size_y": 0.30517578125, "crs": "EPSG:32737", "global_x_min": 266056.63290405273, "global_y_min": 9867703.0742370598, "global_x_max": 266088.82859497069, "global_y_max": 9867681.1545013431 }, "geometry": { "type": "Polygon", "coordinates": [ [ [ 266056.632904052734375, 9867703.074237059801817 ], [ 266088.828594970691483, 9867703.074237059801817 ], [ 266088.828594970691483, 9867681.154501343145967 ], [ 266056.632904052734375, 9867681.154501343145967 ], [ 266056.632904052734375, 9867703.074237059801817 ] ] ] } },
{ "type": "Feature", "properties": { "tile_row": 74, "tile_col": 21, "x_min": 408.28442, "y_min": 807.0664, "x_max": 444.7331, "y_max": 870.09705, "confidence_score": 0.3137325, "Class": "domestic garbage", "tile_id": "74_21", "filename": "tile_74_21.jpg", "x_offset": 21504, "y_offset": 75776, "width": 1024, "height": 1024, "left": 260039.6728515625, "top": 9848963.3178710938, "pixel_size_x": 0.30517578125, "pixel_size_y": 0.30517578125, "crs": "EPSG:32737", "global_x_min": 260164.2713684082, "global_y_min": 9848717.0207519531, "global_x_max": 260175.39462280273, "global_y_max": 9848697.7853240967 }, "geometry": { "type": "Polygon", "coordinates": [ [ [ 260164.271368408197304, 9848717.020751953125 ], [ 260175.394622802734375, 9848717.020751953125 ], [ 260175.394622802734375, 9848697.785324096679688 ], [ 260164.271368408197304, 9848697.785324096679688 ], [ 260164.271368408197304, 9848717.020751953125 ] ] ] } },
{ "type": "Feature", "properties": { "tile_row": 52, "tile_col": 23, "x_min": 693.76074, "y_min": 258.6282, "x_max": 742.7943, "y_max": 286.7936, "confidence_score": 0.7999682, "Class": "domestic garbage", "tile_id": "52_23", "filename": "tile_52_23.jpg", "x_offset": 23552, "y_offset": 53248, "width": 1024, "height": 1024, "left": 260664.6728515625, "top": 9855838.3178710938, "pixel_size_x": 0.30517578125, "pixel_size_y": 0.30517578125, "crs": "EPSG:32737", "global_x_min": 260876.39182739257, "global_y_min": 9855759.3908081055, "global_x_max": 260891.35568237305, "global_y_max": 9855750.7954101562 }, "geometry": { "type": "Polygon", "coordinates": [ [ [ 260876.391827392566483, 9855759.39080810546875 ], [ 260891.355682373046875, 9855759.39080810546875 ], [ 260891.355682373046875, 9855750.79541015625 ], [ 260876.391827392566483, 9855750.79541015625 ], [ 260876.391827392566483, 9855759.39080810546875 ] ] ] } },
{ "type": "Feature", "properties": { "tile_row": 71, "tile_col": 41, "x_min": 851.50836, "y_min": 314.1088, "x_max": 898.36383, "y_max": 352.96286, "confidence_score": 0.91766983, "Class": "domestic garbage", "tile_id": "71_41", "filename": "tile_71_41.jpg", "x_offset": 41984, "y_offset": 72704, "width": 1024, "height": 1024, "left": 266289.6728515625, "top": 9849900.8178710938, "pixel_size_x": 0.30517578125, "pixel_size_y": 0.30517578125, "crs": "EPSG:32737", "global_x_min": 266549.53258056642, "global_y_min": 9849804.9594726562, "global_x_max": 266563.83173522947, "global_y_max": 9849793.1021545418 }, "geometry": { "type": "Polygon", "coordinates": [ [ [ 266549.532580566417892, 9849804.95947265625 ], [ 266563.831735229468904, 9849804.95947265625 ], [ 266563.831735229468904, 9849793.102154541760683 ], [ 266549.532580566417892, 9849793.102154541760683 ], [ 266549.532580566417892, 9849804.95947265625 ] ] ] } },
{ "type": "Feature", "properties": { "tile_row": 48, "tile_col": 23, "x_min": 399.13455, "y_min": 475.1448, "x_max": 438.1321, "y_max": 508.8339, "confidence_score": 0.36755037, "Class": "domestic garbage", "tile_id": "48_23", "filename": "tile_48_23.jpg", "x_offset": 23552, "y_offset": 49152, "width": 1024, "height": 1024, "left": 260664.6728515625, "top": 9857088.3178710938, "pixel_size_x": 0.30517578125, "pixel_size_y": 0.30517578125, "crs": "EPSG:32737", "global_x_min": 260786.47904968262, "global_y_min": 9856943.3151855469, "global_x_max": 260798.3801574707, "global_y_max": 9856933.0340881348 }, "geometry": { "type": "Polygon", "coordinates": [ [ [ 260786.479049682617188, 9856943.315185546875 ], [ 260798.380157470703125, 9856943.315185546875 ], [ 260798.380157470703125, 9856933.034088134765625 ], [ 260786.479049682617188, 9856933.034088134765625 ], [ 260786.479049682617188, 9856943.315185546875 ] ] ] } },
{ "type": "Feature", "properties": { "tile_row": 65, "tile_col": 5, "x_min": 187.64789, "y_min": 366.46313, "x_max": 267.57718, "y_max": 425.55133, "confidence_score": 0.40074033, "Class": "domestic garbage", "tile_id": "65_5", "filename": "tile_65_5.jpg", "x_offset": 5120, "y_offset": 66560, "width": 1024, "height": 1024, "left": 255039.6728515625, "top": 9851775.8178710938, "pixel_size_x": 0.30517578125, "pixel_size_y": 0.30517578125, "crs": "EPSG:32737", "global_x_min": 255096.93844299315, "global_y_min": 9851663.9821990971, "global_x_max": 255121.33092651368, "global_y_max": 9851645.9499114994 }, "geometry": { "type": "Polygon", "coordinates": [ [ [ 255096.938442993152421, 9851663.982199097052217 ], [ 255121.330926513677696, 9851663.982199097052217 ], [ 255121.330926513677696, 9851645.949911499395967 ], [ 255096.938442993152421, 9851645.949911499395967 ], [ 255096.938442993152421, 9851663.982199097052217 ] ] ] } },
{ "type": "Feature", "properties": { "tile_row": 65, "tile_col": 5, "x_min": 705.0184, "y_min": 256.24548, "x_max": 757.9996, "y_max": 304.60498, "confidence_score": 0.37557593, "Class": "domestic garbage", "tile_id": "65_5", "filename": "tile_65_5.jpg", "x_offset": 5120, "y_offset": 66560, "width": 1024, "height": 1024, "left": 255039.6728515625, "top": 9851775.8178710938, "pixel_size_x": 0.30517578125, "pixel_size_y": 0.30517578125, "crs": "EPSG:32737", "global_x_min": 255254.82739257812, "global_y_min": 9851697.6179565433, "global_x_max": 255270.99597167969, "global_y_max": 9851682.85980835 }, "geometry": { "type": "Polygon", "coordinates": [ [ [ 255254.827392578125, 9851697.617956543341279 ], [ 255270.9959716796875, 9851697.617956543341279 ], [ 255270.9959716796875, 9851682.859808349981904 ], [ 255254.827392578125, 9851682.859808349981904 ], [ 255254.827392578125, 9851697.617956543341279 ] ] ] } },
{ "type": "Feature", "properties": { "tile_row": 4, "tile_col": 19, "x_min": 262.71878, "y_min": 306.86047, "x_max": 361.34793, "y_max": 395.0598, "confidence_score": 0.5903815, "Class": "domestic garbage", "tile_id": "4_19", "filename": "tile_4_19.jpg", "x_offset": 19456, "y_offset": 4096, "width": 1024, "height": 1024, "left": 259414.6728515625, "top": 9870838.3178710938, "pixel_size_x": 0.30517578125, "pixel_size_y": 0.30517578125, "crs": "EPSG:32737", "global_x_min": 259494.84826049805, "global_y_min": 9870744.6714874264, "global_x_max": 259524.94748840333, "global_y_max": 9870717.7551879883 }, "geometry": { "type": "Polygon", "coordinates": [ [ [ 259494.848260498052696, 9870744.671487426385283 ], [ 259524.947488403326133, 9870744.671487426385283 ], [ 259524.947488403326133, 9870717.75518798828125 ], [ 259494.848260498052696, 9870717.75518798828125 ], [ 259494.848260498052696, 9870744.671487426385283 ] ] ] } },
{ "type": "Feature", "properties": { "tile_row": 74, "tile_col": 42, "x_min": 223.40866, "y_min": 486.07986, "x_max": 311.65085, "y_max": 563.39954, "confidence_score": 0.36408478, "Class": "domestic garbage", "tile_id": "74_42", "filename": "tile_74_42.jpg", "x_offset": 43008, "y_offset": 75776, "width": 1024, "height": 1024, "left": 266602.1728515625, "top": 9848963.3178710938, "pixel_size_x": 0.30517578125, "pixel_size_y": 0.30517578125, "crs": "EPSG:32737", "global_x_min": 266670.35176391603, "global_y_min": 9848814.9780700691, "global_x_max": 266697.28114318848, "global_y_max": 9848791.3819763176 }, "geometry": { "type": "Polygon", "coordinates": [ [ [ 266670.351763916027267, 9848814.978070069104433 ], [ 266697.281143188476562, 9848814.978070069104433 ], [ 266697.281143188476562, 9848791.381976317614317 ], [ 266670.351763916027267, 9848791.381976317614317 ], [ 266670.351763916027267, 9848814.978070069104433 ] ] ] } },
{ "type": "Feature", "properties": { "tile_row": 29, "tile_col": 41, "x_min": 796.5901, "y_min": 501.7687, "x_max": 869.2584, "y_max": 552.2098, "confidence_score": 0.544877, "Class": "domestic garbage", "tile_id": "29_41", "filename": "tile_29_41.jpg", "x_offset": 41984, "y_offset": 29696, "width": 1024, "height": 1024, "left": 266289.6728515625, "top": 9863025.8178710938, "pixel_size_x": 0.30517578125, "pixel_size_y": 0.30517578125, "crs": "EPSG:32737", "global_x_min": 266532.77285766602, "global_y_min": 9862872.6902160645, "global_x_max": 266554.94946289062, "global_y_max": 9862857.2968139648 }, "geometry": { "type": "Polygon", "coordinates": [ [ [ 266532.772857666015625, 9862872.690216064453125 ], [ 266554.949462890625, 9862872.690216064453125 ], [ 266554.949462890625, 9862857.29681396484375 ], [ 266532.772857666015625, 9862857.29681396484375 ], [ 266532.772857666015625, 9862872.690216064453125 ] ] ] } },
{ "type": "Feature", "properties": { "tile_row": 29, "tile_col": 41, "x_min": 224.30432, "y_min": 987.53723, "x_max": 293.4087, "y_max": 1024.0, "confidence_score": 0.40702513, "Class": "domestic garbage", "tile_id": "29_41", "filename": "tile_29_41.jpg", "x_offset": 41984, "y_offset": 29696, "width": 1024, "height": 1024, "left": 266289.6728515625, "top": 9863025.8178710938, "pixel_size_x": 0.30517578125, "pixel_size_y": 0.30517578125, "crs": "EPSG:32737", "global_x_min": 266358.12509765627, "global_y_min": 9862724.4454254154, "global_x_max": 266379.21408081055, "global_y_max": 9862713.3178710938 }, "geometry": { "type": "Polygon", "coordinates": [ [ [ 266358.125097656273283, 9862724.445425415411592 ], [ 266379.214080810546875, 9862724.445425415411592 ], [ 266379.214080810546875, 9862713.31787109375 ], [ 266358.125097656273283, 9862713.31787109375 ], [ 266358.125097656273283, 9862724.445425415411592 ] ] ] } },
{ "type": "Feature", "properties": { "tile_row": 77, "tile_col": 7, "x_min": 191.49559, "y_min": 527.0261, "x_max": 300.48328, "y_max": 613.62463, "confidence_score": 0.46099955, "Class": "domestic garbage", "tile_id": "77_7", "filename": "tile_77_7.jpg", "x_offset": 7168, "y_offset": 78848, "width": 1024, "height": 1024, "left": 255664.6728515625, "top": 9848025.8178710938, "pixel_size_x": 0.30517578125, "pixel_size_y": 0.30517578125, "crs": "EPSG:32737", "global_x_min": 255723.11266784667, "global_y_min": 9847864.9822692871, "global_x_max": 255756.37307128907, "global_y_max": 9847838.5544952396 }, "geometry": { "type": "Polygon", "coordinates": [ [ [ 255723.112667846668046, 9847864.982269287109375 ], [ 255756.373071289068321, 9847864.982269287109375 ], [ 255756.373071289068321, 9847838.554495239630342 ], [ 255723.112667846668046, 9847838.554495239630342 ], [ 255723.112667846668046, 9847864.982269287109375 ] ] ] } },
{ "type": "Feature", "properties": { "tile_row": 41, "tile_col": 2, "x_min": 249.73859, "y_min": 600.5963, "x_max": 317.49207, "y_max": 637.2982, "confidence_score": 0.32827124, "Class": "domestic garbage", "tile_id": "41_2", "filename": "tile_41_2.jpg", "x_offset": 2048, "y_offset": 41984, "width": 1024, "height": 1024, "left": 254102.1728515625, "top": 9859275.8178710938, "pixel_size_x": 0.30517578125, "pixel_size_y": 0.30517578125, "crs": "EPSG:32737", "global_x_min": 254178.38702087401, "global_y_min": 9859092.5304260254, "global_x_max": 254199.06374206542, "global_y_max": 9859081.3298950195 }, "geometry": { "type": "Polygon", "coordinates": [ [ [ 254178.387020874011796, 9859092.530426025390625 ], [ 254199.063742065423867, 9859092.530426025390625 ], [ 254199.063742065423867, 9859081.32989501953125 ], [ 254178.387020874011796, 9859081.32989501953125 ], [ 254178.387020874011796, 9859092.530426025390625 ] ] ] } },
{ "type": "Feature", "properties": { "tile_row": 12, "tile_col": 41, "x_min": 371.4604, "y_min": 558.9041, "x_max": 413.99573, "y_max": 601.69794, "confidence_score": 0.31252348, "Class": "domestic garbage", "tile_id": "12_41", "filename": "tile_12_41.jpg", "x_offset": 41984, "y_offset": 12288, "width": 1024, "height": 1024, "left": 266289.6728515625, "top": 9868338.3178710938, "pixel_size_x": 0.30517578125, "pixel_size_y": 0.30517578125, "crs": "EPSG:32737", "global_x_min": 266403.03356933594, "global_y_min": 9868167.7538757324, "global_x_max": 266416.01432189939, "global_y_max": 9868154.694232177 }, "geometry": { "type": "Polygon", "coordinates": [ [ [ 266403.0335693359375, 9868167.753875732421875 ], [ 266416.014321899390779, 9868167.753875732421875 ], [ 266416.014321899390779, 9868154.694232176989317 ], [ 266403.0335693359375, 9868154.694232176989317 ], [ 266403.0335693359375, 9868167.753875732421875 ] ] ] } },
{ "type": "Feature", "properties": { "tile_row": 27, "tile_col": 36, "x_min": 612.45496, "y_min": 464.70212, "x_max": 665.9418, "y_max": 513.16113, "confidence_score": 0.39145288, "Class": "domestic garbage", "tile_id": "27_36", "filename": "tile_27_36.jpg", "x_offset": 36864, "y_offset": 27648, "width": 1024, "height": 1024, "left": 264727.1728515625, "top": 9863650.8178710938, "pixel_size_x": 0.30517578125, "pixel_size_y": 0.30517578125, "crs": "EPSG:32737", "global_x_min": 264914.07927246095, "global_y_min": 9863509.0020385738, "global_x_max": 264930.40216064453, "global_y_max": 9863494.2135223392 }, "geometry": { "type": "Polygon", "coordinates": [ [ [ 264914.079272460949142, 9863509.002038573846221 ], [ 264930.40216064453125, 9863509.002038573846221 ], [ 264930.40216064453125, 9863494.213522339239717 ], [ 264914.079272460949142, 9863494.213522339239717 ], [ 264914.079272460949142, 9863509.002038573846221 ] ] ] } },
{ "type": "Feature", "properties": { "tile_row": 14, "tile_col": 42, "x_min": 478.63724, "y_min": 289.08694, "x_max": 522.72943, "y_max": 344.69125, "confidence_score": 0.6548193, "Class": "domestic garbage", "tile_id": "14_42", "filename": "tile_14_42.jpg", "x_offset": 43008, "y_offset": 14336, "width": 1024, "height": 1024, "left": 266602.1728515625, "top": 9867713.3178710938, "pixel_size_x": 0.30517578125, "pixel_size_y": 0.30517578125, "crs": "EPSG:32737", "global_x_min": 266748.24134521483, "global_y_min": 9867625.0955383293, "global_x_max": 266761.69721374509, "global_y_max": 9867608.126449585 }, "geometry": { "type": "Polygon", "coordinates": [ [ [ 266748.241345214832108, 9867625.095538329333067 ], [ 266761.697213745093904, 9867625.095538329333067 ], [ 266761.697213745093904, 9867608.126449584960938 ], [ 266748.241345214832108, 9867608.126449584960938 ], [ 266748.241345214832108, 9867625.095538329333067 ] ] ] } },
{ "type": "Feature", "properties": { "tile_row": 51, "tile_col": 21, "x_min": 857.75745, "y_min": 224.5081, "x_max": 904.89856, "y_max": 264.75928, "confidence_score": 0.5022628, "Class": "domestic garbage", "tile_id": "51_21", "filename": "tile_51_21.jpg", "x_offset": 21504, "y_offset": 52224, "width": 1024, "height": 1024, "left": 260039.6728515625, "top": 9856150.8178710938, "pixel_size_x": 0.30517578125, "pixel_size_y": 0.30517578125, "crs": "EPSG:32737", "global_x_min": 260301.43965148926, "global_y_min": 9856082.3034362793, "global_x_max": 260315.82597656251, "global_y_max": 9856070.0197509769 }, "geometry": { "type": "Polygon", "coordinates": [ [ [ 260301.439651489257812, 9856082.303436279296875 ], [ 260315.825976562511642, 9856082.303436279296875 ], [ 260315.825976562511642, 9856070.019750976935029 ], [ 260301.439651489257812, 9856070.019750976935029 ], [ 260301.439651489257812, 9856082.303436279296875 ] ] ] } },
{ "type": "Feature", "properties": { "tile_row": 25, "tile_col": 41, "x_min": 343.2722, "y_min": 232.62831, "x_max": 376.29007, "y_max": 271.01822, "confidence_score": 0.3906883, "Class": "domestic garbage", "tile_id": "25_41", "filename": "tile_25_41.jpg", "x_offset": 41984, "y_offset": 25600, "width": 1024, "height": 1024, "left": 266289.6728515625, "top": 9864275.8178710938, "pixel_size_x": 0.30517578125, "pixel_size_y": 0.30517578125, "crs": "EPSG:32737", "global_x_min": 266394.43121337891, "global_y_min": 9864204.8253448494, "global_x_max": 266404.50746765139, "global_y_max": 9864193.1096740719 }, "geometry": { "type": "Polygon", "coordinates": [ [ [ 266394.43121337890625, 9864204.825344849377871 ], [ 266404.507467651390471, 9864204.825344849377871 ], [ 266404.507467651390471, 9864193.109674071893096 ], [ 266394.43121337890625, 9864193.109674071893096 ], [ 266394.43121337890625, 9864204.825344849377871 ] ] ] } },
{ "type": "Feature", "properties": { "tile_row": 49, "tile_col": 34, "x_min": 122.28887, "y_min": 785.855, "x_max": 172.8473, "y_max": 833.3131, "confidence_score": 0.63322586, "Class": "domestic garbage", "tile_id": "49_34", "filename": "tile_49_34.jpg", "x_offset": 34816, "y_offset": 50176, "width": 1024, "height": 1024, "left": 264102.1728515625, "top": 9856775.8178710938, "pixel_size_x": 0.30517578125, "pixel_size_y": 0.30517578125, "crs": "EPSG:32737", "global_x_min": 264139.49245300295, "global_y_min": 9856535.9939575195, "global_x_max": 264154.92166137695, "global_y_max": 9856521.5108947754 }, "geometry": { "type": "Polygon", "coordinates": [ [ [ 264139.492453002952971, 9856535.99395751953125 ], [ 264154.921661376953125, 9856535.99395751953125 ], [ 264154.921661376953125, 9856521.510894775390625 ], [ 264139.492453002952971, 9856521.510894775390625 ], [ 264139.492453002952971, 9856535.99395751953125 ] ] ] } },
{ "type": "Feature", "properties": { "tile_row": 46, "tile_col": 32, "x_min": 398.45532, "y_min": 509.3526, "x_max": 454.83136, "y_max": 561.3575, "confidence_score": 0.37265107, "Class": "domestic garbage", "tile_id": "46_32", "filename": "tile_46_32.jpg", "x_offset": 32768, "y_offset": 47104, "width": 1024, "height": 1024, "left": 263477.1728515625, "top": 9857713.3178710938, "pixel_size_x": 0.30517578125, "pixel_size_y": 0.30517578125, "crs": "EPSG:32737", "global_x_min": 263598.77176513674, "global_y_min": 9857557.875793457, "global_x_max": 263615.97636718751, "global_y_max": 9857542.0051574707 }, "geometry": { "type": "Polygon", "coordinates": [ [ [ 263598.771765136742033, 9857557.87579345703125 ], [ 263615.976367187511642, 9857557.87579345703125 ], [ 263615.976367187511642, 9857542.005157470703125 ], [ 263598.771765136742033, 9857542.005157470703125 ], [ 263598.771765136742033, 9857557.87579345703125 ] ] ] } },
{ "type": "Feature", "properties": { "tile_row": 50, "tile_col": 11, "x_min": 323.09778, "y_min": 630.85126, "x_max": 377.32086, "y_max": 700.3664, "confidence_score": 0.49895832, "Class": "domestic garbage", "tile_id": "50_11", "filename": "tile_50_11.jpg", "x_offset": 11264, "y_offset": 51200, "width": 1024, "height": 1024, "left": 256914.6728515625, "top": 9856463.3178710938, "pixel_size_x": 0.30517578125, "pixel_size_y": 0.30517578125, "crs": "EPSG:32737", "global_x_min": 257013.27446899415, "global_y_min": 9856270.7973449714, "global_x_max": 257029.82203979493, "global_y_max": 9856249.5830078125 }, "geometry": { "type": "Polygon", "coordinates": [ [ [ 257013.274468994146446, 9856270.797344971448183 ], [ 257029.822039794933517, 9856270.797344971448183 ], [ 257029.822039794933517, 9856249.5830078125 ], [ 257013.274468994146446, 9856249.5830078125 ], [ 257013.274468994146446, 9856270.797344971448183 ] ] ] } },
{ "type": "Feature", "properties": { "tile_row": 20, "tile_col": 18, "x_min": 709.9991, "y_min": 218.71002, "x_max": 754.70184, "y_max": 317.23376, "confidence_score": 0.36571938, "Class": "domestic garbage", "tile_id": "20_18", "filename": "tile_20_18.jpg", "x_offset": 18432, "y_offset": 20480, "width": 1024, "height": 1024, "left": 259102.1728515625, "top": 9865838.3178710938, "pixel_size_x": 0.30517578125, "pixel_size_y": 0.30517578125, "crs": "EPSG:32737", "global_x_min": 259318.8473815918, "global_y_min": 9865771.5728698727, "global_x_max": 259332.4895751953, "global_y_max": 9865741.5058105476 }, "geometry": { "type": "Polygon", "coordinates": [ [ [ 259318.847381591796875, 9865771.572869872674346 ], [ 259332.489575195300858, 9865771.572869872674346 ], [ 259332.489575195300858, 9865741.505810547620058 ], [ 259318.847381591796875, 9865741.505810547620058 ], [ 259318.847381591796875, 9865771.572869872674346 ] ] ] } },
{ "type": "Feature", "properties": { "tile_row": 61, "tile_col": 10, "x_min": 830.2183, "y_min": 10.547573, "x_max": 898.9118, "y_max": 87.10425, "confidence_score": 0.8996382, "Class": "domestic garbage", "tile_id": "61_10", "filename": "tile_61_10.jpg", "x_offset": 10240, "y_offset": 62464, "width": 1024, "height": 1024, "left": 256602.1728515625, "top": 9853025.8178710938, "pixel_size_x": 0.30517578125, "pixel_size_y": 0.30517578125, "crs": "EPSG:32737", "global_x_min": 256855.53536987305, "global_y_min": 9853022.5990072638, "global_x_max": 256876.49896240234, "global_y_max": 9852999.2357635498 }, "geometry": { "type": "Polygon", "coordinates": [ [ [ 256855.535369873046875, 9853022.59900726377964 ], [ 256876.49896240234375, 9853022.59900726377964 ], [ 256876.49896240234375, 9852999.235763549804688 ], [ 256855.535369873046875, 9852999.235763549804688 ], [ 256855.535369873046875, 9853022.59900726377964 ] ] ] } },
{ "type": "Feature", "properties": { "tile_row": 61, "tile_col": 10, "x_min": 592.09216, "y_min": 0.52173996, "x_max": 657.8467, "y_max": 83.36427, "confidence_score": 0.784012, "Class": "domestic garbage", "tile_id": "61_10", "filename": "tile_61_10.jpg", "x_offset": 10240, "y_offset": 62464, "width": 1024, "height": 1024, "left": 256602.1728515625, "top": 9853025.8178710938, "pixel_size_x": 0.30517578125, "pixel_size_y": 0.30517578125, "crs": "EPSG:32737", "global_x_min": 256782.86503906251, "global_y_min": 9853025.6586486939, "global_x_max": 256802.93173217773, "global_y_max": 9853000.3771148678 }, "geometry": { "type": "Polygon", "coordinates": [ [ [ 256782.865039062511642, 9853025.658648693934083 ], [ 256802.931732177734375, 9853025.658648693934083 ], [ 256802.931732177734375, 9853000.377114867791533 ], [ 256782.865039062511642, 9853000.377114867791533 ], [ 256782.865039062511642, 9853025.658648693934083 ] ] ] } },
{ "type": "Feature", "properties": { "tile_row": 52, "tile_col": 7, "x_min": 888.6668, "y_min": 449.71063, "x_max": 931.9257, "y_max": 480.69403, "confidence_score": 0.6062603, "Class": "domestic garbage", "tile_id": "52_7", "filename": "tile_52_7.jpg", "x_offset": 7168, "y_offset": 53248, "width": 1024, "height": 1024, "left": 255664.6728515625, "top": 9855838.3178710938, "pixel_size_x": 0.30517578125, "pixel_size_y": 0.30517578125, "crs": "EPSG:32737", "global_x_min": 255935.87243652344, "global_y_min": 9855701.0770782474, "global_x_max": 255949.07400512695, "global_y_max": 9855691.6216949467 }, "geometry": { "type": "Polygon", "coordinates": [ [ [ 255935.8724365234375, 9855701.077078247442842 ], [ 255949.074005126953125, 9855701.077078247442842 ], [ 255949.074005126953125, 9855691.621694946661592 ], [ 255935.8724365234375, 9855691.621694946661592 ], [ 255935.8724365234375, 9855701.077078247442842 ] ] ] } },
{ "type": "Feature", "properties": { "tile_row": 74, "tile_col": 26, "x_min": 606.4807, "y_min": 424.1615, "x_max": 661.22375, "y_max": 485.01245, "confidence_score": 0.6005207, "Class": "domestic garbage", "tile_id": "74_26", "filename": "tile_74_26.jpg", "x_offset": 26624, "y_offset": 75776, "width": 1024, "height": 1024, "left": 261602.1728515625, "top": 9848963.3178710938, "pixel_size_x": 0.30517578125, "pixel_size_y": 0.30517578125, "crs": "EPSG:32737", "global_x_min": 261787.25607299805, "global_y_min": 9848833.8740539551, "global_x_max": 261803.9623260498, "global_y_max": 9848815.303817749 }, "geometry": { "type": "Polygon", "coordinates": [ [ [ 261787.256072998046875, 9848833.874053955078125 ], [ 261803.962326049804688, 9848833.874053955078125 ], [ 261803.962326049804688, 9848815.303817749023438 ], [ 261787.256072998046875, 9848815.303817749023438 ], [ 261787.256072998046875, 9848833.874053955078125 ] ] ] } },
{ "type": "Feature", "properties": { "tile_row": 15, "tile_col": 35, "x_min": 289.40823, "y_min": 755.2309, "x_max": 330.49728, "y_max": 815.34064, "confidence_score": 0.49486634, "Class": "domestic garbage", "tile_id": "15_35", "filename": "tile_15_35.jpg", "x_offset": 35840, "y_offset": 15360, "width": 1024, "height": 1024, "left": 264414.6728515625, "top": 9867400.8178710938, "pixel_size_x": 0.30517578125, "pixel_size_y": 0.30517578125, "crs": "EPSG:32737", "global_x_min": 264502.99323425291, "global_y_min": 9867170.3396911621, "global_x_max": 264515.53261718748, "global_y_max": 9867151.9956542961 }, "geometry": { "type": "Polygon", "coordinates": [ [ [ 264502.993234252906404, 9867170.339691162109375 ], [ 264515.532617187476717, 9867170.339691162109375 ], [ 264515.532617187476717, 9867151.995654296129942 ], [ 264502.993234252906404, 9867151.995654296129942 ], [ 264502.993234252906404, 9867170.339691162109375 ] ] ] } },
{ "type": "Feature", "properties": { "tile_row": 28, "tile_col": 35, "x_min": 614.5318, "y_min": 388.5997, "x_max": 666.0046, "y_max": 433.84738, "confidence_score": 0.7952034, "Class": "domestic garbage", "tile_id": "28_35", "filename": "tile_28_35.jpg", "x_offset": 35840, "y_offset": 28672, "width": 1024, "height": 1024, "left": 264414.6728515625, "top": 9863338.3178710938, "pixel_size_x": 0.30517578125, "pixel_size_y": 0.30517578125, "crs": "EPSG:32737", "global_x_min": 264602.21307373047, "global_y_min": 9863219.7266540527, "global_x_max": 264617.92132568359, "global_y_max": 9863205.9181579594 }, "geometry": { "type": "Polygon", "coordinates": [ [ [ 264602.21307373046875, 9863219.726654052734375 ], [ 264617.92132568359375, 9863219.726654052734375 ], [ 264617.92132568359375, 9863205.918157959356904 ], [ 264602.21307373046875, 9863205.918157959356904 ], [ 264602.21307373046875, 9863219.726654052734375 ] ] ] } },
{ "type": "Feature", "properties": { "tile_row": 28, "tile_col": 35, "x_min": 455.72534, "y_min": 754.55414, "x_max": 493.37897, "y_max": 788.51495, "confidence_score": 0.59255624, "Class": "domestic garbage", "tile_id": "28_35", "filename": "tile_28_35.jpg", "x_offset": 35840, "y_offset": 28672, "width": 1024, "height": 1024, "left": 264414.6728515625, "top": 9863338.3178710938, "pixel_size_x": 0.30517578125, "pixel_size_y": 0.30517578125, "crs": "EPSG:32737", "global_x_min": 264553.74918823241, "global_y_min": 9863108.0462219231, "global_x_max": 264565.24016418459, "global_y_max": 9863097.6822052002 }, "geometry": { "type": "Polygon", "coordinates": [ [ [ 264553.749188232410233, 9863108.046221923083067 ], [ 264565.240164184593596, 9863108.046221923083067 ], [ 264565.240164184593596, 9863097.682205200195312 ], [ 264553.749188232410233, 9863097.682205200195312 ], [ 264553.749188232410233, 9863108.046221923083067 ] ] ] } },
{ "type": "Feature", "properties": { "tile_row": 52, "tile_col": 28, "x_min": 794.5659, "y_min": 543.4903, "x_max": 834.8624, "y_max": 595.02277, "confidence_score": 0.30159205, "Class": "domestic garbage", "tile_id": "52_28", "filename": "tile_52_28.jpg", "x_offset": 28672, "y_offset": 53248, "width": 1024, "height": 1024, "left": 262227.1728515625, "top": 9855838.3178710938, "pixel_size_x": 0.30517578125, "pixel_size_y": 0.30517578125, "crs": "EPSG:32737", "global_x_min": 262469.65512084961, "global_y_min": 9855672.4577941895, "global_x_max": 262481.95263671875, "global_y_max": 9855656.7313323971 }, "geometry": { "type": "Polygon", "coordinates": [ [ [ 262469.655120849609375, 9855672.457794189453125 ], [ 262481.95263671875, 9855672.457794189453125 ], [ 262481.95263671875, 9855656.731332397088408 ], [ 262469.655120849609375, 9855656.731332397088408 ], [ 262469.655120849609375, 9855672.457794189453125 ] ] ] } },
{ "type": "Feature", "properties": { "tile_row": 50, "tile_col": 34, "x_min": 359.4572, "y_min": 440.3302, "x_max": 405.39258, "y_max": 497.82758, "confidence_score": 0.8334676, "Class": "domestic garbage", "tile_id": "50_34", "filename": "tile_50_34.jpg", "x_offset": 34816, "y_offset": 51200, "width": 1024, "height": 1024, "left": 264102.1728515625, "top": 9856463.3178710938, "pixel_size_x": 0.30517578125, "pixel_size_y": 0.30517578125, "crs": "EPSG:32737", "global_x_min": 264211.87048339844, "global_y_min": 9856328.9397583008, "global_x_max": 264225.88884887693, "global_y_max": 9856311.3929504398 }, "geometry": { "type": "Polygon", "coordinates": [ [ [ 264211.8704833984375, 9856328.93975830078125 ], [ 264225.888848876929842, 9856328.93975830078125 ], [ 264225.888848876929842, 9856311.392950439825654 ], [ 264211.8704833984375, 9856311.392950439825654 ], [ 264211.8704833984375, 9856328.93975830078125 ] ] ] } },
{ "type": "Feature", "properties": { "tile_row": 28, "tile_col": 22, "x_min": 95.845924, "y_min": 289.86426, "x_max": 155.12393, "y_max": 349.94757, "confidence_score": 0.55923855, "Class": "domestic garbage", "tile_id": "28_22", "filename": "tile_28_22.jpg", "x_offset": 22528, "y_offset": 28672, "width": 1024, "height": 1024, "left": 260352.1728515625, "top": 9863338.3178710938, "pixel_size_x": 0.30517578125, "pixel_size_y": 0.30517578125, "crs": "EPSG:32737", "global_x_min": 260381.42270629882, "global_y_min": 9863249.8583190925, "global_x_max": 260399.51291809083, "global_y_max": 9863231.5223480221 }, "geometry": { "type": "Polygon", "coordinates": [ [ [ 260381.42270629882114, 9863249.858319092541933 ], [ 260399.512918090826133, 9863249.858319092541933 ], [ 260399.512918090826133, 9863231.522348022088408 ], [ 260381.42270629882114, 9863231.522348022088408 ], [ 260381.42270629882114, 9863249.858319092541933 ] ] ] } },
{ "type": "Feature", "properties": { "tile_row": 14, "tile_col": 0, "x_min": 777.8274, "y_min": 742.4618, "x_max": 821.46313, "y_max": 781.14856, "confidence_score": 0.6859026, "Class": "domestic garbage", "tile_id": "14_0", "filename": "tile_14_0.jpg", "x_offset": 0, "y_offset": 14336, "width": 1024, "height": 1024, "left": 253477.1728515625, "top": 9867713.3178710938, "pixel_size_x": 0.30517578125, "pixel_size_y": 0.30517578125, "crs": "EPSG:32737", "global_x_min": 253714.54693603516, "global_y_min": 9867486.7365112305, "global_x_max": 253727.86350402833, "global_y_max": 9867474.9302490242 }, "geometry": { "type": "Polygon", "coordinates": [ [ [ 253714.54693603515625, 9867486.73651123046875 ], [ 253727.863504028326133, 9867486.73651123046875 ], [ 253727.863504028326133, 9867474.930249024182558 ], [ 253714.54693603515625, 9867474.930249024182558 ], [ 253714.54693603515625, 9867486.73651123046875 ] ] ] } },
{ "type": "Feature", "properties": { "tile_row": 51, "tile_col": 26, "x_min": 888.6457, "y_min": 898.94073, "x_max": 941.0153, "y_max": 937.13934, "confidence_score": 0.6176535, "Class": "domestic garbage", "tile_id": "51_26", "filename": "tile_51_26.jpg", "x_offset": 26624, "y_offset": 52224, "width": 1024, "height": 1024, "left": 261602.1728515625, "top": 9856150.8178710938, "pixel_size_x": 0.30517578125, "pixel_size_y": 0.30517578125, "crs": "EPSG:32737", "global_x_min": 261873.36599731445, "global_y_min": 9855876.4829315189, "global_x_max": 261889.3479309082, "global_y_max": 9855864.8256408684 }, "geometry": { "type": "Polygon", "coordinates": [ [ [ 261873.365997314453125, 9855876.482931518927217 ], [ 261889.347930908203125, 9855876.482931518927217 ], [ 261889.347930908203125, 9855864.825640868395567 ], [ 261873.365997314453125, 9855864.825640868395567 ], [ 261873.365997314453125, 9855876.482931518927217 ] ] ] } },
{ "type": "Feature", "properties": { "tile_row": 54, "tile_col": 27, "x_min": 798.895, "y_min": 546.354, "x_max": 884.84607, "y_max": 591.28625, "confidence_score": 0.46446303, "Class": "domestic garbage", "tile_id": "54_27", "filename": "tile_54_27.jpg", "x_offset": 27648, "y_offset": 55296, "width": 1024, "height": 1024, "left": 261914.6728515625, "top": 9855213.3178710938, "pixel_size_x": 0.30517578125, "pixel_size_y": 0.30517578125, "crs": "EPSG:32737", "global_x_min": 262158.47625732422, "global_y_min": 9855046.5838623047, "global_x_max": 262184.70644226077, "global_y_max": 9855032.8716278076 }, "geometry": { "type": "Polygon", "coordinates": [ [ [ 262158.47625732421875, 9855046.5838623046875 ], [ 262184.706442260765471, 9855046.5838623046875 ], [ 262184.706442260765471, 9855032.871627807617188 ], [ 262158.47625732421875, 9855032.871627807617188 ], [ 262158.47625732421875, 9855046.5838623046875 ] ] ] } },
{ "type": "Feature", "properties": { "tile_row": 43, "tile_col": 23, "x_min": 630.64044, "y_min": 497.99582, "x_max": 737.73724, "y_max": 536.66437, "confidence_score": 0.43355292, "Class": "domestic garbage", "tile_id": "43_23", "filename": "tile_43_23.jpg", "x_offset": 23552, "y_offset": 44032, "width": 1024, "height": 1024, "left": 260664.6728515625, "top": 9858650.8178710938, "pixel_size_x": 0.30517578125, "pixel_size_y": 0.30517578125, "crs": "EPSG:32737", "global_x_min": 260857.12904052733, "global_y_min": 9858498.8416076656, "global_x_max": 260889.81239013671, "global_y_max": 9858487.0409027096 }, "geometry": { "type": "Polygon", "coordinates": [ [ [ 260857.129040527332108, 9858498.841607665643096 ], [ 260889.812390136707108, 9858498.841607665643096 ], [ 260889.812390136707108, 9858487.040902709588408 ], [ 260857.129040527332108, 9858487.040902709588408 ], [ 260857.129040527332108, 9858498.841607665643096 ] ] ] } },
{ "type": "Feature", "properties": { "tile_row": 33, "tile_col": 20, "x_min": 463.179, "y_min": 611.3388, "x_max": 503.3976, "y_max": 658.42975, "confidence_score": 0.47243464, "Class": "domestic garbage", "tile_id": "33_20", "filename": "tile_33_20.jpg", "x_offset": 20480, "y_offset": 33792, "width": 1024, "height": 1024, "left": 259727.1728515625, "top": 9861775.8178710938, "pixel_size_x": 0.30517578125, "pixel_size_y": 0.30517578125, "crs": "EPSG:32737", "global_x_min": 259868.52386474609, "global_y_min": 9861589.2520751953, "global_x_max": 259880.79760742188, "global_y_max": 9861574.8810577393 }, "geometry": { "type": "Polygon", "coordinates": [ [ [ 259868.52386474609375, 9861589.2520751953125 ], [ 259880.797607421875, 9861589.2520751953125 ], [ 259880.797607421875, 9861574.881057739257812 ], [ 259868.52386474609375, 9861574.881057739257812 ], [ 259868.52386474609375, 9861589.2520751953125 ] ] ] } },
{ "type": "Feature", "properties": { "tile_row": 45, "tile_col": 8, "x_min": 128.26561, "y_min": 453.48856, "x_max": 173.24748, "y_max": 511.23782, "confidence_score": 0.86259717, "Class": "domestic garbage", "tile_id": "45_8", "filename": "tile_45_8.jpg", "x_offset": 8192, "y_offset": 46080, "width": 1024, "height": 1024, "left": 255977.1728515625, "top": 9858025.8178710938, "pixel_size_x": 0.30517578125, "pixel_size_y": 0.30517578125, "crs": "EPSG:32737", "global_x_min": 256016.31640930177, "global_y_min": 9857887.4241455086, "global_x_max": 256030.0437866211, "global_y_max": 9857869.8004699703 }, "geometry": { "type": "Polygon", "coordinates": [ [ [ 256016.316409301769454, 9857887.424145508557558 ], [ 256030.043786621099571, 9857887.424145508557558 ], [ 256030.043786621099571, 9857869.800469970330596 ], [ 256016.316409301769454, 9857869.800469970330596 ], [ 256016.316409301769454, 9857887.424145508557558 ] ] ] } },
{ "type": "Feature", "properties": { "tile_row": 28, "tile_col": 19, "x_min": 738.2941, "y_min": 339.8718, "x_max": 808.10345, "y_max": 393.00797, "confidence_score": 0.8168889, "Class": "domestic garbage", "tile_id": "28_19", "filename": "tile_28_19.jpg", "x_offset": 19456, "y_offset": 28672, "width": 1024, "height": 1024, "left": 259414.6728515625, "top": 9863338.3178710938, "pixel_size_x": 0.30517578125, "pixel_size_y": 0.30517578125, "crs": "EPSG:32737", "global_x_min": 259639.98233032227, "global_y_min": 9863234.5972290039, "global_x_max": 259661.28645324707, "global_y_max": 9863218.3813568112 }, "geometry": { "type": "Polygon", "coordinates": [ [ [ 259639.982330322265625, 9863234.59722900390625 ], [ 259661.286453247070312, 9863234.59722900390625 ], [ 259661.286453247070312, 9863218.381356811150908 ], [ 259639.982330322265625, 9863218.381356811150908 ], [ 259639.982330322265625, 9863234.59722900390625 ] ] ] } },
{ "type": "Feature", "properties": { "tile_row": 62, "tile_col": 35, "x_min": 604.8514, "y_min": 260.85928, "x_max": 642.77924, "y_max": 289.21085, "confidence_score": 0.3081766, "Class": "domestic garbage", "tile_id": "62_35", "filename": "tile_62_35.jpg", "x_offset": 35840, "y_offset": 63488, "width": 1024, "height": 1024, "left": 264414.6728515625, "top": 9852713.3178710938, "pixel_size_x": 0.30517578125, "pixel_size_y": 0.30517578125, "crs": "EPSG:32737", "global_x_min": 264599.25885009766, "global_y_min": 9852633.7099365238, "global_x_max": 264610.83350830077, "global_y_max": 9852625.057723999 }, "geometry": { "type": "Polygon", "coordinates": [ [ [ 264599.25885009765625, 9852633.709936523810029 ], [ 264610.833508300769608, 9852633.709936523810029 ], [ 264610.833508300769608, 9852625.057723999023438 ], [ 264599.25885009765625, 9852625.057723999023438 ], [ 264599.25885009765625, 9852633.709936523810029 ] ] ] } },
{ "type": "Feature", "properties": { "tile_row": 20, "tile_col": 41, "x_min": 526.8244, "y_min": 243.0407, "x_max": 580.4628, "y_max": 288.96677, "confidence_score": 0.84682316, "Class": "domestic garbage", "tile_id": "20_41", "filename": "tile_20_41.jpg", "x_offset": 41984, "y_offset": 20480, "width": 1024, "height": 1024, "left": 266289.6728515625, "top": 9865838.3178710938, "pixel_size_x": 0.30517578125, "pixel_size_y": 0.30517578125, "crs": "EPSG:32737", "global_x_min": 266450.44689941406, "global_y_min": 9865764.1477355957, "global_x_max": 266466.81604003906, "global_y_max": 9865750.1322113033 }, "geometry": { "type": "Polygon", "coordinates": [ [ [ 266450.4468994140625, 9865764.147735595703125 ], [ 266466.8160400390625, 9865764.147735595703125 ], [ 266466.8160400390625, 9865750.132211303338408 ], [ 266450.4468994140625, 9865750.132211303338408 ], [ 266450.4468994140625, 9865764.147735595703125 ] ] ] } },
{ "type": "Feature", "properties": { "tile_row": 67, "tile_col": 36, "x_min": 857.83124, "y_min": 478.91895, "x_max": 901.7918, "y_max": 525.5371, "confidence_score": 0.778613, "Class": "domestic garbage", "tile_id": "67_36", "filename": "tile_67_36.jpg", "x_offset": 36864, "y_offset": 68608, "width": 1024, "height": 1024, "left": 264727.1728515625, "top": 9851150.8178710938, "pixel_size_x": 0.30517578125, "pixel_size_y": 0.30517578125, "crs": "EPSG:32737", "global_x_min": 264988.96217041014, "global_y_min": 9851004.6634063721, "global_x_max": 265002.37786865234, "global_y_max": 9850990.4366760254 }, "geometry": { "type": "Polygon", "coordinates": [ [ [ 264988.962170410144608, 9851004.663406372070312 ], [ 265002.37786865234375, 9851004.663406372070312 ], [ 265002.37786865234375, 9850990.436676025390625 ], [ 264988.962170410144608, 9850990.436676025390625 ], [ 264988.962170410144608, 9851004.663406372070312 ] ] ] } },
{ "type": "Feature", "properties": { "tile_row": 40, "tile_col": 16, "x_min": 667.9393, "y_min": 288.93213, "x_max": 691.2745, "y_max": 324.56976, "confidence_score": 0.33648783, "Class": "domestic garbage", "tile_id": "40_16", "filename": "tile_40_16.jpg", "x_offset": 16384, "y_offset": 40960, "width": 1024, "height": 1024, "left": 258477.1728515625, "top": 9859588.3178710938, "pixel_size_x": 0.30517578125, "pixel_size_y": 0.30517578125, "crs": "EPSG:32737", "global_x_min": 258681.01174926758, "global_y_min": 9859500.1427825931, "global_x_max": 258688.1330871582, "global_y_max": 9859489.2670410164 }, "geometry": { "type": "Polygon", "coordinates": [ [ [ 258681.011749267578125, 9859500.142782593145967 ], [ 258688.133087158203125, 9859500.142782593145967 ], [ 258688.133087158203125, 9859489.267041016370058 ], [ 258681.011749267578125, 9859489.267041016370058 ], [ 258681.011749267578125, 9859500.142782593145967 ] ] ] } },
{ "type": "Feature", "properties": { "tile_row": 51, "tile_col": 17, "x_min": 630.7401, "y_min": 526.39886, "x_max": 734.621, "y_max": 584.2807, "confidence_score": 0.54125303, "Class": "domestic garbage", "tile_id": "51_17", "filename": "tile_51_17.jpg", "x_offset": 17408, "y_offset": 52224, "width": 1024, "height": 1024, "left": 258789.6728515625, "top": 9856150.8178710938, "pixel_size_x": 0.30517578125, "pixel_size_y": 0.30517578125, "crs": "EPSG:32737", "global_x_min": 258982.1594543457, "global_y_min": 9855990.1736877449, "global_x_max": 259013.86138916016, "global_y_max": 9855972.509552002 }, "geometry": { "type": "Polygon", "coordinates": [ [ [ 258982.159454345703125, 9855990.173687744885683 ], [ 259013.86138916015625, 9855990.173687744885683 ], [ 259013.86138916015625, 9855972.509552001953125 ], [ 258982.159454345703125, 9855972.509552001953125 ], [ 258982.159454345703125, 9855990.173687744885683 ] ] ] } },
{ "type": "Feature", "properties": { "tile_row": 8, "tile_col": 20, "x_min": 694.7616, "y_min": 743.10754, "x_max": 806.9541, "y_max": 813.42395, "confidence_score": 0.82057166, "Class": "domestic garbage", "tile_id": "8_20", "filename": "tile_8_20.jpg", "x_offset": 20480, "y_offset": 8192, "width": 1024, "height": 1024, "left": 259727.1728515625, "top": 9869588.3178710938, "pixel_size_x": 0.30517578125, "pixel_size_y": 0.30517578125, "crs": "EPSG:32737", "global_x_min": 259939.197265625, "global_y_min": 9869361.5394470207, "global_x_max": 259973.43569946289, "global_y_max": 9869340.080581665 }, "geometry": { "type": "Polygon", "coordinates": [ [ [ 259939.197265625, 9869361.539447020739317 ], [ 259973.435699462890625, 9869361.539447020739317 ], [ 259973.435699462890625, 9869340.080581665039062 ], [ 259939.197265625, 9869340.080581665039062 ], [ 259939.197265625, 9869361.539447020739317 ] ] ] } },
{ "type": "Feature", "properties": { "tile_row": 55, "tile_col": 0, "x_min": 458.52594, "y_min": 103.676445, "x_max": 520.0806, "y_max": 140.76573, "confidence_score": 0.41867018, "Class": "domestic garbage", "tile_id": "55_0", "filename": "tile_55_0.jpg", "x_offset": 0, "y_offset": 56320, "width": 1024, "height": 1024, "left": 253477.1728515625, "top": 9854900.8178710938, "pixel_size_x": 0.30517578125, "pixel_size_y": 0.30517578125, "crs": "EPSG:32737", "global_x_min": 253617.10386352538, "global_y_min": 9854869.1783309933, "global_x_max": 253635.88885498047, "global_y_max": 9854857.8595794681 }, "geometry": { "type": "Polygon", "coordinates": [ [ [ 253617.103863525378983, 9854869.178330993279815 ], [ 253635.88885498046875, 9854869.178330993279815 ], [ 253635.88885498046875, 9854857.859579468145967 ], [ 253617.103863525378983, 9854857.859579468145967 ], [ 253617.103863525378983, 9854869.178330993279815 ] ] ] } },
{ "type": "Feature", "properties": { "tile_row": 2, "tile_col": 0, "x_min": 426.02768, "y_min": 403.81174, "x_max": 501.5591, "y_max": 464.72043, "confidence_score": 0.41337508, "Class": "domestic garbage", "tile_id": "2_0", "filename": "tile_2_0.jpg", "x_offset": 0, "y_offset": 2048, "width": 1024, "height": 1024, "left": 253477.1728515625, "top": 9871463.3178710938, "pixel_size_x": 0.30517578125, "pixel_size_y": 0.30517578125, "crs": "EPSG:32737", "global_x_min": 253607.18618164063, "global_y_min": 9871340.0843078606, "global_x_max": 253630.23654174805, "global_y_max": 9871321.496450806 }, "geometry": { "type": "Polygon", "coordinates": [ [ [ 253607.186181640630821, 9871340.084307860583067 ], [ 253630.236541748046875, 9871340.084307860583067 ], [ 253630.236541748046875, 9871321.496450806036592 ], [ 253607.186181640630821, 9871321.496450806036592 ], [ 253607.186181640630821, 9871340.084307860583067 ] ] ] } },
{ "type": "Feature", "properties": { "tile_row": 56, "tile_col": 4, "x_min": 788.6648, "y_min": 314.88968, "x_max": 863.5276, "y_max": 363.9313, "confidence_score": 0.92033684, "Class": "domestic garbage", "tile_id": "56_4", "filename": "tile_56_4.jpg", "x_offset": 4096, "y_offset": 57344, "width": 1024, "height": 1024, "left": 254727.1728515625, "top": 9854588.3178710938, "pixel_size_x": 0.30517578125, "pixel_size_y": 0.30517578125, "crs": "EPSG:32737", "global_x_min": 254967.85424804688, "global_y_min": 9854492.2211669926, "global_x_max": 254990.70056152344, "global_y_max": 9854477.2548522949 }, "geometry": { "type": "Polygon", "coordinates": [ [ [ 254967.854248046875, 9854492.221166992560029 ], [ 254990.7005615234375, 9854492.221166992560029 ], [ 254990.7005615234375, 9854477.254852294921875 ], [ 254967.854248046875, 9854477.254852294921875 ], [ 254967.854248046875, 9854492.221166992560029 ] ] ] } },
{ "type": "Feature", "properties": { "tile_row": 56, "tile_col": 4, "x_min": 456.7827, "y_min": 459.0094, "x_max": 521.6654, "y_max": 501.05573, "confidence_score": 0.41540137, "Class": "domestic garbage", "tile_id": "56_4", "filename": "tile_56_4.jpg", "x_offset": 4096, "y_offset": 57344, "width": 1024, "height": 1024, "left": 254727.1728515625, "top": 9854588.3178710938, "pixel_size_x": 0.30517578125, "pixel_size_y": 0.30517578125, "crs": "EPSG:32737", "global_x_min": 254866.57186889648, "global_y_min": 9854448.2393188477, "global_x_max": 254886.37249755859, "global_y_max": 9854435.4077972416 }, "geometry": { "type": "Polygon", "coordinates": [ [ [ 254866.571868896484375, 9854448.23931884765625 ], [ 254886.37249755859375, 9854448.23931884765625 ], [ 254886.37249755859375, 9854435.407797241583467 ], [ 254866.571868896484375, 9854435.407797241583467 ], [ 254866.571868896484375, 9854448.23931884765625 ] ] ] } },
{ "type": "Feature", "properties": { "tile_row": 26, "tile_col": 36, "x_min": 278.8862, "y_min": 854.4618, "x_max": 319.45847, "y_max": 896.22705, "confidence_score": 0.47320357, "Class": "domestic garbage", "tile_id": "26_36", "filename": "tile_26_36.jpg", "x_offset": 36864, "y_offset": 26624, "width": 1024, "height": 1024, "left": 264727.1728515625, "top": 9863963.3178710938, "pixel_size_x": 0.30517578125, "pixel_size_y": 0.30517578125, "crs": "EPSG:32737", "global_x_min": 264812.28216552734, "global_y_min": 9863702.5568237305, "global_x_max": 264824.6638397217, "global_y_max": 9863689.8110809326 }, "geometry": { "type": "Polygon", "coordinates": [ [ [ 264812.28216552734375, 9863702.55682373046875 ], [ 264824.663839721702971, 9863702.55682373046875 ], [ 264824.663839721702971, 9863689.811080932617188 ], [ 264812.28216552734375, 9863689.811080932617188 ], [ 264812.28216552734375, 9863702.55682373046875 ] ] ] } },
{ "type": "Feature", "properties": { "tile_row": 9, "tile_col": 20, "x_min": 328.99695, "y_min": 430.469, "x_max": 374.6053, "y_max": 479.95453, "confidence_score": 0.3422348, "Class": "domestic garbage", "tile_id": "9_20", "filename": "tile_9_20.jpg", "x_offset": 20480, "y_offset": 9216, "width": 1024, "height": 1024, "left": 259727.1728515625, "top": 9869275.8178710938, "pixel_size_x": 0.30517578125, "pixel_size_y": 0.30517578125, "crs": "EPSG:32737", "global_x_min": 259827.57475280762, "global_y_min": 9869144.4491577148, "global_x_max": 259841.49331665039, "global_y_max": 9869129.3473724369 }, "geometry": { "type": "Polygon", "coordinates": [ [ [ 259827.574752807617188, 9869144.44915771484375 ], [ 259841.493316650390625, 9869144.44915771484375 ], [ 259841.493316650390625, 9869129.347372436895967 ], [ 259827.574752807617188, 9869129.347372436895967 ], [ 259827.574752807617188, 9869144.44915771484375 ] ] ] } },
{ "type": "Feature", "properties": { "tile_row": 49, "tile_col": 2, "x_min": 359.8731, "y_min": 343.5383, "x_max": 394.9463, "y_max": 404.9247, "confidence_score": 0.79684967, "Class": "domestic garbage", "tile_id": "49_2", "filename": "tile_49_2.jpg", "x_offset": 2048, "y_offset": 50176, "width": 1024, "height": 1024, "left": 254102.1728515625, "top": 9856775.8178710938, "pixel_size_x": 0.30517578125, "pixel_size_y": 0.30517578125, "crs": "EPSG:32737", "global_x_min": 254211.99740600586, "global_y_min": 9856670.978302002, "global_x_max": 254222.7008972168, "global_y_max": 9856652.2446594238 }, "geometry": { "type": "Polygon", "coordinates": [ [ [ 254211.997406005859375, 9856670.978302001953125 ], [ 254222.700897216796875, 9856670.978302001953125 ], [ 254222.700897216796875, 9856652.244659423828125 ], [ 254211.997406005859375, 9856652.244659423828125 ], [ 254211.997406005859375, 9856670.978302001953125 ] ] ] } },
{ "type": "Feature", "properties": { "tile_row": 49, "tile_col": 2, "x_min": 514.14453, "y_min": 578.50104, "x_max": 586.0054, "y_max": 618.1391, "confidence_score": 0.64009184, "Class": "domestic garbage", "tile_id": "49_2", "filename": "tile_49_2.jpg", "x_offset": 2048, "y_offset": 50176, "width": 1024, "height": 1024, "left": 254102.1728515625, "top": 9856775.8178710938, "pixel_size_x": 0.30517578125, "pixel_size_y": 0.30517578125, "crs": "EPSG:32737", "global_x_min": 254259.07731018067, "global_y_min": 9856599.2733642571, "global_x_max": 254281.00750732422, "global_y_max": 9856587.1767883301 }, "geometry": { "type": "Polygon", "coordinates": [ [ [ 254259.077310180669883, 9856599.273364257067442 ], [ 254281.00750732421875, 9856599.273364257067442 ], [ 254281.00750732421875, 9856587.176788330078125 ], [ 254259.077310180669883, 9856587.176788330078125 ], [ 254259.077310180669883, 9856599.273364257067442 ] ] ] } },
{ "type": "Feature", "properties": { "tile_row": 65, "tile_col": 37, "x_min": 686.0017, "y_min": 212.69931, "x_max": 754.2013, "y_max": 275.71445, "confidence_score": 0.7721095, "Class": "domestic garbage", "tile_id": "65_37", "filename": "tile_65_37.jpg", "x_offset": 37888, "y_offset": 66560, "width": 1024, "height": 1024, "left": 265039.6728515625, "top": 9851775.8178710938, "pixel_size_x": 0.30517578125, "pixel_size_y": 0.30517578125, "crs": "EPSG:32737", "global_x_min": 265249.02395629883, "global_y_min": 9851710.9071929939, "global_x_max": 265269.83682250977, "global_y_max": 9851691.6764984131 }, "geometry": { "type": "Polygon", "coordinates": [ [ [ 265249.023956298828125, 9851710.907192993909121 ], [ 265269.836822509765625, 9851710.907192993909121 ], [ 265269.836822509765625, 9851691.676498413085938 ], [ 265249.023956298828125, 9851691.676498413085938 ], [ 265249.023956298828125, 9851710.907192993909121 ] ] ] } },
{ "type": "Feature", "properties": { "tile_row": 65, "tile_col": 37, "x_min": 198.31673, "y_min": 176.21707, "x_max": 300.47836, "y_max": 242.95547, "confidence_score": 0.5961213, "Class": "domestic garbage", "tile_id": "65_37", "filename": "tile_65_37.jpg", "x_offset": 37888, "y_offset": 66560, "width": 1024, "height": 1024, "left": 265039.6728515625, "top": 9851775.8178710938, "pixel_size_x": 0.30517578125, "pixel_size_y": 0.30517578125, "crs": "EPSG:32737", "global_x_min": 265100.19431457517, "global_y_min": 9851722.0406890865, "global_x_max": 265131.37156982423, "global_y_max": 9851701.6737457272 }, "geometry": { "type": "Polygon", "coordinates": [ [ [ 265100.194314575172029, 9851722.040689086541533 ], [ 265131.371569824230392, 9851722.040689086541533 ], [ 265131.371569824230392, 9851701.673745727166533 ], [ 265100.194314575172029, 9851701.673745727166533 ], [ 265100.194314575172029, 9851722.040689086541533 ] ] ] } },
{ "type": "Feature", "properties": { "tile_row": 65, "tile_col": 37, "x_min": 828.09015, "y_min": 162.82047, "x_max": 914.1922, "y_max": 213.91327, "confidence_score": 0.56392527, "Class": "domestic garbage", "tile_id": "65_37", "filename": "tile_65_37.jpg", "x_offset": 37888, "y_offset": 66560, "width": 1024, "height": 1024, "left": 265039.6728515625, "top": 9851775.8178710938, "pixel_size_x": 0.30517578125, "pixel_size_y": 0.30517578125, "crs": "EPSG:32737", "global_x_min": 265292.38591003418, "global_y_min": 9851726.1290069576, "global_x_max": 265318.66217041016, "global_y_max": 9851710.5367218014 }, "geometry": { "type": "Polygon", "coordinates": [ [ [ 265292.385910034179688, 9851726.129006957635283 ], [ 265318.66217041015625, 9851726.129006957635283 ], [ 265318.66217041015625, 9851710.536721801385283 ], [ 265292.385910034179688, 9851710.536721801385283 ], [ 265292.385910034179688, 9851726.129006957635283 ] ] ] } },
{ "type": "Feature", "properties": { "tile_row": 60, "tile_col": 17, "x_min": 753.3612, "y_min": 73.05115, "x_max": 814.52356, "y_max": 119.18318, "confidence_score": 0.67807055, "Class": "domestic garbage", "tile_id": "60_17", "filename": "tile_60_17.jpg", "x_offset": 17408, "y_offset": 61440, "width": 1024, "height": 1024, "left": 258789.6728515625, "top": 9853338.3178710938, "pixel_size_x": 0.30517578125, "pixel_size_y": 0.30517578125, "crs": "EPSG:32737", "global_x_min": 259019.58044433594, "global_y_min": 9853316.0244293213, "global_x_max": 259038.24571533204, "global_y_max": 9853301.9460510258 }, "geometry": { "type": "Polygon", "coordinates": [ [ [ 259019.5804443359375, 9853316.024429321289062 ], [ 259038.245715332042892, 9853316.024429321289062 ], [ 259038.245715332042892, 9853301.946051025763154 ], [ 259019.5804443359375, 9853301.946051025763154 ], [ 259019.5804443359375, 9853316.024429321289062 ] ] ] } },
{ "type": "Feature", "properties": { "tile_row": 17, "tile_col": 2, "x_min": 136.67578, "y_min": 495.16208, "x_max": 350.3126, "y_max": 622.01654, "confidence_score": 0.55660015, "Class": "domestic garbage", "tile_id": "17_2", "filename": "tile_17_2.jpg", "x_offset": 2048, "y_offset": 17408, "width": 1024, "height": 1024, "left": 254102.1728515625, "top": 9866775.8178710938, "pixel_size_x": 0.30517578125, "pixel_size_y": 0.30517578125, "crs": "EPSG:32737", "global_x_min": 254143.88298950196, "global_y_min": 9866624.7063964847, "global_x_max": 254209.07977294922, "global_y_max": 9866585.9934875481 }, "geometry": { "type": "Polygon", "coordinates": [ [ [ 254143.882989501958946, 9866624.706396484747529 ], [ 254209.07977294921875, 9866624.706396484747529 ], [ 254209.07977294921875, 9866585.993487548083067 ], [ 254143.882989501958946, 9866585.993487548083067 ], [ 254143.882989501958946, 9866624.706396484747529 ] ] ] } },
{ "type": "Feature", "properties": { "tile_row": 61, "tile_col": 2, "x_min": 324.2351, "y_min": 400.4857, "x_max": 393.71484, "y_max": 459.4315, "confidence_score": 0.40553814, "Class": "domestic garbage", "tile_id": "61_2", "filename": "tile_61_2.jpg", "x_offset": 2048, "y_offset": 62464, "width": 1024, "height": 1024, "left": 254102.1728515625, "top": 9853025.8178710938, "pixel_size_x": 0.30517578125, "pixel_size_y": 0.30517578125, "crs": "EPSG:32737", "global_x_min": 254201.12155151367, "global_y_min": 9852903.5993347168, "global_x_max": 254222.32508544921, "global_y_max": 9852885.6105041504 }, "geometry": { "type": "Polygon", "coordinates": [ [ [ 254201.121551513671875, 9852903.599334716796875 ], [ 254222.325085449207108, 9852903.599334716796875 ], [ 254222.325085449207108, 9852885.610504150390625 ], [ 254201.121551513671875, 9852885.610504150390625 ], [ 254201.121551513671875, 9852903.599334716796875 ] ] ] } },
{ "type": "Feature", "properties": { "tile_row": 25, "tile_col": 27, "x_min": 450.01035, "y_min": 670.56555, "x_max": 509.03262, "y_max": 727.9469, "confidence_score": 0.5930853, "Class": "domestic garbage", "tile_id": "25_27", "filename": "tile_25_27.jpg", "x_offset": 27648, "y_offset": 25600, "width": 1024, "height": 1024, "left": 261914.6728515625, "top": 9864275.8178710938, "pixel_size_x": 0.30517578125, "pixel_size_y": 0.30517578125, "crs": "EPSG:32737", "global_x_min": 262052.00511169434, "global_y_min": 9864071.1775054932, "global_x_max": 262070.01727905273, "global_y_max": 9864053.6661071777 }, "geometry": { "type": "Polygon", "coordinates": [ [ [ 262052.005111694335938, 9864071.177505493164062 ], [ 262070.017279052728554, 9864071.177505493164062 ], [ 262070.017279052728554, 9864053.666107177734375 ], [ 262052.005111694335938, 9864053.666107177734375 ], [ 262052.005111694335938, 9864071.177505493164062 ] ] ] } },
{ "type": "Feature", "properties": { "tile_row": 27, "tile_col": 1, "x_min": 519.83856, "y_min": 798.899, "x_max": 551.7238, "y_max": 842.9255, "confidence_score": 0.46609855, "Class": "domestic garbage", "tile_id": "27_1", "filename": "tile_27_1.jpg", "x_offset": 1024, "y_offset": 27648, "width": 1024, "height": 1024, "left": 253789.6728515625, "top": 9863650.8178710938, "pixel_size_x": 0.30517578125, "pixel_size_y": 0.30517578125, "crs": "EPSG:32737", "global_x_min": 253948.31499023439, "global_y_min": 9863407.0132446289, "global_x_max": 253958.04559326172, "global_y_max": 9863393.5774230957 }, "geometry": { "type": "Polygon", "coordinates": [ [ [ 253948.314990234386642, 9863407.01324462890625 ], [ 253958.04559326171875, 9863407.01324462890625 ], [ 253958.04559326171875, 9863393.577423095703125 ], [ 253948.314990234386642, 9863393.577423095703125 ], [ 253948.314990234386642, 9863407.01324462890625 ] ] ] } },
{ "type": "Feature", "properties": { "tile_row": 60, "tile_col": 10, "x_min": 957.3866, "y_min": 581.815, "x_max": 1019.2157, "y_max": 674.53815, "confidence_score": 0.91729915, "Class": "domestic garbage", "tile_id": "60_10", "filename": "tile_60_10.jpg", "x_offset": 10240, "y_offset": 61440, "width": 1024, "height": 1024, "left": 256602.1728515625, "top": 9853338.3178710938, "pixel_size_x": 0.30517578125, "pixel_size_y": 0.30517578125, "crs": "EPSG:32737", "global_x_min": 256894.34405517578, "global_y_min": 9853160.7620239258, "global_x_max": 256913.21279907227, "global_y_max": 9853132.4651641846 }, "geometry": { "type": "Polygon", "coordinates": [ [ [ 256894.34405517578125, 9853160.76202392578125 ], [ 256913.212799072265625, 9853160.76202392578125 ], [ 256913.212799072265625, 9853132.465164184570312 ], [ 256894.34405517578125, 9853132.465164184570312 ], [ 256894.34405517578125, 9853160.76202392578125 ] ] ] } },
{ "type": "Feature", "properties": { "tile_row": 64, "tile_col": 5, "x_min": 730.0895, "y_min": 673.9026, "x_max": 785.0123, "y_max": 716.73425, "confidence_score": 0.843676, "Class": "domestic garbage", "tile_id": "64_5", "filename": "tile_64_5.jpg", "x_offset": 5120, "y_offset": 65536, "width": 1024, "height": 1024, "left": 255039.6728515625, "top": 9852088.3178710938, "pixel_size_x": 0.30517578125, "pixel_size_y": 0.30517578125, "crs": "EPSG:32737", "global_x_min": 255262.47848510742, "global_y_min": 9851882.6591186523, "global_x_max": 255279.23959350586, "global_y_max": 9851869.5879364014 }, "geometry": { "type": "Polygon", "coordinates": [ [ [ 255262.478485107421875, 9851882.65911865234375 ], [ 255279.239593505859375, 9851882.65911865234375 ], [ 255279.239593505859375, 9851869.587936401367188 ], [ 255262.478485107421875, 9851869.587936401367188 ], [ 255262.478485107421875, 9851882.65911865234375 ] ] ] } },
{ "type": "Feature", "properties": { "tile_row": 48, "tile_col": 30, "x_min": 712.85315, "y_min": 906.89294, "x_max": 761.5752, "y_max": 959.3146, "confidence_score": 0.44697687, "Class": "domestic garbage", "tile_id": "48_30", "filename": "tile_48_30.jpg", "x_offset": 30720, "y_offset": 49152, "width": 1024, "height": 1024, "left": 262852.1728515625, "top": 9857088.3178710938, "pixel_size_x": 0.30517578125, "pixel_size_y": 0.30517578125, "crs": "EPSG:32737", "global_x_min": 263069.71836853027, "global_y_min": 9856811.5561096184, "global_x_max": 263084.58715820312, "global_y_max": 9856795.5582885742 }, "geometry": { "type": "Polygon", "coordinates": [ [ [ 263069.718368530273438, 9856811.556109618395567 ], [ 263084.587158203125, 9856811.556109618395567 ], [ 263084.587158203125, 9856795.55828857421875 ], [ 263069.718368530273438, 9856795.55828857421875 ], [ 263069.718368530273438, 9856811.556109618395567 ] ] ] } },
{ "type": "Feature", "properties": { "tile_row": 48, "tile_col": 30, "x_min": 304.40012, "y_min": 93.06064, "x_max": 354.22214, "y_max": 135.91495, "confidence_score": 0.4020244, "Class": "domestic garbage", "tile_id": "48_30", "filename": "tile_48_30.jpg", "x_offset": 30720, "y_offset": 49152, "width": 1024, "height": 1024, "left": 262852.1728515625, "top": 9857088.3178710938, "pixel_size_x": 0.30517578125, "pixel_size_y": 0.30517578125, "crs": "EPSG:32737", "global_x_min": 262945.06839599612, "global_y_min": 9857059.9180175774, "global_x_max": 262960.27286987304, "global_y_max": 9857046.8399200439 }, "geometry": { "type": "Polygon", "coordinates": [ [ [ 262945.068395996117033, 9857059.918017577379942 ], [ 262960.272869873035233, 9857059.918017577379942 ], [ 262960.272869873035233, 9857046.839920043945312 ], [ 262945.068395996117033, 9857046.839920043945312 ], [ 262945.068395996117033, 9857059.918017577379942 ] ] ] } },
{ "type": "Feature", "properties": { "tile_row": 58, "tile_col": 4, "x_min": 897.671, "y_min": 515.6611, "x_max": 1005.3889, "y_max": 589.6468, "confidence_score": 0.65733474, "Class": "domestic garbage", "tile_id": "58_4", "filename": "tile_58_4.jpg", "x_offset": 4096, "y_offset": 59392, "width": 1024, "height": 1024, "left": 254727.1728515625, "top": 9853963.3178710938, "pixel_size_x": 0.30517578125, "pixel_size_y": 0.30517578125, "crs": "EPSG:32737", "global_x_min": 255001.12030029297, "global_y_min": 9853805.950592041, "global_x_max": 255033.99319458008, "global_y_max": 9853783.3719482422 }, "geometry": { "type": "Polygon", "coordinates": [ [ [ 255001.12030029296875, 9853805.950592041015625 ], [ 255033.993194580078125, 9853805.950592041015625 ], [ 255033.993194580078125, 9853783.3719482421875 ], [ 255001.12030029296875, 9853783.3719482421875 ], [ 255001.12030029296875, 9853805.950592041015625 ] ] ] } },
{ "type": "Feature", "properties": { "tile_row": 46, "tile_col": 35, "x_min": 354.11426, "y_min": 23.350449, "x_max": 400.46063, "y_max": 123.944534, "confidence_score": 0.3330508, "Class": "domestic garbage", "tile_id": "46_35", "filename": "tile_46_35.jpg", "x_offset": 35840, "y_offset": 47104, "width": 1024, "height": 1024, "left": 264414.6728515625, "top": 9857713.3178710938, "pixel_size_x": 0.30517578125, "pixel_size_y": 0.30517578125, "crs": "EPSG:32737", "global_x_min": 264522.73994750978, "global_y_min": 9857706.1918795779, "global_x_max": 264536.88373718259, "global_y_max": 9857675.4930010978 }, "geometry": { "type": "Polygon", "coordinates": [ [ [ 264522.739947509777267, 9857706.191879577934742 ], [ 264536.883737182593904, 9857706.191879577934742 ], [ 264536.883737182593904, 9857675.493001097813249 ], [ 264522.739947509777267, 9857675.493001097813249 ], [ 264522.739947509777267, 9857706.191879577934742 ] ] ] } },
{ "type": "Feature", "properties": { "tile_row": 53, "tile_col": 14, "x_min": 439.07895, "y_min": 67.71805, "x_max": 486.5839, "y_max": 129.34842, "confidence_score": 0.32844582, "Class": "domestic garbage", "tile_id": "53_14", "filename": "tile_53_14.jpg", "x_offset": 14336, "y_offset": 54272, "width": 1024, "height": 1024, "left": 257852.1728515625, "top": 9855525.8178710938, "pixel_size_x": 0.30517578125, "pixel_size_y": 0.30517578125, "crs": "EPSG:32737", "global_x_min": 257986.16911315918, "global_y_min": 9855505.1519622803, "global_x_max": 258000.66647338867, "global_y_max": 9855486.3438659664 }, "geometry": { "type": "Polygon", "coordinates": [ [ [ 257986.169113159179688, 9855505.151962280273438 ], [ 258000.666473388671875, 9855505.151962280273438 ], [ 258000.666473388671875, 9855486.343865966424346 ], [ 257986.169113159179688, 9855486.343865966424346 ], [ 257986.169113159179688, 9855505.151962280273438 ] ] ] } },
{ "type": "Feature", "properties": { "tile_row": 22, "tile_col": 40, "x_min": 632.7003, "y_min": 258.02573, "x_max": 676.802, "y_max": 291.7053, "confidence_score": 0.34154442, "Class": "domestic garbage", "tile_id": "22_40", "filename": "tile_22_40.jpg", "x_offset": 40960, "y_offset": 22528, "width": 1024, "height": 1024, "left": 265977.1728515625, "top": 9865213.3178710938, "pixel_size_x": 0.30517578125, "pixel_size_y": 0.30517578125, "crs": "EPSG:32737", "global_x_min": 266170.25765991211, "global_y_min": 9865134.5746673588, "global_x_max": 266183.71643066406, "global_y_max": 9865124.2964782715 }, "geometry": { "type": "Polygon", "coordinates": [ [ [ 266170.257659912109375, 9865134.574667358770967 ], [ 266183.7164306640625, 9865134.574667358770967 ], [ 266183.7164306640625, 9865124.296478271484375 ], [ 266170.257659912109375, 9865124.296478271484375 ], [ 266170.257659912109375, 9865134.574667358770967 ] ] ] } },
{ "type": "Feature", "properties": { "tile_row": 57, "tile_col": 24, "x_min": 246.19853, "y_min": 709.17334, "x_max": 291.61368, "y_max": 741.67676, "confidence_score": 0.59232074, "Class": "domestic garbage", "tile_id": "57_24", "filename": "tile_57_24.jpg", "x_offset": 24576, "y_offset": 58368, "width": 1024, "height": 1024, "left": 260977.1728515625, "top": 9854275.8178710938, "pixel_size_x": 0.30517578125, "pixel_size_y": 0.30517578125, "crs": "EPSG:32737", "global_x_min": 261052.30668029786, "global_y_min": 9854059.3953430168, "global_x_max": 261066.16628417969, "global_y_max": 9854049.4760864265 }, "geometry": { "type": "Polygon", "coordinates": [ [ [ 261052.306680297857383, 9854059.395343016833067 ], [ 261066.166284179693321, 9854059.395343016833067 ], [ 261066.166284179693321, 9854049.476086426526308 ], [ 261052.306680297857383, 9854049.476086426526308 ], [ 261052.306680297857383, 9854059.395343016833067 ] ] ] } },
{ "type": "Feature", "properties": { "tile_row": 51, "tile_col": 27, "x_min": 460.7471, "y_min": 41.16313, "x_max": 523.0722, "y_max": 79.67912, "confidence_score": 0.8812908, "Class": "domestic garbage", "tile_id": "51_27", "filename": "tile_51_27.jpg", "x_offset": 27648, "y_offset": 52224, "width": 1024, "height": 1024, "left": 261914.6728515625, "top": 9856150.8178710938, "pixel_size_x": 0.30517578125, "pixel_size_y": 0.30517578125, "crs": "EPSG:32737", "global_x_min": 262055.28170776367, "global_y_min": 9856138.2558807377, "global_x_max": 262074.30181884766, "global_y_max": 9856126.5017333981 }, "geometry": { "type": "Polygon", "coordinates": [ [ [ 262055.281707763671875, 9856138.255880737677217 ], [ 262074.30181884765625, 9856138.255880737677217 ], [ 262074.30181884765625, 9856126.501733398064971 ], [ 262055.281707763671875, 9856126.501733398064971 ], [ 262055.281707763671875, 9856138.255880737677217 ] ] ] } },
{ "type": "Feature", "properties": { "tile_row": 51, "tile_col": 27, "x_min": 771.89746, "y_min": 432.58994, "x_max": 911.4507, "y_max": 577.81885, "confidence_score": 0.6065608, "Class": "domestic garbage", "tile_id": "51_27", "filename": "tile_51_27.jpg", "x_offset": 27648, "y_offset": 52224, "width": 1024, "height": 1024, "left": 261914.6728515625, "top": 9856150.8178710938, "pixel_size_x": 0.30517578125, "pixel_size_y": 0.30517578125, "crs": "EPSG:32737", "global_x_min": 262150.2372619629, "global_y_min": 9856018.8018981926, "global_x_max": 262192.82553100586, "global_y_max": 9855974.481552124 }, "geometry": { "type": "Polygon", "coordinates": [ [ [ 262150.237261962902267, 9856018.801898192614317 ], [ 262192.825531005859375, 9856018.801898192614317 ], [ 262192.825531005859375, 9855974.481552124023438 ], [ 262150.237261962902267, 9855974.481552124023438 ], [ 262150.237261962902267, 9856018.801898192614317 ] ] ] } },
{ "type": "Feature", "properties": { "tile_row": 51, "tile_col": 27, "x_min": 156.69743, "y_min": 60.02081, "x_max": 211.23003, "y_max": 110.602936, "confidence_score": 0.5130301, "Class": "domestic garbage", "tile_id": "51_27", "filename": "tile_51_27.jpg", "x_offset": 27648, "y_offset": 52224, "width": 1024, "height": 1024, "left": 261914.6728515625, "top": 9856150.8178710938, "pixel_size_x": 0.30517578125, "pixel_size_y": 0.30517578125, "crs": "EPSG:32737", "global_x_min": 261962.49311218262, "global_y_min": 9856132.5009735115, "global_x_max": 261979.13514099122, "global_y_max": 9856117.0645336919 }, "geometry": { "type": "Polygon", "coordinates": [ [ [ 261962.493112182623008, 9856132.500973511487246 ], [ 261979.135140991216758, 9856132.500973511487246 ], [ 261979.135140991216758, 9856117.064533691853285 ], [ 261962.493112182623008, 9856117.064533691853285 ], [ 261962.493112182623008, 9856132.500973511487246 ] ] ] } },
{ "type": "Feature", "properties": { "tile_row": 47, "tile_col": 17, "x_min": 435.00095, "y_min": 451.54877, "x_max": 495.85593, "y_max": 511.53107, "confidence_score": 0.5740401, "Class": "domestic garbage", "tile_id": "47_17", "filename": "tile_47_17.jpg", "x_offset": 17408, "y_offset": 48128, "width": 1024, "height": 1024, "left": 258789.6728515625, "top": 9857400.8178710938, "pixel_size_x": 0.30517578125, "pixel_size_y": 0.30517578125, "crs": "EPSG:32737", "global_x_min": 258922.42460632324, "global_y_min": 9857263.0161224362, "global_x_max": 258940.9960723877, "global_y_max": 9857244.7109771725 }, "geometry": { "type": "Polygon", "coordinates": [ [ [ 258922.424606323242188, 9857263.016122436150908 ], [ 258940.996072387701133, 9857263.016122436150908 ], [ 258940.996072387701133, 9857244.710977172479033 ], [ 258922.424606323242188, 9857244.710977172479033 ], [ 258922.424606323242188, 9857263.016122436150908 ] ] ] } },
{ "type": "Feature", "properties": { "tile_row": 34, "tile_col": 7, "x_min": 568.97015, "y_min": 698.19073, "x_max": 608.4141, "y_max": 741.09955, "confidence_score": 0.51540214, "Class": "domestic garbage", "tile_id": "34_7", "filename": "tile_34_7.jpg", "x_offset": 7168, "y_offset": 34816, "width": 1024, "height": 1024, "left": 255664.6728515625, "top": 9861463.3178710938, "pixel_size_x": 0.30517578125, "pixel_size_y": 0.30517578125, "crs": "EPSG:32737", "global_x_min": 255838.30876159668, "global_y_min": 9861250.2469696049, "global_x_max": 255850.34609985352, "global_y_max": 9861237.1522369385 }, "geometry": { "type": "Polygon", "coordinates": [ [ [ 255838.308761596679688, 9861250.246969604864717 ], [ 255850.346099853515625, 9861250.246969604864717 ], [ 255850.346099853515625, 9861237.152236938476562 ], [ 255838.308761596679688, 9861237.152236938476562 ], [ 255838.308761596679688, 9861250.246969604864717 ] ] ] } },
{ "type": "Feature", "properties": { "tile_row": 45, "tile_col": 28, "x_min": 327.8018, "y_min": 917.368, "x_max": 388.19687, "y_max": 955.9738, "confidence_score": 0.8916963, "Class": "domestic garbage", "tile_id": "45_28", "filename": "tile_45_28.jpg", "x_offset": 28672, "y_offset": 46080, "width": 1024, "height": 1024, "left": 262227.1728515625, "top": 9858025.8178710938, "pixel_size_x": 0.30517578125, "pixel_size_y": 0.30517578125, "crs": "EPSG:32737", "global_x_min": 262327.21002197266, "global_y_min": 9857745.859375, "global_x_max": 262345.64113464358, "global_y_max": 9857734.0778198242 }, "geometry": { "type": "Polygon", "coordinates": [ [ [ 262327.21002197265625, 9857745.859375 ], [ 262345.641134643577971, 9857745.859375 ], [ 262345.641134643577971, 9857734.07781982421875 ], [ 262327.21002197265625, 9857734.07781982421875 ], [ 262327.21002197265625, 9857745.859375 ] ] ] } },
{ "type": "Feature", "properties": { "tile_row": 59, "tile_col": 26, "x_min": 144.28563, "y_min": 671.98206, "x_max": 188.71883, "y_max": 711.6616, "confidence_score": 0.93686694, "Class": "domestic garbage", "tile_id": "59_26", "filename": "tile_59_26.jpg", "x_offset": 26624, "y_offset": 60416, "width": 1024, "height": 1024, "left": 261602.1728515625, "top": 9853650.8178710938, "pixel_size_x": 0.30517578125, "pixel_size_y": 0.30517578125, "crs": "EPSG:32737", "global_x_min": 261646.2053314209, "global_y_min": 9853445.745220948, "global_x_max": 261659.76526794434, "global_y_max": 9853433.6359863281 }, "geometry": { "type": "Polygon", "coordinates": [ [ [ 261646.205331420904258, 9853445.745220948010683 ], [ 261659.765267944341758, 9853445.745220948010683 ], [ 261659.765267944341758, 9853433.635986328125 ], [ 261646.205331420904258, 9853433.635986328125 ], [ 261646.205331420904258, 9853445.745220948010683 ] ] ] } },
{ "type": "Feature", "properties": { "tile_row": 18, "tile_col": 31, "x_min": 468.38663, "y_min": 483.45532, "x_max": 512.77124, "y_max": 518.60516, "confidence_score": 0.81695, "Class": "domestic garbage", "tile_id": "18_31", "filename": "tile_18_31.jpg", "x_offset": 31744, "y_offset": 18432, "width": 1024, "height": 1024, "left": 263164.6728515625, "top": 9866463.3178710938, "pixel_size_x": 0.30517578125, "pixel_size_y": 0.30517578125, "crs": "EPSG:32737", "global_x_min": 263307.61310729978, "global_y_min": 9866315.7790161129, "global_x_max": 263321.15821533202, "global_y_max": 9866305.0521362312 }, "geometry": { "type": "Polygon", "coordinates": [ [ [ 263307.613107299781404, 9866315.779016112908721 ], [ 263321.158215332019608, 9866315.779016112908721 ], [ 263321.158215332019608, 9866305.052136231213808 ], [ 263307.613107299781404, 9866305.052136231213808 ], [ 263307.613107299781404, 9866315.779016112908721 ] ] ] } },
{ "type": "Feature", "properties": { "tile_row": 5, "tile_col": 19, "x_min": 449.04178, "y_min": 240.70609, "x_max": 482.50192, "y_max": 278.31125, "confidence_score": 0.5909055, "Class": "domestic garbage", "tile_id": "5_19", "filename": "tile_5_19.jpg", "x_offset": 19456, "y_offset": 5120, "width": 1024, "height": 1024, "left": 259414.6728515625, "top": 9870525.8178710938, "pixel_size_x": 0.30517578125, "pixel_size_y": 0.30517578125, "crs": "EPSG:32737", "global_x_min": 259551.7095275879, "global_y_min": 9870452.3602020256, "global_x_max": 259561.92075195312, "global_y_max": 9870440.8840179443 }, "geometry": { "type": "Polygon", "coordinates": [ [ [ 259551.709527587896446, 9870452.360202025622129 ], [ 259561.920751953119179, 9870452.360202025622129 ], [ 259561.920751953119179, 9870440.884017944335938 ], [ 259551.709527587896446, 9870440.884017944335938 ], [ 259551.709527587896446, 9870452.360202025622129 ] ] ] } },
{ "type": "Feature", "properties": { "tile_row": 58, "tile_col": 31, "x_min": 585.79736, "y_min": 596.85876, "x_max": 631.94324, "y_max": 628.99243, "confidence_score": 0.3224345, "Class": "domestic garbage", "tile_id": "58_31", "filename": "tile_58_31.jpg", "x_offset": 31744, "y_offset": 59392, "width": 1024, "height": 1024, "left": 263164.6728515625, "top": 9853963.3178710938, "pixel_size_x": 0.30517578125, "pixel_size_y": 0.30517578125, "crs": "EPSG:32737", "global_x_min": 263343.4440185547, "global_y_min": 9853781.1710327156, "global_x_max": 263357.52662353514, "global_y_max": 9853771.3646148685 }, "geometry": { "type": "Polygon", "coordinates": [ [ [ 263343.444018554699142, 9853781.171032715588808 ], [ 263357.526623535144608, 9853781.171032715588808 ], [ 263357.526623535144608, 9853771.364614868536592 ], [ 263343.444018554699142, 9853771.364614868536592 ], [ 263343.444018554699142, 9853781.171032715588808 ] ] ] } },
{ "type": "Feature", "properties": { "tile_row": 4, "tile_col": 16, "x_min": 787.22424, "y_min": 502.6828, "x_max": 833.798, "y_max": 547.21857, "confidence_score": 0.34969094, "Class": "domestic garbage", "tile_id": "4_16", "filename": "tile_4_16.jpg", "x_offset": 16384, "y_offset": 4096, "width": 1024, "height": 1024, "left": 258477.1728515625, "top": 9870838.3178710938, "pixel_size_x": 0.30517578125, "pixel_size_y": 0.30517578125, "crs": "EPSG:32737", "global_x_min": 258717.41462402343, "global_y_min": 9870684.9112548828, "global_x_max": 258731.62780761719, "global_y_max": 9870671.3200164791 }, "geometry": { "type": "Polygon", "coordinates": [ [ [ 258717.414624023425858, 9870684.9112548828125 ], [ 258731.6278076171875, 9870684.9112548828125 ], [ 258731.6278076171875, 9870671.320016479119658 ], [ 258717.414624023425858, 9870671.320016479119658 ], [ 258717.414624023425858, 9870684.9112548828125 ] ] ] } },
{ "type": "Feature", "properties": { "tile_row": 54, "tile_col": 34, "x_min": 684.967, "y_min": 291.89304, "x_max": 732.6413, "y_max": 337.47647, "confidence_score": 0.31077653, "Class": "domestic garbage", "tile_id": "54_34", "filename": "tile_54_34.jpg", "x_offset": 34816, "y_offset": 55296, "width": 1024, "height": 1024, "left": 264102.1728515625, "top": 9855213.3178710938, "pixel_size_x": 0.30517578125, "pixel_size_y": 0.30517578125, "crs": "EPSG:32737", "global_x_min": 264311.20819091797, "global_y_min": 9855124.2391845696, "global_x_max": 264325.75723266602, "global_y_max": 9855110.3282257076 }, "geometry": { "type": "Polygon", "coordinates": [ [ [ 264311.20819091796875, 9855124.239184569567442 ], [ 264325.757232666015625, 9855124.239184569567442 ], [ 264325.757232666015625, 9855110.328225707635283 ], [ 264311.20819091796875, 9855110.328225707635283 ], [ 264311.20819091796875, 9855124.239184569567442 ] ] ] } },
{ "type": "Feature", "properties": { "tile_row": 36, "tile_col": 42, "x_min": 348.6728, "y_min": 168.44418, "x_max": 414.00043, "y_max": 209.76349, "confidence_score": 0.88768977, "Class": "domestic garbage", "tile_id": "36_42", "filename": "tile_36_42.jpg", "x_offset": 43008, "y_offset": 36864, "width": 1024, "height": 1024, "left": 266602.1728515625, "top": 9860838.3178710938, "pixel_size_x": 0.30517578125, "pixel_size_y": 0.30517578125, "crs": "EPSG:32737", "global_x_min": 266708.57934570312, "global_y_min": 9860786.9127868656, "global_x_max": 266728.51575622556, "global_y_max": 9860774.3031341545 }, "geometry": { "type": "Polygon", "coordinates": [ [ [ 266708.579345703125, 9860786.912786865606904 ], [ 266728.515756225562654, 9860786.912786865606904 ], [ 266728.515756225562654, 9860774.303134154528379 ], [ 266708.579345703125, 9860774.303134154528379 ], [ 266708.579345703125, 9860786.912786865606904 ] ] ] } },
{ "type": "Feature", "properties": { "tile_row": 47, "tile_col": 4, "x_min": 287.3356, "y_min": 231.76173, "x_max": 356.10208, "y_max": 292.72137, "confidence_score": 0.34376198, "Class": "domestic garbage", "tile_id": "47_4", "filename": "tile_47_4.jpg", "x_offset": 4096, "y_offset": 48128, "width": 1024, "height": 1024, "left": 254727.1728515625, "top": 9857400.8178710938, "pixel_size_x": 0.30517578125, "pixel_size_y": 0.30517578125, "crs": "EPSG:32737", "global_x_min": 254814.86071777344, "global_y_min": 9857330.0898040775, "global_x_max": 254835.84658203126, "global_y_max": 9857311.4863983151 }, "geometry": { "type": "Polygon", "coordinates": [ [ [ 254814.8607177734375, 9857330.089804077520967 ], [ 254835.846582031255821, 9857330.089804077520967 ], [ 254835.846582031255821, 9857311.486398315057158 ], [ 254814.8607177734375, 9857311.486398315057158 ], [ 254814.8607177734375, 9857330.089804077520967 ] ] ] } },
{ "type": "Feature", "properties": { "tile_row": 45, "tile_col": 42, "x_min": 897.69025, "y_min": 293.24567, "x_max": 956.56537, "y_max": 328.48328, "confidence_score": 0.65773594, "Class": "domestic garbage", "tile_id": "45_42", "filename": "tile_45_42.jpg", "x_offset": 43008, "y_offset": 46080, "width": 1024, "height": 1024, "left": 266602.1728515625, "top": 9858025.8178710938, "pixel_size_x": 0.30517578125, "pixel_size_y": 0.30517578125, "crs": "EPSG:32737", "global_x_min": 266876.12617492676, "global_y_min": 9857936.3263946529, "global_x_max": 266894.09343566897, "global_y_max": 9857925.5727294926 }, "geometry": { "type": "Polygon", "coordinates": [ [ [ 266876.126174926757812, 9857936.326394652947783 ], [ 266894.093435668968596, 9857936.326394652947783 ], [ 266894.093435668968596, 9857925.572729492560029 ], [ 266876.126174926757812, 9857925.572729492560029 ], [ 266876.126174926757812, 9857936.326394652947783 ] ] ] } },
{ "type": "Feature", "properties": { "tile_row": 50, "tile_col": 40, "x_min": 304.43683, "y_min": 535.3229, "x_max": 380.7505, "y_max": 634.6366, "confidence_score": 0.42266947, "Class": "domestic garbage", "tile_id": "50_40", "filename": "tile_50_40.jpg", "x_offset": 40960, "y_offset": 51200, "width": 1024, "height": 1024, "left": 265977.1728515625, "top": 9856463.3178710938, "pixel_size_x": 0.30517578125, "pixel_size_y": 0.30517578125, "crs": "EPSG:32737", "global_x_min": 266070.079598999, "global_y_min": 9856299.9502868652, "global_x_max": 266093.36868286133, "global_y_max": 9856269.6421508789 }, "geometry": { "type": "Polygon", "coordinates": [ [ [ 266070.079598999000154, 9856299.950286865234375 ], [ 266093.368682861328125, 9856299.950286865234375 ], [ 266093.368682861328125, 9856269.64215087890625 ], [ 266070.079598999000154, 9856269.64215087890625 ], [ 266070.079598999000154, 9856299.950286865234375 ] ] ] } },
{ "type": "Feature", "properties": { "tile_row": 59, "tile_col": 29, "x_min": 246.63863, "y_min": 889.0171, "x_max": 290.01813, "y_max": 925.80347, "confidence_score": 0.91238976, "Class": "domestic garbage", "tile_id": "59_29", "filename": "tile_59_29.jpg", "x_offset": 29696, "y_offset": 60416, "width": 1024, "height": 1024, "left": 262539.6728515625, "top": 9853650.8178710938, "pixel_size_x": 0.30517578125, "pixel_size_y": 0.30517578125, "crs": "EPSG:32737", "global_x_min": 262614.94098815916, "global_y_min": 9853379.5113830566, "global_x_max": 262628.17936096189, "global_y_max": 9853368.2850738522 }, "geometry": { "type": "Polygon", "coordinates": [ [ [ 262614.940988159156404, 9853379.511383056640625 ], [ 262628.179360961890779, 9853379.511383056640625 ], [ 262628.179360961890779, 9853368.285073852166533 ], [ 262614.940988159156404, 9853368.285073852166533 ], [ 262614.940988159156404, 9853379.511383056640625 ] ] ] } },
{ "type": "Feature", "properties": { "tile_row": 60, "tile_col": 0, "x_min": 698.89435, "y_min": 117.539444, "x_max": 741.0385, "y_max": 144.71681, "confidence_score": 0.7777399, "Class": "domestic garbage", "tile_id": "60_0", "filename": "tile_60_0.jpg", "x_offset": 0, "y_offset": 61440, "width": 1024, "height": 1024, "left": 253477.1728515625, "top": 9853338.3178710938, "pixel_size_x": 0.30517578125, "pixel_size_y": 0.30517578125, "crs": "EPSG:32737", "global_x_min": 253690.45848083496, "global_y_min": 9853302.4476794433, "global_x_max": 253703.31985473633, "global_y_max": 9853294.1538055427 }, "geometry": { "type": "Polygon", "coordinates": [ [ [ 253690.458480834960938, 9853302.447679443284869 ], [ 253703.319854736328125, 9853302.447679443284869 ], [ 253703.319854736328125, 9853294.153805542737246 ], [ 253690.458480834960938, 9853294.153805542737246 ], [ 253690.458480834960938, 9853302.447679443284869 ] ] ] } },
{ "type": "Feature", "properties": { "tile_row": 54, "tile_col": 42, "x_min": 481.65012, "y_min": 705.88434, "x_max": 539.4687, "y_max": 744.80096, "confidence_score": 0.64079624, "Class": "domestic garbage", "tile_id": "54_42", "filename": "tile_54_42.jpg", "x_offset": 43008, "y_offset": 55296, "width": 1024, "height": 1024, "left": 266602.1728515625, "top": 9855213.3178710938, "pixel_size_x": 0.30517578125, "pixel_size_y": 0.30517578125, "crs": "EPSG:32737", "global_x_min": 266749.16080322268, "global_y_min": 9854997.8990661614, "global_x_max": 266766.80563354492, "global_y_max": 9854986.0226562507 }, "geometry": { "type": "Polygon", "coordinates": [ [ [ 266749.160803222679533, 9854997.899066161364317 ], [ 266766.805633544921875, 9854997.899066161364317 ], [ 266766.805633544921875, 9854986.022656250745058 ], [ 266749.160803222679533, 9854986.022656250745058 ], [ 266749.160803222679533, 9854997.899066161364317 ] ] ] } },
{ "type": "Feature", "properties": { "tile_row": 54, "tile_col": 42, "x_min": 533.6763, "y_min": 301.4273, "x_max": 585.9662, "y_max": 364.30157, "confidence_score": 0.57011354, "Class": "domestic garbage", "tile_id": "54_42", "filename": "tile_54_42.jpg", "x_offset": 43008, "y_offset": 55296, "width": 1024, "height": 1024, "left": 266602.1728515625, "top": 9855213.3178710938, "pixel_size_x": 0.30517578125, "pixel_size_y": 0.30517578125, "crs": "EPSG:32737", "global_x_min": 266765.03793334961, "global_y_min": 9855121.3295593262, "global_x_max": 266780.99554443359, "global_y_max": 9855102.141854858 }, "geometry": { "type": "Polygon", "coordinates": [ [ [ 266765.037933349609375, 9855121.329559326171875 ], [ 266780.99554443359375, 9855121.329559326171875 ], [ 266780.99554443359375, 9855102.141854858025908 ], [ 266765.037933349609375, 9855102.141854858025908 ], [ 266765.037933349609375, 9855121.329559326171875 ] ] ] } },
{ "type": "Feature", "properties": { "tile_row": 58, "tile_col": 25, "x_min": 604.19116, "y_min": 442.97702, "x_max": 638.7294, "y_max": 475.02658, "confidence_score": 0.47475216, "Class": "domestic garbage", "tile_id": "58_25", "filename": "tile_58_25.jpg", "x_offset": 25600, "y_offset": 59392, "width": 1024, "height": 1024, "left": 261289.6728515625, "top": 9853963.3178710938, "pixel_size_x": 0.30517578125, "pixel_size_y": 0.30517578125, "crs": "EPSG:32737", "global_x_min": 261474.05736083986, "global_y_min": 9853828.1320129391, "global_x_max": 261484.59759521484, "global_y_max": 9853818.3512634281 }, "geometry": { "type": "Polygon", "coordinates": [ [ [ 261474.057360839855392, 9853828.132012939080596 ], [ 261484.59759521484375, 9853828.132012939080596 ], [ 261484.59759521484375, 9853818.351263428106904 ], [ 261474.057360839855392, 9853818.351263428106904 ], [ 261474.057360839855392, 9853828.132012939080596 ] ] ] } },
{ "type": "Feature", "properties": { "tile_row": 51, "tile_col": 39, "x_min": 736.37305, "y_min": 99.51771, "x_max": 798.9175, "y_max": 175.63672, "confidence_score": 0.3913546, "Class": "domestic garbage", "tile_id": "51_39", "filename": "tile_51_39.jpg", "x_offset": 39936, "y_offset": 52224, "width": 1024, "height": 1024, "left": 265664.6728515625, "top": 9856150.8178710938, "pixel_size_x": 0.30517578125, "pixel_size_y": 0.30517578125, "crs": "EPSG:32737", "global_x_min": 265889.3960723877, "global_y_min": 9856120.447476197, "global_x_max": 265908.4831237793, "global_y_max": 9856097.2177978512 }, "geometry": { "type": "Polygon", "coordinates": [ [ [ 265889.396072387695312, 9856120.447476197034121 ], [ 265908.483123779296875, 9856120.447476197034121 ], [ 265908.483123779296875, 9856097.217797851189971 ], [ 265889.396072387695312, 9856097.217797851189971 ], [ 265889.396072387695312, 9856120.447476197034121 ] ] ] } },
{ "type": "Feature", "properties": { "tile_row": 14, "tile_col": 6, "x_min": 673.6466, "y_min": 608.3286, "x_max": 729.916, "y_max": 639.92505, "confidence_score": 0.7801211, "Class": "domestic garbage", "tile_id": "14_6", "filename": "tile_14_6.jpg", "x_offset": 6144, "y_offset": 14336, "width": 1024, "height": 1024, "left": 255352.1728515625, "top": 9867713.3178710938, "pixel_size_x": 0.30517578125, "pixel_size_y": 0.30517578125, "crs": "EPSG:32737", "global_x_min": 255557.75347900391, "global_y_min": 9867527.670715332, "global_x_max": 255574.92553710938, "global_y_max": 9867518.0282440186 }, "geometry": { "type": "Polygon", "coordinates": [ [ [ 255557.75347900390625, 9867527.67071533203125 ], [ 255574.925537109375, 9867527.67071533203125 ], [ 255574.925537109375, 9867518.028244018554688 ], [ 255557.75347900390625, 9867518.028244018554688 ], [ 255557.75347900390625, 9867527.67071533203125 ] ] ] } },
{ "type": "Feature", "properties": { "tile_row": 54, "tile_col": 2, "x_min": 174.64432, "y_min": 202.97153, "x_max": 252.5115, "y_max": 250.85672, "confidence_score": 0.32597932, "Class": "domestic garbage", "tile_id": "54_2", "filename": "tile_54_2.jpg", "x_offset": 2048, "y_offset": 55296, "width": 1024, "height": 1024, "left": 254102.1728515625, "top": 9855213.3178710938, "pixel_size_x": 0.30517578125, "pixel_size_y": 0.30517578125, "crs": "EPSG:32737", "global_x_min": 254155.47006835937, "global_y_min": 9855151.3758758549, "global_x_max": 254179.23324584961, "global_y_max": 9855136.7624755856 }, "geometry": { "type": "Polygon", "coordinates": [ [ [ 254155.470068359369179, 9855151.375875854864717 ], [ 254179.233245849609375, 9855151.375875854864717 ], [ 254179.233245849609375, 9855136.762475585564971 ], [ 254155.470068359369179, 9855136.762475585564971 ], [ 254155.470068359369179, 9855151.375875854864717 ] ] ] } },
{ "type": "Feature", "properties": { "tile_row": 48, "tile_col": 20, "x_min": 503.27203, "y_min": 416.74805, "x_max": 550.56366, "y_max": 471.4389, "confidence_score": 0.41807047, "Class": "domestic garbage", "tile_id": "48_20", "filename": "tile_48_20.jpg", "x_offset": 20480, "y_offset": 49152, "width": 1024, "height": 1024, "left": 259727.1728515625, "top": 9857088.3178710938, "pixel_size_x": 0.30517578125, "pixel_size_y": 0.30517578125, "crs": "EPSG:32737", "global_x_min": 259880.75928649903, "global_y_min": 9856961.1364593506, "global_x_max": 259895.19154663087, "global_y_max": 9856944.4461364746 }, "geometry": { "type": "Polygon", "coordinates": [ [ [ 259880.759286499029258, 9856961.136459350585938 ], [ 259895.191546630871017, 9856961.136459350585938 ], [ 259895.191546630871017, 9856944.446136474609375 ], [ 259880.759286499029258, 9856944.446136474609375 ], [ 259880.759286499029258, 9856961.136459350585938 ] ] ] } },
{ "type": "Feature", "properties": { "tile_row": 21, "tile_col": 40, "x_min": 106.29372, "y_min": 685.3815, "x_max": 164.84547, "y_max": 737.7478, "confidence_score": 0.45346338, "Class": "domestic garbage", "tile_id": "21_40", "filename": "tile_21_40.jpg", "x_offset": 40960, "y_offset": 21504, "width": 1024, "height": 1024, "left": 265977.1728515625, "top": 9865525.8178710938, "pixel_size_x": 0.30517578125, "pixel_size_y": 0.30517578125, "crs": "EPSG:32737", "global_x_min": 266009.61112060549, "global_y_min": 9865316.656036377, "global_x_max": 266027.4796966553, "global_y_max": 9865300.6751098633 }, "geometry": { "type": "Polygon", "coordinates": [ [ [ 266009.611120605492033, 9865316.656036376953125 ], [ 266027.479696655296721, 9865316.656036376953125 ], [ 266027.479696655296721, 9865300.67510986328125 ], [ 266009.611120605492033, 9865300.67510986328125 ], [ 266009.611120605492033, 9865316.656036376953125 ] ] ] } },
{ "type": "Feature", "properties": { "tile_row": 55, "tile_col": 31, "x_min": 449.50476, "y_min": 471.32175, "x_max": 519.7044, "y_max": 509.42587, "confidence_score": 0.754659, "Class": "domestic garbage", "tile_id": "55_31", "filename": "tile_55_31.jpg", "x_offset": 31744, "y_offset": 56320, "width": 1024, "height": 1024, "left": 263164.6728515625, "top": 9854900.8178710938, "pixel_size_x": 0.30517578125, "pixel_size_y": 0.30517578125, "crs": "EPSG:32737", "global_x_min": 263301.85081787111, "global_y_min": 9854756.9818878174, "global_x_max": 263323.27404785156, "global_y_max": 9854745.3534332272 }, "geometry": { "type": "Polygon", "coordinates": [ [ [ 263301.850817871105392, 9854756.981887817382812 ], [ 263323.2740478515625, 9854756.981887817382812 ], [ 263323.2740478515625, 9854745.353433227166533 ], [ 263301.850817871105392, 9854745.353433227166533 ], [ 263301.850817871105392, 9854756.981887817382812 ] ] ] } },
{ "type": "Feature", "properties": { "tile_row": 55, "tile_col": 31, "x_min": 579.2783, "y_min": 230.02844, "x_max": 611.42883, "y_max": 266.57806, "confidence_score": 0.4942843, "Class": "domestic garbage", "tile_id": "55_31", "filename": "tile_55_31.jpg", "x_offset": 31744, "y_offset": 56320, "width": 1024, "height": 1024, "left": 263164.6728515625, "top": 9854900.8178710938, "pixel_size_x": 0.30517578125, "pixel_size_y": 0.30517578125, "crs": "EPSG:32737", "global_x_min": 263341.45455932617, "global_y_min": 9854830.6187622063, "global_x_max": 263351.2661224365, "global_y_max": 9854819.4647033699 }, "geometry": { "type": "Polygon", "coordinates": [ [ [ 263341.454559326171875, 9854830.618762206286192 ], [ 263351.266122436500154, 9854830.618762206286192 ], [ 263351.266122436500154, 9854819.464703369885683 ], [ 263341.454559326171875, 9854819.464703369885683 ], [ 263341.454559326171875, 9854830.618762206286192 ] ] ] } },
{ "type": "Feature", "properties": { "tile_row": 19, "tile_col": 42, "x_min": 872.86914, "y_min": 269.2152, "x_max": 923.85645, "y_max": 320.7943, "confidence_score": 0.42005023, "Class": "domestic garbage", "tile_id": "19_42", "filename": "tile_19_42.jpg", "x_offset": 43008, "y_offset": 19456, "width": 1024, "height": 1024, "left": 266602.1728515625, "top": 9866150.8178710938, "pixel_size_x": 0.30517578125, "pixel_size_y": 0.30517578125, "crs": "EPSG:32737", "global_x_min": 266868.551373291, "global_y_min": 9866068.6599121094, "global_x_max": 266884.1114654541, "global_y_max": 9866052.9192199707 }, "geometry": { "type": "Polygon", "coordinates": [ [ [ 266868.551373291003983, 9866068.659912109375 ], [ 266884.111465454101562, 9866068.659912109375 ], [ 266884.111465454101562, 9866052.919219970703125 ], [ 266868.551373291003983, 9866052.919219970703125 ], [ 266868.551373291003983, 9866068.659912109375 ] ] ] } },
{ "type": "Feature", "properties": { "tile_row": 10, "tile_col": 24, "x_min": 448.57925, "y_min": 31.637604, "x_max": 493.38187, "y_max": 100.705124, "confidence_score": 0.76118034, "Class": "domestic garbage", "tile_id": "10_24", "filename": "tile_10_24.jpg", "x_offset": 24576, "y_offset": 10240, "width": 1024, "height": 1024, "left": 260977.1728515625, "top": 9868963.3178710938, "pixel_size_x": 0.30517578125, "pixel_size_y": 0.30517578125, "crs": "EPSG:32737", "global_x_min": 261114.06837463379, "global_y_min": 9868953.6628405768, "global_x_max": 261127.74104919433, "global_y_max": 9868932.5851062015 }, "geometry": { "type": "Polygon", "coordinates": [ [ [ 261114.068374633789062, 9868953.662840576842427 ], [ 261127.741049194330117, 9868953.662840576842427 ], [ 261127.741049194330117, 9868932.585106201469898 ], [ 261114.068374633789062, 9868932.585106201469898 ], [ 261114.068374633789062, 9868953.662840576842427 ] ] ] } },
{ "type": "Feature", "properties": { "tile_row": 38, "tile_col": 18, "x_min": 238.28157, "y_min": 226.6675, "x_max": 312.26797, "y_max": 278.76218, "confidence_score": 0.5644012, "Class": "domestic garbage", "tile_id": "38_18", "filename": "tile_38_18.jpg", "x_offset": 18432, "y_offset": 38912, "width": 1024, "height": 1024, "left": 259102.1728515625, "top": 9860213.3178710938, "pixel_size_x": 0.30517578125, "pixel_size_y": 0.30517578125, "crs": "EPSG:32737", "global_x_min": 259174.89061584472, "global_y_min": 9860144.1444396973, "global_x_max": 259197.4694732666, "global_y_max": 9860128.2464050297 }, "geometry": { "type": "Polygon", "coordinates": [ [ [ 259174.890615844720742, 9860144.144439697265625 ], [ 259197.469473266595742, 9860144.144439697265625 ], [ 259197.469473266595742, 9860128.246405029669404 ], [ 259174.890615844720742, 9860128.246405029669404 ], [ 259174.890615844720742, 9860144.144439697265625 ] ] ] } },
{ "type": "Feature", "properties": { "tile_row": 23, "tile_col": 42, "x_min": 993.7096, "y_min": 299.61243, "x_max": 1024.0, "y_max": 376.77673, "confidence_score": 0.33456132, "Class": "domestic garbage", "tile_id": "23_42", "filename": "tile_23_42.jpg", "x_offset": 43008, "y_offset": 23552, "width": 1024, "height": 1024, "left": 266602.1728515625, "top": 9864900.8178710938, "pixel_size_x": 0.30517578125, "pixel_size_y": 0.30517578125, "crs": "EPSG:32737", "global_x_min": 266905.42895507812, "global_y_min": 9864809.3834136967, "global_x_max": 266914.6728515625, "global_y_max": 9864785.8347381596 }, "geometry": { "type": "Polygon", "coordinates": [ [ [ 266905.428955078125, 9864809.383413696661592 ], [ 266914.6728515625, 9864809.383413696661592 ], [ 266914.6728515625, 9864785.834738159552217 ], [ 266905.428955078125, 9864785.834738159552217 ], [ 266905.428955078125, 9864809.383413696661592 ] ] ] } },
{ "type": "Feature", "properties": { "tile_row": 46, "tile_col": 31, "x_min": 402.16553, "y_min": 520.6995, "x_max": 439.30896, "y_max": 550.6358, "confidence_score": 0.32058027, "Class": "domestic garbage", "tile_id": "46_31", "filename": "tile_46_31.jpg", "x_offset": 31744, "y_offset": 47104, "width": 1024, "height": 1024, "left": 263164.6728515625, "top": 9857713.3178710938, "pixel_size_x": 0.30517578125, "pixel_size_y": 0.30517578125, "crs": "EPSG:32737", "global_x_min": 263287.40403137205, "global_y_min": 9857554.4129943848, "global_x_max": 263298.73930664064, "global_y_max": 9857545.2771606445 }, "geometry": { "type": "Polygon", "coordinates": [ [ [ 263287.404031372047029, 9857554.412994384765625 ], [ 263298.739306640636642, 9857554.412994384765625 ], [ 263298.739306640636642, 9857545.27716064453125 ], [ 263287.404031372047029, 9857545.27716064453125 ], [ 263287.404031372047029, 9857554.412994384765625 ] ] ] } },
{ "type": "Feature", "properties": { "tile_row": 38, "tile_col": 37, "x_min": 341.58328, "y_min": 485.64468, "x_max": 380.5538, "y_max": 513.1567, "confidence_score": 0.6259166, "Class": "domestic garbage", "tile_id": "38_37", "filename": "tile_38_37.jpg", "x_offset": 37888, "y_offset": 38912, "width": 1024, "height": 1024, "left": 265039.6728515625, "top": 9860213.3178710938, "pixel_size_x": 0.30517578125, "pixel_size_y": 0.30517578125, "crs": "EPSG:32737", "global_x_min": 265143.91579589841, "global_y_min": 9860065.1108764652, "global_x_max": 265155.80865478516, "global_y_max": 9860056.7148742676 }, "geometry": { "type": "Polygon", "coordinates": [ [ [ 265143.915795898414217, 9860065.110876465216279 ], [ 265155.80865478515625, 9860065.110876465216279 ], [ 265155.80865478515625, 9860056.714874267578125 ], [ 265143.915795898414217, 9860056.714874267578125 ], [ 265143.915795898414217, 9860065.110876465216279 ] ] ] } },
{ "type": "Feature", "properties": { "tile_row": 67, "tile_col": 39, "x_min": 616.1315, "y_min": 392.90652, "x_max": 669.17224, "y_max": 438.96085, "confidence_score": 0.92515063, "Class": "domestic garbage", "tile_id": "67_39", "filename": "tile_67_39.jpg", "x_offset": 39936, "y_offset": 68608, "width": 1024, "height": 1024, "left": 265664.6728515625, "top": 9851150.8178710938, "pixel_size_x": 0.30517578125, "pixel_size_y": 0.30517578125, "crs": "EPSG:32737", "global_x_min": 265852.70126342773, "global_y_min": 9851030.9123168942, "global_x_max": 265868.8880126953, "global_y_max": 9851016.8576507568 }, "geometry": { "type": "Polygon", "coordinates": [ [ [ 265852.701263427734375, 9851030.912316894158721 ], [ 265868.888012695300858, 9851030.912316894158721 ], [ 265868.888012695300858, 9851016.857650756835938 ], [ 265852.701263427734375, 9851016.857650756835938 ], [ 265852.701263427734375, 9851030.912316894158721 ] ] ] } },
{ "type": "Feature", "properties": { "tile_row": 67, "tile_col": 39, "x_min": 903.9713, "y_min": 163.53989, "x_max": 958.56445, "y_max": 237.48425, "confidence_score": 0.82641476, "Class": "domestic garbage", "tile_id": "67_39", "filename": "tile_67_39.jpg", "x_offset": 39936, "y_offset": 68608, "width": 1024, "height": 1024, "left": 265664.6728515625, "top": 9851150.8178710938, "pixel_size_x": 0.30517578125, "pixel_size_y": 0.30517578125, "crs": "EPSG:32737", "global_x_min": 265940.54299926758, "global_y_min": 9851100.9094573967, "global_x_max": 265957.20350646973, "global_y_max": 9851078.3434295654 }, "geometry": { "type": "Polygon", "coordinates": [ [ [ 265940.542999267578125, 9851100.909457396715879 ], [ 265957.203506469726562, 9851100.909457396715879 ], [ 265957.203506469726562, 9851078.343429565429688 ], [ 265940.542999267578125, 9851078.343429565429688 ], [ 265940.542999267578125, 9851100.909457396715879 ] ] ] } },
{ "type": "Feature", "properties": { "tile_row": 9, "tile_col": 30, "x_min": 623.97876, "y_min": 281.38046, "x_max": 672.2943, "y_max": 322.41788, "confidence_score": 0.7628553, "Class": "domestic garbage", "tile_id": "9_30", "filename": "tile_9_30.jpg", "x_offset": 30720, "y_offset": 9216, "width": 1024, "height": 1024, "left": 262852.1728515625, "top": 9869275.8178710938, "pixel_size_x": 0.30517578125, "pixel_size_y": 0.30517578125, "crs": "EPSG:32737", "global_x_min": 263042.59605712892, "global_y_min": 9869189.9473693855, "global_x_max": 263057.34078979492, "global_y_max": 9869177.4237426762 }, "geometry": { "type": "Polygon", "coordinates": [ [ [ 263042.596057128917892, 9869189.947369385510683 ], [ 263057.340789794921875, 9869189.947369385510683 ], [ 263057.340789794921875, 9869177.423742676153779 ], [ 263042.596057128917892, 9869177.423742676153779 ], [ 263042.596057128917892, 9869189.947369385510683 ] ] ] } },
{ "type": "Feature", "properties": { "tile_row": 17, "tile_col": 38, "x_min": 279.43265, "y_min": 267.6802, "x_max": 352.49954, "y_max": 316.31985, "confidence_score": 0.3245157, "Class": "domestic garbage", "tile_id": "17_38", "filename": "tile_17_38.jpg", "x_offset": 38912, "y_offset": 17408, "width": 1024, "height": 1024, "left": 265352.1728515625, "top": 9866775.8178710938, "pixel_size_x": 0.30517578125, "pixel_size_y": 0.30517578125, "crs": "EPSG:32737", "global_x_min": 265437.44892883301, "global_y_min": 9866694.1283569336, "global_x_max": 265459.74717407225, "global_y_max": 9866679.2847137451 }, "geometry": { "type": "Polygon", "coordinates": [ [ [ 265437.448928833007812, 9866694.12835693359375 ], [ 265459.747174072253983, 9866694.12835693359375 ], [ 265459.747174072253983, 9866679.284713745117188 ], [ 265437.448928833007812, 9866679.284713745117188 ], [ 265437.448928833007812, 9866694.12835693359375 ] ] ] } },
{ "type": "Feature", "properties": { "tile_row": 67, "tile_col": 10, "x_min": 640.6766, "y_min": 419.06754, "x_max": 706.9069, "y_max": 464.47525, "confidence_score": 0.9045526, "Class": "domestic garbage", "tile_id": "67_10", "filename": "tile_67_10.jpg", "x_offset": 10240, "y_offset": 68608, "width": 1024, "height": 1024, "left": 256602.1728515625, "top": 9851150.8178710938, "pixel_size_x": 0.30517578125, "pixel_size_y": 0.30517578125, "crs": "EPSG:32737", "global_x_min": 256797.69183349609, "global_y_min": 9851022.928607177, "global_x_max": 256817.90371704102, "global_y_max": 9851009.0712738037 }, "geometry": { "type": "Polygon", "coordinates": [ [ [ 256797.69183349609375, 9851022.928607176989317 ], [ 256817.903717041015625, 9851022.928607176989317 ], [ 256817.903717041015625, 9851009.071273803710938 ], [ 256797.69183349609375, 9851009.071273803710938 ], [ 256797.69183349609375, 9851022.928607176989317 ] ] ] } },
{ "type": "Feature", "properties": { "tile_row": 67, "tile_col": 10, "x_min": 10.627106, "y_min": 377.3195, "x_max": 145.44774, "y_max": 444.59854, "confidence_score": 0.42583942, "Class": "domestic garbage", "tile_id": "67_10", "filename": "tile_67_10.jpg", "x_offset": 10240, "y_offset": 68608, "width": 1024, "height": 1024, "left": 256602.1728515625, "top": 9851150.8178710938, "pixel_size_x": 0.30517578125, "pixel_size_y": 0.30517578125, "crs": "EPSG:32737", "global_x_min": 256605.41598693849, "global_y_min": 9851035.6690979004, "global_x_max": 256646.55997924804, "global_y_max": 9851015.1371643059 }, "geometry": { "type": "Polygon", "coordinates": [ [ [ 256605.415986938489368, 9851035.669097900390625 ], [ 256646.559979248035233, 9851035.669097900390625 ], [ 256646.559979248035233, 9851015.137164305895567 ], [ 256605.415986938489368, 9851015.137164305895567 ], [ 256605.415986938489368, 9851035.669097900390625 ] ] ] } },
{ "type": "Feature", "properties": { "tile_row": 72, "tile_col": 11, "x_min": 694.5768, "y_min": 800.12994, "x_max": 775.8865, "y_max": 851.99493, "confidence_score": 0.537994, "Class": "domestic garbage", "tile_id": "72_11", "filename": "tile_72_11.jpg", "x_offset": 11264, "y_offset": 73728, "width": 1024, "height": 1024, "left": 256914.6728515625, "top": 9849588.3178710938, "pixel_size_x": 0.30517578125, "pixel_size_y": 0.30517578125, "crs": "EPSG:32737", "global_x_min": 257126.64086914062, "global_y_min": 9849344.137591552, "global_x_max": 257151.45462036133, "global_y_max": 9849328.3096527103 }, "geometry": { "type": "Polygon", "coordinates": [ [ [ 257126.640869140625, 9849344.137591551989317 ], [ 257151.454620361328125, 9849344.137591551989317 ], [ 257151.454620361328125, 9849328.309652710333467 ], [ 257126.640869140625, 9849328.309652710333467 ], [ 257126.640869140625, 9849344.137591551989317 ] ] ] } },
{ "type": "Feature", "properties": { "tile_row": 50, "tile_col": 7, "x_min": 563.20337, "y_min": 647.87146, "x_max": 607.4752, "y_max": 686.99194, "confidence_score": 0.40219918, "Class": "domestic garbage", "tile_id": "50_7", "filename": "tile_50_7.jpg", "x_offset": 7168, "y_offset": 51200, "width": 1024, "height": 1024, "left": 255664.6728515625, "top": 9856463.3178710938, "pixel_size_x": 0.30517578125, "pixel_size_y": 0.30517578125, "crs": "EPSG:32737", "global_x_min": 255836.54888000488, "global_y_min": 9856265.6031921394, "global_x_max": 255850.0595703125, "global_y_max": 9856253.6645690911 }, "geometry": { "type": "Polygon", "coordinates": [ [ [ 255836.548880004876992, 9856265.603192139416933 ], [ 255850.0595703125, 9856265.603192139416933 ], [ 255850.0595703125, 9856253.664569091051817 ], [ 255836.548880004876992, 9856253.664569091051817 ], [ 255836.548880004876992, 9856265.603192139416933 ] ] ] } },
{ "type": "Feature", "properties": { "tile_row": 30, "tile_col": 10, "x_min": 742.82434, "y_min": 734.09247, "x_max": 790.96716, "y_max": 786.19354, "confidence_score": 0.89598006, "Class": "domestic garbage", "tile_id": "30_10", "filename": "tile_30_10.jpg", "x_offset": 10240, "y_offset": 30720, "width": 1024, "height": 1024, "left": 256602.1728515625, "top": 9862713.3178710938, "pixel_size_x": 0.30517578125, "pixel_size_y": 0.30517578125, "crs": "EPSG:32737", "global_x_min": 256828.8648498535, "global_y_min": 9862489.2906280514, "global_x_max": 256843.55687255861, "global_y_max": 9862473.3906433098 }, "geometry": { "type": "Polygon", "coordinates": [ [ [ 256828.864849853503983, 9862489.290628051385283 ], [ 256843.556872558605392, 9862489.290628051385283 ], [ 256843.556872558605392, 9862473.390643309801817 ], [ 256828.864849853503983, 9862473.390643309801817 ], [ 256828.864849853503983, 9862489.290628051385283 ] ] ] } },
{ "type": "Feature", "properties": { "tile_row": 40, "tile_col": 32, "x_min": 728.23224, "y_min": 242.42172, "x_max": 780.4594, "y_max": 287.5585, "confidence_score": 0.49025086, "Class": "domestic garbage", "tile_id": "40_32", "filename": "tile_40_32.jpg", "x_offset": 32768, "y_offset": 40960, "width": 1024, "height": 1024, "left": 263477.1728515625, "top": 9859588.3178710938, "pixel_size_x": 0.30517578125, "pixel_size_y": 0.30517578125, "crs": "EPSG:32737", "global_x_min": 263699.41169433593, "global_y_min": 9859514.3366333004, "global_x_max": 263715.35015869141, "global_y_max": 9859500.5619812012 }, "geometry": { "type": "Polygon", "coordinates": [ [ [ 263699.411694335925858, 9859514.336633300408721 ], [ 263715.35015869140625, 9859514.336633300408721 ], [ 263715.35015869140625, 9859500.561981201171875 ], [ 263699.411694335925858, 9859500.561981201171875 ], [ 263699.411694335925858, 9859514.336633300408721 ] ] ] } },
{ "type": "Feature", "properties": { "tile_row": 25, "tile_col": 15, "x_min": 407.68112, "y_min": 284.22662, "x_max": 493.88583, "y_max": 364.73242, "confidence_score": 0.8906063, "Class": "domestic garbage", "tile_id": "25_15", "filename": "tile_25_15.jpg", "x_offset": 15360, "y_offset": 25600, "width": 1024, "height": 1024, "left": 258164.6728515625, "top": 9864275.8178710938, "pixel_size_x": 0.30517578125, "pixel_size_y": 0.30517578125, "crs": "EPSG:32737", "global_x_min": 258289.08725585937, "global_y_min": 9864189.0787902828, "global_x_max": 258315.39484558106, "global_y_max": 9864164.5103698727 }, "geometry": { "type": "Polygon", "coordinates": [ [ [ 258289.087255859369179, 9864189.078790282830596 ], [ 258315.394845581060508, 9864189.078790282830596 ], [ 258315.394845581060508, 9864164.510369872674346 ], [ 258289.087255859369179, 9864164.510369872674346 ], [ 258289.087255859369179, 9864189.078790282830596 ] ] ] } },
{ "type": "Feature", "properties": { "tile_row": 49, "tile_col": 42, "x_min": 495.2182, "y_min": 445.5369, "x_max": 545.1812, "y_max": 492.048, "confidence_score": 0.6455315, "Class": "domestic garbage", "tile_id": "49_42", "filename": "tile_49_42.jpg", "x_offset": 43008, "y_offset": 50176, "width": 1024, "height": 1024, "left": 266602.1728515625, "top": 9856775.8178710938, "pixel_size_x": 0.30517578125, "pixel_size_y": 0.30517578125, "crs": "EPSG:32737", "global_x_min": 266753.30145263672, "global_y_min": 9856639.8507995605, "global_x_max": 266768.54895019531, "global_y_max": 9856625.6567382812 }, "geometry": { "type": "Polygon", "coordinates": [ [ [ 266753.30145263671875, 9856639.850799560546875 ], [ 266768.5489501953125, 9856639.850799560546875 ], [ 266768.5489501953125, 9856625.65673828125 ], [ 266753.30145263671875, 9856625.65673828125 ], [ 266753.30145263671875, 9856639.850799560546875 ] ] ] } },
{ "type": "Feature", "properties": { "tile_row": 51, "tile_col": 41, "x_min": 511.8601, "y_min": 459.60504, "x_max": 546.19495, "y_max": 495.63177, "confidence_score": 0.4292697, "Class": "domestic garbage", "tile_id": "51_41", "filename": "tile_51_41.jpg", "x_offset": 41984, "y_offset": 52224, "width": 1024, "height": 1024, "left": 266289.6728515625, "top": 9856150.8178710938, "pixel_size_x": 0.30517578125, "pixel_size_y": 0.30517578125, "crs": "EPSG:32737", "global_x_min": 266445.8801574707, "global_y_min": 9856010.5575439446, "global_x_max": 266456.35832214355, "global_y_max": 9855999.5630584713 }, "geometry": { "type": "Polygon", "coordinates": [ [ [ 266445.880157470703125, 9856010.557543944567442 ], [ 266456.358322143554688, 9856010.557543944567442 ], [ 266456.358322143554688, 9855999.563058471307158 ], [ 266445.880157470703125, 9855999.563058471307158 ], [ 266445.880157470703125, 9856010.557543944567442 ] ] ] } },
{ "type": "Feature", "properties": { "tile_row": 31, "tile_col": 37, "x_min": 284.3506, "y_min": 546.8794, "x_max": 321.72717, "y_max": 598.8729, "confidence_score": 0.5398967, "Class": "domestic garbage", "tile_id": "31_37", "filename": "tile_31_37.jpg", "x_offset": 37888, "y_offset": 31744, "width": 1024, "height": 1024, "left": 265039.6728515625, "top": 9862400.8178710938, "pixel_size_x": 0.30517578125, "pixel_size_y": 0.30517578125, "crs": "EPSG:32737", "global_x_min": 265126.44976806641, "global_y_min": 9862233.9235229492, "global_x_max": 265137.85619201662, "global_y_max": 9862218.0563659668 }, "geometry": { "type": "Polygon", "coordinates": [ [ [ 265126.44976806640625, 9862233.92352294921875 ], [ 265137.856192016624846, 9862233.92352294921875 ], [ 265137.856192016624846, 9862218.056365966796875 ], [ 265126.44976806640625, 9862218.056365966796875 ], [ 265126.44976806640625, 9862233.92352294921875 ] ] ] } },
{ "type": "Feature", "properties": { "tile_row": 53, "tile_col": 36, "x_min": 405.5482, "y_min": 528.32416, "x_max": 445.43533, "y_max": 560.216, "confidence_score": 0.44470724, "Class": "domestic garbage", "tile_id": "53_36", "filename": "tile_53_36.jpg", "x_offset": 36864, "y_offset": 54272, "width": 1024, "height": 1024, "left": 264727.1728515625, "top": 9855525.8178710938, "pixel_size_x": 0.30517578125, "pixel_size_y": 0.30517578125, "crs": "EPSG:32737", "global_x_min": 264850.93634033203, "global_y_min": 9855364.5861328132, "global_x_max": 264863.10892639158, "global_y_max": 9855354.853515625 }, "geometry": { "type": "Polygon", "coordinates": [ [ [ 264850.93634033203125, 9855364.586132813245058 ], [ 264863.108926391578279, 9855364.586132813245058 ], [ 264863.108926391578279, 9855354.853515625 ], [ 264850.93634033203125, 9855354.853515625 ], [ 264850.93634033203125, 9855364.586132813245058 ] ] ] } },
{ "type": "Feature", "properties": { "tile_row": 16, "tile_col": 39, "x_min": 364.08685, "y_min": 63.473335, "x_max": 433.48865, "y_max": 108.25857, "confidence_score": 0.8098864, "Class": "domestic garbage", "tile_id": "16_39", "filename": "tile_16_39.jpg", "x_offset": 39936, "y_offset": 16384, "width": 1024, "height": 1024, "left": 265664.6728515625, "top": 9867088.3178710938, "pixel_size_x": 0.30517578125, "pixel_size_y": 0.30517578125, "crs": "EPSG:32737", "global_x_min": 265775.7833404541, "global_y_min": 9867068.9473464973, "global_x_max": 265796.96308898926, "global_y_max": 9867055.2799774166 }, "geometry": { "type": "Polygon", "coordinates": [ [ [ 265775.783340454101562, 9867068.947346497327089 ], [ 265796.963088989257812, 9867068.947346497327089 ], [ 265796.963088989257812, 9867055.279977416619658 ], [ 265775.783340454101562, 9867055.279977416619658 ], [ 265775.783340454101562, 9867068.947346497327089 ] ] ] } },
{ "type": "Feature", "properties": { "tile_row": 24, "tile_col": 1, "x_min": 98.3599, "y_min": 741.3156, "x_max": 139.97296, "y_max": 775.5202, "confidence_score": 0.48199615, "Class": "domestic garbage", "tile_id": "24_1", "filename": "tile_24_1.jpg", "x_offset": 1024, "y_offset": 24576, "width": 1024, "height": 1024, "left": 253789.6728515625, "top": 9864588.3178710938, "pixel_size_x": 0.30517578125, "pixel_size_y": 0.30517578125, "crs": "EPSG:32737", "global_x_min": 253819.68991088867, "global_y_min": 9864362.0863037109, "global_x_max": 253832.38920898439, "global_y_max": 9864351.6478881836 }, "geometry": { "type": "Polygon", "coordinates": [ [ [ 253819.689910888671875, 9864362.0863037109375 ], [ 253832.389208984386642, 9864362.0863037109375 ], [ 253832.389208984386642, 9864351.64788818359375 ], [ 253819.689910888671875, 9864351.64788818359375 ], [ 253819.689910888671875, 9864362.0863037109375 ] ] ] } },
{ "type": "Feature", "properties": { "tile_row": 61, "tile_col": 7, "x_min": 568.9458, "y_min": 226.51515, "x_max": 612.37964, "y_max": 260.69864, "confidence_score": 0.5539024, "Class": "domestic garbage", "tile_id": "61_7", "filename": "tile_61_7.jpg", "x_offset": 7168, "y_offset": 62464, "width": 1024, "height": 1024, "left": 255664.6728515625, "top": 9853025.8178710938, "pixel_size_x": 0.30517578125, "pixel_size_y": 0.30517578125, "crs": "EPSG:32737", "global_x_min": 255838.30133056641, "global_y_min": 9852956.6909332275, "global_x_max": 255851.55628662108, "global_y_max": 9852946.2589599602 }, "geometry": { "type": "Polygon", "coordinates": [ [ [ 255838.30133056640625, 9852956.690933227539062 ], [ 255851.556286621082108, 9852956.690933227539062 ], [ 255851.556286621082108, 9852946.258959960192442 ], [ 255838.30133056640625, 9852946.258959960192442 ], [ 255838.30133056640625, 9852956.690933227539062 ] ] ] } },
{ "type": "Feature", "properties": { "tile_row": 75, "tile_col": 29, "x_min": 295.45966, "y_min": 662.5204, "x_max": 351.54266, "y_max": 706.04126, "confidence_score": 0.8792523, "Class": "domestic garbage", "tile_id": "75_29", "filename": "tile_75_29.jpg", "x_offset": 29696, "y_offset": 76800, "width": 1024, "height": 1024, "left": 262539.6728515625, "top": 9848650.8178710938, "pixel_size_x": 0.30517578125, "pixel_size_y": 0.30517578125, "crs": "EPSG:32737", "global_x_min": 262629.83998413087, "global_y_min": 9848448.6326904297, "global_x_max": 262646.95515747071, "global_y_max": 9848435.3511779793 }, "geometry": { "type": "Polygon", "coordinates": [ [ [ 262629.839984130871017, 9848448.6326904296875 ], [ 262646.955157470714767, 9848448.6326904296875 ], [ 262646.955157470714767, 9848435.351177979260683 ], [ 262629.839984130871017, 9848435.351177979260683 ], [ 262629.839984130871017, 9848448.6326904296875 ] ] ] } },
{ "type": "Feature", "properties": { "tile_row": 50, "tile_col": 3, "x_min": 286.22388, "y_min": 749.7922, "x_max": 348.0194, "y_max": 828.40656, "confidence_score": 0.48817483, "Class": "domestic garbage", "tile_id": "50_3", "filename": "tile_50_3.jpg", "x_offset": 3072, "y_offset": 51200, "width": 1024, "height": 1024, "left": 254414.6728515625, "top": 9856463.3178710938, "pixel_size_x": 0.30517578125, "pixel_size_y": 0.30517578125, "crs": "EPSG:32737", "global_x_min": 254502.02144775391, "global_y_min": 9856234.4994506836, "global_x_max": 254520.87994384766, "global_y_max": 9856210.5082519539 }, "geometry": { "type": "Polygon", "coordinates": [ [ [ 254502.021447753912071, 9856234.49945068359375 ], [ 254520.87994384765625, 9856234.49945068359375 ], [ 254520.87994384765625, 9856210.508251953870058 ], [ 254502.021447753912071, 9856210.508251953870058 ], [ 254502.021447753912071, 9856234.49945068359375 ] ] ] } },
{ "type": "Feature", "properties": { "tile_row": 50, "tile_col": 3, "x_min": 303.9893, "y_min": 885.7742, "x_max": 369.24014, "y_max": 953.61365, "confidence_score": 0.40475073, "Class": "domestic garbage", "tile_id": "50_3", "filename": "tile_50_3.jpg", "x_offset": 3072, "y_offset": 51200, "width": 1024, "height": 1024, "left": 254414.6728515625, "top": 9856463.3178710938, "pixel_size_x": 0.30517578125, "pixel_size_y": 0.30517578125, "crs": "EPSG:32737", "global_x_min": 254507.44302368164, "global_y_min": 9856193.0010375977, "global_x_max": 254527.35599975585, "global_y_max": 9856172.2980804443 }, "geometry": { "type": "Polygon", "coordinates": [ [ [ 254507.443023681640625, 9856193.00103759765625 ], [ 254527.355999755847733, 9856193.00103759765625 ], [ 254527.355999755847733, 9856172.298080444335938 ], [ 254507.443023681640625, 9856172.298080444335938 ], [ 254507.443023681640625, 9856193.00103759765625 ] ] ] } },
{ "type": "Feature", "properties": { "tile_row": 50, "tile_col": 3, "x_min": 461.9362, "y_min": 503.62958, "x_max": 519.7256, "y_max": 528.9256, "confidence_score": 0.30997118, "Class": "domestic garbage", "tile_id": "50_3", "filename": "tile_50_3.jpg", "x_offset": 3072, "y_offset": 51200, "width": 1024, "height": 1024, "left": 254414.6728515625, "top": 9856463.3178710938, "pixel_size_x": 0.30517578125, "pixel_size_y": 0.30517578125, "crs": "EPSG:32737", "global_x_min": 254555.64459228516, "global_y_min": 9856309.622320557, "global_x_max": 254573.28051757812, "global_y_max": 9856301.9025878906 }, "geometry": { "type": "Polygon", "coordinates": [ [ [ 254555.64459228515625, 9856309.622320557013154 ], [ 254573.280517578125, 9856309.622320557013154 ], [ 254573.280517578125, 9856301.902587890625 ], [ 254555.64459228515625, 9856301.902587890625 ], [ 254555.64459228515625, 9856309.622320557013154 ] ] ] } },
{ "type": "Feature", "properties": { "tile_row": 51, "tile_col": 24, "x_min": 221.36325, "y_min": 102.165955, "x_max": 264.1237, "y_max": 131.97691, "confidence_score": 0.34191874, "Class": "domestic garbage", "tile_id": "51_24", "filename": "tile_51_24.jpg", "x_offset": 24576, "y_offset": 52224, "width": 1024, "height": 1024, "left": 260977.1728515625, "top": 9856150.8178710938, "pixel_size_x": 0.30517578125, "pixel_size_y": 0.30517578125, "crs": "EPSG:32737", "global_x_min": 261044.72755432129, "global_y_min": 9856119.6392959598, "global_x_max": 261057.77700805664, "global_y_max": 9856110.5417144783 }, "geometry": { "type": "Polygon", "coordinates": [ [ [ 261044.727554321289062, 9856119.639295959845185 ], [ 261057.777008056640625, 9856119.639295959845185 ], [ 261057.777008056640625, 9856110.541714478284121 ], [ 261044.727554321289062, 9856110.541714478284121 ], [ 261044.727554321289062, 9856119.639295959845185 ] ] ] } },
{ "type": "Feature", "properties": { "tile_row": 51, "tile_col": 12, "x_min": 313.86096, "y_min": 364.66452, "x_max": 375.27832, "y_max": 418.83835, "confidence_score": 0.3828201, "Class": "domestic garbage", "tile_id": "51_12", "filename": "tile_51_12.jpg", "x_offset": 12288, "y_offset": 52224, "width": 1024, "height": 1024, "left": 257227.1728515625, "top": 9856150.8178710938, "pixel_size_x": 0.30517578125, "pixel_size_y": 0.30517578125, "crs": "EPSG:32737", "global_x_min": 257322.95561523439, "global_y_min": 9856039.5310913082, "global_x_max": 257341.69870605468, "global_y_max": 9856022.998550415 }, "geometry": { "type": "Polygon", "coordinates": [ [ [ 257322.955615234386642, 9856039.531091308221221 ], [ 257341.698706054681679, 9856039.531091308221221 ], [ 257341.698706054681679, 9856022.998550415039062 ], [ 257322.955615234386642, 9856022.998550415039062 ], [ 257322.955615234386642, 9856039.531091308221221 ] ] ] } },
{ "type": "Feature", "properties": { "tile_row": 56, "tile_col": 17, "x_min": 776.7168, "y_min": 174.42494, "x_max": 847.3401, "y_max": 227.26082, "confidence_score": 0.44195053, "Class": "domestic garbage", "tile_id": "56_17", "filename": "tile_56_17.jpg", "x_offset": 17408, "y_offset": 57344, "width": 1024, "height": 1024, "left": 258789.6728515625, "top": 9854588.3178710938, "pixel_size_x": 0.30517578125, "pixel_size_y": 0.30517578125, "crs": "EPSG:32737", "global_x_min": 259026.7080078125, "global_y_min": 9854535.087603759, "global_x_max": 259048.26052856445, "global_y_max": 9854518.9633728024 }, "geometry": { "type": "Polygon", "coordinates": [ [ [ 259026.7080078125, 9854535.087603759020567 ], [ 259048.260528564453125, 9854535.087603759020567 ], [ 259048.260528564453125, 9854518.963372802361846 ], [ 259026.7080078125, 9854518.963372802361846 ], [ 259026.7080078125, 9854535.087603759020567 ] ] ] } },
{ "type": "Feature", "properties": { "tile_row": 16, "tile_col": 35, "x_min": 383.71765, "y_min": 176.92004, "x_max": 419.9596, "y_max": 215.74536, "confidence_score": 0.73610455, "Class": "domestic garbage", "tile_id": "16_35", "filename": "tile_16_35.jpg", "x_offset": 35840, "y_offset": 16384, "width": 1024, "height": 1024, "left": 264414.6728515625, "top": 9867088.3178710938, "pixel_size_x": 0.30517578125, "pixel_size_y": 0.30517578125, "crs": "EPSG:32737", "global_x_min": 264531.77418518066, "global_y_min": 9867034.3261596672, "global_x_max": 264542.83435058594, "global_y_max": 9867022.4776123054 }, "geometry": { "type": "Polygon", "coordinates": [ [ [ 264531.774185180664062, 9867034.326159667223692 ], [ 264542.8343505859375, 9867034.326159667223692 ], [ 264542.8343505859375, 9867022.477612305432558 ], [ 264531.774185180664062, 9867022.477612305432558 ], [ 264531.774185180664062, 9867034.326159667223692 ] ] ] } },
{ "type": "Feature", "properties": { "tile_row": 51, "tile_col": 7, "x_min": 421.82843, "y_min": 302.64673, "x_max": 457.70093, "y_max": 349.69696, "confidence_score": 0.8427345, "Class": "domestic garbage", "tile_id": "51_7", "filename": "tile_51_7.jpg", "x_offset": 7168, "y_offset": 52224, "width": 1024, "height": 1024, "left": 255664.6728515625, "top": 9856150.8178710938, "pixel_size_x": 0.30517578125, "pixel_size_y": 0.30517578125, "crs": "EPSG:32737", "global_x_min": 255793.40467224122, "global_y_min": 9856058.4574188236, "global_x_max": 255804.35209045411, "global_y_max": 9856044.0988281257 }, "geometry": { "type": "Polygon", "coordinates": [ [ [ 255793.404672241216758, 9856058.457418823614717 ], [ 255804.352090454107383, 9856058.457418823614717 ], [ 255804.352090454107383, 9856044.098828125745058 ], [ 255793.404672241216758, 9856044.098828125745058 ], [ 255793.404672241216758, 9856058.457418823614717 ] ] ] } },
{ "type": "Feature", "properties": { "tile_row": 37, "tile_col": 42, "x_min": 964.9676, "y_min": 634.7063, "x_max": 1020.94916, "y_max": 671.1079, "confidence_score": 0.5529517, "Class": "domestic garbage", "tile_id": "37_42", "filename": "tile_37_42.jpg", "x_offset": 43008, "y_offset": 37888, "width": 1024, "height": 1024, "left": 266602.1728515625, "top": 9860525.8178710938, "pixel_size_x": 0.30517578125, "pixel_size_y": 0.30517578125, "crs": "EPSG:32737", "global_x_min": 266896.65759277344, "global_y_min": 9860332.120880127, "global_x_max": 266913.74180908204, "global_y_max": 9860321.0119934082 }, "geometry": { "type": "Polygon", "coordinates": [ [ [ 266896.6575927734375, 9860332.120880126953125 ], [ 266913.741809082042892, 9860332.120880126953125 ], [ 266913.741809082042892, 9860321.011993408203125 ], [ 266896.6575927734375, 9860321.011993408203125 ], [ 266896.6575927734375, 9860332.120880126953125 ] ] ] } },
{ "type": "Feature", "properties": { "tile_row": 16, "tile_col": 18, "x_min": 865.95105, "y_min": 453.4053, "x_max": 901.3331, "y_max": 516.41595, "confidence_score": 0.46658355, "Class": "domestic garbage", "tile_id": "16_18", "filename": "tile_16_18.jpg", "x_offset": 18432, "y_offset": 16384, "width": 1024, "height": 1024, "left": 259102.1728515625, "top": 9867088.3178710938, "pixel_size_x": 0.30517578125, "pixel_size_y": 0.30517578125, "crs": "EPSG:32737", "global_x_min": 259366.44013977051, "global_y_min": 9866949.9495544434, "global_x_max": 259377.23788452148, "global_y_max": 9866930.7202301025 }, "geometry": { "type": "Polygon", "coordinates": [ [ [ 259366.440139770507812, 9866949.949554443359375 ], [ 259377.237884521484375, 9866949.949554443359375 ], [ 259377.237884521484375, 9866930.720230102539062 ], [ 259366.440139770507812, 9866930.720230102539062 ], [ 259366.440139770507812, 9866949.949554443359375 ] ] ] } },
{ "type": "Feature", "properties": { "tile_row": 63, "tile_col": 37, "x_min": 255.52635, "y_min": 645.87866, "x_max": 291.8107, "y_max": 682.13965, "confidence_score": 0.5482014, "Class": "domestic garbage", "tile_id": "63_37", "filename": "tile_63_37.jpg", "x_offset": 37888, "y_offset": 64512, "width": 1024, "height": 1024, "left": 265039.6728515625, "top": 9852400.8178710938, "pixel_size_x": 0.30517578125, "pixel_size_y": 0.30517578125, "crs": "EPSG:32737", "global_x_min": 265117.65330505371, "global_y_min": 9852203.7113464363, "global_x_max": 265128.72640991211, "global_y_max": 9852192.6453704834 }, "geometry": { "type": "Polygon", "coordinates": [ [ [ 265117.653305053710938, 9852203.711346436291933 ], [ 265128.726409912109375, 9852203.711346436291933 ], [ 265128.726409912109375, 9852192.645370483398438 ], [ 265117.653305053710938, 9852192.645370483398438 ], [ 265117.653305053710938, 9852203.711346436291933 ] ] ] } },
{ "type": "Feature", "properties": { "tile_row": 56, "tile_col": 18, "x_min": 375.41217, "y_min": 576.5326, "x_max": 419.54767, "y_max": 616.72705, "confidence_score": 0.30959743, "Class": "domestic garbage", "tile_id": "56_18", "filename": "tile_56_18.jpg", "x_offset": 18432, "y_offset": 57344, "width": 1024, "height": 1024, "left": 259102.1728515625, "top": 9854588.3178710938, "pixel_size_x": 0.30517578125, "pixel_size_y": 0.30517578125, "crs": "EPSG:32737", "global_x_min": 259216.739553833, "global_y_min": 9854412.3740844727, "global_x_max": 259230.20863952636, "global_y_max": 9854400.107711792 }, "geometry": { "type": "Polygon", "coordinates": [ [ [ 259216.739553833001992, 9854412.37408447265625 ], [ 259230.208639526361367, 9854412.37408447265625 ], [ 259230.208639526361367, 9854400.107711791992188 ], [ 259216.739553833001992, 9854400.107711791992188 ], [ 259216.739553833001992, 9854412.37408447265625 ] ] ] } },
{ "type": "Feature", "properties": { "tile_row": 20, "tile_col": 9, "x_min": 479.64932, "y_min": 837.70856, "x_max": 543.85443, "y_max": 910.13763, "confidence_score": 0.86779106, "Class": "domestic garbage", "tile_id": "20_9", "filename": "tile_20_9.jpg", "x_offset": 9216, "y_offset": 20480, "width": 1024, "height": 1024, "left": 256289.6728515625, "top": 9865838.3178710938, "pixel_size_x": 0.30517578125, "pixel_size_y": 0.30517578125, "crs": "EPSG:32737", "global_x_min": 256436.05020751953, "global_y_min": 9865582.6695068367, "global_x_max": 256455.64405212403, "global_y_max": 9865560.5659088138 }, "geometry": { "type": "Polygon", "coordinates": [ [ [ 256436.050207519525429, 9865582.669506836682558 ], [ 256455.644052124029258, 9865582.669506836682558 ], [ 256455.644052124029258, 9865560.565908813849092 ], [ 256436.050207519525429, 9865560.565908813849092 ], [ 256436.050207519525429, 9865582.669506836682558 ] ] ] } },
{ "type": "Feature", "properties": { "tile_row": 52, "tile_col": 42, "x_min": 753.9186, "y_min": 547.6889, "x_max": 802.2883, "y_max": 583.4948, "confidence_score": 0.9172325, "Class": "domestic garbage", "tile_id": "52_42", "filename": "tile_52_42.jpg", "x_offset": 43008, "y_offset": 53248, "width": 1024, "height": 1024, "left": 266602.1728515625, "top": 9855838.3178710938, "pixel_size_x": 0.30517578125, "pixel_size_y": 0.30517578125, "crs": "EPSG:32737", "global_x_min": 266832.25054931641, "global_y_min": 9855671.1764831543, "global_x_max": 266847.01181030273, "global_y_max": 9855660.2493896484 }, "geometry": { "type": "Polygon", "coordinates": [ [ [ 266832.25054931640625, 9855671.176483154296875 ], [ 266847.011810302734375, 9855671.176483154296875 ], [ 266847.011810302734375, 9855660.2493896484375 ], [ 266832.25054931640625, 9855660.2493896484375 ], [ 266832.25054931640625, 9855671.176483154296875 ] ] ] } },
{ "type": "Feature", "properties": { "tile_row": 52, "tile_col": 42, "x_min": 252.98088, "y_min": 794.4802, "x_max": 303.0123, "y_max": 842.0792, "confidence_score": 0.47997534, "Class": "domestic garbage", "tile_id": "52_42", "filename": "tile_52_42.jpg", "x_offset": 43008, "y_offset": 53248, "width": 1024, "height": 1024, "left": 266602.1728515625, "top": 9855838.3178710938, "pixel_size_x": 0.30517578125, "pixel_size_y": 0.30517578125, "crs": "EPSG:32737", "global_x_min": 266679.37648925779, "global_y_min": 9855595.8617553711, "global_x_max": 266694.64486694336, "global_y_max": 9855581.3356933594 }, "geometry": { "type": "Polygon", "coordinates": [ [ [ 266679.376489257789217, 9855595.86175537109375 ], [ 266694.644866943359375, 9855595.86175537109375 ], [ 266694.644866943359375, 9855581.335693359375 ], [ 266679.376489257789217, 9855581.335693359375 ], [ 266679.376489257789217, 9855595.86175537109375 ] ] ] } },
{ "type": "Feature", "properties": { "tile_row": 14, "tile_col": 38, "x_min": 270.00424, "y_min": 553.78217, "x_max": 365.9213, "y_max": 617.3619, "confidence_score": 0.5539411, "Class": "domestic garbage", "tile_id": "14_38", "filename": "tile_14_38.jpg", "x_offset": 38912, "y_offset": 14336, "width": 1024, "height": 1024, "left": 265352.1728515625, "top": 9867713.3178710938, "pixel_size_x": 0.30517578125, "pixel_size_y": 0.30517578125, "crs": "EPSG:32737", "global_x_min": 265434.5716064453, "global_y_min": 9867544.3169647213, "global_x_max": 265463.84317016602, "global_y_max": 9867524.9139709473 }, "geometry": { "type": "Polygon", "coordinates": [ [ [ 265434.571606445300858, 9867544.316964721307158 ], [ 265463.843170166015625, 9867544.316964721307158 ], [ 265463.843170166015625, 9867524.913970947265625 ], [ 265434.571606445300858, 9867524.913970947265625 ], [ 265434.571606445300858, 9867544.316964721307158 ] ] ] } },
{ "type": "Feature", "properties": { "tile_row": 40, "tile_col": 20, "x_min": 335.20157, "y_min": 108.706055, "x_max": 389.67947, "y_max": 152.86176, "confidence_score": 0.36819282, "Class": "domestic garbage", "tile_id": "40_20", "filename": "tile_40_20.jpg", "x_offset": 20480, "y_offset": 40960, "width": 1024, "height": 1024, "left": 259727.1728515625, "top": 9859588.3178710938, "pixel_size_x": 0.30517578125, "pixel_size_y": 0.30517578125, "crs": "EPSG:32737", "global_x_min": 259829.46825256347, "global_y_min": 9859555.1434158329, "global_x_max": 259846.09358825683, "global_y_max": 9859541.6681640632 }, "geometry": { "type": "Polygon", "coordinates": [ [ [ 259829.468252563470742, 9859555.14341583289206 ], [ 259846.093588256830117, 9859555.14341583289206 ], [ 259846.093588256830117, 9859541.668164063245058 ], [ 259829.468252563470742, 9859541.668164063245058 ], [ 259829.468252563470742, 9859555.14341583289206 ] ] ] } },
{ "type": "Feature", "properties": { "tile_row": 32, "tile_col": 17, "x_min": 318.9841, "y_min": 559.6458, "x_max": 382.7203, "y_max": 609.9805, "confidence_score": 0.8075057, "Class": "domestic garbage", "tile_id": "32_17", "filename": "tile_32_17.jpg", "x_offset": 17408, "y_offset": 32768, "width": 1024, "height": 1024, "left": 258789.6728515625, "top": 9862088.3178710938, "pixel_size_x": 0.30517578125, "pixel_size_y": 0.30517578125, "crs": "EPSG:32737", "global_x_min": 258887.01907348633, "global_y_min": 9861917.5275268555, "global_x_max": 258906.46981811523, "global_y_max": 9861902.166595459 }, "geometry": { "type": "Polygon", "coordinates": [ [ [ 258887.019073486328125, 9861917.52752685546875 ], [ 258906.469818115234375, 9861917.52752685546875 ], [ 258906.469818115234375, 9861902.166595458984375 ], [ 258887.019073486328125, 9861902.166595458984375 ], [ 258887.019073486328125, 9861917.52752685546875 ] ] ] } },
{ "type": "Feature", "properties": { "tile_row": 59, "tile_col": 39, "x_min": 598.53577, "y_min": 386.56262, "x_max": 634.93396, "y_max": 421.96802, "confidence_score": 0.6038725, "Class": "domestic garbage", "tile_id": "59_39", "filename": "tile_59_39.jpg", "x_offset": 39936, "y_offset": 60416, "width": 1024, "height": 1024, "left": 265664.6728515625, "top": 9853650.8178710938, "pixel_size_x": 0.30517578125, "pixel_size_y": 0.30517578125, "crs": "EPSG:32737", "global_x_min": 265847.33147277834, "global_y_min": 9853532.8483215328, "global_x_max": 265858.43931884767, "global_y_max": 9853522.0434509274 }, "geometry": { "type": "Polygon", "coordinates": [ [ [ 265847.331472778343596, 9853532.848321532830596 ], [ 265858.439318847667892, 9853532.848321532830596 ], [ 265858.439318847667892, 9853522.043450927361846 ], [ 265847.331472778343596, 9853522.043450927361846 ], [ 265847.331472778343596, 9853532.848321532830596 ] ] ] } },
{ "type": "Feature", "properties": { "tile_row": 20, "tile_col": 13, "x_min": 832.7252, "y_min": 563.96655, "x_max": 873.6061, "y_max": 599.5028, "confidence_score": 0.87835866, "Class": "domestic garbage", "tile_id": "20_13", "filename": "tile_20_13.jpg", "x_offset": 13312, "y_offset": 20480, "width": 1024, "height": 1024, "left": 257539.6728515625, "top": 9865838.3178710938, "pixel_size_x": 0.30517578125, "pixel_size_y": 0.30517578125, "crs": "EPSG:32737", "global_x_min": 257793.80041503906, "global_y_min": 9865666.2089385986, "global_x_max": 257806.27627563477, "global_y_max": 9865655.3641357422 }, "geometry": { "type": "Polygon", "coordinates": [ [ [ 257793.8004150390625, 9865666.208938598632812 ], [ 257806.276275634765625, 9865666.208938598632812 ], [ 257806.276275634765625, 9865655.3641357421875 ], [ 257793.8004150390625, 9865655.3641357421875 ], [ 257793.8004150390625, 9865666.208938598632812 ] ] ] } },
{ "type": "Feature", "properties": { "tile_row": 57, "tile_col": 1, "x_min": 492.99734, "y_min": 555.70386, "x_max": 544.71936, "y_max": 613.5724, "confidence_score": 0.90773964, "Class": "domestic garbage", "tile_id": "57_1", "filename": "tile_57_1.jpg", "x_offset": 1024, "y_offset": 58368, "width": 1024, "height": 1024, "left": 253789.6728515625, "top": 9854275.8178710938, "pixel_size_x": 0.30517578125, "pixel_size_y": 0.30517578125, "crs": "EPSG:32737", "global_x_min": 253940.12369995116, "global_y_min": 9854106.2305114754, "global_x_max": 253955.90800781251, "global_y_max": 9854088.5704345703 }, "geometry": { "type": "Polygon", "coordinates": [ [ [ 253940.123699951160233, 9854106.230511475354433 ], [ 253955.908007812511642, 9854106.230511475354433 ], [ 253955.908007812511642, 9854088.5704345703125 ], [ 253940.123699951160233, 9854088.5704345703125 ], [ 253940.123699951160233, 9854106.230511475354433 ] ] ] } },
{ "type": "Feature", "properties": { "tile_row": 45, "tile_col": 11, "x_min": 546.55005, "y_min": 326.80463, "x_max": 598.24536, "y_max": 377.359, "confidence_score": 0.32526308, "Class": "domestic garbage", "tile_id": "45_11", "filename": "tile_45_11.jpg", "x_offset": 11264, "y_offset": 46080, "width": 1024, "height": 1024, "left": 256914.6728515625, "top": 9858025.8178710938, "pixel_size_x": 0.30517578125, "pixel_size_y": 0.30517578125, "crs": "EPSG:32737", "global_x_min": 257081.46669006348, "global_y_min": 9857926.0850128178, "global_x_max": 257097.2428466797, "global_y_max": 9857910.657043457 }, "geometry": { "type": "Polygon", "coordinates": [ [ [ 257081.466690063476562, 9857926.085012817755342 ], [ 257097.242846679699142, 9857926.085012817755342 ], [ 257097.242846679699142, 9857910.65704345703125 ], [ 257081.466690063476562, 9857910.65704345703125 ], [ 257081.466690063476562, 9857926.085012817755342 ] ] ] } },
{ "type": "Feature", "properties": { "tile_row": 29, "tile_col": 32, "x_min": 235.95038, "y_min": 322.74332, "x_max": 298.27222, "y_max": 378.32266, "confidence_score": 0.7915989, "Class": "domestic garbage", "tile_id": "29_32", "filename": "tile_29_32.jpg", "x_offset": 32768, "y_offset": 29696, "width": 1024, "height": 1024, "left": 263477.1728515625, "top": 9863025.8178710938, "pixel_size_x": 0.30517578125, "pixel_size_y": 0.30517578125, "crs": "EPSG:32737", "global_x_min": 263549.17919311521, "global_y_min": 9862927.3244262692, "global_x_max": 263568.1983093262, "global_y_max": 9862910.3629577644 }, "geometry": { "type": "Polygon", "coordinates": [ [ [ 263549.179193115211092, 9862927.324426269158721 ], [ 263568.198309326195158, 9862927.324426269158721 ], [ 263568.198309326195158, 9862910.362957764416933 ], [ 263549.179193115211092, 9862910.362957764416933 ], [ 263549.179193115211092, 9862927.324426269158721 ] ] ] } },
{ "type": "Feature", "properties": { "tile_row": 51, "tile_col": 28, "x_min": 727.96533, "y_min": 157.22241, "x_max": 771.3229, "y_max": 223.93826, "confidence_score": 0.38709766, "Class": "domestic garbage", "tile_id": "51_28", "filename": "tile_51_28.jpg", "x_offset": 28672, "y_offset": 52224, "width": 1024, "height": 1024, "left": 262227.1728515625, "top": 9856150.8178710938, "pixel_size_x": 0.30517578125, "pixel_size_y": 0.30517578125, "crs": "EPSG:32737", "global_x_min": 262449.33023986814, "global_y_min": 9856102.8373992927, "global_x_max": 262462.56192016602, "global_y_max": 9856082.4773376472 }, "geometry": { "type": "Polygon", "coordinates": [ [ [ 262449.330239868140779, 9856102.837399292737246 ], [ 262462.561920166015625, 9856102.837399292737246 ], [ 262462.561920166015625, 9856082.477337647229433 ], [ 262449.330239868140779, 9856082.477337647229433 ], [ 262449.330239868140779, 9856102.837399292737246 ] ] ] } },
{ "type": "Feature", "properties": { "tile_row": 39, "tile_col": 41, "x_min": 252.60013, "y_min": 297.46225, "x_max": 322.6998, "y_max": 352.66025, "confidence_score": 0.49328056, "Class": "domestic garbage", "tile_id": "39_41", "filename": "tile_39_41.jpg", "x_offset": 41984, "y_offset": 39936, "width": 1024, "height": 1024, "left": 266289.6728515625, "top": 9859900.8178710938, "pixel_size_x": 0.30517578125, "pixel_size_y": 0.30517578125, "crs": "EPSG:32737", "global_x_min": 266366.76029357908, "global_y_min": 9859810.0395965576, "global_x_max": 266388.15301513672, "global_y_max": 9859793.1945037842 }, "geometry": { "type": "Polygon", "coordinates": [ [ [ 266366.760293579078279, 9859810.039596557617188 ], [ 266388.15301513671875, 9859810.039596557617188 ], [ 266388.15301513671875, 9859793.194503784179688 ], [ 266366.760293579078279, 9859793.194503784179688 ], [ 266366.760293579078279, 9859810.039596557617188 ] ] ] } },
{ "type": "Feature", "properties": { "tile_row": 39, "tile_col": 41, "x_min": 693.46643, "y_min": 621.36127, "x_max": 771.09766, "y_max": 691.27203, "confidence_score": 0.4185198, "Class": "domestic garbage", "tile_id": "39_41", "filename": "tile_39_41.jpg", "x_offset": 41984, "y_offset": 39936, "width": 1024, "height": 1024, "left": 266289.6728515625, "top": 9859900.8178710938, "pixel_size_x": 0.30517578125, "pixel_size_y": 0.30517578125, "crs": "EPSG:32737", "global_x_min": 266501.30201110838, "global_y_min": 9859711.1934600826, "global_x_max": 266524.99318237306, "global_y_max": 9859689.8583892826 }, "geometry": { "type": "Polygon", "coordinates": [ [ [ 266501.302011108375154, 9859711.193460082635283 ], [ 266524.993182373058517, 9859711.193460082635283 ], [ 266524.993182373058517, 9859689.858389282599092 ], [ 266501.302011108375154, 9859689.858389282599092 ], [ 266501.302011108375154, 9859711.193460082635283 ] ] ] } },
{ "type": "Feature", "properties": { "tile_row": 1, "tile_col": 12, "x_min": 515.6048, "y_min": 364.67062, "x_max": 569.10297, "y_max": 414.7709, "confidence_score": 0.55405694, "Class": "domestic garbage", "tile_id": "1_12", "filename": "tile_1_12.jpg", "x_offset": 12288, "y_offset": 1024, "width": 1024, "height": 1024, "left": 257227.1728515625, "top": 9871775.8178710938, "pixel_size_x": 0.30517578125, "pixel_size_y": 0.30517578125, "crs": "EPSG:32737", "global_x_min": 257384.52294921875, "global_y_min": 9871664.529229736, "global_x_max": 257400.84929504394, "global_y_max": 9871649.2398376465 }, "geometry": { "type": "Polygon", "coordinates": [ [ [ 257384.52294921875, 9871664.529229735955596 ], [ 257400.849295043939492, 9871664.529229735955596 ], [ 257400.849295043939492, 9871649.239837646484375 ], [ 257384.52294921875, 9871649.239837646484375 ], [ 257384.52294921875, 9871664.529229735955596 ] ] ] } },
{ "type": "Feature", "properties": { "tile_row": 51, "tile_col": 40, "x_min": 504.01355, "y_min": 614.9059, "x_max": 554.4706, "y_max": 668.4325, "confidence_score": 0.48440993, "Class": "domestic garbage", "tile_id": "51_40", "filename": "tile_51_40.jpg", "x_offset": 40960, "y_offset": 52224, "width": 1024, "height": 1024, "left": 265977.1728515625, "top": 9856150.8178710938, "pixel_size_x": 0.30517578125, "pixel_size_y": 0.30517578125, "crs": "EPSG:32737", "global_x_min": 266130.98558044434, "global_y_min": 9855963.163482666, "global_x_max": 266146.38385009766, "global_y_max": 9855946.8284606934 }, "geometry": { "type": "Polygon", "coordinates": [ [ [ 266130.985580444335938, 9855963.163482666015625 ], [ 266146.38385009765625, 9855963.163482666015625 ], [ 266146.38385009765625, 9855946.828460693359375 ], [ 266130.985580444335938, 9855946.828460693359375 ], [ 266130.985580444335938, 9855963.163482666015625 ] ] ] } },
{ "type": "Feature", "properties": { "tile_row": 51, "tile_col": 40, "x_min": 414.52045, "y_min": 706.5091, "x_max": 476.34143, "y_max": 753.50616, "confidence_score": 0.42072767, "Class": "domestic garbage", "tile_id": "51_40", "filename": "tile_51_40.jpg", "x_offset": 40960, "y_offset": 52224, "width": 1024, "height": 1024, "left": 265977.1728515625, "top": 9856150.8178710938, "pixel_size_x": 0.30517578125, "pixel_size_y": 0.30517578125, "crs": "EPSG:32737", "global_x_min": 266103.67445373535, "global_y_min": 9855935.208404541, "global_x_max": 266122.54071960447, "global_y_max": 9855920.8660400398 }, "geometry": { "type": "Polygon", "coordinates": [ [ [ 266103.674453735351562, 9855935.208404541015625 ], [ 266122.540719604468904, 9855935.208404541015625 ], [ 266122.540719604468904, 9855920.866040039807558 ], [ 266103.674453735351562, 9855920.866040039807558 ], [ 266103.674453735351562, 9855935.208404541015625 ] ] ] } },
{ "type": "Feature", "properties": { "tile_row": 16, "tile_col": 2, "x_min": 458.53345, "y_min": 670.63855, "x_max": 491.75305, "y_max": 709.15247, "confidence_score": 0.7289888, "Class": "domestic garbage", "tile_id": "16_2", "filename": "tile_16_2.jpg", "x_offset": 2048, "y_offset": 16384, "width": 1024, "height": 1024, "left": 254102.1728515625, "top": 9867088.3178710938, "pixel_size_x": 0.30517578125, "pixel_size_y": 0.30517578125, "crs": "EPSG:32737", "global_x_min": 254242.10615539551, "global_y_min": 9866883.6552276611, "global_x_max": 254252.24397277832, "global_y_max": 9866871.9017120358 }, "geometry": { "type": "Polygon", "coordinates": [ [ [ 254242.106155395507812, 9866883.655227661132812 ], [ 254252.243972778320312, 9866883.655227661132812 ], [ 254252.243972778320312, 9866871.901712035760283 ], [ 254242.106155395507812, 9866871.901712035760283 ], [ 254242.106155395507812, 9866883.655227661132812 ] ] ] } },
{ "type": "Feature", "properties": { "tile_row": 16, "tile_col": 2, "x_min": 601.9499, "y_min": 930.01843, "x_max": 652.7741, "y_max": 980.35645, "confidence_score": 0.31958786, "Class": "domestic garbage", "tile_id": "16_2", "filename": "tile_16_2.jpg", "x_offset": 2048, "y_offset": 16384, "width": 1024, "height": 1024, "left": 254102.1728515625, "top": 9867088.3178710938, "pixel_size_x": 0.30517578125, "pixel_size_y": 0.30517578125, "crs": "EPSG:32737", "global_x_min": 254285.87338256836, "global_y_min": 9866804.498770142, "global_x_max": 254301.38369750977, "global_y_max": 9866789.1368255615 }, "geometry": { "type": "Polygon", "coordinates": [ [ [ 254285.873382568359375, 9866804.498770141974092 ], [ 254301.383697509765625, 9866804.498770141974092 ], [ 254301.383697509765625, 9866789.136825561523438 ], [ 254285.873382568359375, 9866789.136825561523438 ], [ 254285.873382568359375, 9866804.498770141974092 ] ] ] } },
{ "type": "Feature", "properties": { "tile_row": 31, "tile_col": 33, "x_min": 60.97741, "y_min": 186.72801, "x_max": 133.8812, "y_max": 232.27876, "confidence_score": 0.34702328, "Class": "domestic garbage", "tile_id": "31_33", "filename": "tile_31_33.jpg", "x_offset": 33792, "y_offset": 31744, "width": 1024, "height": 1024, "left": 263789.6728515625, "top": 9862400.8178710938, "pixel_size_x": 0.30517578125, "pixel_size_y": 0.30517578125, "crs": "EPSG:32737", "global_x_min": 263808.28168029786, "global_y_min": 9862343.8330047615, "global_x_max": 263830.53015136719, "global_y_max": 9862329.9320190437 }, "geometry": { "type": "Polygon", "coordinates": [ [ [ 263808.281680297863204, 9862343.833004761487246 ], [ 263830.5301513671875, 9862343.833004761487246 ], [ 263830.5301513671875, 9862329.932019043713808 ], [ 263808.281680297863204, 9862329.932019043713808 ], [ 263808.281680297863204, 9862343.833004761487246 ] ] ] } },
{ "type": "Feature", "properties": { "tile_row": 65, "tile_col": 6, "x_min": 278.07825, "y_min": 513.72156, "x_max": 396.46893, "y_max": 606.7468, "confidence_score": 0.7024883, "Class": "domestic garbage", "tile_id": "65_6", "filename": "tile_65_6.jpg", "x_offset": 6144, "y_offset": 66560, "width": 1024, "height": 1024, "left": 255352.1728515625, "top": 9851775.8178710938, "pixel_size_x": 0.30517578125, "pixel_size_y": 0.30517578125, "crs": "EPSG:32737", "global_x_min": 255437.03559875488, "global_y_min": 9851619.0424926765, "global_x_max": 255473.16556701661, "global_y_max": 9851590.6534423828 }, "geometry": { "type": "Polygon", "coordinates": [ [ [ 255437.035598754882812, 9851619.042492676526308 ], [ 255473.165567016607383, 9851619.042492676526308 ], [ 255473.165567016607383, 9851590.6534423828125 ], [ 255437.035598754882812, 9851590.6534423828125 ], [ 255437.035598754882812, 9851619.042492676526308 ] ] ] } },
{ "type": "Feature", "properties": { "tile_row": 56, "tile_col": 37, "x_min": 654.4972, "y_min": 624.9585, "x_max": 697.3523, "y_max": 675.28796, "confidence_score": 0.4396446, "Class": "domestic garbage", "tile_id": "56_37", "filename": "tile_56_37.jpg", "x_offset": 37888, "y_offset": 57344, "width": 1024, "height": 1024, "left": 265039.6728515625, "top": 9854588.3178710938, "pixel_size_x": 0.30517578125, "pixel_size_y": 0.30517578125, "crs": "EPSG:32737", "global_x_min": 265239.40954589844, "global_y_min": 9854397.5956726074, "global_x_max": 265252.48788452148, "global_y_max": 9854382.2363403328 }, "geometry": { "type": "Polygon", "coordinates": [ [ [ 265239.4095458984375, 9854397.595672607421875 ], [ 265252.487884521484375, 9854397.595672607421875 ], [ 265252.487884521484375, 9854382.236340332776308 ], [ 265239.4095458984375, 9854382.236340332776308 ], [ 265239.4095458984375, 9854397.595672607421875 ] ] ] } },
{ "type": "Feature", "properties": { "tile_row": 34, "tile_col": 38, "x_min": 588.52405, "y_min": 104.54995, "x_max": 635.73596, "y_max": 136.1272, "confidence_score": 0.65250504, "Class": "domestic garbage", "tile_id": "34_38", "filename": "tile_34_38.jpg", "x_offset": 38912, "y_offset": 34816, "width": 1024, "height": 1024, "left": 265352.1728515625, "top": 9861463.3178710938, "pixel_size_x": 0.30517578125, "pixel_size_y": 0.30517578125, "crs": "EPSG:32737", "global_x_min": 265531.77613830566, "global_y_min": 9861431.4117584229, "global_x_max": 265546.18406982423, "global_y_max": 9861421.7751464844 }, "geometry": { "type": "Polygon", "coordinates": [ [ [ 265531.776138305664062, 9861431.411758422851562 ], [ 265546.184069824230392, 9861431.411758422851562 ], [ 265546.184069824230392, 9861421.775146484375 ], [ 265531.776138305664062, 9861421.775146484375 ], [ 265531.776138305664062, 9861431.411758422851562 ] ] ] } },
{ "type": "Feature", "properties": { "tile_row": 34, "tile_col": 38, "x_min": 565.0328, "y_min": 271.3811, "x_max": 612.0806, "y_max": 318.78882, "confidence_score": 0.36143968, "Class": "domestic garbage", "tile_id": "34_38", "filename": "tile_34_38.jpg", "x_offset": 38912, "y_offset": 34816, "width": 1024, "height": 1024, "left": 265352.1728515625, "top": 9861463.3178710938, "pixel_size_x": 0.30517578125, "pixel_size_y": 0.30517578125, "crs": "EPSG:32737", "global_x_min": 265524.60717773438, "global_y_min": 9861380.4989318848, "global_x_max": 265538.96502685547, "global_y_max": 9861366.0312438961 }, "geometry": { "type": "Polygon", "coordinates": [ [ [ 265524.607177734375, 9861380.498931884765625 ], [ 265538.96502685546875, 9861380.498931884765625 ], [ 265538.96502685546875, 9861366.031243896111846 ], [ 265524.607177734375, 9861366.031243896111846 ], [ 265524.607177734375, 9861380.498931884765625 ] ] ] } },
{ "type": "Feature", "properties": { "tile_row": 28, "tile_col": 7, "x_min": 729.4598, "y_min": 509.33905, "x_max": 771.6883, "y_max": 555.1049, "confidence_score": 0.55912316, "Class": "domestic garbage", "tile_id": "28_7", "filename": "tile_28_7.jpg", "x_offset": 7168, "y_offset": 28672, "width": 1024, "height": 1024, "left": 255664.6728515625, "top": 9863338.3178710938, "pixel_size_x": 0.30517578125, "pixel_size_y": 0.30517578125, "crs": "EPSG:32737", "global_x_min": 255887.28631591797, "global_y_min": 9863182.8799285889, "global_x_max": 255900.17343139648, "global_y_max": 9863168.9132995605 }, "geometry": { "type": "Polygon", "coordinates": [ [ [ 255887.28631591796875, 9863182.879928588867188 ], [ 255900.173431396484375, 9863182.879928588867188 ], [ 255900.173431396484375, 9863168.913299560546875 ], [ 255887.28631591796875, 9863168.913299560546875 ], [ 255887.28631591796875, 9863182.879928588867188 ] ] ] } },
{ "type": "Feature", "properties": { "tile_row": 60, "tile_col": 29, "x_min": 801.78674, "y_min": 577.63574, "x_max": 877.1317, "y_max": 618.42053, "confidence_score": 0.77764255, "Class": "domestic garbage", "tile_id": "60_29", "filename": "tile_60_29.jpg", "x_offset": 29696, "y_offset": 61440, "width": 1024, "height": 1024, "left": 262539.6728515625, "top": 9853338.3178710938, "pixel_size_x": 0.30517578125, "pixel_size_y": 0.30517578125, "crs": "EPSG:32737", "global_x_min": 262784.35874633788, "global_y_min": 9853162.0374328606, "global_x_max": 262807.35220336914, "global_y_max": 9853149.5909027103 }, "geometry": { "type": "Polygon", "coordinates": [ [ [ 262784.358746337878983, 9853162.037432860583067 ], [ 262807.352203369140625, 9853162.037432860583067 ], [ 262807.352203369140625, 9853149.590902710333467 ], [ 262784.358746337878983, 9853149.590902710333467 ], [ 262784.358746337878983, 9853162.037432860583067 ] ] ] } },
{ "type": "Feature", "properties": { "tile_row": 50, "tile_col": 31, "x_min": 77.65634, "y_min": 155.80963, "x_max": 150.35634, "y_max": 198.3194, "confidence_score": 0.7529479, "Class": "domestic garbage", "tile_id": "50_31", "filename": "tile_50_31.jpg", "x_offset": 31744, "y_offset": 51200, "width": 1024, "height": 1024, "left": 263164.6728515625, "top": 9856463.3178710938, "pixel_size_x": 0.30517578125, "pixel_size_y": 0.30517578125, "crs": "EPSG:32737", "global_x_min": 263188.371685791, "global_y_min": 9856415.7685455326, "global_x_max": 263210.55796508788, "global_y_max": 9856402.7955932617 }, "geometry": { "type": "Polygon", "coordinates": [ [ [ 263188.371685791003983, 9856415.768545532599092 ], [ 263210.557965087878983, 9856415.768545532599092 ], [ 263210.557965087878983, 9856402.79559326171875 ], [ 263188.371685791003983, 9856402.79559326171875 ], [ 263188.371685791003983, 9856415.768545532599092 ] ] ] } },
{ "type": "Feature", "properties": { "tile_row": 69, "tile_col": 36, "x_min": 583.6659, "y_min": 126.22845, "x_max": 639.6853, "y_max": 172.48648, "confidence_score": 0.37438846, "Class": "domestic garbage", "tile_id": "69_36", "filename": "tile_69_36.jpg", "x_offset": 36864, "y_offset": 70656, "width": 1024, "height": 1024, "left": 264727.1728515625, "top": 9850525.8178710938, "pixel_size_x": 0.30517578125, "pixel_size_y": 0.30517578125, "crs": "EPSG:32737", "global_x_min": 264905.29354858398, "global_y_min": 9850487.296005249, "global_x_max": 264922.38931274414, "global_y_max": 9850473.1791748051 }, "geometry": { "type": "Polygon", "coordinates": [ [ [ 264905.293548583984375, 9850487.296005249023438 ], [ 264922.389312744140625, 9850487.296005249023438 ], [ 264922.389312744140625, 9850473.179174805060029 ], [ 264905.293548583984375, 9850473.179174805060029 ], [ 264905.293548583984375, 9850487.296005249023438 ] ] ] } },
{ "type": "Feature", "properties": { "tile_row": 27, "tile_col": 9, "x_min": 703.5948, "y_min": 227.90726, "x_max": 873.3317, "y_max": 427.96457, "confidence_score": 0.5006737, "Class": "domestic garbage", "tile_id": "27_9", "filename": "tile_27_9.jpg", "x_offset": 9216, "y_offset": 27648, "width": 1024, "height": 1024, "left": 256289.6728515625, "top": 9863650.8178710938, "pixel_size_x": 0.30517578125, "pixel_size_y": 0.30517578125, "crs": "EPSG:32737", "global_x_min": 256504.39294433594, "global_y_min": 9863581.2660949714, "global_x_max": 256556.19253540039, "global_y_max": 9863520.2134490963 }, "geometry": { "type": "Polygon", "coordinates": [ [ [ 256504.3929443359375, 9863581.266094971448183 ], [ 256556.192535400390625, 9863581.266094971448183 ], [ 256556.192535400390625, 9863520.213449096307158 ], [ 256504.3929443359375, 9863520.213449096307158 ], [ 256504.3929443359375, 9863581.266094971448183 ] ] ] } },
{ "type": "Feature", "properties": { "tile_row": 17, "tile_col": 15, "x_min": 631.9498, "y_min": 645.60583, "x_max": 675.42334, "y_max": 682.6124, "confidence_score": 0.82623625, "Class": "domestic garbage", "tile_id": "17_15", "filename": "tile_17_15.jpg", "x_offset": 15360, "y_offset": 17408, "width": 1024, "height": 1024, "left": 258164.6728515625, "top": 9866775.8178710938, "pixel_size_x": 0.30517578125, "pixel_size_y": 0.30517578125, "crs": "EPSG:32737", "global_x_min": 258357.52862548828, "global_y_min": 9866578.7946075443, "global_x_max": 258370.79569702147, "global_y_max": 9866567.5010986328 }, "geometry": { "type": "Polygon", "coordinates": [ [ [ 258357.52862548828125, 9866578.794607544317842 ], [ 258370.795697021472733, 9866578.794607544317842 ], [ 258370.795697021472733, 9866567.5010986328125 ], [ 258357.52862548828125, 9866567.5010986328125 ], [ 258357.52862548828125, 9866578.794607544317842 ] ] ] } },
{ "type": "Feature", "properties": { "tile_row": 36, "tile_col": 6, "x_min": 410.37936, "y_min": 227.33167, "x_max": 448.95535, "y_max": 255.34329, "confidence_score": 0.4018215, "Class": "domestic garbage", "tile_id": "36_6", "filename": "tile_36_6.jpg", "x_offset": 6144, "y_offset": 36864, "width": 1024, "height": 1024, "left": 255352.1728515625, "top": 9860838.3178710938, "pixel_size_x": 0.30517578125, "pixel_size_y": 0.30517578125, "crs": "EPSG:32737", "global_x_min": 255477.41069335939, "global_y_min": 9860768.9417510983, "global_x_max": 255489.18315124512, "global_y_max": 9860760.3932830803 }, "geometry": { "type": "Polygon", "coordinates": [ [ [ 255477.410693359386642, 9860768.941751098260283 ], [ 255489.183151245117188, 9860768.941751098260283 ], [ 255489.183151245117188, 9860760.393283080309629 ], [ 255477.410693359386642, 9860760.393283080309629 ], [ 255477.410693359386642, 9860768.941751098260283 ] ] ] } },
{ "type": "Feature", "properties": { "tile_row": 49, "tile_col": 1, "x_min": 629.4573, "y_min": 787.5887, "x_max": 688.9265, "y_max": 838.0833, "confidence_score": 0.7414827, "Class": "domestic garbage", "tile_id": "49_1", "filename": "tile_49_1.jpg", "x_offset": 1024, "y_offset": 50176, "width": 1024, "height": 1024, "left": 253789.6728515625, "top": 9856775.8178710938, "pixel_size_x": 0.30517578125, "pixel_size_y": 0.30517578125, "crs": "EPSG:32737", "global_x_min": 253981.76797485352, "global_y_min": 9856535.4648742676, "global_x_max": 253999.91653442383, "global_y_max": 9856520.0551452637 }, "geometry": { "type": "Polygon", "coordinates": [ [ [ 253981.767974853515625, 9856535.464874267578125 ], [ 253999.916534423828125, 9856535.464874267578125 ], [ 253999.916534423828125, 9856520.055145263671875 ], [ 253981.767974853515625, 9856520.055145263671875 ], [ 253981.767974853515625, 9856535.464874267578125 ] ] ] } },
{ "type": "Feature", "properties": { "tile_row": 51, "tile_col": 3, "x_min": 317.71304, "y_min": 77.98123, "x_max": 400.82114, "y_max": 147.46948, "confidence_score": 0.60800445, "Class": "domestic garbage", "tile_id": "51_3", "filename": "tile_51_3.jpg", "x_offset": 3072, "y_offset": 52224, "width": 1024, "height": 1024, "left": 254414.6728515625, "top": 9856150.8178710938, "pixel_size_x": 0.30517578125, "pixel_size_y": 0.30517578125, "crs": "EPSG:32737", "global_x_min": 254511.6311767578, "global_y_min": 9856127.019888306, "global_x_max": 254536.9937561035, "global_y_max": 9856105.8137573246 }, "geometry": { "type": "Polygon", "coordinates": [ [ [ 254511.631176757800858, 9856127.019888306036592 ], [ 254536.993756103503983, 9856127.019888306036592 ], [ 254536.993756103503983, 9856105.813757324591279 ], [ 254511.631176757800858, 9856105.813757324591279 ], [ 254511.631176757800858, 9856127.019888306036592 ] ] ] } },
{ "type": "Feature", "properties": { "tile_row": 7, "tile_col": 35, "x_min": 822.5719, "y_min": 278.1697, "x_max": 929.10547, "y_max": 349.50522, "confidence_score": 0.43986055, "Class": "domestic garbage", "tile_id": "7_35", "filename": "tile_7_35.jpg", "x_offset": 35840, "y_offset": 7168, "width": 1024, "height": 1024, "left": 264414.6728515625, "top": 9869900.8178710938, "pixel_size_x": 0.30517578125, "pixel_size_y": 0.30517578125, "crs": "EPSG:32737", "global_x_min": 264665.7018737793, "global_y_min": 9869815.9272155762, "global_x_max": 264698.21333923342, "global_y_max": 9869794.1573425289 }, "geometry": { "type": "Polygon", "coordinates": [ [ [ 264665.701873779296875, 9869815.927215576171875 ], [ 264698.213339233421721, 9869815.927215576171875 ], [ 264698.213339233421721, 9869794.157342528924346 ], [ 264665.701873779296875, 9869794.157342528924346 ], [ 264665.701873779296875, 9869815.927215576171875 ] ] ] } },
{ "type": "Feature", "properties": { "tile_row": 22, "tile_col": 29, "x_min": 422.17227, "y_min": 357.03357, "x_max": 476.87082, "y_max": 399.97504, "confidence_score": 0.36073357, "Class": "domestic garbage", "tile_id": "22_29", "filename": "tile_22_29.jpg", "x_offset": 29696, "y_offset": 22528, "width": 1024, "height": 1024, "left": 262539.6728515625, "top": 9865213.3178710938, "pixel_size_x": 0.30517578125, "pixel_size_y": 0.30517578125, "crs": "EPSG:32737", "global_x_min": 262668.50960388186, "global_y_min": 9865104.3598724362, "global_x_max": 262685.20227661135, "global_y_max": 9865091.2551757805 }, "geometry": { "type": "Polygon", "coordinates": [ [ [ 262668.509603881859221, 9865104.359872436150908 ], [ 262685.202276611351408, 9865104.359872436150908 ], [ 262685.202276611351408, 9865091.255175780504942 ], [ 262668.509603881859221, 9865091.255175780504942 ], [ 262668.509603881859221, 9865104.359872436150908 ] ] ] } },
{ "type": "Feature", "properties": { "tile_row": 22, "tile_col": 10, "x_min": 229.4288, "y_min": 253.24107, "x_max": 284.30563, "y_max": 306.42947, "confidence_score": 0.34381407, "Class": "domestic garbage", "tile_id": "22_10", "filename": "tile_22_10.jpg", "x_offset": 10240, "y_offset": 22528, "width": 1024, "height": 1024, "left": 256602.1728515625, "top": 9865213.3178710938, "pixel_size_x": 0.30517578125, "pixel_size_y": 0.30517578125, "crs": "EPSG:32737", "global_x_min": 256672.18896484375, "global_y_min": 9865136.0348297115, "global_x_max": 256688.93604431153, "global_y_max": 9865119.8030181881 }, "geometry": { "type": "Polygon", "coordinates": [ [ [ 256672.18896484375, 9865136.034829711541533 ], [ 256688.936044311529258, 9865136.034829711541533 ], [ 256688.936044311529258, 9865119.803018188104033 ], [ 256672.18896484375, 9865119.803018188104033 ], [ 256672.18896484375, 9865136.034829711541533 ] ] ] } },
{ "type": "Feature", "properties": { "tile_row": 74, "tile_col": 12, "x_min": 125.716034, "y_min": 514.4174, "x_max": 181.35635, "y_max": 553.72797, "confidence_score": 0.37117866, "Class": "domestic garbage", "tile_id": "74_12", "filename": "tile_74_12.jpg", "x_offset": 12288, "y_offset": 75776, "width": 1024, "height": 1024, "left": 257227.1728515625, "top": 9848963.3178710938, "pixel_size_x": 0.30517578125, "pixel_size_y": 0.30517578125, "crs": "EPSG:32737", "global_x_min": 257265.53834045411, "global_y_min": 9848806.3301391602, "global_x_max": 257282.5184173584, "global_y_max": 9848794.3335052487 }, "geometry": { "type": "Polygon", "coordinates": [ [ [ 257265.538340454106219, 9848806.33013916015625 ], [ 257282.518417358398438, 9848806.33013916015625 ], [ 257282.518417358398438, 9848794.333505248650908 ], [ 257265.538340454106219, 9848794.333505248650908 ], [ 257265.538340454106219, 9848806.33013916015625 ] ] ] } },
{ "type": "Feature", "properties": { "tile_row": 49, "tile_col": 35, "x_min": 556.06464, "y_min": 387.66937, "x_max": 607.2769, "y_max": 432.1371, "confidence_score": 0.6454366, "Class": "domestic garbage", "tile_id": "49_35", "filename": "tile_49_35.jpg", "x_offset": 35840, "y_offset": 50176, "width": 1024, "height": 1024, "left": 264414.6728515625, "top": 9856775.8178710938, "pixel_size_x": 0.30517578125, "pixel_size_y": 0.30517578125, "crs": "EPSG:32737", "global_x_min": 264584.37031249999, "global_y_min": 9856657.5105682369, "global_x_max": 264599.99905395508, "global_y_max": 9856643.9400939941 }, "geometry": { "type": "Polygon", "coordinates": [ [ [ 264584.370312499988358, 9856657.510568236932158 ], [ 264599.999053955078125, 9856657.510568236932158 ], [ 264599.999053955078125, 9856643.940093994140625 ], [ 264584.370312499988358, 9856643.940093994140625 ], [ 264584.370312499988358, 9856657.510568236932158 ] ] ] } },
{ "type": "Feature", "properties": { "tile_row": 35, "tile_col": 28, "x_min": 542.3683, "y_min": 397.10303, "x_max": 610.49133, "y_max": 448.04633, "confidence_score": 0.4109112, "Class": "domestic garbage", "tile_id": "35_28", "filename": "tile_35_28.jpg", "x_offset": 28672, "y_offset": 35840, "width": 1024, "height": 1024, "left": 262227.1728515625, "top": 9861150.8178710938, "pixel_size_x": 0.30517578125, "pixel_size_y": 0.30517578125, "crs": "EPSG:32737", "global_x_min": 262392.69052124023, "global_y_min": 9861029.6316436771, "global_x_max": 262413.48002014158, "global_y_max": 9861014.0849823002 }, "geometry": { "type": "Polygon", "coordinates": [ [ [ 262392.690521240234375, 9861029.631643677130342 ], [ 262413.480020141578279, 9861029.631643677130342 ], [ 262413.480020141578279, 9861014.084982300177217 ], [ 262392.690521240234375, 9861014.084982300177217 ], [ 262392.690521240234375, 9861029.631643677130342 ] ] ] } },
{ "type": "Feature", "properties": { "tile_row": 61, "tile_col": 6, "x_min": 551.45514, "y_min": 345.38898, "x_max": 625.8278, "y_max": 397.16864, "confidence_score": 0.64465624, "Class": "domestic garbage", "tile_id": "61_6", "filename": "tile_61_6.jpg", "x_offset": 6144, "y_offset": 62464, "width": 1024, "height": 1024, "left": 255352.1728515625, "top": 9853025.8178710938, "pixel_size_x": 0.30517578125, "pixel_size_y": 0.30517578125, "crs": "EPSG:32737", "global_x_min": 255520.46360473632, "global_y_min": 9852920.4135192875, "global_x_max": 255543.16033935547, "global_y_max": 9852904.611621093 }, "geometry": { "type": "Polygon", "coordinates": [ [ [ 255520.463604736316483, 9852920.413519287481904 ], [ 255543.16033935546875, 9852920.413519287481904 ], [ 255543.16033935546875, 9852904.611621093004942 ], [ 255520.463604736316483, 9852904.611621093004942 ], [ 255520.463604736316483, 9852920.413519287481904 ] ] ] } },
{ "type": "Feature", "properties": { "tile_row": 54, "tile_col": 35, "x_min": 410.15262, "y_min": 328.87933, "x_max": 453.95737, "y_max": 374.0569, "confidence_score": 0.4361083, "Class": "domestic garbage", "tile_id": "54_35", "filename": "tile_54_35.jpg", "x_offset": 35840, "y_offset": 55296, "width": 1024, "height": 1024, "left": 264414.6728515625, "top": 9855213.3178710938, "pixel_size_x": 0.30517578125, "pixel_size_y": 0.30517578125, "crs": "EPSG:32737", "global_x_min": 264539.84149780276, "global_y_min": 9855112.9518646244, "global_x_max": 264553.20964660647, "global_y_max": 9855099.1647644043 }, "geometry": { "type": "Polygon", "coordinates": [ [ [ 264539.841497802757658, 9855112.951864624395967 ], [ 264553.209646606468596, 9855112.951864624395967 ], [ 264553.209646606468596, 9855099.164764404296875 ], [ 264539.841497802757658, 9855099.164764404296875 ], [ 264539.841497802757658, 9855112.951864624395967 ] ] ] } },
{ "type": "Feature", "properties": { "tile_row": 31, "tile_col": 40, "x_min": 573.6525, "y_min": 347.2905, "x_max": 655.8962, "y_max": 395.09042, "confidence_score": 0.56032705, "Class": "domestic garbage", "tile_id": "31_40", "filename": "tile_31_40.jpg", "x_offset": 40960, "y_offset": 31744, "width": 1024, "height": 1024, "left": 265977.1728515625, "top": 9862400.8178710938, "pixel_size_x": 0.30517578125, "pixel_size_y": 0.30517578125, "crs": "EPSG:32737", "global_x_min": 266152.23770141602, "global_y_min": 9862294.8332214355, "global_x_max": 266177.33648681641, "global_y_max": 9862280.2458435055 }, "geometry": { "type": "Polygon", "coordinates": [ [ [ 266152.237701416015625, 9862294.833221435546875 ], [ 266177.33648681640625, 9862294.833221435546875 ], [ 266177.33648681640625, 9862280.245843505486846 ], [ 266152.237701416015625, 9862280.245843505486846 ], [ 266152.237701416015625, 9862294.833221435546875 ] ] ] } },
{ "type": "Feature", "properties": { "tile_row": 16, "tile_col": 38, "x_min": 91.25838, "y_min": 567.50366, "x_max": 128.29689, "y_max": 601.1339, "confidence_score": 0.3532435, "Class": "domestic garbage", "tile_id": "16_38", "filename": "tile_16_38.jpg", "x_offset": 38912, "y_offset": 16384, "width": 1024, "height": 1024, "left": 265352.1728515625, "top": 9867088.3178710938, "pixel_size_x": 0.30517578125, "pixel_size_y": 0.30517578125, "crs": "EPSG:32737", "global_x_min": 265380.02269897459, "global_y_min": 9866915.1294982918, "global_x_max": 265391.32595520018, "global_y_max": 9866904.8663635254 }, "geometry": { "type": "Polygon", "coordinates": [ [ [ 265380.022698974586092, 9866915.129498291760683 ], [ 265391.325955200183671, 9866915.129498291760683 ], [ 265391.325955200183671, 9866904.866363525390625 ], [ 265380.022698974586092, 9866904.866363525390625 ], [ 265380.022698974586092, 9866915.129498291760683 ] ] ] } },
{ "type": "Feature", "properties": { "tile_row": 16, "tile_col": 38, "x_min": 377.46164, "y_min": 452.82565, "x_max": 469.4916, "y_max": 516.8504, "confidence_score": 0.33619806, "Class": "domestic garbage", "tile_id": "16_38", "filename": "tile_16_38.jpg", "x_offset": 38912, "y_offset": 16384, "width": 1024, "height": 1024, "left": 265352.1728515625, "top": 9867088.3178710938, "pixel_size_x": 0.30517578125, "pixel_size_y": 0.30517578125, "crs": "EPSG:32737", "global_x_min": 265467.36500244139, "global_y_min": 9866950.126449585, "global_x_max": 265495.45031738281, "global_y_max": 9866930.5876464844 }, "geometry": { "type": "Polygon", "coordinates": [ [ [ 265467.365002441394608, 9866950.126449584960938 ], [ 265495.4503173828125, 9866950.126449584960938 ], [ 265495.4503173828125, 9866930.587646484375 ], [ 265467.365002441394608, 9866930.587646484375 ], [ 265467.365002441394608, 9866950.126449584960938 ] ] ] } },
{ "type": "Feature", "properties": { "tile_row": 12, "tile_col": 15, "x_min": 348.03528, "y_min": 554.2095, "x_max": 390.3084, "y_max": 599.2152, "confidence_score": 0.5742364, "Class": "domestic garbage", "tile_id": "12_15", "filename": "tile_12_15.jpg", "x_offset": 15360, "y_offset": 12288, "width": 1024, "height": 1024, "left": 258164.6728515625, "top": 9868338.3178710938, "pixel_size_x": 0.30517578125, "pixel_size_y": 0.30517578125, "crs": "EPSG:32737", "global_x_min": 258270.88479003907, "global_y_min": 9868169.1865539551, "global_x_max": 258283.78552246094, "global_y_max": 9868155.4519042969 }, "geometry": { "type": "Polygon", "coordinates": [ [ [ 258270.884790039068321, 9868169.186553955078125 ], [ 258283.7855224609375, 9868169.186553955078125 ], [ 258283.7855224609375, 9868155.451904296875 ], [ 258270.884790039068321, 9868155.451904296875 ], [ 258270.884790039068321, 9868169.186553955078125 ] ] ] } },
{ "type": "Feature", "properties": { "tile_row": 57, "tile_col": 30, "x_min": 671.50275, "y_min": 377.11945, "x_max": 710.8156, "y_max": 412.43896, "confidence_score": 0.3893693, "Class": "domestic garbage", "tile_id": "57_30", "filename": "tile_57_30.jpg", "x_offset": 30720, "y_offset": 58368, "width": 1024, "height": 1024, "left": 262852.1728515625, "top": 9854275.8178710938, "pixel_size_x": 0.30517578125, "pixel_size_y": 0.30517578125, "crs": "EPSG:32737", "global_x_min": 263057.09922790527, "global_y_min": 9854160.7301483154, "global_x_max": 263069.09655761719, "global_y_max": 9854149.9514892586 }, "geometry": { "type": "Polygon", "coordinates": [ [ [ 263057.099227905273438, 9854160.730148315429688 ], [ 263069.0965576171875, 9854160.730148315429688 ], [ 263069.0965576171875, 9854149.951489258557558 ], [ 263057.099227905273438, 9854149.951489258557558 ], [ 263057.099227905273438, 9854160.730148315429688 ] ] ] } },
{ "type": "Feature", "properties": { "tile_row": 61, "tile_col": 27, "x_min": 316.0576, "y_min": 710.74493, "x_max": 373.2184, "y_max": 774.6357, "confidence_score": 0.41647625, "Class": "domestic garbage", "tile_id": "61_27", "filename": "tile_61_27.jpg", "x_offset": 27648, "y_offset": 62464, "width": 1024, "height": 1024, "left": 261914.6728515625, "top": 9853025.8178710938, "pixel_size_x": 0.30517578125, "pixel_size_y": 0.30517578125, "crs": "EPSG:32737", "global_x_min": 262011.1259765625, "global_y_min": 9852808.9157318119, "global_x_max": 262028.57006835938, "global_y_max": 9852789.4178161621 }, "geometry": { "type": "Polygon", "coordinates": [ [ [ 262011.1259765625, 9852808.915731811895967 ], [ 262028.570068359375, 9852808.915731811895967 ], [ 262028.570068359375, 9852789.417816162109375 ], [ 262011.1259765625, 9852789.417816162109375 ], [ 262011.1259765625, 9852808.915731811895967 ] ] ] } },
{ "type": "Feature", "properties": { "tile_row": 51, "tile_col": 25, "x_min": 812.1776, "y_min": 606.68384, "x_max": 853.5176, "y_max": 643.9824, "confidence_score": 0.4737717, "Class": "domestic garbage", "tile_id": "51_25", "filename": "tile_51_25.jpg", "x_offset": 25600, "y_offset": 52224, "width": 1024, "height": 1024, "left": 261289.6728515625, "top": 9856150.8178710938, "pixel_size_x": 0.30517578125, "pixel_size_y": 0.30517578125, "crs": "EPSG:32737", "global_x_min": 261537.52978515625, "global_y_min": 9855965.6726562493, "global_x_max": 261550.14575195312, "global_y_max": 9855954.2900390625 }, "geometry": { "type": "Polygon", "coordinates": [ [ [ 261537.52978515625, 9855965.672656249254942 ], [ 261550.145751953125, 9855965.672656249254942 ], [ 261550.145751953125, 9855954.2900390625 ], [ 261537.52978515625, 9855954.2900390625 ], [ 261537.52978515625, 9855965.672656249254942 ] ] ] } },
{ "type": "Feature", "properties": { "tile_row": 5, "tile_col": 42, "x_min": 809.7578, "y_min": 537.3762, "x_max": 892.271, "y_max": 586.1312, "confidence_score": 0.92232543, "Class": "domestic garbage", "tile_id": "5_42", "filename": "tile_5_42.jpg", "x_offset": 43008, "y_offset": 5120, "width": 1024, "height": 1024, "left": 266602.1728515625, "top": 9870525.8178710938, "pixel_size_x": 0.30517578125, "pixel_size_y": 0.30517578125, "crs": "EPSG:32737", "global_x_min": 266849.29132080078, "global_y_min": 9870361.8236694336, "global_x_max": 266874.47235107422, "global_y_max": 9870346.9448242188 }, "geometry": { "type": "Polygon", "coordinates": [ [ [ 266849.29132080078125, 9870361.82366943359375 ], [ 266874.47235107421875, 9870361.82366943359375 ], [ 266874.47235107421875, 9870346.94482421875 ], [ 266849.29132080078125, 9870346.94482421875 ], [ 266849.29132080078125, 9870361.82366943359375 ] ] ] } },
{ "type": "Feature", "properties": { "tile_row": 58, "tile_col": 34, "x_min": 234.34244, "y_min": 338.48807, "x_max": 285.57242, "y_max": 377.12338, "confidence_score": 0.82841545, "Class": "domestic garbage", "tile_id": "58_34", "filename": "tile_58_34.jpg", "x_offset": 34816, "y_offset": 59392, "width": 1024, "height": 1024, "left": 264102.1728515625, "top": 9853963.3178710938, "pixel_size_x": 0.30517578125, "pixel_size_y": 0.30517578125, "crs": "EPSG:32737", "global_x_min": 264173.68848876952, "global_y_min": 9853860.0195098873, "global_x_max": 264189.32263793948, "global_y_max": 9853848.228948975 }, "geometry": { "type": "Polygon", "coordinates": [ [ [ 264173.688488769519608, 9853860.019509887322783 ], [ 264189.322637939476408, 9853860.019509887322783 ], [ 264189.322637939476408, 9853848.228948974981904 ], [ 264173.688488769519608, 9853848.228948974981904 ], [ 264173.688488769519608, 9853860.019509887322783 ] ] ] } },
{ "type": "Feature", "properties": { "tile_row": 58, "tile_col": 32, "x_min": 235.33961, "y_min": 553.2838, "x_max": 289.3228, "y_max": 602.73364, "confidence_score": 0.3425876, "Class": "domestic garbage", "tile_id": "58_32", "filename": "tile_58_32.jpg", "x_offset": 32768, "y_offset": 59392, "width": 1024, "height": 1024, "left": 263477.1728515625, "top": 9853963.3178710938, "pixel_size_x": 0.30517578125, "pixel_size_y": 0.30517578125, "crs": "EPSG:32737", "global_x_min": 263548.99280090333, "global_y_min": 9853794.4690551758, "global_x_max": 263565.46716308594, "global_y_max": 9853779.3781616203 }, "geometry": { "type": "Polygon", "coordinates": [ [ [ 263548.992800903331954, 9853794.46905517578125 ], [ 263565.4671630859375, 9853794.46905517578125 ], [ 263565.4671630859375, 9853779.378161620348692 ], [ 263548.992800903331954, 9853779.378161620348692 ], [ 263548.992800903331954, 9853794.46905517578125 ] ] ] } },
{ "type": "Feature", "properties": { "tile_row": 17, "tile_col": 35, "x_min": 537.59753, "y_min": 647.0813, "x_max": 657.4126, "y_max": 719.5659, "confidence_score": 0.47363248, "Class": "domestic garbage", "tile_id": "17_35", "filename": "tile_17_35.jpg", "x_offset": 35840, "y_offset": 17408, "width": 1024, "height": 1024, "left": 264414.6728515625, "top": 9866775.8178710938, "pixel_size_x": 0.30517578125, "pixel_size_y": 0.30517578125, "crs": "EPSG:32737", "global_x_min": 264578.7345977783, "global_y_min": 9866578.344329834, "global_x_max": 264615.29925537109, "global_y_max": 9866556.2237854004 }, "geometry": { "type": "Polygon", "coordinates": [ [ [ 264578.734597778297029, 9866578.344329833984375 ], [ 264615.29925537109375, 9866578.344329833984375 ], [ 264615.29925537109375, 9866556.223785400390625 ], [ 264578.734597778297029, 9866556.223785400390625 ], [ 264578.734597778297029, 9866578.344329833984375 ] ] ] } },
{ "type": "Feature", "properties": { "tile_row": 56, "tile_col": 35, "x_min": 379.9232, "y_min": 789.71423, "x_max": 416.6489, "y_max": 835.91406, "confidence_score": 0.5497159, "Class": "domestic garbage", "tile_id": "56_35", "filename": "tile_56_35.jpg", "x_offset": 35840, "y_offset": 57344, "width": 1024, "height": 1024, "left": 264414.6728515625, "top": 9854588.3178710938, "pixel_size_x": 0.30517578125, "pixel_size_y": 0.30517578125, "crs": "EPSG:32737", "global_x_min": 264530.6162109375, "global_y_min": 9854347.3162139896, "global_x_max": 264541.82400512695, "global_y_max": 9854333.2171447761 }, "geometry": { "type": "Polygon", "coordinates": [ [ [ 264530.6162109375, 9854347.316213989630342 ], [ 264541.824005126953125, 9854347.316213989630342 ], [ 264541.824005126953125, 9854333.217144776135683 ], [ 264530.6162109375, 9854333.217144776135683 ], [ 264530.6162109375, 9854347.316213989630342 ] ] ] } },
{ "type": "Feature", "properties": { "tile_row": 10, "tile_col": 31, "x_min": 881.9854, "y_min": 822.3995, "x_max": 933.20123, "y_max": 862.9666, "confidence_score": 0.8956853, "Class": "domestic garbage", "tile_id": "10_31", "filename": "tile_10_31.jpg", "x_offset": 31744, "y_offset": 10240, "width": 1024, "height": 1024, "left": 263164.6728515625, "top": 9868963.3178710938, "pixel_size_x": 0.30517578125, "pixel_size_y": 0.30517578125, "crs": "EPSG:32737", "global_x_min": 263433.83343505859, "global_y_min": 9868712.3414611816, "global_x_max": 263449.46326599119, "global_y_max": 9868699.9613647461 }, "geometry": { "type": "Polygon", "coordinates": [ [ [ 263433.83343505859375, 9868712.341461181640625 ], [ 263449.463265991187654, 9868712.341461181640625 ], [ 263449.463265991187654, 9868699.96136474609375 ], [ 263433.83343505859375, 9868699.96136474609375 ], [ 263433.83343505859375, 9868712.341461181640625 ] ] ] } },
{ "type": "Feature", "properties": { "tile_row": 77, "tile_col": 8, "x_min": 791.85223, "y_min": 245.91939, "x_max": 873.54144, "y_max": 304.53632, "confidence_score": 0.5481284, "Class": "domestic garbage", "tile_id": "77_8", "filename": "tile_77_8.jpg", "x_offset": 8192, "y_offset": 78848, "width": 1024, "height": 1024, "left": 255977.1728515625, "top": 9848025.8178710938, "pixel_size_x": 0.30517578125, "pixel_size_y": 0.30517578125, "crs": "EPSG:32737", "global_x_min": 256218.82697448731, "global_y_min": 9847950.7692291252, "global_x_max": 256243.75654296874, "global_y_max": 9847932.8807617184 }, "geometry": { "type": "Polygon", "coordinates": [ [ [ 256218.826974487310508, 9847950.769229125231504 ], [ 256243.756542968738358, 9847950.769229125231504 ], [ 256243.756542968738358, 9847932.880761718377471 ], [ 256218.826974487310508, 9847932.880761718377471 ], [ 256218.826974487310508, 9847950.769229125231504 ] ] ] } },
{ "type": "Feature", "properties": { "tile_row": 36, "tile_col": 34, "x_min": 676.3126, "y_min": 833.07556, "x_max": 732.66907, "y_max": 877.93005, "confidence_score": 0.80489695, "Class": "domestic garbage", "tile_id": "36_34", "filename": "tile_36_34.jpg", "x_offset": 34816, "y_offset": 36864, "width": 1024, "height": 1024, "left": 264102.1728515625, "top": 9860838.3178710938, "pixel_size_x": 0.30517578125, "pixel_size_y": 0.30517578125, "crs": "EPSG:32737", "global_x_min": 264308.56707763672, "global_y_min": 9860584.0833862312, "global_x_max": 264325.76570739748, "global_y_max": 9860570.3948822021 }, "geometry": { "type": "Polygon", "coordinates": [ [ [ 264308.56707763671875, 9860584.083386231213808 ], [ 264325.765707397484221, 9860584.083386231213808 ], [ 264325.765707397484221, 9860570.394882202148438 ], [ 264308.56707763671875, 9860570.394882202148438 ], [ 264308.56707763671875, 9860584.083386231213808 ] ] ] } },
{ "type": "Feature", "properties": { "tile_row": 36, "tile_col": 34, "x_min": 730.44214, "y_min": 69.493866, "x_max": 795.42395, "y_max": 186.90588, "confidence_score": 0.7650269, "Class": "domestic garbage", "tile_id": "36_34", "filename": "tile_36_34.jpg", "x_offset": 34816, "y_offset": 36864, "width": 1024, "height": 1024, "left": 264102.1728515625, "top": 9860838.3178710938, "pixel_size_x": 0.30517578125, "pixel_size_y": 0.30517578125, "crs": "EPSG:32737", "global_x_min": 264325.08610229491, "global_y_min": 9860817.1100262459, "global_x_max": 264344.91697692871, "global_y_max": 9860781.2787231449 }, "geometry": { "type": "Polygon", "coordinates": [ [ [ 264325.086102294910233, 9860817.110026245936751 ], [ 264344.916976928710938, 9860817.110026245936751 ], [ 264344.916976928710938, 9860781.278723144903779 ], [ 264325.086102294910233, 9860781.278723144903779 ], [ 264325.086102294910233, 9860817.110026245936751 ] ] ] } },
{ "type": "Feature", "properties": { "tile_row": 36, "tile_col": 34, "x_min": 672.6962, "y_min": 563.0547, "x_max": 736.753, "y_max": 638.57117, "confidence_score": 0.69213134, "Class": "domestic garbage", "tile_id": "36_34", "filename": "tile_36_34.jpg", "x_offset": 34816, "y_offset": 36864, "width": 1024, "height": 1024, "left": 264102.1728515625, "top": 9860838.3178710938, "pixel_size_x": 0.30517578125, "pixel_size_y": 0.30517578125, "crs": "EPSG:32737", "global_x_min": 264307.46343994141, "global_y_min": 9860666.4872131348, "global_x_max": 264327.01202392578, "global_y_max": 9860643.4414154049 }, "geometry": { "type": "Polygon", "coordinates": [ [ [ 264307.46343994140625, 9860666.487213134765625 ], [ 264327.01202392578125, 9860666.487213134765625 ], [ 264327.01202392578125, 9860643.441415404900908 ], [ 264307.46343994140625, 9860643.441415404900908 ], [ 264307.46343994140625, 9860666.487213134765625 ] ] ] } },
{ "type": "Feature", "properties": { "tile_row": 28, "tile_col": 20, "x_min": 538.739, "y_min": 511.83286, "x_max": 595.4214, "y_max": 561.4469, "confidence_score": 0.3231331, "Class": "domestic garbage", "tile_id": "28_20", "filename": "tile_28_20.jpg", "x_offset": 20480, "y_offset": 28672, "width": 1024, "height": 1024, "left": 259727.1728515625, "top": 9863338.3178710938, "pixel_size_x": 0.30517578125, "pixel_size_y": 0.30517578125, "crs": "EPSG:32737", "global_x_min": 259891.58294677734, "global_y_min": 9863182.1188781746, "global_x_max": 259908.88104248047, "global_y_max": 9863166.9778747559 }, "geometry": { "type": "Polygon", "coordinates": [ [ [ 259891.58294677734375, 9863182.118878174573183 ], [ 259908.88104248046875, 9863182.118878174573183 ], [ 259908.88104248046875, 9863166.977874755859375 ], [ 259891.58294677734375, 9863166.977874755859375 ], [ 259891.58294677734375, 9863182.118878174573183 ] ] ] } },
{ "type": "Feature", "properties": { "tile_row": 22, "tile_col": 17, "x_min": 457.00775, "y_min": 466.32437, "x_max": 555.65497, "y_max": 552.0904, "confidence_score": 0.82056403, "Class": "domestic garbage", "tile_id": "22_17", "filename": "tile_22_17.jpg", "x_offset": 17408, "y_offset": 22528, "width": 1024, "height": 1024, "left": 258789.6728515625, "top": 9865213.3178710938, "pixel_size_x": 0.30517578125, "pixel_size_y": 0.30517578125, "crs": "EPSG:32737", "global_x_min": 258929.14054870605, "global_y_min": 9865071.0069671627, "global_x_max": 258959.24529113769, "global_y_max": 9865044.8332519531 }, "geometry": { "type": "Polygon", "coordinates": [ [ [ 258929.140548706054688, 9865071.006967162713408 ], [ 258959.245291137689492, 9865071.006967162713408 ], [ 258959.245291137689492, 9865044.833251953125 ], [ 258929.140548706054688, 9865044.833251953125 ], [ 258929.140548706054688, 9865071.006967162713408 ] ] ] } },
{ "type": "Feature", "properties": { "tile_row": 22, "tile_col": 17, "x_min": 344.61304, "y_min": 317.656, "x_max": 549.3765, "y_max": 536.38226, "confidence_score": 0.30447248, "Class": "domestic garbage", "tile_id": "22_17", "filename": "tile_22_17.jpg", "x_offset": 17408, "y_offset": 22528, "width": 1024, "height": 1024, "left": 258789.6728515625, "top": 9865213.3178710938, "pixel_size_x": 0.30517578125, "pixel_size_y": 0.30517578125, "crs": "EPSG:32737", "global_x_min": 258894.84040527343, "global_y_min": 9865116.376953125, "global_x_max": 258957.32925415039, "global_y_max": 9865049.6269958504 }, "geometry": { "type": "Polygon", "coordinates": [ [ [ 258894.840405273425858, 9865116.376953125 ], [ 258957.329254150390625, 9865116.376953125 ], [ 258957.329254150390625, 9865049.626995850354433 ], [ 258894.840405273425858, 9865049.626995850354433 ], [ 258894.840405273425858, 9865116.376953125 ] ] ] } },
{ "type": "Feature", "properties": { "tile_row": 31, "tile_col": 39, "x_min": 593.98584, "y_min": 180.11964, "x_max": 637.37744, "y_max": 225.83333, "confidence_score": 0.70257413, "Class": "domestic garbage", "tile_id": "31_39", "filename": "tile_31_39.jpg", "x_offset": 39936, "y_offset": 31744, "width": 1024, "height": 1024, "left": 265664.6728515625, "top": 9862400.8178710938, "pixel_size_x": 0.30517578125, "pixel_size_y": 0.30517578125, "crs": "EPSG:32737", "global_x_min": 265845.94294433593, "global_y_min": 9862345.8497192375, "global_x_max": 265859.18500976561, "global_y_max": 9862331.8990081791 }, "geometry": { "type": "Polygon", "coordinates": [ [ [ 265845.942944335925858, 9862345.849719237536192 ], [ 265859.185009765613358, 9862345.849719237536192 ], [ 265859.185009765613358, 9862331.899008179083467 ], [ 265845.942944335925858, 9862331.899008179083467 ], [ 265845.942944335925858, 9862345.849719237536192 ] ] ] } },
{ "type": "Feature", "properties": { "tile_row": 4, "tile_col": 42, "x_min": 516.1185, "y_min": 754.4801, "x_max": 636.92944, "y_max": 870.4762, "confidence_score": 0.4329102, "Class": "domestic garbage", "tile_id": "4_42", "filename": "tile_4_42.jpg", "x_offset": 43008, "y_offset": 4096, "width": 1024, "height": 1024, "left": 266602.1728515625, "top": 9870838.3178710938, "pixel_size_x": 0.30517578125, "pixel_size_y": 0.30517578125, "crs": "EPSG:32737", "global_x_min": 266759.67971801758, "global_y_min": 9870608.0688171387, "global_x_max": 266796.54829101561, "global_y_max": 9870572.6696166992 }, "geometry": { "type": "Polygon", "coordinates": [ [ [ 266759.679718017578125, 9870608.068817138671875 ], [ 266796.548291015613358, 9870608.068817138671875 ], [ 266796.548291015613358, 9870572.66961669921875 ], [ 266759.679718017578125, 9870572.66961669921875 ], [ 266759.679718017578125, 9870608.068817138671875 ] ] ] } },
{ "type": "Feature", "properties": { "tile_row": 43, "tile_col": 17, "x_min": 509.17792, "y_min": 85.97467, "x_max": 540.44135, "y_max": 120.902466, "confidence_score": 0.3190485, "Class": "domestic garbage", "tile_id": "43_17", "filename": "tile_43_17.jpg", "x_offset": 17408, "y_offset": 44032, "width": 1024, "height": 1024, "left": 258789.6728515625, "top": 9858650.8178710938, "pixel_size_x": 0.30517578125, "pixel_size_y": 0.30517578125, "crs": "EPSG:32737", "global_x_min": 258945.06162109374, "global_y_min": 9858624.5804840084, "global_x_max": 258954.60246276855, "global_y_max": 9858613.921366578 }, "geometry": { "type": "Polygon", "coordinates": [ [ [ 258945.061621093744179, 9858624.580484008416533 ], [ 258954.602462768554688, 9858624.580484008416533 ], [ 258954.602462768554688, 9858613.921366577968001 ], [ 258945.061621093744179, 9858613.921366577968001 ], [ 258945.061621093744179, 9858624.580484008416533 ] ] ] } },
{ "type": "Feature", "properties": { "tile_row": 15, "tile_col": 37, "x_min": 134.43036, "y_min": 825.24146, "x_max": 225.00378, "y_max": 866.74084, "confidence_score": 0.4693499, "Class": "domestic garbage", "tile_id": "15_37", "filename": "tile_15_37.jpg", "x_offset": 37888, "y_offset": 15360, "width": 1024, "height": 1024, "left": 265039.6728515625, "top": 9867400.8178710938, "pixel_size_x": 0.30517578125, "pixel_size_y": 0.30517578125, "crs": "EPSG:32737", "global_x_min": 265080.69774169923, "global_y_min": 9867148.9741638191, "global_x_max": 265108.33855590818, "global_y_max": 9867136.3095581047 }, "geometry": { "type": "Polygon", "coordinates": [ [ [ 265080.697741699230392, 9867148.974163819104433 ], [ 265108.338555908179842, 9867148.974163819104433 ], [ 265108.338555908179842, 9867136.309558104723692 ], [ 265080.697741699230392, 9867136.309558104723692 ], [ 265080.697741699230392, 9867148.974163819104433 ] ] ] } },
{ "type": "Feature", "properties": { "tile_row": 55, "tile_col": 36, "x_min": 419.5574, "y_min": 320.8235, "x_max": 468.82083, "y_max": 381.50458, "confidence_score": 0.40134373, "Class": "domestic garbage", "tile_id": "55_36", "filename": "tile_55_36.jpg", "x_offset": 36864, "y_offset": 56320, "width": 1024, "height": 1024, "left": 264727.1728515625, "top": 9854900.8178710938, "pixel_size_x": 0.30517578125, "pixel_size_y": 0.30517578125, "crs": "EPSG:32737", "global_x_min": 264855.21160888672, "global_y_min": 9854802.9103088379, "global_x_max": 264870.245614624, "global_y_max": 9854784.3919128422 }, "geometry": { "type": "Polygon", "coordinates": [ [ [ 264855.21160888671875, 9854802.910308837890625 ], [ 264870.245614624000154, 9854802.910308837890625 ], [ 264870.245614624000154, 9854784.391912842169404 ], [ 264855.21160888671875, 9854784.391912842169404 ], [ 264855.21160888671875, 9854802.910308837890625 ] ] ] } },
{ "type": "Feature", "properties": { "tile_row": 45, "tile_col": 2, "x_min": 439.52875, "y_min": 276.7065, "x_max": 487.48712, "y_max": 335.12186, "confidence_score": 0.9580676, "Class": "domestic garbage", "tile_id": "45_2", "filename": "tile_45_2.jpg", "x_offset": 2048, "y_offset": 46080, "width": 1024, "height": 1024, "left": 254102.1728515625, "top": 9858025.8178710938, "pixel_size_x": 0.30517578125, "pixel_size_y": 0.30517578125, "crs": "EPSG:32737", "global_x_min": 254236.30638122559, "global_y_min": 9857941.3737487793, "global_x_max": 254250.94211425781, "global_y_max": 9857923.546795655 }, "geometry": { "type": "Polygon", "coordinates": [ [ [ 254236.306381225585938, 9857941.373748779296875 ], [ 254250.942114257806679, 9857941.373748779296875 ], [ 254250.942114257806679, 9857923.546795655041933 ], [ 254236.306381225585938, 9857923.546795655041933 ], [ 254236.306381225585938, 9857941.373748779296875 ] ] ] } },
{ "type": "Feature", "properties": { "tile_row": 25, "tile_col": 7, "x_min": 91.56865, "y_min": 258.40173, "x_max": 138.61568, "y_max": 309.58765, "confidence_score": 0.82408375, "Class": "domestic garbage", "tile_id": "25_7", "filename": "tile_25_7.jpg", "x_offset": 7168, "y_offset": 25600, "width": 1024, "height": 1024, "left": 255664.6728515625, "top": 9864275.8178710938, "pixel_size_x": 0.30517578125, "pixel_size_y": 0.30517578125, "crs": "EPSG:32737", "global_x_min": 255692.61738586426, "global_y_min": 9864196.959921265, "global_x_max": 255706.975, "global_y_max": 9864181.3392181396 }, "geometry": { "type": "Polygon", "coordinates": [ [ [ 255692.617385864257812, 9864196.959921265020967 ], [ 255706.975, 9864196.959921265020967 ], [ 255706.975, 9864181.339218139648438 ], [ 255692.617385864257812, 9864181.339218139648438 ], [ 255692.617385864257812, 9864196.959921265020967 ] ] ] } },
{ "type": "Feature", "properties": { "tile_row": 25, "tile_col": 7, "x_min": 732.28735, "y_min": 419.10666, "x_max": 809.797, "y_max": 497.80905, "confidence_score": 0.7380085, "Class": "domestic garbage", "tile_id": "25_7", "filename": "tile_25_7.jpg", "x_offset": 7168, "y_offset": 25600, "width": 1024, "height": 1024, "left": 255664.6728515625, "top": 9864275.8178710938, "pixel_size_x": 0.30517578125, "pixel_size_y": 0.30517578125, "crs": "EPSG:32737", "global_x_min": 255888.14921569824, "global_y_min": 9864147.9166687019, "global_x_max": 255911.80328369141, "global_y_max": 9864123.8986053467 }, "geometry": { "type": "Polygon", "coordinates": [ [ [ 255888.149215698242188, 9864147.916668701916933 ], [ 255911.80328369140625, 9864147.916668701916933 ], [ 255911.80328369140625, 9864123.898605346679688 ], [ 255888.149215698242188, 9864123.898605346679688 ], [ 255888.149215698242188, 9864147.916668701916933 ] ] ] } },
{ "type": "Feature", "properties": { "tile_row": 46, "tile_col": 8, "x_min": 104.27381, "y_min": 710.485, "x_max": 202.34543, "y_max": 751.2997, "confidence_score": 0.41249886, "Class": "domestic garbage", "tile_id": "46_8", "filename": "tile_46_8.jpg", "x_offset": 8192, "y_offset": 47104, "width": 1024, "height": 1024, "left": 255977.1728515625, "top": 9857713.3178710938, "pixel_size_x": 0.30517578125, "pixel_size_y": 0.30517578125, "crs": "EPSG:32737", "global_x_min": 256008.99469299318, "global_y_min": 9857496.4950561523, "global_x_max": 256038.92377624512, "global_y_max": 9857484.0393981934 }, "geometry": { "type": "Polygon", "coordinates": [ [ [ 256008.994692993175704, 9857496.49505615234375 ], [ 256038.923776245123008, 9857496.49505615234375 ], [ 256038.923776245123008, 9857484.039398193359375 ], [ 256008.994692993175704, 9857484.039398193359375 ], [ 256008.994692993175704, 9857496.49505615234375 ] ] ] } },
{ "type": "Feature", "properties": { "tile_row": 35, "tile_col": 2, "x_min": 186.49716, "y_min": 543.0197, "x_max": 233.43152, "y_max": 579.2707, "confidence_score": 0.79797286, "Class": "domestic garbage", "tile_id": "35_2", "filename": "tile_35_2.jpg", "x_offset": 2048, "y_offset": 35840, "width": 1024, "height": 1024, "left": 254102.1728515625, "top": 9861150.8178710938, "pixel_size_x": 0.30517578125, "pixel_size_y": 0.30517578125, "crs": "EPSG:32737", "global_x_min": 254159.08726806642, "global_y_min": 9860985.1014099121, "global_x_max": 254173.41049804687, "global_y_max": 9860974.038482666 }, "geometry": { "type": "Polygon", "coordinates": [ [ [ 254159.087268066417892, 9860985.101409912109375 ], [ 254173.410498046869179, 9860985.101409912109375 ], [ 254173.410498046869179, 9860974.038482666015625 ], [ 254159.087268066417892, 9860974.038482666015625 ], [ 254159.087268066417892, 9860985.101409912109375 ] ] ] } },
{ "type": "Feature", "properties": { "tile_row": 35, "tile_col": 40, "x_min": 643.551, "y_min": 515.2348, "x_max": 682.7283, "y_max": 549.67804, "confidence_score": 0.32101887, "Class": "domestic garbage", "tile_id": "35_40", "filename": "tile_35_40.jpg", "x_offset": 40960, "y_offset": 35840, "width": 1024, "height": 1024, "left": 265977.1728515625, "top": 9861150.8178710938, "pixel_size_x": 0.30517578125, "pixel_size_y": 0.30517578125, "crs": "EPSG:32737", "global_x_min": 266173.56903076172, "global_y_min": 9860993.5806884766, "global_x_max": 266185.52499389648, "global_y_max": 9860983.0694458 }, "geometry": { "type": "Polygon", "coordinates": [ [ [ 266173.56903076171875, 9860993.5806884765625 ], [ 266185.524993896484375, 9860993.5806884765625 ], [ 266185.524993896484375, 9860983.069445800036192 ], [ 266173.56903076171875, 9860983.069445800036192 ], [ 266173.56903076171875, 9860993.5806884765625 ] ] ] } },
{ "type": "Feature", "properties": { "tile_row": 53, "tile_col": 17, "x_min": 531.3026, "y_min": 64.1086, "x_max": 571.6063, "y_max": 110.268845, "confidence_score": 0.43664297, "Class": "domestic garbage", "tile_id": "53_17", "filename": "tile_53_17.jpg", "x_offset": 17408, "y_offset": 54272, "width": 1024, "height": 1024, "left": 258789.6728515625, "top": 9855525.8178710938, "pixel_size_x": 0.30517578125, "pixel_size_y": 0.30517578125, "crs": "EPSG:32737", "global_x_min": 258951.81353759766, "global_y_min": 9855506.2534790039, "global_x_max": 258964.11325073242, "global_y_max": 9855492.166490173 }, "geometry": { "type": "Polygon", "coordinates": [ [ [ 258951.81353759765625, 9855506.25347900390625 ], [ 258964.113250732421875, 9855506.25347900390625 ], [ 258964.113250732421875, 9855492.166490172967315 ], [ 258951.81353759765625, 9855492.166490172967315 ], [ 258951.81353759765625, 9855506.25347900390625 ] ] ] } },
{ "type": "Feature", "properties": { "tile_row": 13, "tile_col": 0, "x_min": 866.6367, "y_min": 548.2001, "x_max": 961.9459, "y_max": 636.8406, "confidence_score": 0.7193026, "Class": "domestic garbage", "tile_id": "13_0", "filename": "tile_13_0.jpg", "x_offset": 0, "y_offset": 13312, "width": 1024, "height": 1024, "left": 253477.1728515625, "top": 9868025.8178710938, "pixel_size_x": 0.30517578125, "pixel_size_y": 0.30517578125, "crs": "EPSG:32737", "global_x_min": 253741.64938354492, "global_y_min": 9867858.5204772949, "global_x_max": 253770.73544311523, "global_y_max": 9867831.469543457 }, "geometry": { "type": "Polygon", "coordinates": [ [ [ 253741.649383544921875, 9867858.520477294921875 ], [ 253770.735443115234375, 9867858.520477294921875 ], [ 253770.735443115234375, 9867831.46954345703125 ], [ 253741.649383544921875, 9867831.46954345703125 ], [ 253741.649383544921875, 9867858.520477294921875 ] ] ] } },
{ "type": "Feature", "properties": { "tile_row": 3, "tile_col": 23, "x_min": 424.22614, "y_min": 729.0495, "x_max": 469.62048, "y_max": 767.3858, "confidence_score": 0.42636043, "Class": "domestic garbage", "tile_id": "3_23", "filename": "tile_3_23.jpg", "x_offset": 23552, "y_offset": 3072, "width": 1024, "height": 1024, "left": 260664.6728515625, "top": 9871150.8178710938, "pixel_size_x": 0.30517578125, "pixel_size_y": 0.30517578125, "crs": "EPSG:32737", "global_x_min": 260794.13639526366, "global_y_min": 9870928.3296203613, "global_x_max": 260807.98964843751, "global_y_max": 9870916.6303100586 }, "geometry": { "type": "Polygon", "coordinates": [ [ [ 260794.136395263660233, 9870928.329620361328125 ], [ 260807.989648437505821, 9870928.329620361328125 ], [ 260807.989648437505821, 9870916.63031005859375 ], [ 260794.136395263660233, 9870916.63031005859375 ], [ 260794.136395263660233, 9870928.329620361328125 ] ] ] } },
{ "type": "Feature", "properties": { "tile_row": 49, "tile_col": 39, "x_min": 541.66534, "y_min": 352.95325, "x_max": 576.5253, "y_max": 384.7483, "confidence_score": 0.5165708, "Class": "domestic garbage", "tile_id": "49_39", "filename": "tile_49_39.jpg", "x_offset": 39936, "y_offset": 50176, "width": 1024, "height": 1024, "left": 265664.6728515625, "top": 9856775.8178710938, "pixel_size_x": 0.30517578125, "pixel_size_y": 0.30517578125, "crs": "EPSG:32737", "global_x_min": 265829.97599487304, "global_y_min": 9856668.1050872803, "global_x_max": 265840.61441040039, "global_y_max": 9856658.4020080566 }, "geometry": { "type": "Polygon", "coordinates": [ [ [ 265829.975994873035233, 9856668.105087280273438 ], [ 265840.614410400390625, 9856668.105087280273438 ], [ 265840.614410400390625, 9856658.402008056640625 ], [ 265829.975994873035233, 9856658.402008056640625 ], [ 265829.975994873035233, 9856668.105087280273438 ] ] ] } },
{ "type": "Feature", "properties": { "tile_row": 55, "tile_col": 16, "x_min": 480.587, "y_min": 432.01108, "x_max": 536.3821, "y_max": 504.5599, "confidence_score": 0.54001474, "Class": "domestic garbage", "tile_id": "55_16", "filename": "tile_55_16.jpg", "x_offset": 16384, "y_offset": 56320, "width": 1024, "height": 1024, "left": 258477.1728515625, "top": 9854900.8178710938, "pixel_size_x": 0.30517578125, "pixel_size_y": 0.30517578125, "crs": "EPSG:32737", "global_x_min": 258623.83636474609, "global_y_min": 9854768.9785522465, "global_x_max": 258640.86367797852, "global_y_max": 9854746.8384094238 }, "geometry": { "type": "Polygon", "coordinates": [ [ [ 258623.83636474609375, 9854768.978552246466279 ], [ 258640.863677978515625, 9854768.978552246466279 ], [ 258640.863677978515625, 9854746.838409423828125 ], [ 258623.83636474609375, 9854746.838409423828125 ], [ 258623.83636474609375, 9854768.978552246466279 ] ] ] } },
{ "type": "Feature", "properties": { "tile_row": 26, "tile_col": 18, "x_min": 439.93903, "y_min": 225.88133, "x_max": 509.2934, "y_max": 326.95483, "confidence_score": 0.804323, "Class": "domestic garbage", "tile_id": "26_18", "filename": "tile_26_18.jpg", "x_offset": 18432, "y_offset": 26624, "width": 1024, "height": 1024, "left": 259102.1728515625, "top": 9863963.3178710938, "pixel_size_x": 0.30517578125, "pixel_size_y": 0.30517578125, "crs": "EPSG:32737", "global_x_min": 259236.43158874512, "global_y_min": 9863894.3843597416, "global_x_max": 259257.59686279297, "global_y_max": 9863863.5391754154 }, "geometry": { "type": "Polygon", "coordinates": [ [ [ 259236.431588745123008, 9863894.384359741583467 ], [ 259257.59686279296875, 9863894.384359741583467 ], [ 259257.59686279296875, 9863863.539175415411592 ], [ 259236.431588745123008, 9863863.539175415411592 ], [ 259236.431588745123008, 9863894.384359741583467 ] ] ] } },
{ "type": "Feature", "properties": { "tile_row": 7, "tile_col": 6, "x_min": 496.37894, "y_min": 452.24448, "x_max": 570.92426, "y_max": 512.9237, "confidence_score": 0.3988984, "Class": "domestic garbage", "tile_id": "7_6", "filename": "tile_7_6.jpg", "x_offset": 6144, "y_offset": 7168, "width": 1024, "height": 1024, "left": 255352.1728515625, "top": 9869900.8178710938, "pixel_size_x": 0.30517578125, "pixel_size_y": 0.30517578125, "crs": "EPSG:32737", "global_x_min": 255503.65568237304, "global_y_min": 9869762.8038085941, "global_x_max": 255526.40510864259, "global_y_max": 9869744.2859802246 }, "geometry": { "type": "Polygon", "coordinates": [ [ [ 255503.655682373035233, 9869762.803808594122529 ], [ 255526.405108642589767, 9869762.803808594122529 ], [ 255526.405108642589767, 9869744.285980224609375 ], [ 255503.655682373035233, 9869744.285980224609375 ], [ 255503.655682373035233, 9869762.803808594122529 ] ] ] } },
{ "type": "Feature", "properties": { "tile_row": 44, "tile_col": 20, "x_min": 312.14236, "y_min": 410.6551, "x_max": 367.0732, "y_max": 455.04028, "confidence_score": 0.46682996, "Class": "domestic garbage", "tile_id": "44_20", "filename": "tile_44_20.jpg", "x_offset": 20480, "y_offset": 45056, "width": 1024, "height": 1024, "left": 259727.1728515625, "top": 9858338.3178710938, "pixel_size_x": 0.30517578125, "pixel_size_y": 0.30517578125, "crs": "EPSG:32737", "global_x_min": 259822.43114013673, "global_y_min": 9858212.995880127, "global_x_max": 259839.19470214844, "global_y_max": 9858199.4505981449 }, "geometry": { "type": "Polygon", "coordinates": [ [ [ 259822.431140136730392, 9858212.995880126953125 ], [ 259839.1947021484375, 9858212.995880126953125 ], [ 259839.1947021484375, 9858199.450598144903779 ], [ 259822.431140136730392, 9858199.450598144903779 ], [ 259822.431140136730392, 9858212.995880126953125 ] ] ] } },
{ "type": "Feature", "properties": { "tile_row": 63, "tile_col": 33, "x_min": 224.28275, "y_min": 426.66843, "x_max": 288.0084, "y_max": 483.8762, "confidence_score": 0.8017261, "Class": "domestic garbage", "tile_id": "63_33", "filename": "tile_63_33.jpg", "x_offset": 33792, "y_offset": 64512, "width": 1024, "height": 1024, "left": 263789.6728515625, "top": 9852400.8178710938, "pixel_size_x": 0.30517578125, "pixel_size_y": 0.30517578125, "crs": "EPSG:32737", "global_x_min": 263858.11851501465, "global_y_min": 9852270.6089996342, "global_x_max": 263877.56604003906, "global_y_max": 9852253.1505737305 }, "geometry": { "type": "Polygon", "coordinates": [ [ [ 263858.118515014648438, 9852270.608999634161592 ], [ 263877.5660400390625, 9852270.608999634161592 ], [ 263877.5660400390625, 9852253.15057373046875 ], [ 263858.118515014648438, 9852253.15057373046875 ], [ 263858.118515014648438, 9852270.608999634161592 ] ] ] } },
{ "type": "Feature", "properties": { "tile_row": 32, "tile_col": 5, "x_min": 536.5449, "y_min": 436.7341, "x_max": 578.6288, "y_max": 470.8525, "confidence_score": 0.91208893, "Class": "domestic garbage", "tile_id": "32_5", "filename": "tile_32_5.jpg", "x_offset": 5120, "y_offset": 32768, "width": 1024, "height": 1024, "left": 255039.6728515625, "top": 9862088.3178710938, "pixel_size_x": 0.30517578125, "pixel_size_y": 0.30517578125, "crs": "EPSG:32737", "global_x_min": 255203.4133605957, "global_y_min": 9861955.0372009277, "global_x_max": 255216.25634765625, "global_y_max": 9861944.6250915527 }, "geometry": { "type": "Polygon", "coordinates": [ [ [ 255203.413360595703125, 9861955.037200927734375 ], [ 255216.25634765625, 9861955.037200927734375 ], [ 255216.25634765625, 9861944.625091552734375 ], [ 255203.413360595703125, 9861944.625091552734375 ], [ 255203.413360595703125, 9861955.037200927734375 ] ] ] } },
{ "type": "Feature", "properties": { "tile_row": 32, "tile_col": 5, "x_min": 651.5002, "y_min": 670.7655, "x_max": 725.509, "y_max": 726.8761, "confidence_score": 0.384054, "Class": "domestic garbage", "tile_id": "32_5", "filename": "tile_32_5.jpg", "x_offset": 5120, "y_offset": 32768, "width": 1024, "height": 1024, "left": 255039.6728515625, "top": 9862088.3178710938, "pixel_size_x": 0.30517578125, "pixel_size_y": 0.30517578125, "crs": "EPSG:32737", "global_x_min": 255238.49493408203, "global_y_min": 9861883.6164855957, "global_x_max": 255261.08062744141, "global_y_max": 9861866.4928894043 }, "geometry": { "type": "Polygon", "coordinates": [ [ [ 255238.49493408203125, 9861883.616485595703125 ], [ 255261.08062744140625, 9861883.616485595703125 ], [ 255261.08062744140625, 9861866.492889404296875 ], [ 255238.49493408203125, 9861866.492889404296875 ], [ 255238.49493408203125, 9861883.616485595703125 ] ] ] } },
{ "type": "Feature", "properties": { "tile_row": 23, "tile_col": 38, "x_min": 795.03973, "y_min": 91.567825, "x_max": 832.5009, "y_max": 129.2115, "confidence_score": 0.43829235, "Class": "domestic garbage", "tile_id": "23_38", "filename": "tile_23_38.jpg", "x_offset": 38912, "y_offset": 23552, "width": 1024, "height": 1024, "left": 265352.1728515625, "top": 9864900.8178710938, "pixel_size_x": 0.30517578125, "pixel_size_y": 0.30517578125, "crs": "EPSG:32737", "global_x_min": 265594.79972229002, "global_y_min": 9864872.873588562, "global_x_max": 265606.23196411133, "global_y_max": 9864861.3856506348 }, "geometry": { "type": "Polygon", "coordinates": [ [ [ 265594.799722290015779, 9864872.873588562011719 ], [ 265606.231964111328125, 9864872.873588562011719 ], [ 265606.231964111328125, 9864861.385650634765625 ], [ 265594.799722290015779, 9864861.385650634765625 ], [ 265594.799722290015779, 9864872.873588562011719 ] ] ] } },
{ "type": "Feature", "properties": { "tile_row": 56, "tile_col": 9, "x_min": 587.0543, "y_min": 411.97668, "x_max": 627.0326, "y_max": 452.96655, "confidence_score": 0.3493049, "Class": "domestic garbage", "tile_id": "56_9", "filename": "tile_56_9.jpg", "x_offset": 9216, "y_offset": 57344, "width": 1024, "height": 1024, "left": 256289.6728515625, "top": 9854588.3178710938, "pixel_size_x": 0.30517578125, "pixel_size_y": 0.30517578125, "crs": "EPSG:32737", "global_x_min": 256468.82760620117, "global_y_min": 9854462.5925659183, "global_x_max": 256481.02801513672, "global_y_max": 9854450.0834503174 }, "geometry": { "type": "Polygon", "coordinates": [ [ [ 256468.827606201171875, 9854462.592565918341279 ], [ 256481.02801513671875, 9854462.592565918341279 ], [ 256481.02801513671875, 9854450.083450317382812 ], [ 256468.827606201171875, 9854450.083450317382812 ], [ 256468.827606201171875, 9854462.592565918341279 ] ] ] } },
{ "type": "Feature", "properties": { "tile_row": 56, "tile_col": 9, "x_min": 614.34595, "y_min": 929.2504, "x_max": 670.4441, "y_max": 968.9699, "confidence_score": 0.32269093, "Class": "domestic garbage", "tile_id": "56_9", "filename": "tile_56_9.jpg", "x_offset": 9216, "y_offset": 57344, "width": 1024, "height": 1024, "left": 256289.6728515625, "top": 9854588.3178710938, "pixel_size_x": 0.30517578125, "pixel_size_y": 0.30517578125, "crs": "EPSG:32737", "global_x_min": 256477.15635681152, "global_y_min": 9854304.7331542969, "global_x_max": 256494.27615356445, "global_y_max": 9854292.6117248535 }, "geometry": { "type": "Polygon", "coordinates": [ [ [ 256477.156356811523438, 9854304.733154296875 ], [ 256494.276153564453125, 9854304.733154296875 ], [ 256494.276153564453125, 9854292.611724853515625 ], [ 256477.156356811523438, 9854292.611724853515625 ], [ 256477.156356811523438, 9854304.733154296875 ] ] ] } },
{ "type": "Feature", "properties": { "tile_row": 55, "tile_col": 10, "x_min": 538.8538, "y_min": 250.74025, "x_max": 578.2597, "y_max": 286.61218, "confidence_score": 0.45350635, "Class": "domestic garbage", "tile_id": "55_10", "filename": "tile_55_10.jpg", "x_offset": 10240, "y_offset": 56320, "width": 1024, "height": 1024, "left": 256602.1728515625, "top": 9854900.8178710938, "pixel_size_x": 0.30517578125, "pixel_size_y": 0.30517578125, "crs": "EPSG:32737", "global_x_min": 256766.61798095703, "global_y_min": 9854824.2980194092, "global_x_max": 256778.64370727539, "global_y_max": 9854813.3507751469 }, "geometry": { "type": "Polygon", "coordinates": [ [ [ 256766.61798095703125, 9854824.298019409179688 ], [ 256778.643707275390625, 9854824.298019409179688 ], [ 256778.643707275390625, 9854813.350775146856904 ], [ 256766.61798095703125, 9854813.350775146856904 ], [ 256766.61798095703125, 9854824.298019409179688 ] ] ] } },
{ "type": "Feature", "properties": { "tile_row": 66, "tile_col": 38, "x_min": 905.2732, "y_min": 964.98126, "x_max": 986.1841, "y_max": 1019.20807, "confidence_score": 0.51681703, "Class": "domestic garbage", "tile_id": "66_38", "filename": "tile_66_38.jpg", "x_offset": 38912, "y_offset": 67584, "width": 1024, "height": 1024, "left": 265352.1728515625, "top": 9851463.3178710938, "pixel_size_x": 0.30517578125, "pixel_size_y": 0.30517578125, "crs": "EPSG:32737", "global_x_min": 265628.44030761719, "global_y_min": 9851168.8289611824, "global_x_max": 265653.13235473633, "global_y_max": 9851152.2802520748 }, "geometry": { "type": "Polygon", "coordinates": [ [ [ 265628.4403076171875, 9851168.828961182385683 ], [ 265653.132354736328125, 9851168.828961182385683 ], [ 265653.132354736328125, 9851152.280252074822783 ], [ 265628.4403076171875, 9851152.280252074822783 ], [ 265628.4403076171875, 9851168.828961182385683 ] ] ] } },
{ "type": "Feature", "properties": { "tile_row": 25, "tile_col": 32, "x_min": 294.2641, "y_min": 608.5054, "x_max": 345.4048, "y_max": 657.2416, "confidence_score": 0.7348149, "Class": "domestic garbage", "tile_id": "25_32", "filename": "tile_25_32.jpg", "x_offset": 32768, "y_offset": 25600, "width": 1024, "height": 1024, "left": 263477.1728515625, "top": 9864275.8178710938, "pixel_size_x": 0.30517578125, "pixel_size_y": 0.30517578125, "crs": "EPSG:32737", "global_x_min": 263566.97512817383, "global_y_min": 9864090.1167602539, "global_x_max": 263582.58203125, "global_y_max": 9864075.2436523438 }, "geometry": { "type": "Polygon", "coordinates": [ [ [ 263566.975128173828125, 9864090.11676025390625 ], [ 263582.58203125, 9864090.11676025390625 ], [ 263582.58203125, 9864075.24365234375 ], [ 263566.975128173828125, 9864075.24365234375 ], [ 263566.975128173828125, 9864090.11676025390625 ] ] ] } },
{ "type": "Feature", "properties": { "tile_row": 34, "tile_col": 26, "x_min": 283.6002, "y_min": 636.5337, "x_max": 357.48196, "y_max": 691.0624, "confidence_score": 0.71537703, "Class": "domestic garbage", "tile_id": "34_26", "filename": "tile_34_26.jpg", "x_offset": 26624, "y_offset": 34816, "width": 1024, "height": 1024, "left": 261602.1728515625, "top": 9861463.3178710938, "pixel_size_x": 0.30517578125, "pixel_size_y": 0.30517578125, "crs": "EPSG:32737", "global_x_min": 261688.72076416016, "global_y_min": 9861269.0632019043, "global_x_max": 261711.26768798829, "global_y_max": 9861252.4223632812 }, "geometry": { "type": "Polygon", "coordinates": [ [ [ 261688.72076416015625, 9861269.063201904296875 ], [ 261711.267687988292892, 9861269.063201904296875 ], [ 261711.267687988292892, 9861252.42236328125 ], [ 261688.72076416015625, 9861252.42236328125 ], [ 261688.72076416015625, 9861269.063201904296875 ] ] ] } },
{ "type": "Feature", "properties": { "tile_row": 34, "tile_col": 26, "x_min": 378.27118, "y_min": 578.2076, "x_max": 510.6422, "y_max": 672.2034, "confidence_score": 0.38028398, "Class": "domestic garbage", "tile_id": "34_26", "filename": "tile_34_26.jpg", "x_offset": 26624, "y_offset": 34816, "width": 1024, "height": 1024, "left": 261602.1728515625, "top": 9861463.3178710938, "pixel_size_x": 0.30517578125, "pixel_size_y": 0.30517578125, "crs": "EPSG:32737", "global_x_min": 261717.61205444337, "global_y_min": 9861286.8629150391, "global_x_max": 261758.00848388672, "global_y_max": 9861258.1776733398 }, "geometry": { "type": "Polygon", "coordinates": [ [ [ 261717.612054443365196, 9861286.8629150390625 ], [ 261758.00848388671875, 9861286.8629150390625 ], [ 261758.00848388671875, 9861258.17767333984375 ], [ 261717.612054443365196, 9861258.17767333984375 ], [ 261717.612054443365196, 9861286.8629150390625 ] ] ] } },
{ "type": "Feature", "properties": { "tile_row": 15, "tile_col": 31, "x_min": 433.2152, "y_min": 818.6405, "x_max": 528.00555, "y_max": 863.92883, "confidence_score": 0.31158048, "Class": "domestic garbage", "tile_id": "15_31", "filename": "tile_15_31.jpg", "x_offset": 31744, "y_offset": 15360, "width": 1024, "height": 1024, "left": 263164.6728515625, "top": 9867400.8178710938, "pixel_size_x": 0.30517578125, "pixel_size_y": 0.30517578125, "crs": "EPSG:32737", "global_x_min": 263296.87963867188, "global_y_min": 9867150.9886169434, "global_x_max": 263325.80735778809, "global_y_max": 9867137.1677154545 }, "geometry": { "type": "Polygon", "coordinates": [ [ [ 263296.879638671875, 9867150.988616943359375 ], [ 263325.807357788085938, 9867150.988616943359375 ], [ 263325.807357788085938, 9867137.167715454474092 ], [ 263296.879638671875, 9867137.167715454474092 ], [ 263296.879638671875, 9867150.988616943359375 ] ] ] } },
{ "type": "Feature", "properties": { "tile_row": 55, "tile_col": 23, "x_min": 333.02023, "y_min": 540.26025, "x_max": 383.45126, "y_max": 575.1183, "confidence_score": 0.7867069, "Class": "domestic garbage", "tile_id": "55_23", "filename": "tile_55_23.jpg", "x_offset": 23552, "y_offset": 56320, "width": 1024, "height": 1024, "left": 260664.6728515625, "top": 9854900.8178710938, "pixel_size_x": 0.30517578125, "pixel_size_y": 0.30517578125, "crs": "EPSG:32737", "global_x_min": 260766.30256042481, "global_y_min": 9854735.9435272217, "global_x_max": 260781.69288940431, "global_y_max": 9854725.3056945801 }, "geometry": { "type": "Polygon", "coordinates": [ [ [ 260766.302560424810508, 9854735.943527221679688 ], [ 260781.692889404308517, 9854735.943527221679688 ], [ 260781.692889404308517, 9854725.305694580078125 ], [ 260766.302560424810508, 9854725.305694580078125 ], [ 260766.302560424810508, 9854735.943527221679688 ] ] ] } },
{ "type": "Feature", "properties": { "tile_row": 55, "tile_col": 23, "x_min": 231.10767, "y_min": 649.8081, "x_max": 264.85294, "y_max": 684.9829, "confidence_score": 0.40031472, "Class": "domestic garbage", "tile_id": "55_23", "filename": "tile_55_23.jpg", "x_offset": 23552, "y_offset": 56320, "width": 1024, "height": 1024, "left": 260664.6728515625, "top": 9854900.8178710938, "pixel_size_x": 0.30517578125, "pixel_size_y": 0.30517578125, "crs": "EPSG:32737", "global_x_min": 260735.20131530761, "global_y_min": 9854702.5121765137, "global_x_max": 260745.49955444335, "global_y_max": 9854691.7776794434 }, "geometry": { "type": "Polygon", "coordinates": [ [ [ 260735.201315307611367, 9854702.512176513671875 ], [ 260745.499554443347733, 9854702.512176513671875 ], [ 260745.499554443347733, 9854691.777679443359375 ], [ 260735.201315307611367, 9854691.777679443359375 ], [ 260735.201315307611367, 9854702.512176513671875 ] ] ] } },
{ "type": "Feature", "properties": { "tile_row": 41, "tile_col": 8, "x_min": 257.33542, "y_min": 606.5964, "x_max": 318.16415, "y_max": 659.6226, "confidence_score": 0.78234315, "Class": "domestic garbage", "tile_id": "41_8", "filename": "tile_41_8.jpg", "x_offset": 8192, "y_offset": 41984, "width": 1024, "height": 1024, "left": 255977.1728515625, "top": 9859275.8178710938, "pixel_size_x": 0.30517578125, "pixel_size_y": 0.30517578125, "crs": "EPSG:32737", "global_x_min": 256055.70538940429, "global_y_min": 9859090.6993408203, "global_x_max": 256074.26884460449, "global_y_max": 9859074.5170288086 }, "geometry": { "type": "Polygon", "coordinates": [ [ [ 256055.705389404291054, 9859090.6993408203125 ], [ 256074.268844604492188, 9859090.6993408203125 ], [ 256074.268844604492188, 9859074.51702880859375 ], [ 256055.705389404291054, 9859074.51702880859375 ], [ 256055.705389404291054, 9859090.6993408203125 ] ] ] } },
{ "type": "Feature", "properties": { "tile_row": 36, "tile_col": 32, "x_min": 271.9522, "y_min": 493.49023, "x_max": 306.69476, "y_max": 529.04956, "confidence_score": 0.40302765, "Class": "domestic garbage", "tile_id": "36_32", "filename": "tile_36_32.jpg", "x_offset": 32768, "y_offset": 36864, "width": 1024, "height": 1024, "left": 263477.1728515625, "top": 9860838.3178710938, "pixel_size_x": 0.30517578125, "pixel_size_y": 0.30517578125, "crs": "EPSG:32737", "global_x_min": 263560.16607666016, "global_y_min": 9860687.7166046146, "global_x_max": 263570.76866455079, "global_y_max": 9860676.8647583015 }, "geometry": { "type": "Polygon", "coordinates": [ [ [ 263560.16607666015625, 9860687.716604614630342 ], [ 263570.768664550792892, 9860687.716604614630342 ], [ 263570.768664550792892, 9860676.864758301526308 ], [ 263560.16607666015625, 9860676.864758301526308 ], [ 263560.16607666015625, 9860687.716604614630342 ] ] ] } },
{ "type": "Feature", "properties": { "tile_row": 26, "tile_col": 24, "x_min": 735.535, "y_min": 406.7927, "x_max": 802.91974, "y_max": 472.8386, "confidence_score": 0.8170827, "Class": "domestic garbage", "tile_id": "26_24", "filename": "tile_26_24.jpg", "x_offset": 24576, "y_offset": 26624, "width": 1024, "height": 1024, "left": 260977.1728515625, "top": 9863963.3178710938, "pixel_size_x": 0.30517578125, "pixel_size_y": 0.30517578125, "crs": "EPSG:32737", "global_x_min": 261201.64031982422, "global_y_min": 9863839.1745910645, "global_x_max": 261222.20451049804, "global_y_max": 9863819.0189819336 }, "geometry": { "type": "Polygon", "coordinates": [ [ [ 261201.64031982421875, 9863839.174591064453125 ], [ 261222.204510498035233, 9863839.174591064453125 ], [ 261222.204510498035233, 9863819.01898193359375 ], [ 261201.64031982421875, 9863819.01898193359375 ], [ 261201.64031982421875, 9863839.174591064453125 ] ] ] } },
{ "type": "Feature", "properties": { "tile_row": 17, "tile_col": 37, "x_min": 908.74677, "y_min": 439.66028, "x_max": 963.5213, "y_max": 472.2904, "confidence_score": 0.7692459, "Class": "domestic garbage", "tile_id": "17_37", "filename": "tile_17_37.jpg", "x_offset": 37888, "y_offset": 17408, "width": 1024, "height": 1024, "left": 265039.6728515625, "top": 9866775.8178710938, "pixel_size_x": 0.30517578125, "pixel_size_y": 0.30517578125, "crs": "EPSG:32737", "global_x_min": 265317.00035705569, "global_y_min": 9866641.6442016605, "global_x_max": 265333.71621704102, "global_y_max": 9866631.6862792969 }, "geometry": { "type": "Polygon", "coordinates": [ [ [ 265317.000357055687346, 9866641.644201660528779 ], [ 265333.716217041015625, 9866641.644201660528779 ], [ 265333.716217041015625, 9866631.686279296875 ], [ 265317.000357055687346, 9866631.686279296875 ], [ 265317.000357055687346, 9866641.644201660528779 ] ] ] } },
{ "type": "Feature", "properties": { "tile_row": 78, "tile_col": 1, "x_min": 930.792, "y_min": 314.91385, "x_max": 991.86584, "y_max": 391.42618, "confidence_score": 0.86418533, "Class": "domestic garbage", "tile_id": "78_1", "filename": "tile_78_1.jpg", "x_offset": 1024, "y_offset": 79872, "width": 1024, "height": 1023, "left": 253789.6728515625, "top": 9847713.3178710938, "pixel_size_x": 0.30517578125, "pixel_size_y": 0.30517578125, "crs": "EPSG:32737", "global_x_min": 254073.72802734375, "global_y_min": 9847617.2137908936, "global_x_max": 254092.36628417968, "global_y_max": 9847593.8640808109 }, "geometry": { "type": "Polygon", "coordinates": [ [ [ 254073.72802734375, 9847617.213790893554688 ], [ 254092.366284179675858, 9847617.213790893554688 ], [ 254092.366284179675858, 9847593.864080810919404 ], [ 254073.72802734375, 9847593.864080810919404 ], [ 254073.72802734375, 9847617.213790893554688 ] ] ] } },
{ "type": "Feature", "properties": { "tile_row": 78, "tile_col": 1, "x_min": 718.16705, "y_min": 492.66772, "x_max": 797.9704, "y_max": 561.1704, "confidence_score": 0.31412134, "Class": "domestic garbage", "tile_id": "78_1", "filename": "tile_78_1.jpg", "x_offset": 1024, "y_offset": 79872, "width": 1024, "height": 1023, "left": 253789.6728515625, "top": 9847713.3178710938, "pixel_size_x": 0.30517578125, "pixel_size_y": 0.30517578125, "crs": "EPSG:32737", "global_x_min": 254008.84004211426, "global_y_min": 9847562.9676147457, "global_x_max": 254033.19409179688, "global_y_max": 9847542.0622558594 }, "geometry": { "type": "Polygon", "coordinates": [ [ [ 254008.840042114257812, 9847562.967614745721221 ], [ 254033.194091796875, 9847562.967614745721221 ], [ 254033.194091796875, 9847542.062255859375 ], [ 254008.840042114257812, 9847542.062255859375 ], [ 254008.840042114257812, 9847562.967614745721221 ] ] ] } },
{ "type": "Feature", "properties": { "tile_row": 46, "tile_col": 1, "x_min": 670.9311, "y_min": 728.88275, "x_max": 711.7038, "y_max": 765.26447, "confidence_score": 0.36739647, "Class": "domestic garbage", "tile_id": "46_1", "filename": "tile_46_1.jpg", "x_offset": 1024, "y_offset": 47104, "width": 1024, "height": 1024, "left": 253789.6728515625, "top": 9857713.3178710938, "pixel_size_x": 0.30517578125, "pixel_size_y": 0.30517578125, "crs": "EPSG:32737", "global_x_min": 253994.42477416992, "global_y_min": 9857490.8805084229, "global_x_max": 254006.86761474609, "global_y_max": 9857479.7776885983 }, "geometry": { "type": "Polygon", "coordinates": [ [ [ 253994.424774169921875, 9857490.880508422851562 ], [ 254006.86761474609375, 9857490.880508422851562 ], [ 254006.86761474609375, 9857479.777688598260283 ], [ 253994.424774169921875, 9857479.777688598260283 ], [ 253994.424774169921875, 9857490.880508422851562 ] ] ] } },
{ "type": "Feature", "properties": { "tile_row": 24, "tile_col": 26, "x_min": 619.9059, "y_min": 677.59436, "x_max": 652.4015, "y_max": 712.0956, "confidence_score": 0.38574508, "Class": "domestic garbage", "tile_id": "24_26", "filename": "tile_24_26.jpg", "x_offset": 26624, "y_offset": 24576, "width": 1024, "height": 1024, "left": 261602.1728515625, "top": 9864588.3178710938, "pixel_size_x": 0.30517578125, "pixel_size_y": 0.30517578125, "crs": "EPSG:32737", "global_x_min": 261791.35311889648, "global_y_min": 9864381.5324829109, "global_x_max": 261801.26998901367, "global_y_max": 9864371.0035400391 }, "geometry": { "type": "Polygon", "coordinates": [ [ [ 261791.353118896484375, 9864381.532482910901308 ], [ 261801.269989013671875, 9864381.532482910901308 ], [ 261801.269989013671875, 9864371.0035400390625 ], [ 261791.353118896484375, 9864371.0035400390625 ], [ 261791.353118896484375, 9864381.532482910901308 ] ] ] } },
{ "type": "Feature", "properties": { "tile_row": 78, "tile_col": 3, "x_min": 521.09875, "y_min": 684.46027, "x_max": 600.73706, "y_max": 742.48553, "confidence_score": 0.86686665, "Class": "domestic garbage", "tile_id": "78_3", "filename": "tile_78_3.jpg", "x_offset": 3072, "y_offset": 79872, "width": 1024, "height": 1023, "left": 254414.6728515625, "top": 9847713.3178710938, "pixel_size_x": 0.30517578125, "pixel_size_y": 0.30517578125, "crs": "EPSG:32737", "global_x_min": 254573.69956970215, "global_y_min": 9847504.4371734615, "global_x_max": 254598.00325317384, "global_y_max": 9847486.7292694096 }, "geometry": { "type": "Polygon", "coordinates": [ [ [ 254573.699569702148438, 9847504.437173461541533 ], [ 254598.003253173839767, 9847504.437173461541533 ], [ 254598.003253173839767, 9847486.729269409552217 ], [ 254573.699569702148438, 9847486.729269409552217 ], [ 254573.699569702148438, 9847504.437173461541533 ] ] ] } },
{ "type": "Feature", "properties": { "tile_row": 78, "tile_col": 3, "x_min": 289.12534, "y_min": 646.6068, "x_max": 431.7994, "y_max": 728.8135, "confidence_score": 0.51705676, "Class": "domestic garbage", "tile_id": "78_3", "filename": "tile_78_3.jpg", "x_offset": 3072, "y_offset": 79872, "width": 1024, "height": 1023, "left": 254414.6728515625, "top": 9847713.3178710938, "pixel_size_x": 0.30517578125, "pixel_size_y": 0.30517578125, "crs": "EPSG:32737", "global_x_min": 254502.90690307616, "global_y_min": 9847515.9891357422, "global_x_max": 254546.44757080078, "global_y_max": 9847490.9016418457 }, "geometry": { "type": "Polygon", "coordinates": [ [ [ 254502.906903076160233, 9847515.9891357421875 ], [ 254546.44757080078125, 9847515.9891357421875 ], [ 254546.44757080078125, 9847490.901641845703125 ], [ 254502.906903076160233, 9847490.901641845703125 ], [ 254502.906903076160233, 9847515.9891357421875 ] ] ] } },
{ "type": "Feature", "properties": { "tile_row": 78, "tile_col": 3, "x_min": 644.17035, "y_min": 866.30676, "x_max": 721.04205, "y_max": 948.6969, "confidence_score": 0.4541783, "Class": "domestic garbage", "tile_id": "78_3", "filename": "tile_78_3.jpg", "x_offset": 3072, "y_offset": 79872, "width": 1024, "height": 1023, "left": 254414.6728515625, "top": 9847713.3178710938, "pixel_size_x": 0.30517578125, "pixel_size_y": 0.30517578125, "crs": "EPSG:32737", "global_x_min": 254611.25804138184, "global_y_min": 9847448.9420288093, "global_x_max": 254634.71742248535, "global_y_max": 9847423.7985534668 }, "geometry": { "type": "Polygon", "coordinates": [ [ [ 254611.258041381835938, 9847448.942028809338808 ], [ 254634.717422485351562, 9847448.942028809338808 ], [ 254634.717422485351562, 9847423.798553466796875 ], [ 254611.258041381835938, 9847423.798553466796875 ], [ 254611.258041381835938, 9847448.942028809338808 ] ] ] } },
{ "type": "Feature", "properties": { "tile_row": 46, "tile_col": 25, "x_min": 811.57996, "y_min": 665.6024, "x_max": 852.28186, "y_max": 706.4619, "confidence_score": 0.8213697, "Class": "domestic garbage", "tile_id": "46_25", "filename": "tile_46_25.jpg", "x_offset": 25600, "y_offset": 47104, "width": 1024, "height": 1024, "left": 261289.6728515625, "top": 9857713.3178710938, "pixel_size_x": 0.30517578125, "pixel_size_y": 0.30517578125, "crs": "EPSG:32737", "global_x_min": 261537.34739990236, "global_y_min": 9857510.1921386719, "global_x_max": 261549.76863403321, "global_y_max": 9857497.7228088379 }, "geometry": { "type": "Polygon", "coordinates": [ [ [ 261537.347399902355392, 9857510.192138671875 ], [ 261549.768634033214767, 9857510.192138671875 ], [ 261549.768634033214767, 9857497.722808837890625 ], [ 261537.347399902355392, 9857497.722808837890625 ], [ 261537.347399902355392, 9857510.192138671875 ] ] ] } },
{ "type": "Feature", "properties": { "tile_row": 46, "tile_col": 25, "x_min": 727.29224, "y_min": 319.77118, "x_max": 768.37695, "y_max": 369.6615, "confidence_score": 0.5277282, "Class": "domestic garbage", "tile_id": "46_25", "filename": "tile_46_25.jpg", "x_offset": 25600, "y_offset": 47104, "width": 1024, "height": 1024, "left": 261289.6728515625, "top": 9857713.3178710938, "pixel_size_x": 0.30517578125, "pixel_size_y": 0.30517578125, "crs": "EPSG:32737", "global_x_min": 261511.62482910155, "global_y_min": 9857615.7314514164, "global_x_max": 261524.16288757324, "global_y_max": 9857600.5061340332 }, "geometry": { "type": "Polygon", "coordinates": [ [ [ 261511.624829101550858, 9857615.731451416388154 ], [ 261524.162887573242188, 9857615.731451416388154 ], [ 261524.162887573242188, 9857600.506134033203125 ], [ 261511.624829101550858, 9857600.506134033203125 ], [ 261511.624829101550858, 9857615.731451416388154 ] ] ] } },
{ "type": "Feature", "properties": { "tile_row": 56, "tile_col": 20, "x_min": 459.14325, "y_min": 190.05182, "x_max": 490.60663, "y_max": 245.24207, "confidence_score": 0.7530528, "Class": "domestic garbage", "tile_id": "56_20", "filename": "tile_56_20.jpg", "x_offset": 20480, "y_offset": 57344, "width": 1024, "height": 1024, "left": 259727.1728515625, "top": 9854588.3178710938, "pixel_size_x": 0.30517578125, "pixel_size_y": 0.30517578125, "crs": "EPSG:32737", "global_x_min": 259867.29225158691, "global_y_min": 9854530.3186584469, "global_x_max": 259876.89411315919, "global_y_max": 9854513.4759307858 }, "geometry": { "type": "Polygon", "coordinates": [ [ [ 259867.292251586914062, 9854530.318658446893096 ], [ 259876.894113159185508, 9854530.318658446893096 ], [ 259876.894113159185508, 9854513.475930785760283 ], [ 259867.292251586914062, 9854513.475930785760283 ], [ 259867.292251586914062, 9854530.318658446893096 ] ] ] } },
{ "type": "Feature", "properties": { "tile_row": 20, "tile_col": 12, "x_min": 809.83093, "y_min": 889.87006, "x_max": 858.22534, "y_max": 919.0999, "confidence_score": 0.3251935, "Class": "domestic garbage", "tile_id": "20_12", "filename": "tile_20_12.jpg", "x_offset": 12288, "y_offset": 20480, "width": 1024, "height": 1024, "left": 257227.1728515625, "top": 9865838.3178710938, "pixel_size_x": 0.30517578125, "pixel_size_y": 0.30517578125, "crs": "EPSG:32737", "global_x_min": 257474.31363830567, "global_y_min": 9865566.751080323, "global_x_max": 257489.08244018554, "global_y_max": 9865557.8308410645 }, "geometry": { "type": "Polygon", "coordinates": [ [ [ 257474.313638305669883, 9865566.751080323010683 ], [ 257489.082440185535233, 9865566.751080323010683 ], [ 257489.082440185535233, 9865557.830841064453125 ], [ 257474.313638305669883, 9865557.830841064453125 ], [ 257474.313638305669883, 9865566.751080323010683 ] ] ] } },
{ "type": "Feature", "properties": { "tile_row": 45, "tile_col": 9, "x_min": 66.22589, "y_min": 361.57883, "x_max": 105.066696, "y_max": 400.40994, "confidence_score": 0.6143171, "Class": "domestic garbage", "tile_id": "45_9", "filename": "tile_45_9.jpg", "x_offset": 9216, "y_offset": 46080, "width": 1024, "height": 1024, "left": 256289.6728515625, "top": 9858025.8178710938, "pixel_size_x": 0.30517578125, "pixel_size_y": 0.30517578125, "crs": "EPSG:32737", "global_x_min": 256309.88338928221, "global_y_min": 9857915.4727691654, "global_x_max": 256321.73666259766, "global_y_max": 9857903.6224548332 }, "geometry": { "type": "Polygon", "coordinates": [ [ [ 256309.883389282214921, 9857915.472769165411592 ], [ 256321.736662597657414, 9857915.472769165411592 ], [ 256321.736662597657414, 9857903.622454833239317 ], [ 256309.883389282214921, 9857903.622454833239317 ], [ 256309.883389282214921, 9857915.472769165411592 ] ] ] } },
{ "type": "Feature", "properties": { "tile_row": 62, "tile_col": 38, "x_min": 397.38263, "y_min": 413.97595, "x_max": 461.25824, "y_max": 479.3352, "confidence_score": 0.7528217, "Class": "domestic garbage", "tile_id": "62_38", "filename": "tile_62_38.jpg", "x_offset": 38912, "y_offset": 63488, "width": 1024, "height": 1024, "left": 265352.1728515625, "top": 9852713.3178710938, "pixel_size_x": 0.30517578125, "pixel_size_y": 0.30517578125, "crs": "EPSG:32737", "global_x_min": 265473.44440612791, "global_y_min": 9852586.9824371338, "global_x_max": 265492.93769531249, "global_y_max": 9852567.0363769531 }, "geometry": { "type": "Polygon", "coordinates": [ [ [ 265473.444406127906404, 9852586.982437133789062 ], [ 265492.937695312488358, 9852586.982437133789062 ], [ 265492.937695312488358, 9852567.036376953125 ], [ 265473.444406127906404, 9852567.036376953125 ], [ 265473.444406127906404, 9852586.982437133789062 ] ] ] } },
{ "type": "Feature", "properties": { "tile_row": 62, "tile_col": 38, "x_min": 365.7735, "y_min": 151.71503, "x_max": 441.4098, "y_max": 235.23123, "confidence_score": 0.6458044, "Class": "domestic garbage", "tile_id": "62_38", "filename": "tile_62_38.jpg", "x_offset": 38912, "y_offset": 63488, "width": 1024, "height": 1024, "left": 265352.1728515625, "top": 9852713.3178710938, "pixel_size_x": 0.30517578125, "pixel_size_y": 0.30517578125, "crs": "EPSG:32737", "global_x_min": 265463.79806518555, "global_y_min": 9852667.0181182865, "global_x_max": 265486.88043212891, "global_y_max": 9852641.5309967045 }, "geometry": { "type": "Polygon", "coordinates": [ [ [ 265463.798065185546875, 9852667.018118286505342 ], [ 265486.88043212890625, 9852667.018118286505342 ], [ 265486.88043212890625, 9852641.530996704474092 ], [ 265463.798065185546875, 9852641.530996704474092 ], [ 265463.798065185546875, 9852667.018118286505342 ] ] ] } },
{ "type": "Feature", "properties": { "tile_row": 62, "tile_col": 38, "x_min": 385.83673, "y_min": 378.9438, "x_max": 464.17017, "y_max": 489.78766, "confidence_score": 0.43959996, "Class": "domestic garbage", "tile_id": "62_38", "filename": "tile_62_38.jpg", "x_offset": 38912, "y_offset": 63488, "width": 1024, "height": 1024, "left": 265352.1728515625, "top": 9852713.3178710938, "pixel_size_x": 0.30517578125, "pixel_size_y": 0.30517578125, "crs": "EPSG:32737", "global_x_min": 265469.92087707517, "global_y_min": 9852597.6734008789, "global_x_max": 265493.82634582522, "global_y_max": 9852563.8465393074 }, "geometry": { "type": "Polygon", "coordinates": [ [ [ 265469.920877075172029, 9852597.67340087890625 ], [ 265493.826345825218596, 9852597.67340087890625 ], [ 265493.826345825218596, 9852563.846539307385683 ], [ 265469.920877075172029, 9852563.846539307385683 ], [ 265469.920877075172029, 9852597.67340087890625 ] ] ] } },
{ "type": "Feature", "properties": { "tile_row": 73, "tile_col": 12, "x_min": 553.87256, "y_min": 298.32242, "x_max": 601.41943, "y_max": 353.4578, "confidence_score": 0.38397506, "Class": "domestic garbage", "tile_id": "73_12", "filename": "tile_73_12.jpg", "x_offset": 12288, "y_offset": 74752, "width": 1024, "height": 1024, "left": 257227.1728515625, "top": 9849275.8178710938, "pixel_size_x": 0.30517578125, "pixel_size_y": 0.30517578125, "crs": "EPSG:32737", "global_x_min": 257396.20134277345, "global_y_min": 9849184.7770935055, "global_x_max": 257410.71149597169, "global_y_max": 9849167.9511108398 }, "geometry": { "type": "Polygon", "coordinates": [ [ [ 257396.201342773449142, 9849184.777093505486846 ], [ 257410.711495971685508, 9849184.777093505486846 ], [ 257410.711495971685508, 9849167.95111083984375 ], [ 257396.201342773449142, 9849167.95111083984375 ], [ 257396.201342773449142, 9849184.777093505486846 ] ] ] } },
{ "type": "Feature", "properties": { "tile_row": 34, "tile_col": 13, "x_min": 60.905594, "y_min": 45.209908, "x_max": 127.98628, "y_max": 89.54984, "confidence_score": 0.5124608, "Class": "domestic garbage", "tile_id": "34_13", "filename": "tile_34_13.jpg", "x_offset": 13312, "y_offset": 34816, "width": 1024, "height": 1024, "left": 257539.6728515625, "top": 9861463.3178710938, "pixel_size_x": 0.30517578125, "pixel_size_y": 0.30517578125, "crs": "EPSG:32737", "global_x_min": 257558.25976379393, "global_y_min": 9861449.5209020991, "global_x_max": 257578.73116455079, "global_y_max": 9861435.9894287102 }, "geometry": { "type": "Polygon", "coordinates": [ [ [ 257558.259763793932507, 9861449.520902099087834 ], [ 257578.731164550787071, 9861449.520902099087834 ], [ 257578.731164550787071, 9861435.989428710192442 ], [ 257558.259763793932507, 9861435.989428710192442 ], [ 257558.259763793932507, 9861449.520902099087834 ] ] ] } },
{ "type": "Feature", "properties": { "tile_row": 77, "tile_col": 9, "x_min": 178.37796, "y_min": 307.74908, "x_max": 237.80527, "y_max": 359.93958, "confidence_score": 0.41800764, "Class": "domestic garbage", "tile_id": "77_9", "filename": "tile_77_9.jpg", "x_offset": 9216, "y_offset": 78848, "width": 1024, "height": 1024, "left": 256289.6728515625, "top": 9848025.8178710938, "pixel_size_x": 0.30517578125, "pixel_size_y": 0.30517578125, "crs": "EPSG:32737", "global_x_min": 256344.10948486329, "global_y_min": 9847931.9003051762, "global_x_max": 256362.24526062011, "global_y_max": 9847915.9730285648 }, "geometry": { "type": "Polygon", "coordinates": [ [ [ 256344.109484863292892, 9847931.900305176153779 ], [ 256362.245260620111367, 9847931.900305176153779 ], [ 256362.245260620111367, 9847915.973028564825654 ], [ 256344.109484863292892, 9847915.973028564825654 ], [ 256344.109484863292892, 9847931.900305176153779 ] ] ] } },
{ "type": "Feature", "properties": { "tile_row": 12, "tile_col": 37, "x_min": 734.15295, "y_min": 533.1267, "x_max": 811.6217, "y_max": 583.7434, "confidence_score": 0.50344455, "Class": "domestic garbage", "tile_id": "12_37", "filename": "tile_12_37.jpg", "x_offset": 37888, "y_offset": 12288, "width": 1024, "height": 1024, "left": 265039.6728515625, "top": 9868338.3178710938, "pixel_size_x": 0.30517578125, "pixel_size_y": 0.30517578125, "crs": "EPSG:32737", "global_x_min": 265263.71855163574, "global_y_min": 9868175.620513916, "global_x_max": 265287.36013793945, "global_y_max": 9868160.1735229492 }, "geometry": { "type": "Polygon", "coordinates": [ [ [ 265263.718551635742188, 9868175.620513916015625 ], [ 265287.360137939453125, 9868175.620513916015625 ], [ 265287.360137939453125, 9868160.17352294921875 ], [ 265263.718551635742188, 9868160.17352294921875 ], [ 265263.718551635742188, 9868175.620513916015625 ] ] ] } },
{ "type": "Feature", "properties": { "tile_row": 48, "tile_col": 34, "x_min": 562.35974, "y_min": 651.16406, "x_max": 598.9586, "y_max": 716.17285, "confidence_score": 0.46142218, "Class": "domestic garbage", "tile_id": "48_34", "filename": "tile_48_34.jpg", "x_offset": 34816, "y_offset": 49152, "width": 1024, "height": 1024, "left": 264102.1728515625, "top": 9857088.3178710938, "pixel_size_x": 0.30517578125, "pixel_size_y": 0.30517578125, "crs": "EPSG:32737", "global_x_min": 264273.79142456054, "global_y_min": 9856889.5983703621, "global_x_max": 264284.96051025391, "global_y_max": 9856869.759262085 }, "geometry": { "type": "Polygon", "coordinates": [ [ [ 264273.791424560535233, 9856889.598370362073183 ], [ 264284.96051025390625, 9856889.598370362073183 ], [ 264284.96051025390625, 9856869.759262084960938 ], [ 264273.791424560535233, 9856869.759262084960938 ], [ 264273.791424560535233, 9856889.598370362073183 ] ] ] } },
{ "type": "Feature", "properties": { "tile_row": 60, "tile_col": 9, "x_min": 257.89276, "y_min": 939.2005, "x_max": 300.31482, "y_max": 1009.9799, "confidence_score": 0.6864449, "Class": "domestic garbage", "tile_id": "60_9", "filename": "tile_60_9.jpg", "x_offset": 9216, "y_offset": 61440, "width": 1024, "height": 1024, "left": 256289.6728515625, "top": 9853338.3178710938, "pixel_size_x": 0.30517578125, "pixel_size_y": 0.30517578125, "crs": "EPSG:32737", "global_x_min": 256368.37547607423, "global_y_min": 9853051.6966247559, "global_x_max": 256381.32166137695, "global_y_max": 9853030.0964660645 }, "geometry": { "type": "Polygon", "coordinates": [ [ [ 256368.375476074230392, 9853051.696624755859375 ], [ 256381.321661376947304, 9853051.696624755859375 ], [ 256381.321661376947304, 9853030.096466064453125 ], [ 256368.375476074230392, 9853030.096466064453125 ], [ 256368.375476074230392, 9853051.696624755859375 ] ] ] } },
{ "type": "Feature", "properties": { "tile_row": 65, "tile_col": 40, "x_min": 251.44318, "y_min": 809.6728, "x_max": 306.57672, "y_max": 862.7358, "confidence_score": 0.9343691, "Class": "domestic garbage", "tile_id": "65_40", "filename": "tile_65_40.jpg", "x_offset": 40960, "y_offset": 66560, "width": 1024, "height": 1024, "left": 265977.1728515625, "top": 9851775.8178710938, "pixel_size_x": 0.30517578125, "pixel_size_y": 0.30517578125, "crs": "EPSG:32737", "global_x_min": 266053.90722045896, "global_y_min": 9851528.7253417969, "global_x_max": 266070.73264160159, "global_y_max": 9851512.5317993164 }, "geometry": { "type": "Polygon", "coordinates": [ [ [ 266053.907220458961092, 9851528.725341796875 ], [ 266070.732641601585783, 9851528.725341796875 ], [ 266070.732641601585783, 9851512.53179931640625 ], [ 266053.907220458961092, 9851512.53179931640625 ], [ 266053.907220458961092, 9851528.725341796875 ] ] ] } },
{ "type": "Feature", "properties": { "tile_row": 47, "tile_col": 5, "x_min": 346.25302, "y_min": 803.7416, "x_max": 387.29227, "y_max": 872.19226, "confidence_score": 0.8637882, "Class": "domestic garbage", "tile_id": "47_5", "filename": "tile_47_5.jpg", "x_offset": 5120, "y_offset": 48128, "width": 1024, "height": 1024, "left": 255039.6728515625, "top": 9857400.8178710938, "pixel_size_x": 0.30517578125, "pixel_size_y": 0.30517578125, "crs": "EPSG:32737", "global_x_min": 255145.34088745117, "global_y_min": 9857155.5354003906, "global_x_max": 255157.86507263183, "global_y_max": 9857134.6459167488 }, "geometry": { "type": "Polygon", "coordinates": [ [ [ 255145.340887451166054, 9857155.535400390625 ], [ 255157.865072631830117, 9857155.535400390625 ], [ 255157.865072631830117, 9857134.645916748791933 ], [ 255145.340887451166054, 9857134.645916748791933 ], [ 255145.340887451166054, 9857155.535400390625 ] ] ] } },
{ "type": "Feature", "properties": { "tile_row": 47, "tile_col": 5, "x_min": 776.5756, "y_min": 781.5782, "x_max": 874.6506, "y_max": 835.8107, "confidence_score": 0.45820186, "Class": "domestic garbage", "tile_id": "47_5", "filename": "tile_47_5.jpg", "x_offset": 5120, "y_offset": 48128, "width": 1024, "height": 1024, "left": 255039.6728515625, "top": 9857400.8178710938, "pixel_size_x": 0.30517578125, "pixel_size_y": 0.30517578125, "crs": "EPSG:32737", "global_x_min": 255276.66491699219, "global_y_min": 9857162.2991333008, "global_x_max": 255306.59503173828, "global_y_max": 9857145.7486877441 }, "geometry": { "type": "Polygon", "coordinates": [ [ [ 255276.6649169921875, 9857162.29913330078125 ], [ 255306.59503173828125, 9857162.29913330078125 ], [ 255306.59503173828125, 9857145.748687744140625 ], [ 255276.6649169921875, 9857145.748687744140625 ], [ 255276.6649169921875, 9857162.29913330078125 ] ] ] } },
{ "type": "Feature", "properties": { "tile_row": 15, "tile_col": 18, "x_min": 864.41095, "y_min": 253.64737, "x_max": 915.6324, "y_max": 323.69437, "confidence_score": 0.5920181, "Class": "domestic garbage", "tile_id": "15_18", "filename": "tile_15_18.jpg", "x_offset": 18432, "y_offset": 15360, "width": 1024, "height": 1024, "left": 259102.1728515625, "top": 9867400.8178710938, "pixel_size_x": 0.30517578125, "pixel_size_y": 0.30517578125, "crs": "EPSG:32737", "global_x_min": 259365.9701385498, "global_y_min": 9867323.4108367916, "global_x_max": 259381.60168457031, "global_y_max": 9867302.0341888424 }, "geometry": { "type": "Polygon", "coordinates": [ [ [ 259365.970138549804688, 9867323.410836791619658 ], [ 259381.6016845703125, 9867323.410836791619658 ], [ 259381.6016845703125, 9867302.034188842400908 ], [ 259365.970138549804688, 9867302.034188842400908 ], [ 259365.970138549804688, 9867323.410836791619658 ] ] ] } },
{ "type": "Feature", "properties": { "tile_row": 49, "tile_col": 0, "x_min": 324.10162, "y_min": 426.6492, "x_max": 399.1012, "y_max": 469.5847, "confidence_score": 0.6841084, "Class": "domestic garbage", "tile_id": "49_0", "filename": "tile_49_0.jpg", "x_offset": 0, "y_offset": 50176, "width": 1024, "height": 1024, "left": 253477.1728515625, "top": 9856775.8178710938, "pixel_size_x": 0.30517578125, "pixel_size_y": 0.30517578125, "crs": "EPSG:32737", "global_x_min": 253576.08081665038, "global_y_min": 9856645.6148681641, "global_x_max": 253598.96887207031, "global_y_max": 9856632.5119934082 }, "geometry": { "type": "Polygon", "coordinates": [ [ [ 253576.080816650384804, 9856645.6148681640625 ], [ 253598.9688720703125, 9856645.6148681640625 ], [ 253598.9688720703125, 9856632.511993408203125 ], [ 253576.080816650384804, 9856632.511993408203125 ], [ 253576.080816650384804, 9856645.6148681640625 ] ] ] } },
{ "type": "Feature", "properties": { "tile_row": 49, "tile_col": 40, "x_min": 344.38736, "y_min": 376.61127, "x_max": 457.77304, "y_max": 491.4046, "confidence_score": 0.3147287, "Class": "domestic garbage", "tile_id": "49_40", "filename": "tile_49_40.jpg", "x_offset": 40960, "y_offset": 50176, "width": 1024, "height": 1024, "left": 265977.1728515625, "top": 9856775.8178710938, "pixel_size_x": 0.30517578125, "pixel_size_y": 0.30517578125, "crs": "EPSG:32737", "global_x_min": 266082.27153320314, "global_y_min": 9856660.8852325436, "global_x_max": 266116.87409667968, "global_y_max": 9856625.8530883789 }, "geometry": { "type": "Polygon", "coordinates": [ [ [ 266082.271533203136642, 9856660.885232543572783 ], [ 266116.874096679675858, 9856660.885232543572783 ], [ 266116.874096679675858, 9856625.85308837890625 ], [ 266082.271533203136642, 9856625.85308837890625 ], [ 266082.271533203136642, 9856660.885232543572783 ] ] ] } },
{ "type": "Feature", "properties": { "tile_row": 29, "tile_col": 21, "x_min": 377.25323, "y_min": 345.78198, "x_max": 510.97498, "y_max": 497.66882, "confidence_score": 0.43061757, "Class": "domestic garbage", "tile_id": "29_21", "filename": "tile_29_21.jpg", "x_offset": 21504, "y_offset": 29696, "width": 1024, "height": 1024, "left": 260039.6728515625, "top": 9863025.8178710938, "pixel_size_x": 0.30517578125, "pixel_size_y": 0.30517578125, "crs": "EPSG:32737", "global_x_min": 260154.80140075684, "global_y_min": 9862920.2935852055, "global_x_max": 260195.61004028321, "global_y_max": 9862873.9414001461 }, "geometry": { "type": "Polygon", "coordinates": [ [ [ 260154.801400756841758, 9862920.293585205450654 ], [ 260195.610040283208946, 9862920.293585205450654 ], [ 260195.610040283208946, 9862873.941400146111846 ], [ 260154.801400756841758, 9862873.941400146111846 ], [ 260154.801400756841758, 9862920.293585205450654 ] ] ] } },
{ "type": "Feature", "properties": { "tile_row": 10, "tile_col": 11, "x_min": 861.6323, "y_min": 733.67395, "x_max": 904.20105, "y_max": 773.3882, "confidence_score": 0.57447416, "Class": "domestic garbage", "tile_id": "10_11", "filename": "tile_10_11.jpg", "x_offset": 11264, "y_offset": 10240, "width": 1024, "height": 1024, "left": 256914.6728515625, "top": 9868963.3178710938, "pixel_size_x": 0.30517578125, "pixel_size_y": 0.30517578125, "crs": "EPSG:32737", "global_x_min": 257177.62216186523, "global_y_min": 9868739.4183502197, "global_x_max": 257190.61311340332, "global_y_max": 9868727.2985229492 }, "geometry": { "type": "Polygon", "coordinates": [ [ [ 257177.622161865234375, 9868739.418350219726562 ], [ 257190.613113403320312, 9868739.418350219726562 ], [ 257190.613113403320312, 9868727.29852294921875 ], [ 257177.622161865234375, 9868727.29852294921875 ], [ 257177.622161865234375, 9868739.418350219726562 ] ] ] } },
{ "type": "Feature", "properties": { "tile_row": 10, "tile_col": 11, "x_min": 309.11444, "y_min": 370.34747, "x_max": 358.2428, "y_max": 407.85242, "confidence_score": 0.5508548, "Class": "domestic garbage", "tile_id": "10_11", "filename": "tile_10_11.jpg", "x_offset": 11264, "y_offset": 10240, "width": 1024, "height": 1024, "left": 256914.6728515625, "top": 9868963.3178710938, "pixel_size_x": 0.30517578125, "pixel_size_y": 0.30517578125, "crs": "EPSG:32737", "global_x_min": 257009.00709228514, "global_y_min": 9868850.2967926022, "global_x_max": 257023.99987792969, "global_y_max": 9868838.8511901852 }, "geometry": { "type": "Polygon", "coordinates": [ [ [ 257009.007092285144608, 9868850.296792602166533 ], [ 257023.9998779296875, 9868850.296792602166533 ], [ 257023.9998779296875, 9868838.851190185174346 ], [ 257009.007092285144608, 9868838.851190185174346 ], [ 257009.007092285144608, 9868850.296792602166533 ] ] ] } },
{ "type": "Feature", "properties": { "tile_row": 52, "tile_col": 0, "x_min": 566.9646, "y_min": 444.45178, "x_max": 668.65283, "y_max": 554.8805, "confidence_score": 0.34305122, "Class": "domestic garbage", "tile_id": "52_0", "filename": "tile_52_0.jpg", "x_offset": 0, "y_offset": 53248, "width": 1024, "height": 1024, "left": 253477.1728515625, "top": 9855838.3178710938, "pixel_size_x": 0.30517578125, "pixel_size_y": 0.30517578125, "crs": "EPSG:32737", "global_x_min": 253650.19671630859, "global_y_min": 9855702.6819519047, "global_x_max": 253681.22950134278, "global_y_max": 9855668.9817810059 }, "geometry": { "type": "Polygon", "coordinates": [ [ [ 253650.19671630859375, 9855702.681951904669404 ], [ 253681.229501342779258, 9855702.681951904669404 ], [ 253681.229501342779258, 9855668.981781005859375 ], [ 253650.19671630859375, 9855668.981781005859375 ], [ 253650.19671630859375, 9855702.681951904669404 ] ] ] } },
{ "type": "Feature", "properties": { "tile_row": 33, "tile_col": 4, "x_min": 252.68433, "y_min": 389.85226, "x_max": 306.12585, "y_max": 425.31625, "confidence_score": 0.58700323, "Class": "domestic garbage", "tile_id": "33_4", "filename": "tile_33_4.jpg", "x_offset": 4096, "y_offset": 33792, "width": 1024, "height": 1024, "left": 254727.1728515625, "top": 9861775.8178710938, "pixel_size_x": 0.30517578125, "pixel_size_y": 0.30517578125, "crs": "EPSG:32737", "global_x_min": 254804.28598937989, "global_y_min": 9861656.8444030769, "global_x_max": 254820.59504699707, "global_y_max": 9861646.0216522217 }, "geometry": { "type": "Polygon", "coordinates": [ [ [ 254804.285989379888633, 9861656.844403076916933 ], [ 254820.595046997070312, 9861656.844403076916933 ], [ 254820.595046997070312, 9861646.021652221679688 ], [ 254804.285989379888633, 9861646.021652221679688 ], [ 254804.285989379888633, 9861656.844403076916933 ] ] ] } },
{ "type": "Feature", "properties": { "tile_row": 31, "tile_col": 36, "x_min": 247.88109, "y_min": 751.9728, "x_max": 291.3737, "y_max": 796.41846, "confidence_score": 0.6123937, "Class": "domestic garbage", "tile_id": "31_36", "filename": "tile_31_36.jpg", "x_offset": 36864, "y_offset": 31744, "width": 1024, "height": 1024, "left": 264727.1728515625, "top": 9862400.8178710938, "pixel_size_x": 0.30517578125, "pixel_size_y": 0.30517578125, "crs": "EPSG:32737", "global_x_min": 264802.82015686034, "global_y_min": 9862171.333984375, "global_x_max": 264816.0930480957, "global_y_max": 9862157.7702453621 }, "geometry": { "type": "Polygon", "coordinates": [ [ [ 264802.820156860339921, 9862171.333984375 ], [ 264816.093048095703125, 9862171.333984375 ], [ 264816.093048095703125, 9862157.770245362073183 ], [ 264802.820156860339921, 9862157.770245362073183 ], [ 264802.820156860339921, 9862171.333984375 ] ] ] } },
{ "type": "Feature", "properties": { "tile_row": 33, "tile_col": 40, "x_min": 59.260567, "y_min": 161.49838, "x_max": 114.21714, "y_max": 232.3761, "confidence_score": 0.4451882, "Class": "domestic garbage", "tile_id": "33_40", "filename": "tile_33_40.jpg", "x_offset": 40960, "y_offset": 33792, "width": 1024, "height": 1024, "left": 265977.1728515625, "top": 9861775.8178710938, "pixel_size_x": 0.30517578125, "pixel_size_y": 0.30517578125, "crs": "EPSG:32737", "global_x_min": 265995.25774139405, "global_y_min": 9861726.532476807, "global_x_max": 266012.02915649413, "global_y_max": 9861704.9023132324 }, "geometry": { "type": "Polygon", "coordinates": [ [ [ 265995.257741394045297, 9861726.532476807013154 ], [ 266012.029156494128983, 9861726.532476807013154 ], [ 266012.029156494128983, 9861704.902313232421875 ], [ 265995.257741394045297, 9861704.902313232421875 ], [ 265995.257741394045297, 9861726.532476807013154 ] ] ] } },
{ "type": "Feature", "properties": { "tile_row": 14, "tile_col": 14, "x_min": 669.1719, "y_min": 493.30322, "x_max": 723.05286, "y_max": 533.82385, "confidence_score": 0.3748148, "Class": "domestic garbage", "tile_id": "14_14", "filename": "tile_14_14.jpg", "x_offset": 14336, "y_offset": 14336, "width": 1024, "height": 1024, "left": 257852.1728515625, "top": 9867713.3178710938, "pixel_size_x": 0.30517578125, "pixel_size_y": 0.30517578125, "crs": "EPSG:32737", "global_x_min": 258056.38790893555, "global_y_min": 9867562.7736755367, "global_x_max": 258072.83107299806, "global_y_max": 9867550.4077606201 }, "geometry": { "type": "Polygon", "coordinates": [ [ [ 258056.387908935546875, 9867562.773675536736846 ], [ 258072.831072998058517, 9867562.773675536736846 ], [ 258072.831072998058517, 9867550.407760620117188 ], [ 258056.387908935546875, 9867550.407760620117188 ], [ 258056.387908935546875, 9867562.773675536736846 ] ] ] } },
{ "type": "Feature", "properties": { "tile_row": 48, "tile_col": 26, "x_min": 290.59668, "y_min": 584.9398, "x_max": 332.31287, "y_max": 620.93005, "confidence_score": 0.5938908, "Class": "domestic garbage", "tile_id": "48_26", "filename": "tile_48_26.jpg", "x_offset": 26624, "y_offset": 49152, "width": 1024, "height": 1024, "left": 261602.1728515625, "top": 9857088.3178710938, "pixel_size_x": 0.30517578125, "pixel_size_y": 0.30517578125, "crs": "EPSG:32737", "global_x_min": 261690.85592041016, "global_y_min": 9856909.8084106445, "global_x_max": 261703.58669128417, "global_y_max": 9856898.8250579834 }, "geometry": { "type": "Polygon", "coordinates": [ [ [ 261690.855920410162071, 9856909.80841064453125 ], [ 261703.586691284173867, 9856909.80841064453125 ], [ 261703.586691284173867, 9856898.825057983398438 ], [ 261690.855920410162071, 9856898.825057983398438 ], [ 261690.855920410162071, 9856909.80841064453125 ] ] ] } },
{ "type": "Feature", "properties": { "tile_row": 58, "tile_col": 21, "x_min": 796.80286, "y_min": 452.2538, "x_max": 837.6011, "y_max": 483.1016, "confidence_score": 0.5778832, "Class": "domestic garbage", "tile_id": "58_21", "filename": "tile_58_21.jpg", "x_offset": 21504, "y_offset": 59392, "width": 1024, "height": 1024, "left": 260039.6728515625, "top": 9853963.3178710938, "pixel_size_x": 0.30517578125, "pixel_size_y": 0.30517578125, "crs": "EPSG:32737", "global_x_min": 260282.83778686525, "global_y_min": 9853825.3009643555, "global_x_max": 260295.28842163086, "global_y_max": 9853815.8869628906 }, "geometry": { "type": "Polygon", "coordinates": [ [ [ 260282.837786865246017, 9853825.30096435546875 ], [ 260295.288421630859375, 9853825.30096435546875 ], [ 260295.288421630859375, 9853815.886962890625 ], [ 260282.837786865246017, 9853815.886962890625 ], [ 260282.837786865246017, 9853825.30096435546875 ] ] ] } },
{ "type": "Feature", "properties": { "tile_row": 9, "tile_col": 34, "x_min": 519.04926, "y_min": 248.79265, "x_max": 548.5672, "y_max": 284.22705, "confidence_score": 0.37536058, "Class": "domestic garbage", "tile_id": "9_34", "filename": "tile_9_34.jpg", "x_offset": 34816, "y_offset": 9216, "width": 1024, "height": 1024, "left": 264102.1728515625, "top": 9869275.8178710938, "pixel_size_x": 0.30517578125, "pixel_size_y": 0.30517578125, "crs": "EPSG:32737", "global_x_min": 264260.57411499025, "global_y_min": 9869199.8923797607, "global_x_max": 264269.58227539062, "global_y_max": 9869189.0786590576 }, "geometry": { "type": "Polygon", "coordinates": [ [ [ 264260.574114990246017, 9869199.892379760742188 ], [ 264269.582275390625, 9869199.892379760742188 ], [ 264269.582275390625, 9869189.078659057617188 ], [ 264260.574114990246017, 9869189.078659057617188 ], [ 264260.574114990246017, 9869199.892379760742188 ] ] ] } },
{ "type": "Feature", "properties": { "tile_row": 48, "tile_col": 29, "x_min": 714.60767, "y_min": 498.1453, "x_max": 741.9049, "y_max": 559.8026, "confidence_score": 0.62169504, "Class": "domestic garbage", "tile_id": "48_29", "filename": "tile_48_29.jpg", "x_offset": 29696, "y_offset": 49152, "width": 1024, "height": 1024, "left": 262539.6728515625, "top": 9857088.3178710938, "pixel_size_x": 0.30517578125, "pixel_size_y": 0.30517578125, "crs": "EPSG:32737", "global_x_min": 262757.75380554202, "global_y_min": 9856936.2959899902, "global_x_max": 262766.0842590332, "global_y_max": 9856917.479675293 }, "geometry": { "type": "Polygon", "coordinates": [ [ [ 262757.753805542015471, 9856936.295989990234375 ], [ 262766.084259033203125, 9856936.295989990234375 ], [ 262766.084259033203125, 9856917.47967529296875 ], [ 262757.753805542015471, 9856917.47967529296875 ], [ 262757.753805542015471, 9856936.295989990234375 ] ] ] } },
{ "type": "Feature", "properties": { "tile_row": 24, "tile_col": 42, "x_min": 573.34106, "y_min": 132.74171, "x_max": 635.7494, "y_max": 201.79027, "confidence_score": 0.82804674, "Class": "domestic garbage", "tile_id": "24_42", "filename": "tile_24_42.jpg", "x_offset": 43008, "y_offset": 24576, "width": 1024, "height": 1024, "left": 266602.1728515625, "top": 9864588.3178710938, "pixel_size_x": 0.30517578125, "pixel_size_y": 0.30517578125, "crs": "EPSG:32737", "global_x_min": 266777.14265747071, "global_y_min": 9864547.8083160408, "global_x_max": 266796.18817138672, "global_y_max": 9864526.7363677975 }, "geometry": { "type": "Polygon", "coordinates": [ [ [ 266777.142657470714767, 9864547.808316040784121 ], [ 266796.18817138671875, 9864547.808316040784121 ], [ 266796.18817138671875, 9864526.736367797479033 ], [ 266777.142657470714767, 9864526.736367797479033 ], [ 266777.142657470714767, 9864547.808316040784121 ] ] ] } },
{ "type": "Feature", "properties": { "tile_row": 24, "tile_col": 42, "x_min": 552.9308, "y_min": 721.294, "x_max": 648.91785, "y_max": 820.085, "confidence_score": 0.6972259, "Class": "domestic garbage", "tile_id": "24_42", "filename": "tile_24_42.jpg", "x_offset": 43008, "y_offset": 24576, "width": 1024, "height": 1024, "left": 266602.1728515625, "top": 9864588.3178710938, "pixel_size_x": 0.30517578125, "pixel_size_y": 0.30517578125, "crs": "EPSG:32737", "global_x_min": 266770.91394042969, "global_y_min": 9864368.1964111328, "global_x_max": 266800.20686340332, "global_y_max": 9864338.0477905273 }, "geometry": { "type": "Polygon", "coordinates": [ [ [ 266770.9139404296875, 9864368.1964111328125 ], [ 266800.206863403320312, 9864368.1964111328125 ], [ 266800.206863403320312, 9864338.04779052734375 ], [ 266770.9139404296875, 9864338.04779052734375 ], [ 266770.9139404296875, 9864368.1964111328125 ] ] ] } },
{ "type": "Feature", "properties": { "tile_row": 24, "tile_col": 42, "x_min": 606.1907, "y_min": 497.81754, "x_max": 696.178, "y_max": 564.4857, "confidence_score": 0.67176664, "Class": "domestic garbage", "tile_id": "24_42", "filename": "tile_24_42.jpg", "x_offset": 43008, "y_offset": 24576, "width": 1024, "height": 1024, "left": 266602.1728515625, "top": 9864588.3178710938, "pixel_size_x": 0.30517578125, "pixel_size_y": 0.30517578125, "crs": "EPSG:32737", "global_x_min": 266787.16757202148, "global_y_min": 9864436.3960144036, "global_x_max": 266814.62951660156, "global_y_max": 9864416.0505065918 }, "geometry": { "type": "Polygon", "coordinates": [ [ [ 266787.167572021484375, 9864436.396014403551817 ], [ 266814.6295166015625, 9864436.396014403551817 ], [ 266814.6295166015625, 9864416.050506591796875 ], [ 266787.167572021484375, 9864416.050506591796875 ], [ 266787.167572021484375, 9864436.396014403551817 ] ] ] } },
{ "type": "Feature", "properties": { "tile_row": 24, "tile_col": 42, "x_min": 922.5609, "y_min": 262.28143, "x_max": 964.694, "y_max": 338.01526, "confidence_score": 0.43814975, "Class": "domestic garbage", "tile_id": "24_42", "filename": "tile_24_42.jpg", "x_offset": 43008, "y_offset": 24576, "width": 1024, "height": 1024, "left": 266602.1728515625, "top": 9864588.3178710938, "pixel_size_x": 0.30517578125, "pixel_size_y": 0.30517578125, "crs": "EPSG:32737", "global_x_min": 266883.7160949707, "global_y_min": 9864508.2759307865, "global_x_max": 266896.57409667969, "global_y_max": 9864485.1638000496 }, "geometry": { "type": "Polygon", "coordinates": [ [ [ 266883.716094970703125, 9864508.275930786505342 ], [ 266896.5740966796875, 9864508.275930786505342 ], [ 266896.5740966796875, 9864485.163800049573183 ], [ 266883.716094970703125, 9864485.163800049573183 ], [ 266883.716094970703125, 9864508.275930786505342 ] ] ] } },
{ "type": "Feature", "properties": { "tile_row": 24, "tile_col": 42, "x_min": 752.9386, "y_min": 309.17148, "x_max": 816.50586, "y_max": 409.94766, "confidence_score": 0.30376554, "Class": "domestic garbage", "tile_id": "24_42", "filename": "tile_24_42.jpg", "x_offset": 43008, "y_offset": 24576, "width": 1024, "height": 1024, "left": 266602.1728515625, "top": 9864588.3178710938, "pixel_size_x": 0.30517578125, "pixel_size_y": 0.30517578125, "crs": "EPSG:32737", "global_x_min": 266831.95147705078, "global_y_min": 9864493.9662231449, "global_x_max": 266851.35066528321, "global_y_max": 9864463.2117736824 }, "geometry": { "type": "Polygon", "coordinates": [ [ [ 266831.95147705078125, 9864493.966223144903779 ], [ 266851.350665283214767, 9864493.966223144903779 ], [ 266851.350665283214767, 9864463.211773682385683 ], [ 266831.95147705078125, 9864463.211773682385683 ], [ 266831.95147705078125, 9864493.966223144903779 ] ] ] } },
{ "type": "Feature", "properties": { "tile_row": 61, "tile_col": 12, "x_min": 505.82828, "y_min": 676.31226, "x_max": 590.6729, "y_max": 734.1898, "confidence_score": 0.8811115, "Class": "domestic garbage", "tile_id": "61_12", "filename": "tile_61_12.jpg", "x_offset": 12288, "y_offset": 62464, "width": 1024, "height": 1024, "left": 257227.1728515625, "top": 9853025.8178710938, "pixel_size_x": 0.30517578125, "pixel_size_y": 0.30517578125, "crs": "EPSG:32737", "global_x_min": 257381.53939208985, "global_y_min": 9852819.42374878, "global_x_max": 257407.4319152832, "global_y_max": 9852801.760925293 }, "geometry": { "type": "Polygon", "coordinates": [ [ [ 257381.539392089849571, 9852819.423748780041933 ], [ 257407.431915283203125, 9852819.423748780041933 ], [ 257407.431915283203125, 9852801.76092529296875 ], [ 257381.539392089849571, 9852801.76092529296875 ], [ 257381.539392089849571, 9852819.423748780041933 ] ] ] } },
{ "type": "Feature", "properties": { "tile_row": 51, "tile_col": 8, "x_min": 540.48236, "y_min": 15.188732, "x_max": 591.0555, "y_max": 93.228134, "confidence_score": 0.32289034, "Class": "domestic garbage", "tile_id": "51_8", "filename": "tile_51_8.jpg", "x_offset": 8192, "y_offset": 52224, "width": 1024, "height": 1024, "left": 255977.1728515625, "top": 9856150.8178710938, "pixel_size_x": 0.30517578125, "pixel_size_y": 0.30517578125, "crs": "EPSG:32737", "global_x_min": 256142.11497802736, "global_y_min": 9856146.1826379392, "global_x_max": 256157.54867553711, "global_y_max": 9856122.366902465 }, "geometry": { "type": "Polygon", "coordinates": [ [ [ 256142.114978027355392, 9856146.182637939229608 ], [ 256157.548675537109375, 9856146.182637939229608 ], [ 256157.548675537109375, 9856122.366902465000749 ], [ 256142.114978027355392, 9856122.366902465000749 ], [ 256142.114978027355392, 9856146.182637939229608 ] ] ] } },
{ "type": "Feature", "properties": { "tile_row": 51, "tile_col": 5, "x_min": 443.92578, "y_min": 389.09744, "x_max": 480.56854, "y_max": 445.4819, "confidence_score": 0.8762539, "Class": "domestic garbage", "tile_id": "51_5", "filename": "tile_51_5.jpg", "x_offset": 5120, "y_offset": 52224, "width": 1024, "height": 1024, "left": 255039.6728515625, "top": 9856150.8178710938, "pixel_size_x": 0.30517578125, "pixel_size_y": 0.30517578125, "crs": "EPSG:32737", "global_x_min": 255175.14824829102, "global_y_min": 9856032.0747558586, "global_x_max": 255186.33073120116, "global_y_max": 9856014.8675842285 }, "geometry": { "type": "Polygon", "coordinates": [ [ [ 255175.148248291021446, 9856032.074755858629942 ], [ 255186.330731201160233, 9856032.074755858629942 ], [ 255186.330731201160233, 9856014.867584228515625 ], [ 255175.148248291021446, 9856014.867584228515625 ], [ 255175.148248291021446, 9856032.074755858629942 ] ] ] } },
{ "type": "Feature", "properties": { "tile_row": 57, "tile_col": 3, "x_min": 499.10556, "y_min": 879.0303, "x_max": 594.0589, "y_max": 940.556, "confidence_score": 0.3272326, "Class": "domestic garbage", "tile_id": "57_3", "filename": "tile_57_3.jpg", "x_offset": 3072, "y_offset": 58368, "width": 1024, "height": 1024, "left": 254414.6728515625, "top": 9854275.8178710938, "pixel_size_x": 0.30517578125, "pixel_size_y": 0.30517578125, "crs": "EPSG:32737", "global_x_min": 254566.98778076173, "global_y_min": 9854007.5591125488, "global_x_max": 254595.96524047852, "global_y_max": 9853988.7829589844 }, "geometry": { "type": "Polygon", "coordinates": [ [ [ 254566.987780761730392, 9854007.559112548828125 ], [ 254595.965240478515625, 9854007.559112548828125 ], [ 254595.965240478515625, 9853988.782958984375 ], [ 254566.987780761730392, 9853988.782958984375 ], [ 254566.987780761730392, 9854007.559112548828125 ] ] ] } },
{ "type": "Feature", "properties": { "tile_row": 21, "tile_col": 11, "x_min": 769.64026, "y_min": 689.5598, "x_max": 819.0386, "y_max": 738.58093, "confidence_score": 0.50918764, "Class": "domestic garbage", "tile_id": "21_11", "filename": "tile_21_11.jpg", "x_offset": 11264, "y_offset": 21504, "width": 1024, "height": 1024, "left": 256914.6728515625, "top": 9865525.8178710938, "pixel_size_x": 0.30517578125, "pixel_size_y": 0.30517578125, "crs": "EPSG:32737", "global_x_min": 257149.54841918946, "global_y_min": 9865315.3809204102, "global_x_max": 257164.62359619141, "global_y_max": 9865300.420858765 }, "geometry": { "type": "Polygon", "coordinates": [ [ [ 257149.548419189464767, 9865315.38092041015625 ], [ 257164.62359619140625, 9865315.38092041015625 ], [ 257164.62359619140625, 9865300.420858765020967 ], [ 257149.548419189464767, 9865300.420858765020967 ], [ 257149.548419189464767, 9865315.38092041015625 ] ] ] } },
{ "type": "Feature", "properties": { "tile_row": 58, "tile_col": 16, "x_min": 620.2386, "y_min": 355.0912, "x_max": 678.134, "y_max": 406.31104, "confidence_score": 0.7696123, "Class": "domestic garbage", "tile_id": "58_16", "filename": "tile_58_16.jpg", "x_offset": 16384, "y_offset": 59392, "width": 1024, "height": 1024, "left": 258477.1728515625, "top": 9853963.3178710938, "pixel_size_x": 0.30517578125, "pixel_size_y": 0.30517578125, "crs": "EPSG:32737", "global_x_min": 258666.45465087891, "global_y_min": 9853854.9526367188, "global_x_max": 258684.12292480469, "global_y_max": 9853839.3215820305 }, "geometry": { "type": "Polygon", "coordinates": [ [ [ 258666.45465087890625, 9853854.95263671875 ], [ 258684.1229248046875, 9853854.95263671875 ], [ 258684.1229248046875, 9853839.321582030504942 ], [ 258666.45465087890625, 9853839.321582030504942 ], [ 258666.45465087890625, 9853854.95263671875 ] ] ] } },
{ "type": "Feature", "properties": { "tile_row": 72, "tile_col": 41, "x_min": 151.8696, "y_min": 701.4126, "x_max": 189.46716, "y_max": 745.0475, "confidence_score": 0.362277, "Class": "domestic garbage", "tile_id": "72_41", "filename": "tile_72_41.jpg", "x_offset": 41984, "y_offset": 73728, "width": 1024, "height": 1024, "left": 266289.6728515625, "top": 9849588.3178710938, "pixel_size_x": 0.30517578125, "pixel_size_y": 0.30517578125, "crs": "EPSG:32737", "global_x_min": 266336.01977539062, "global_y_min": 9849374.2637329102, "global_x_max": 266347.49364013673, "global_y_max": 9849360.9474182129 }, "geometry": { "type": "Polygon", "coordinates": [ [ [ 266336.019775390625, 9849374.26373291015625 ], [ 266347.493640136730392, 9849374.26373291015625 ], [ 266347.493640136730392, 9849360.947418212890625 ], [ 266336.019775390625, 9849360.947418212890625 ], [ 266336.019775390625, 9849374.26373291015625 ] ] ] } },
{ "type": "Feature", "properties": { "tile_row": 72, "tile_col": 20, "x_min": 766.5906, "y_min": 690.87, "x_max": 815.3047, "y_max": 736.6941, "confidence_score": 0.62886685, "Class": "domestic garbage", "tile_id": "72_20", "filename": "tile_72_20.jpg", "x_offset": 20480, "y_offset": 73728, "width": 1024, "height": 1024, "left": 259727.1728515625, "top": 9849588.3178710938, "pixel_size_x": 0.30517578125, "pixel_size_y": 0.30517578125, "crs": "EPSG:32737", "global_x_min": 259961.11773681641, "global_y_min": 9849377.4810791016, "global_x_max": 259975.9841003418, "global_y_max": 9849363.496673584 }, "geometry": { "type": "Polygon", "coordinates": [ [ [ 259961.11773681640625, 9849377.4810791015625 ], [ 259975.984100341796875, 9849377.4810791015625 ], [ 259975.984100341796875, 9849363.496673583984375 ], [ 259961.11773681640625, 9849363.496673583984375 ], [ 259961.11773681640625, 9849377.4810791015625 ] ] ] } },
{ "type": "Feature", "properties": { "tile_row": 72, "tile_col": 20, "x_min": 237.80386, "y_min": 108.38596, "x_max": 307.5723, "y_max": 192.4472, "confidence_score": 0.30486235, "Class": "domestic garbage", "tile_id": "72_20", "filename": "tile_72_20.jpg", "x_offset": 20480, "y_offset": 73728, "width": 1024, "height": 1024, "left": 259727.1728515625, "top": 9849588.3178710938, "pixel_size_x": 0.30517578125, "pixel_size_y": 0.30517578125, "crs": "EPSG:32737", "global_x_min": 259799.74483032228, "global_y_min": 9849555.241101075, "global_x_max": 259821.03646850586, "global_y_max": 9849529.5876464844 }, "geometry": { "type": "Polygon", "coordinates": [ [ [ 259799.744830322277267, 9849555.241101074963808 ], [ 259821.036468505859375, 9849555.241101074963808 ], [ 259821.036468505859375, 9849529.587646484375 ], [ 259799.744830322277267, 9849529.587646484375 ], [ 259799.744830322277267, 9849555.241101074963808 ] ] ] } },
{ "type": "Feature", "properties": { "tile_row": 15, "tile_col": 10, "x_min": 447.63736, "y_min": 656.30304, "x_max": 519.9988, "y_max": 703.04596, "confidence_score": 0.3806451, "Class": "domestic garbage", "tile_id": "15_10", "filename": "tile_15_10.jpg", "x_offset": 10240, "y_offset": 15360, "width": 1024, "height": 1024, "left": 256602.1728515625, "top": 9867400.8178710938, "pixel_size_x": 0.30517578125, "pixel_size_y": 0.30517578125, "crs": "EPSG:32737", "global_x_min": 256738.7809326172, "global_y_min": 9867200.5300781243, "global_x_max": 256760.86389160156, "global_y_max": 9867186.2652709968 }, "geometry": { "type": "Polygon", "coordinates": [ [ [ 256738.780932617199142, 9867200.530078124254942 ], [ 256760.8638916015625, 9867200.530078124254942 ], [ 256760.8638916015625, 9867186.265270996838808 ], [ 256738.780932617199142, 9867186.265270996838808 ], [ 256738.780932617199142, 9867200.530078124254942 ] ] ] } },
{ "type": "Feature", "properties": { "tile_row": 18, "tile_col": 10, "x_min": 370.41876, "y_min": 6.900173, "x_max": 435.56976, "y_max": 64.3441, "confidence_score": 0.41462848, "Class": "domestic garbage", "tile_id": "18_10", "filename": "tile_18_10.jpg", "x_offset": 10240, "y_offset": 18432, "width": 1024, "height": 1024, "left": 256602.1728515625, "top": 9866463.3178710938, "pixel_size_x": 0.30517578125, "pixel_size_y": 0.30517578125, "crs": "EPSG:32737", "global_x_min": 256715.21568603517, "global_y_min": 9866461.2121054083, "global_x_max": 256735.09819335939, "global_y_max": 9866443.6816101074 }, "geometry": { "type": "Polygon", "coordinates": [ [ [ 256715.215686035167892, 9866461.21210540831089 ], [ 256735.098193359386642, 9866461.21210540831089 ], [ 256735.098193359386642, 9866443.681610107421875 ], [ 256715.215686035167892, 9866443.681610107421875 ], [ 256715.215686035167892, 9866461.21210540831089 ] ] ] } },
{ "type": "Feature", "properties": { "tile_row": 13, "tile_col": 9, "x_min": 330.88162, "y_min": 773.603, "x_max": 380.41464, "y_max": 823.0709, "confidence_score": 0.48945403, "Class": "domestic garbage", "tile_id": "13_9", "filename": "tile_13_9.jpg", "x_offset": 9216, "y_offset": 13312, "width": 1024, "height": 1024, "left": 256289.6728515625, "top": 9868025.8178710938, "pixel_size_x": 0.30517578125, "pixel_size_y": 0.30517578125, "crs": "EPSG:32737", "global_x_min": 256390.64990844726, "global_y_min": 9867789.7329711914, "global_x_max": 256405.76618652343, "global_y_max": 9867774.6365661621 }, "geometry": { "type": "Polygon", "coordinates": [ [ [ 256390.649908447259804, 9867789.73297119140625 ], [ 256405.766186523425858, 9867789.73297119140625 ], [ 256405.766186523425858, 9867774.636566162109375 ], [ 256390.649908447259804, 9867774.636566162109375 ], [ 256390.649908447259804, 9867789.73297119140625 ] ] ] } },
{ "type": "Feature", "properties": { "tile_row": 51, "tile_col": 23, "x_min": 85.77991, "y_min": 313.55258, "x_max": 135.20834, "y_max": 364.2773, "confidence_score": 0.46227315, "Class": "domestic garbage", "tile_id": "51_23", "filename": "tile_51_23.jpg", "x_offset": 23552, "y_offset": 52224, "width": 1024, "height": 1024, "left": 260664.6728515625, "top": 9856150.8178710938, "pixel_size_x": 0.30517578125, "pixel_size_y": 0.30517578125, "crs": "EPSG:32737", "global_x_min": 260690.85080261232, "global_y_min": 9856055.1292175297, "global_x_max": 260705.9351623535, "global_y_max": 9856039.6492614746 }, "geometry": { "type": "Polygon", "coordinates": [ [ [ 260690.850802612316329, 9856055.129217529669404 ], [ 260705.935162353503983, 9856055.129217529669404 ], [ 260705.935162353503983, 9856039.649261474609375 ], [ 260690.850802612316329, 9856039.649261474609375 ], [ 260690.850802612316329, 9856055.129217529669404 ] ] ] } },
{ "type": "Feature", "properties": { "tile_row": 13, "tile_col": 12, "x_min": 961.87616, "y_min": 552.65955, "x_max": 1018.5628, "y_max": 643.7429, "confidence_score": 0.4056069, "Class": "domestic garbage", "tile_id": "13_12", "filename": "tile_13_12.jpg", "x_offset": 12288, "y_offset": 13312, "width": 1024, "height": 1024, "left": 257227.1728515625, "top": 9868025.8178710938, "pixel_size_x": 0.30517578125, "pixel_size_y": 0.30517578125, "crs": "EPSG:32737", "global_x_min": 257520.71416015626, "global_y_min": 9867857.1595611572, "global_x_max": 257538.01354980469, "global_y_max": 9867829.3631286621 }, "geometry": { "type": "Polygon", "coordinates": [ [ [ 257520.714160156261642, 9867857.159561157226562 ], [ 257538.0135498046875, 9867857.159561157226562 ], [ 257538.0135498046875, 9867829.363128662109375 ], [ 257520.714160156261642, 9867829.363128662109375 ], [ 257520.714160156261642, 9867857.159561157226562 ] ] ] } },
{ "type": "Feature", "properties": { "tile_row": 43, "tile_col": 5, "x_min": 517.2833, "y_min": 645.39136, "x_max": 578.7888, "y_max": 696.24365, "confidence_score": 0.82879007, "Class": "domestic garbage", "tile_id": "43_5", "filename": "tile_43_5.jpg", "x_offset": 5120, "y_offset": 44032, "width": 1024, "height": 1024, "left": 255039.6728515625, "top": 9858650.8178710938, "pixel_size_x": 0.30517578125, "pixel_size_y": 0.30517578125, "crs": "EPSG:32737", "global_x_min": 255197.53518676758, "global_y_min": 9858453.8600585945, "global_x_max": 255216.30517578125, "global_y_max": 9858438.3411712646 }, "geometry": { "type": "Polygon", "coordinates": [ [ [ 255197.535186767578125, 9858453.860058594495058 ], [ 255216.30517578125, 9858453.860058594495058 ], [ 255216.30517578125, 9858438.341171264648438 ], [ 255197.535186767578125, 9858438.341171264648438 ], [ 255197.535186767578125, 9858453.860058594495058 ] ] ] } },
{ "type": "Feature", "properties": { "tile_row": 43, "tile_col": 5, "x_min": 514.8345, "y_min": 444.5341, "x_max": 574.57056, "y_max": 502.8823, "confidence_score": 0.37636343, "Class": "domestic garbage", "tile_id": "43_5", "filename": "tile_43_5.jpg", "x_offset": 5120, "y_offset": 44032, "width": 1024, "height": 1024, "left": 255039.6728515625, "top": 9858650.8178710938, "pixel_size_x": 0.30517578125, "pixel_size_y": 0.30517578125, "crs": "EPSG:32737", "global_x_min": 255196.78787231445, "global_y_min": 9858515.156829834, "global_x_max": 255215.01787109376, "global_y_max": 9858497.3503723145 }, "geometry": { "type": "Polygon", "coordinates": [ [ [ 255196.787872314453125, 9858515.156829833984375 ], [ 255215.017871093761642, 9858515.156829833984375 ], [ 255215.017871093761642, 9858497.350372314453125 ], [ 255196.787872314453125, 9858497.350372314453125 ], [ 255196.787872314453125, 9858515.156829833984375 ] ] ] } },
{ "type": "Feature", "properties": { "tile_row": 40, "tile_col": 26, "x_min": 792.59937, "y_min": 664.4138, "x_max": 822.31934, "y_max": 703.7539, "confidence_score": 0.433692, "Class": "domestic garbage", "tile_id": "40_26", "filename": "tile_40_26.jpg", "x_offset": 26624, "y_offset": 40960, "width": 1024, "height": 1024, "left": 261602.1728515625, "top": 9859588.3178710938, "pixel_size_x": 0.30517578125, "pixel_size_y": 0.30517578125, "crs": "EPSG:32737", "global_x_min": 261844.0549835205, "global_y_min": 9859385.5548706055, "global_x_max": 261853.12479858397, "global_y_max": 9859373.5492248535 }, "geometry": { "type": "Polygon", "coordinates": [ [ [ 261844.054983520501992, 9859385.55487060546875 ], [ 261853.124798583972733, 9859385.55487060546875 ], [ 261853.124798583972733, 9859373.549224853515625 ], [ 261844.054983520501992, 9859373.549224853515625 ], [ 261844.054983520501992, 9859385.55487060546875 ] ] ] } },
{ "type": "Feature", "properties": { "tile_row": 76, "tile_col": 9, "x_min": 0.0, "y_min": 569.68713, "x_max": 41.739708, "y_max": 645.432, "confidence_score": 0.469072, "Class": "domestic garbage", "tile_id": "76_9", "filename": "tile_76_9.jpg", "x_offset": 9216, "y_offset": 77824, "width": 1024, "height": 1024, "left": 256289.6728515625, "top": 9848338.3178710938, "pixel_size_x": 0.30517578125, "pixel_size_y": 0.30517578125, "crs": "EPSG:32737", "global_x_min": 256289.6728515625, "global_y_min": 9848164.4631561283, "global_x_max": 256302.41079956054, "global_y_max": 9848141.34765625 }, "geometry": { "type": "Polygon", "coordinates": [ [ [ 256289.6728515625, 9848164.463156128302217 ], [ 256302.410799560544547, 9848164.463156128302217 ], [ 256302.410799560544547, 9848141.34765625 ], [ 256289.6728515625, 9848141.34765625 ], [ 256289.6728515625, 9848164.463156128302217 ] ] ] } },
{ "type": "Feature", "properties": { "tile_row": 76, "tile_col": 9, "x_min": 607.14703, "y_min": 773.04254, "x_max": 661.0473, "y_max": 812.27386, "confidence_score": 0.30268762, "Class": "domestic garbage", "tile_id": "76_9", "filename": "tile_76_9.jpg", "x_offset": 9216, "y_offset": 77824, "width": 1024, "height": 1024, "left": 256289.6728515625, "top": 9848338.3178710938, "pixel_size_x": 0.30517578125, "pixel_size_y": 0.30517578125, "crs": "EPSG:32737", "global_x_min": 256474.95942077637, "global_y_min": 9848102.404010009, "global_x_max": 256491.4084777832, "global_y_max": 9848090.43156128 }, "geometry": { "type": "Polygon", "coordinates": [ [ [ 256474.959420776373008, 9848102.404010009020567 ], [ 256491.408477783203125, 9848102.404010009020567 ], [ 256491.408477783203125, 9848090.431561280041933 ], [ 256474.959420776373008, 9848090.431561280041933 ], [ 256474.959420776373008, 9848102.404010009020567 ] ] ] } },
{ "type": "Feature", "properties": { "tile_row": 33, "tile_col": 34, "x_min": 448.989, "y_min": 979.11127, "x_max": 481.2824, "y_max": 1013.2718, "confidence_score": 0.34448928, "Class": "domestic garbage", "tile_id": "33_34", "filename": "tile_33_34.jpg", "x_offset": 34816, "y_offset": 33792, "width": 1024, "height": 1024, "left": 264102.1728515625, "top": 9861775.8178710938, "pixel_size_x": 0.30517578125, "pixel_size_y": 0.30517578125, "crs": "EPSG:32737", "global_x_min": 264239.19342041016, "global_y_min": 9861477.0168243404, "global_x_max": 264249.04858398438, "global_y_max": 9861466.5918579102 }, "geometry": { "type": "Polygon", "coordinates": [ [ [ 264239.19342041015625, 9861477.016824340447783 ], [ 264249.048583984375, 9861477.016824340447783 ], [ 264249.048583984375, 9861466.59185791015625 ], [ 264239.19342041015625, 9861466.59185791015625 ], [ 264239.19342041015625, 9861477.016824340447783 ] ] ] } },
{ "type": "Feature", "properties": { "tile_row": 61, "tile_col": 5, "x_min": 923.3024, "y_min": 614.11676, "x_max": 981.4716, "y_max": 684.10626, "confidence_score": 0.58487684, "Class": "domestic garbage", "tile_id": "61_5", "filename": "tile_61_5.jpg", "x_offset": 5120, "y_offset": 62464, "width": 1024, "height": 1024, "left": 255039.6728515625, "top": 9853025.8178710938, "pixel_size_x": 0.30517578125, "pixel_size_y": 0.30517578125, "crs": "EPSG:32737", "global_x_min": 255321.4423828125, "global_y_min": 9852838.4043090828, "global_x_max": 255339.19421386719, "global_y_max": 9852817.045208741 }, "geometry": { "type": "Polygon", "coordinates": [ [ [ 255321.4423828125, 9852838.404309082776308 ], [ 255339.1942138671875, 9852838.404309082776308 ], [ 255339.1942138671875, 9852817.045208740979433 ], [ 255321.4423828125, 9852817.045208740979433 ], [ 255321.4423828125, 9852838.404309082776308 ] ] ] } },
{ "type": "Feature", "properties": { "tile_row": 11, "tile_col": 38, "x_min": 384.3567, "y_min": 712.7134, "x_max": 432.32037, "y_max": 740.3484, "confidence_score": 0.32847777, "Class": "domestic garbage", "tile_id": "11_38", "filename": "tile_11_38.jpg", "x_offset": 38912, "y_offset": 11264, "width": 1024, "height": 1024, "left": 265352.1728515625, "top": 9868650.8178710938, "pixel_size_x": 0.30517578125, "pixel_size_y": 0.30517578125, "crs": "EPSG:32737", "global_x_min": 265469.46920776367, "global_y_min": 9868433.3150024414, "global_x_max": 265484.10655822756, "global_y_max": 9868424.8814697266 }, "geometry": { "type": "Polygon", "coordinates": [ [ [ 265469.469207763671875, 9868433.31500244140625 ], [ 265484.106558227562346, 9868433.31500244140625 ], [ 265484.106558227562346, 9868424.8814697265625 ], [ 265469.469207763671875, 9868424.8814697265625 ], [ 265469.469207763671875, 9868433.31500244140625 ] ] ] } },
{ "type": "Feature", "properties": { "tile_row": 11, "tile_col": 38, "x_min": 960.0582, "y_min": 516.12335, "x_max": 1023.1267, "y_max": 583.39996, "confidence_score": 0.3234853, "Class": "domestic garbage", "tile_id": "11_38", "filename": "tile_11_38.jpg", "x_offset": 38912, "y_offset": 11264, "width": 1024, "height": 1024, "left": 265352.1728515625, "top": 9868650.8178710938, "pixel_size_x": 0.30517578125, "pixel_size_y": 0.30517578125, "crs": "EPSG:32737", "global_x_min": 265645.15936279297, "global_y_min": 9868493.3095245361, "global_x_max": 265664.40634155273, "global_y_max": 9868472.7783325203 }, "geometry": { "type": "Polygon", "coordinates": [ [ [ 265645.15936279296875, 9868493.309524536132812 ], [ 265664.406341552734375, 9868493.309524536132812 ], [ 265664.406341552734375, 9868472.778332520276308 ], [ 265645.15936279296875, 9868472.778332520276308 ], [ 265645.15936279296875, 9868493.309524536132812 ] ] ] } },
{ "type": "Feature", "properties": { "tile_row": 1, "tile_col": 18, "x_min": 688.7173, "y_min": 96.83194, "x_max": 741.7982, "y_max": 154.4341, "confidence_score": 0.32786787, "Class": "domestic garbage", "tile_id": "1_18", "filename": "tile_1_18.jpg", "x_offset": 18432, "y_offset": 1024, "width": 1024, "height": 1024, "left": 259102.1728515625, "top": 9871775.8178710938, "pixel_size_x": 0.30517578125, "pixel_size_y": 0.30517578125, "crs": "EPSG:32737", "global_x_min": 259312.35269165039, "global_y_min": 9871746.2671081536, "global_x_max": 259328.55169677734, "global_y_max": 9871728.6883239746 }, "geometry": { "type": "Polygon", "coordinates": [ [ [ 259312.352691650390625, 9871746.267108153551817 ], [ 259328.55169677734375, 9871746.267108153551817 ], [ 259328.55169677734375, 9871728.688323974609375 ], [ 259312.352691650390625, 9871728.688323974609375 ], [ 259312.352691650390625, 9871746.267108153551817 ] ] ] } },
{ "type": "Feature", "properties": { "tile_row": 51, "tile_col": 29, "x_min": 925.7419, "y_min": 84.12105, "x_max": 1019.79767, "y_max": 182.29057, "confidence_score": 0.61878043, "Class": "domestic garbage", "tile_id": "51_29", "filename": "tile_51_29.jpg", "x_offset": 29696, "y_offset": 52224, "width": 1024, "height": 1024, "left": 262539.6728515625, "top": 9856150.8178710938, "pixel_size_x": 0.30517578125, "pixel_size_y": 0.30517578125, "crs": "EPSG:32737", "global_x_min": 262822.18685913086, "global_y_min": 9856125.1461639404, "global_x_max": 262850.8904022217, "global_y_max": 9856095.1872039791 }, "geometry": { "type": "Polygon", "coordinates": [ [ [ 262822.186859130859375, 9856125.146163940429688 ], [ 262850.890402221702971, 9856125.146163940429688 ], [ 262850.890402221702971, 9856095.187203979119658 ], [ 262822.186859130859375, 9856095.187203979119658 ], [ 262822.186859130859375, 9856125.146163940429688 ] ] ] } },
{ "type": "Feature", "properties": { "tile_row": 51, "tile_col": 29, "x_min": 520.8973, "y_min": 60.207916, "x_max": 639.42316, "y_max": 134.93645, "confidence_score": 0.3854615, "Class": "domestic garbage", "tile_id": "51_29", "filename": "tile_51_29.jpg", "x_offset": 29696, "y_offset": 52224, "width": 1024, "height": 1024, "left": 262539.6728515625, "top": 9856150.8178710938, "pixel_size_x": 0.30517578125, "pixel_size_y": 0.30517578125, "crs": "EPSG:32737", "global_x_min": 262698.63809204102, "global_y_min": 9856132.4438732918, "global_x_max": 262734.80931396486, "global_y_max": 9856109.6385345459 }, "geometry": { "type": "Polygon", "coordinates": [ [ [ 262698.638092041015625, 9856132.443873291835189 ], [ 262734.809313964855392, 9856132.443873291835189 ], [ 262734.809313964855392, 9856109.638534545898438 ], [ 262698.638092041015625, 9856109.638534545898438 ], [ 262698.638092041015625, 9856132.443873291835189 ] ] ] } },
{ "type": "Feature", "properties": { "tile_row": 24, "tile_col": 10, "x_min": 572.3063, "y_min": 371.72784, "x_max": 619.6697, "y_max": 415.59735, "confidence_score": 0.31536943, "Class": "domestic garbage", "tile_id": "24_10", "filename": "tile_24_10.jpg", "x_offset": 10240, "y_offset": 24576, "width": 1024, "height": 1024, "left": 256602.1728515625, "top": 9864588.3178710938, "pixel_size_x": 0.30517578125, "pixel_size_y": 0.30517578125, "crs": "EPSG:32737", "global_x_min": 256776.8268737793, "global_y_min": 9864474.8755371086, "global_x_max": 256791.28103637695, "global_y_max": 9864461.4876251221 }, "geometry": { "type": "Polygon", "coordinates": [ [ [ 256776.826873779296875, 9864474.875537108629942 ], [ 256791.281036376953125, 9864474.875537108629942 ], [ 256791.281036376953125, 9864461.487625122070312 ], [ 256776.826873779296875, 9864461.487625122070312 ], [ 256776.826873779296875, 9864474.875537108629942 ] ] ] } },
{ "type": "Feature", "properties": { "tile_row": 23, "tile_col": 29, "x_min": 391.68478, "y_min": 638.39825, "x_max": 433.40884, "y_max": 670.50946, "confidence_score": 0.7171703, "Class": "domestic garbage", "tile_id": "23_29", "filename": "tile_23_29.jpg", "x_offset": 29696, "y_offset": 23552, "width": 1024, "height": 1024, "left": 262539.6728515625, "top": 9864900.8178710938, "pixel_size_x": 0.30517578125, "pixel_size_y": 0.30517578125, "crs": "EPSG:32737", "global_x_min": 262659.20556030271, "global_y_min": 9864705.9941864014, "global_x_max": 262671.93873291014, "global_y_max": 9864696.1946228035 }, "geometry": { "type": "Polygon", "coordinates": [ [ [ 262659.205560302711092, 9864705.994186401367188 ], [ 262671.938732910144608, 9864705.994186401367188 ], [ 262671.938732910144608, 9864696.194622803479433 ], [ 262659.205560302711092, 9864696.194622803479433 ], [ 262659.205560302711092, 9864705.994186401367188 ] ] ] } },
{ "type": "Feature", "properties": { "tile_row": 6, "tile_col": 42, "x_min": 542.4708, "y_min": 672.8479, "x_max": 601.4739, "y_max": 705.82654, "confidence_score": 0.44436035, "Class": "domestic garbage", "tile_id": "6_42", "filename": "tile_6_42.jpg", "x_offset": 43008, "y_offset": 6144, "width": 1024, "height": 1024, "left": 266602.1728515625, "top": 9870213.3178710938, "pixel_size_x": 0.30517578125, "pixel_size_y": 0.30517578125, "crs": "EPSG:32737", "global_x_min": 266767.72180175781, "global_y_min": 9870007.9809875488, "global_x_max": 266785.72811889648, "global_y_max": 9869997.9167053215 }, "geometry": { "type": "Polygon", "coordinates": [ [ [ 266767.7218017578125, 9870007.980987548828125 ], [ 266785.728118896484375, 9870007.980987548828125 ], [ 266785.728118896484375, 9869997.916705321520567 ], [ 266767.7218017578125, 9869997.916705321520567 ], [ 266767.7218017578125, 9870007.980987548828125 ] ] ] } },
{ "type": "Feature", "properties": { "tile_row": 47, "tile_col": 30, "x_min": 750.68225, "y_min": 590.507, "x_max": 833.7119, "y_max": 662.08563, "confidence_score": 0.5484118, "Class": "domestic garbage", "tile_id": "47_30", "filename": "tile_47_30.jpg", "x_offset": 30720, "y_offset": 48128, "width": 1024, "height": 1024, "left": 262852.1728515625, "top": 9857400.8178710938, "pixel_size_x": 0.30517578125, "pixel_size_y": 0.30517578125, "crs": "EPSG:32737", "global_x_min": 263081.26289367676, "global_y_min": 9857220.6094360352, "global_x_max": 263106.60153198242, "global_y_max": 9857198.7653717045 }, "geometry": { "type": "Polygon", "coordinates": [ [ [ 263081.262893676757812, 9857220.60943603515625 ], [ 263106.601531982421875, 9857220.60943603515625 ], [ 263106.601531982421875, 9857198.765371704474092 ], [ 263081.262893676757812, 9857198.765371704474092 ], [ 263081.262893676757812, 9857220.60943603515625 ] ] ] } },
{ "type": "Feature", "properties": { "tile_row": 47, "tile_col": 30, "x_min": 201.53973, "y_min": 173.08284, "x_max": 280.8531, "y_max": 212.65767, "confidence_score": 0.38582242, "Class": "domestic garbage", "tile_id": "47_30", "filename": "tile_47_30.jpg", "x_offset": 30720, "y_offset": 48128, "width": 1024, "height": 1024, "left": 262852.1728515625, "top": 9857400.8178710938, "pixel_size_x": 0.30517578125, "pixel_size_y": 0.30517578125, "crs": "EPSG:32737", "global_x_min": 262913.67789611814, "global_y_min": 9857347.997180175, "global_x_max": 262937.88241577148, "global_y_max": 9857335.9199005123 }, "geometry": { "type": "Polygon", "coordinates": [ [ [ 262913.677896118140779, 9857347.997180175036192 ], [ 262937.882415771484375, 9857347.997180175036192 ], [ 262937.882415771484375, 9857335.919900512322783 ], [ 262913.677896118140779, 9857335.919900512322783 ], [ 262913.677896118140779, 9857347.997180175036192 ] ] ] } },
{ "type": "Feature", "properties": { "tile_row": 77, "tile_col": 32, "x_min": 528.33124, "y_min": 710.4971, "x_max": 602.0079, "y_max": 827.79065, "confidence_score": 0.68076307, "Class": "domestic garbage", "tile_id": "77_32", "filename": "tile_77_32.jpg", "x_offset": 32768, "y_offset": 78848, "width": 1024, "height": 1024, "left": 263477.1728515625, "top": 9848025.8178710938, "pixel_size_x": 0.30517578125, "pixel_size_y": 0.30517578125, "crs": "EPSG:32737", "global_x_min": 263638.40675048827, "global_y_min": 9847808.9913635254, "global_x_max": 263660.89108276367, "global_y_max": 9847773.1962127686 }, "geometry": { "type": "Polygon", "coordinates": [ [ [ 263638.406750488269608, 9847808.991363525390625 ], [ 263660.891082763671875, 9847808.991363525390625 ], [ 263660.891082763671875, 9847773.196212768554688 ], [ 263638.406750488269608, 9847773.196212768554688 ], [ 263638.406750488269608, 9847808.991363525390625 ] ] ] } },
{ "type": "Feature", "properties": { "tile_row": 25, "tile_col": 19, "x_min": 366.65543, "y_min": 544.8743, "x_max": 420.99893, "y_max": 607.14777, "confidence_score": 0.8569586, "Class": "domestic garbage", "tile_id": "25_19", "filename": "tile_25_19.jpg", "x_offset": 19456, "y_offset": 25600, "width": 1024, "height": 1024, "left": 259414.6728515625, "top": 9864275.8178710938, "pixel_size_x": 0.30517578125, "pixel_size_y": 0.30517578125, "crs": "EPSG:32737", "global_x_min": 259526.56720886231, "global_y_min": 9864109.5354309082, "global_x_max": 259543.15152893067, "global_y_max": 9864090.5310760494 }, "geometry": { "type": "Polygon", "coordinates": [ [ [ 259526.567208862310508, 9864109.535430908203125 ], [ 259543.151528930669883, 9864109.535430908203125 ], [ 259543.151528930669883, 9864090.531076049432158 ], [ 259526.567208862310508, 9864090.531076049432158 ], [ 259526.567208862310508, 9864109.535430908203125 ] ] ] } },
{ "type": "Feature", "properties": { "tile_row": 57, "tile_col": 7, "x_min": 620.8591, "y_min": 330.29938, "x_max": 705.00275, "y_max": 488.32062, "confidence_score": 0.4297642, "Class": "domestic garbage", "tile_id": "57_7", "filename": "tile_57_7.jpg", "x_offset": 7168, "y_offset": 58368, "width": 1024, "height": 1024, "left": 255664.6728515625, "top": 9854275.8178710938, "pixel_size_x": 0.30517578125, "pixel_size_y": 0.30517578125, "crs": "EPSG:32737", "global_x_min": 255854.14401245117, "global_y_min": 9854175.0184997562, "global_x_max": 255879.82261657715, "global_y_max": 9854126.7942443844 }, "geometry": { "type": "Polygon", "coordinates": [ [ [ 255854.144012451171875, 9854175.018499756231904 ], [ 255879.822616577148438, 9854175.018499756231904 ], [ 255879.822616577148438, 9854126.794244384393096 ], [ 255854.144012451171875, 9854126.794244384393096 ], [ 255854.144012451171875, 9854175.018499756231904 ] ] ] } },
{ "type": "Feature", "properties": { "tile_row": 63, "tile_col": 5, "x_min": 653.6098, "y_min": 67.78679, "x_max": 714.221, "y_max": 125.329666, "confidence_score": 0.5295468, "Class": "domestic garbage", "tile_id": "63_5", "filename": "tile_63_5.jpg", "x_offset": 5120, "y_offset": 64512, "width": 1024, "height": 1024, "left": 255039.6728515625, "top": 9852400.8178710938, "pixel_size_x": 0.30517578125, "pixel_size_y": 0.30517578125, "crs": "EPSG:32737", "global_x_min": 255239.13873291016, "global_y_min": 9852380.1309844963, "global_x_max": 255257.63580322266, "global_y_max": 9852362.5702923592 }, "geometry": { "type": "Polygon", "coordinates": [ [ [ 255239.13873291015625, 9852380.130984496325254 ], [ 255257.63580322265625, 9852380.130984496325254 ], [ 255257.63580322265625, 9852362.570292359218001 ], [ 255239.13873291015625, 9852362.570292359218001 ], [ 255239.13873291015625, 9852380.130984496325254 ] ] ] } },
{ "type": "Feature", "properties": { "tile_row": 4, "tile_col": 14, "x_min": 770.2415, "y_min": 600.4439, "x_max": 811.8431, "y_max": 646.10455, "confidence_score": 0.63904715, "Class": "domestic garbage", "tile_id": "4_14", "filename": "tile_4_14.jpg", "x_offset": 14336, "y_offset": 4096, "width": 1024, "height": 1024, "left": 257852.1728515625, "top": 9870838.3178710938, "pixel_size_x": 0.30517578125, "pixel_size_y": 0.30517578125, "crs": "EPSG:32737", "global_x_min": 258087.23190307617, "global_y_min": 9870655.0769348145, "global_x_max": 258099.92770385742, "global_y_max": 9870641.1424102783 }, "geometry": { "type": "Polygon", "coordinates": [ [ [ 258087.231903076171875, 9870655.076934814453125 ], [ 258099.927703857421875, 9870655.076934814453125 ], [ 258099.927703857421875, 9870641.142410278320312 ], [ 258087.231903076171875, 9870641.142410278320312 ], [ 258087.231903076171875, 9870655.076934814453125 ] ] ] } },
{ "type": "Feature", "properties": { "tile_row": 55, "tile_col": 41, "x_min": 313.41946, "y_min": 585.6937, "x_max": 352.26328, "y_max": 618.1022, "confidence_score": 0.34204024, "Class": "domestic garbage", "tile_id": "55_41", "filename": "tile_55_41.jpg", "x_offset": 41984, "y_offset": 56320, "width": 1024, "height": 1024, "left": 266289.6728515625, "top": 9854900.8178710938, "pixel_size_x": 0.30517578125, "pixel_size_y": 0.30517578125, "crs": "EPSG:32737", "global_x_min": 266385.32088012696, "global_y_min": 9854722.078338623, "global_x_max": 266397.17507324216, "global_y_max": 9854712.1880493164 }, "geometry": { "type": "Polygon", "coordinates": [ [ [ 266385.320880126964767, 9854722.078338623046875 ], [ 266397.175073242164217, 9854722.078338623046875 ], [ 266397.175073242164217, 9854712.18804931640625 ], [ 266385.320880126964767, 9854712.18804931640625 ], [ 266385.320880126964767, 9854722.078338623046875 ] ] ] } },
{ "type": "Feature", "properties": { "tile_row": 8, "tile_col": 40, "x_min": 603.6547, "y_min": 695.84485, "x_max": 689.38324, "y_max": 743.97095, "confidence_score": 0.7216983, "Class": "domestic garbage", "tile_id": "8_40", "filename": "tile_8_40.jpg", "x_offset": 40960, "y_offset": 8192, "width": 1024, "height": 1024, "left": 265977.1728515625, "top": 9869588.3178710938, "pixel_size_x": 0.30517578125, "pixel_size_y": 0.30517578125, "crs": "EPSG:32737", "global_x_min": 266161.39364624023, "global_y_min": 9869375.9628753662, "global_x_max": 266187.55592041014, "global_y_max": 9869361.2759552002 }, "geometry": { "type": "Polygon", "coordinates": [ [ [ 266161.393646240234375, 9869375.962875366210938 ], [ 266187.555920410144608, 9869375.962875366210938 ], [ 266187.555920410144608, 9869361.275955200195312 ], [ 266161.393646240234375, 9869361.275955200195312 ], [ 266161.393646240234375, 9869375.962875366210938 ] ] ] } },
{ "type": "Feature", "properties": { "tile_row": 1, "tile_col": 29, "x_min": 447.9264, "y_min": 102.72102, "x_max": 512.4456, "y_max": 141.2762, "confidence_score": 0.32257387, "Class": "domestic garbage", "tile_id": "1_29", "filename": "tile_1_29.jpg", "x_offset": 29696, "y_offset": 1024, "width": 1024, "height": 1024, "left": 262539.6728515625, "top": 9871775.8178710938, "pixel_size_x": 0.30517578125, "pixel_size_y": 0.30517578125, "crs": "EPSG:32737", "global_x_min": 262676.369140625, "global_y_min": 9871744.4699035641, "global_x_max": 262696.05883789062, "global_y_max": 9871732.7037963867 }, "geometry": { "type": "Polygon", "coordinates": [ [ [ 262676.369140625, 9871744.469903564080596 ], [ 262696.058837890625, 9871744.469903564080596 ], [ 262696.058837890625, 9871732.70379638671875 ], [ 262676.369140625, 9871732.70379638671875 ], [ 262676.369140625, 9871744.469903564080596 ] ] ] } },
{ "type": "Feature", "properties": { "tile_row": 39, "tile_col": 10, "x_min": 787.97015, "y_min": 251.1012, "x_max": 829.91705, "y_max": 290.01123, "confidence_score": 0.751099, "Class": "domestic garbage", "tile_id": "39_10", "filename": "tile_39_10.jpg", "x_offset": 10240, "y_offset": 39936, "width": 1024, "height": 1024, "left": 256602.1728515625, "top": 9859900.8178710938, "pixel_size_x": 0.30517578125, "pixel_size_y": 0.30517578125, "crs": "EPSG:32737", "global_x_min": 256842.64225769043, "global_y_min": 9859824.1878662109, "global_x_max": 256855.44343566895, "global_y_max": 9859812.3134674076 }, "geometry": { "type": "Polygon", "coordinates": [ [ [ 256842.642257690429688, 9859824.1878662109375 ], [ 256855.443435668945312, 9859824.1878662109375 ], [ 256855.443435668945312, 9859812.313467407599092 ], [ 256842.642257690429688, 9859812.313467407599092 ], [ 256842.642257690429688, 9859824.1878662109375 ] ] ] } },
{ "type": "Feature", "properties": { "tile_row": 39, "tile_col": 10, "x_min": 687.28064, "y_min": 229.85686, "x_max": 736.84375, "y_max": 301.18372, "confidence_score": 0.5402316, "Class": "domestic garbage", "tile_id": "39_10", "filename": "tile_39_10.jpg", "x_offset": 10240, "y_offset": 39936, "width": 1024, "height": 1024, "left": 256602.1728515625, "top": 9859900.8178710938, "pixel_size_x": 0.30517578125, "pixel_size_y": 0.30517578125, "crs": "EPSG:32737", "global_x_min": 256811.91425781249, "global_y_min": 9859830.6711242683, "global_x_max": 256827.03971862793, "global_y_max": 9859808.9038940426 }, "geometry": { "type": "Polygon", "coordinates": [ [ [ 256811.914257812488358, 9859830.671124268323183 ], [ 256827.039718627929688, 9859830.671124268323183 ], [ 256827.039718627929688, 9859808.903894042596221 ], [ 256811.914257812488358, 9859808.903894042596221 ], [ 256811.914257812488358, 9859830.671124268323183 ] ] ] } },
{ "type": "Feature", "properties": { "tile_row": 40, "tile_col": 35, "x_min": 767.0863, "y_min": 688.8771, "x_max": 804.79724, "y_max": 722.44885, "confidence_score": 0.57851434, "Class": "domestic garbage", "tile_id": "40_35", "filename": "tile_40_35.jpg", "x_offset": 35840, "y_offset": 40960, "width": 1024, "height": 1024, "left": 264414.6728515625, "top": 9859588.3178710938, "pixel_size_x": 0.30517578125, "pixel_size_y": 0.30517578125, "crs": "EPSG:32737", "global_x_min": 264648.76901245117, "global_y_min": 9859378.089263916, "global_x_max": 264660.27747802733, "global_y_max": 9859367.8439788818 }, "geometry": { "type": "Polygon", "coordinates": [ [ [ 264648.769012451171875, 9859378.089263916015625 ], [ 264660.277478027332108, 9859378.089263916015625 ], [ 264660.277478027332108, 9859367.843978881835938 ], [ 264648.769012451171875, 9859367.843978881835938 ], [ 264648.769012451171875, 9859378.089263916015625 ] ] ] } },
{ "type": "Feature", "properties": { "tile_row": 75, "tile_col": 0, "x_min": 813.88837, "y_min": 269.12283, "x_max": 893.3665, "y_max": 340.6013, "confidence_score": 0.75816685, "Class": "domestic garbage", "tile_id": "75_0", "filename": "tile_75_0.jpg", "x_offset": 0, "y_offset": 76800, "width": 1024, "height": 1024, "left": 253477.1728515625, "top": 9848650.8178710938, "pixel_size_x": 0.30517578125, "pixel_size_y": 0.30517578125, "crs": "EPSG:32737", "global_x_min": 253725.55187072753, "global_y_min": 9848568.6881011967, "global_x_max": 253749.80667114258, "global_y_max": 9848546.8746032715 }, "geometry": { "type": "Polygon", "coordinates": [ [ [ 253725.551870727533242, 9848568.688101196661592 ], [ 253749.806671142578125, 9848568.688101196661592 ], [ 253749.806671142578125, 9848546.874603271484375 ], [ 253725.551870727533242, 9848546.874603271484375 ], [ 253725.551870727533242, 9848568.688101196661592 ] ] ] } },
{ "type": "Feature", "properties": { "tile_row": 42, "tile_col": 35, "x_min": 565.031, "y_min": 322.3782, "x_max": 629.3257, "y_max": 379.89297, "confidence_score": 0.6035087, "Class": "domestic garbage", "tile_id": "42_35", "filename": "tile_42_35.jpg", "x_offset": 35840, "y_offset": 43008, "width": 1024, "height": 1024, "left": 264414.6728515625, "top": 9858963.3178710938, "pixel_size_x": 0.30517578125, "pixel_size_y": 0.30517578125, "crs": "EPSG:32737", "global_x_min": 264587.10662841797, "global_y_min": 9858864.9358520508, "global_x_max": 264606.7278137207, "global_y_max": 9858847.3837371822 }, "geometry": { "type": "Polygon", "coordinates": [ [ [ 264587.10662841796875, 9858864.93585205078125 ], [ 264606.727813720703125, 9858864.93585205078125 ], [ 264606.727813720703125, 9858847.383737182244658 ], [ 264587.10662841796875, 9858847.383737182244658 ], [ 264587.10662841796875, 9858864.93585205078125 ] ] ] } },
{ "type": "Feature", "properties": { "tile_row": 42, "tile_col": 30, "x_min": 256.50894, "y_min": 549.21857, "x_max": 312.25156, "y_max": 643.4975, "confidence_score": 0.4532744, "Class": "domestic garbage", "tile_id": "42_30", "filename": "tile_42_30.jpg", "x_offset": 30720, "y_offset": 43008, "width": 1024, "height": 1024, "left": 262852.1728515625, "top": 9858963.3178710938, "pixel_size_x": 0.30517578125, "pixel_size_y": 0.30517578125, "crs": "EPSG:32737", "global_x_min": 262930.4531677246, "global_y_min": 9858795.7096649166, "global_x_max": 262947.46446533204, "global_y_max": 9858766.9380187988 }, "geometry": { "type": "Polygon", "coordinates": [ [ [ 262930.453167724597733, 9858795.709664916619658 ], [ 262947.464465332042892, 9858795.709664916619658 ], [ 262947.464465332042892, 9858766.938018798828125 ], [ 262930.453167724597733, 9858766.938018798828125 ], [ 262930.453167724597733, 9858795.709664916619658 ] ] ] } },
{ "type": "Feature", "properties": { "tile_row": 18, "tile_col": 40, "x_min": 323.63608, "y_min": 679.75244, "x_max": 374.45206, "y_max": 734.03296, "confidence_score": 0.66364, "Class": "domestic garbage", "tile_id": "18_40", "filename": "tile_18_40.jpg", "x_offset": 40960, "y_offset": 18432, "width": 1024, "height": 1024, "left": 265977.1728515625, "top": 9866463.3178710938, "pixel_size_x": 0.30517578125, "pixel_size_y": 0.30517578125, "crs": "EPSG:32737", "global_x_min": 266075.93874511716, "global_y_min": 9866255.8738891594, "global_x_max": 266091.44655151368, "global_y_max": 9866239.3087890632 }, "geometry": { "type": "Polygon", "coordinates": [ [ [ 266075.938745117164217, 9866255.873889159411192 ], [ 266091.446551513683517, 9866255.873889159411192 ], [ 266091.446551513683517, 9866239.308789063245058 ], [ 266075.938745117164217, 9866239.308789063245058 ], [ 266075.938745117164217, 9866255.873889159411192 ] ] ] } },
{ "type": "Feature", "properties": { "tile_row": 11, "tile_col": 41, "x_min": 151.12953, "y_min": 358.07132, "x_max": 194.73497, "y_max": 422.0325, "confidence_score": 0.54927564, "Class": "domestic garbage", "tile_id": "11_41", "filename": "tile_11_41.jpg", "x_offset": 41984, "y_offset": 11264, "width": 1024, "height": 1024, "left": 266289.6728515625, "top": 9868650.8178710938, "pixel_size_x": 0.30517578125, "pixel_size_y": 0.30517578125, "crs": "EPSG:32737", "global_x_min": 266335.79392395017, "global_y_min": 9868541.5431762692, "global_x_max": 266349.10124816897, "global_y_max": 9868522.0237731934 }, "geometry": { "type": "Polygon", "coordinates": [ [ [ 266335.793923950172029, 9868541.543176269158721 ], [ 266349.101248168968596, 9868541.543176269158721 ], [ 266349.101248168968596, 9868522.023773193359375 ], [ 266335.793923950172029, 9868522.023773193359375 ], [ 266335.793923950172029, 9868541.543176269158721 ] ] ] } },
{ "type": "Feature", "properties": { "tile_row": 34, "tile_col": 9, "x_min": 718.44086, "y_min": 853.8481, "x_max": 763.03595, "y_max": 916.3829, "confidence_score": 0.3549533, "Class": "domestic garbage", "tile_id": "34_9", "filename": "tile_34_9.jpg", "x_offset": 9216, "y_offset": 34816, "width": 1024, "height": 1024, "left": 256289.6728515625, "top": 9861463.3178710938, "pixel_size_x": 0.30517578125, "pixel_size_y": 0.30517578125, "crs": "EPSG:32737", "global_x_min": 256508.92360229493, "global_y_min": 9861202.7441101074, "global_x_max": 256522.53294372559, "global_y_max": 9861183.6600036621 }, "geometry": { "type": "Polygon", "coordinates": [ [ [ 256508.923602294933517, 9861202.744110107421875 ], [ 256522.532943725585938, 9861202.744110107421875 ], [ 256522.532943725585938, 9861183.660003662109375 ], [ 256508.923602294933517, 9861183.660003662109375 ], [ 256508.923602294933517, 9861202.744110107421875 ] ] ] } },
{ "type": "Feature", "properties": { "tile_row": 41, "tile_col": 31, "x_min": 275.43088, "y_min": 642.31934, "x_max": 315.27902, "y_max": 670.5939, "confidence_score": 0.33486623, "Class": "domestic garbage", "tile_id": "41_31", "filename": "tile_41_31.jpg", "x_offset": 31744, "y_offset": 41984, "width": 1024, "height": 1024, "left": 263164.6728515625, "top": 9859275.8178710938, "pixel_size_x": 0.30517578125, "pixel_size_y": 0.30517578125, "crs": "EPSG:32737", "global_x_min": 263248.72768554685, "global_y_min": 9859079.7975646965, "global_x_max": 263260.88837280276, "global_y_max": 9859071.1688537598 }, "geometry": { "type": "Polygon", "coordinates": [ [ [ 263248.727685546851717, 9859079.797564696520567 ], [ 263260.888372802757658, 9859079.797564696520567 ], [ 263260.888372802757658, 9859071.168853759765625 ], [ 263248.727685546851717, 9859071.168853759765625 ], [ 263248.727685546851717, 9859079.797564696520567 ] ] ] } },
{ "type": "Feature", "properties": { "tile_row": 41, "tile_col": 16, "x_min": 457.34534, "y_min": 111.9958, "x_max": 491.04224, "y_max": 152.48656, "confidence_score": 0.6112279, "Class": "domestic garbage", "tile_id": "41_16", "filename": "tile_41_16.jpg", "x_offset": 16384, "y_offset": 41984, "width": 1024, "height": 1024, "left": 258477.1728515625, "top": 9859275.8178710938, "pixel_size_x": 0.30517578125, "pixel_size_y": 0.30517578125, "crs": "EPSG:32737", "global_x_min": 258616.74357299804, "global_y_min": 9859241.639465332, "global_x_max": 258627.02705078124, "global_y_max": 9859229.2826660164 }, "geometry": { "type": "Polygon", "coordinates": [ [ [ 258616.743572998035233, 9859241.63946533203125 ], [ 258627.027050781238358, 9859241.63946533203125 ], [ 258627.027050781238358, 9859229.282666016370058 ], [ 258616.743572998035233, 9859229.282666016370058 ], [ 258616.743572998035233, 9859241.63946533203125 ] ] ] } },
{ "type": "Feature", "properties": { "tile_row": 74, "tile_col": 0, "x_min": 459.8692, "y_min": 576.1901, "x_max": 541.57697, "y_max": 670.43915, "confidence_score": 0.6850757, "Class": "domestic garbage", "tile_id": "74_0", "filename": "tile_74_0.jpg", "x_offset": 0, "y_offset": 75776, "width": 1024, "height": 1024, "left": 253477.1728515625, "top": 9848963.3178710938, "pixel_size_x": 0.30517578125, "pixel_size_y": 0.30517578125, "crs": "EPSG:32737", "global_x_min": 253617.51379394531, "global_y_min": 9848787.4786071777, "global_x_max": 253642.44902648925, "global_y_max": 9848758.7160797119 }, "geometry": { "type": "Polygon", "coordinates": [ [ [ 253617.5137939453125, 9848787.478607177734375 ], [ 253642.449026489251992, 9848787.478607177734375 ], [ 253642.449026489251992, 9848758.716079711914062 ], [ 253617.5137939453125, 9848758.716079711914062 ], [ 253617.5137939453125, 9848787.478607177734375 ] ] ] } },
{ "type": "Feature", "properties": { "tile_row": 14, "tile_col": 22, "x_min": 675.9983, "y_min": 265.702, "x_max": 719.4879, "y_max": 307.48587, "confidence_score": 0.51466256, "Class": "domestic garbage", "tile_id": "14_22", "filename": "tile_14_22.jpg", "x_offset": 22528, "y_offset": 14336, "width": 1024, "height": 1024, "left": 260352.1728515625, "top": 9867713.3178710938, "pixel_size_x": 0.30517578125, "pixel_size_y": 0.30517578125, "crs": "EPSG:32737", "global_x_min": 260558.47116088867, "global_y_min": 9867632.2320556641, "global_x_max": 260571.74313354492, "global_y_max": 9867619.4806304928 }, "geometry": { "type": "Polygon", "coordinates": [ [ [ 260558.471160888671875, 9867632.2320556640625 ], [ 260571.743133544921875, 9867632.2320556640625 ], [ 260571.743133544921875, 9867619.480630492791533 ], [ 260558.471160888671875, 9867619.480630492791533 ], [ 260558.471160888671875, 9867632.2320556640625 ] ] ] } },
{ "type": "Feature", "properties": { "tile_row": 36, "tile_col": 26, "x_min": 531.356, "y_min": 268.30017, "x_max": 580.4664, "y_max": 329.5694, "confidence_score": 0.9053741, "Class": "domestic garbage", "tile_id": "36_26", "filename": "tile_36_26.jpg", "x_offset": 26624, "y_offset": 36864, "width": 1024, "height": 1024, "left": 261602.1728515625, "top": 9860838.3178710938, "pixel_size_x": 0.30517578125, "pixel_size_y": 0.30517578125, "crs": "EPSG:32737", "global_x_min": 261764.32983398438, "global_y_min": 9860756.4391571041, "global_x_max": 261779.31713867188, "global_y_max": 9860737.7412719727 }, "geometry": { "type": "Polygon", "coordinates": [ [ [ 261764.329833984375, 9860756.439157104119658 ], [ 261779.317138671875, 9860756.439157104119658 ], [ 261779.317138671875, 9860737.74127197265625 ], [ 261764.329833984375, 9860737.74127197265625 ], [ 261764.329833984375, 9860756.439157104119658 ] ] ] } },
{ "type": "Feature", "properties": { "tile_row": 36, "tile_col": 26, "x_min": 586.3622, "y_min": 477.47247, "x_max": 642.9496, "y_max": 510.1615, "confidence_score": 0.6916186, "Class": "domestic garbage", "tile_id": "36_26", "filename": "tile_36_26.jpg", "x_offset": 26624, "y_offset": 36864, "width": 1024, "height": 1024, "left": 261602.1728515625, "top": 9860838.3178710938, "pixel_size_x": 0.30517578125, "pixel_size_y": 0.30517578125, "crs": "EPSG:32737", "global_x_min": 261781.11639404297, "global_y_min": 9860692.6048370358, "global_x_max": 261798.38549804688, "global_y_max": 9860682.6289367676 }, "geometry": { "type": "Polygon", "coordinates": [ [ [ 261781.11639404296875, 9860692.604837035760283 ], [ 261798.385498046875, 9860692.604837035760283 ], [ 261798.385498046875, 9860682.628936767578125 ], [ 261781.11639404296875, 9860682.628936767578125 ], [ 261781.11639404296875, 9860692.604837035760283 ] ] ] } },
{ "type": "Feature", "properties": { "tile_row": 46, "tile_col": 6, "x_min": 645.83594, "y_min": 823.1819, "x_max": 719.5123, "y_max": 869.8021, "confidence_score": 0.3309222, "Class": "domestic garbage", "tile_id": "46_6", "filename": "tile_46_6.jpg", "x_offset": 6144, "y_offset": 47104, "width": 1024, "height": 1024, "left": 255352.1728515625, "top": 9857713.3178710938, "pixel_size_x": 0.30517578125, "pixel_size_y": 0.30517578125, "crs": "EPSG:32737", "global_x_min": 255549.26633911132, "global_y_min": 9857462.1026916504, "global_x_max": 255571.75057983398, "global_y_max": 9857447.8753356934 }, "geometry": { "type": "Polygon", "coordinates": [ [ [ 255549.266339111316483, 9857462.102691650390625 ], [ 255571.750579833984375, 9857462.102691650390625 ], [ 255571.750579833984375, 9857447.875335693359375 ], [ 255549.266339111316483, 9857447.875335693359375 ], [ 255549.266339111316483, 9857462.102691650390625 ] ] ] } },
{ "type": "Feature", "properties": { "tile_row": 43, "tile_col": 14, "x_min": 506.26868, "y_min": 153.4431, "x_max": 568.66675, "y_max": 197.11198, "confidence_score": 0.3210199, "Class": "domestic garbage", "tile_id": "43_14", "filename": "tile_43_14.jpg", "x_offset": 14336, "y_offset": 44032, "width": 1024, "height": 1024, "left": 257852.1728515625, "top": 9858650.8178710938, "pixel_size_x": 0.30517578125, "pixel_size_y": 0.30517578125, "crs": "EPSG:32737", "global_x_min": 258006.67379150391, "global_y_min": 9858603.9907531738, "global_x_max": 258025.71617126465, "global_y_max": 9858590.6640686039 }, "geometry": { "type": "Polygon", "coordinates": [ [ [ 258006.673791503912071, 9858603.990753173828125 ], [ 258025.716171264648438, 9858603.990753173828125 ], [ 258025.716171264648438, 9858590.664068603888154 ], [ 258006.673791503912071, 9858590.664068603888154 ], [ 258006.673791503912071, 9858603.990753173828125 ] ] ] } },
{ "type": "Feature", "properties": { "tile_row": 55, "tile_col": 7, "x_min": 604.19806, "y_min": 599.39667, "x_max": 665.7941, "y_max": 639.8403, "confidence_score": 0.45693624, "Class": "domestic garbage", "tile_id": "55_7", "filename": "tile_55_7.jpg", "x_offset": 7168, "y_offset": 56320, "width": 1024, "height": 1024, "left": 255664.6728515625, "top": 9854900.8178710938, "pixel_size_x": 0.30517578125, "pixel_size_y": 0.30517578125, "crs": "EPSG:32737", "global_x_min": 255849.05946655275, "global_y_min": 9854717.8965240475, "global_x_max": 255867.85708618164, "global_y_max": 9854705.554107666 }, "geometry": { "type": "Polygon", "coordinates": [ [ [ 255849.059466552746017, 9854717.896524047479033 ], [ 255867.857086181640625, 9854717.896524047479033 ], [ 255867.857086181640625, 9854705.554107666015625 ], [ 255849.059466552746017, 9854705.554107666015625 ], [ 255849.059466552746017, 9854717.896524047479033 ] ] ] } },
{ "type": "Feature", "properties": { "tile_row": 18, "tile_col": 41, "x_min": 546.9071, "y_min": 172.62283, "x_max": 596.31494, "y_max": 227.1199, "confidence_score": 0.81178313, "Class": "domestic garbage", "tile_id": "18_41", "filename": "tile_18_41.jpg", "x_offset": 41984, "y_offset": 18432, "width": 1024, "height": 1024, "left": 266289.6728515625, "top": 9866463.3178710938, "pixel_size_x": 0.30517578125, "pixel_size_y": 0.30517578125, "crs": "EPSG:32737", "global_x_min": 266456.57565307617, "global_y_min": 9866410.6375640873, "global_x_max": 266471.65372924804, "global_y_max": 9866394.0063781738 }, "geometry": { "type": "Polygon", "coordinates": [ [ [ 266456.575653076171875, 9866410.637564087286592 ], [ 266471.653729248035233, 9866410.637564087286592 ], [ 266471.653729248035233, 9866394.006378173828125 ], [ 266456.575653076171875, 9866394.006378173828125 ], [ 266456.575653076171875, 9866410.637564087286592 ] ] ] } },
{ "type": "Feature", "properties": { "tile_row": 18, "tile_col": 41, "x_min": 474.53555, "y_min": 570.3521, "x_max": 515.9396, "y_max": 646.5971, "confidence_score": 0.32103702, "Class": "domestic garbage", "tile_id": "18_41", "filename": "tile_18_41.jpg", "x_offset": 41984, "y_offset": 18432, "width": 1024, "height": 1024, "left": 266289.6728515625, "top": 9866463.3178710938, "pixel_size_x": 0.30517578125, "pixel_size_y": 0.30517578125, "crs": "EPSG:32737", "global_x_min": 266434.48960876465, "global_y_min": 9866289.2602233887, "global_x_max": 266447.12512207031, "global_y_max": 9866265.9920959473 }, "geometry": { "type": "Polygon", "coordinates": [ [ [ 266434.489608764648438, 9866289.260223388671875 ], [ 266447.1251220703125, 9866289.260223388671875 ], [ 266447.1251220703125, 9866265.992095947265625 ], [ 266434.489608764648438, 9866265.992095947265625 ], [ 266434.489608764648438, 9866289.260223388671875 ] ] ] } },
{ "type": "Feature", "properties": { "tile_row": 61, "tile_col": 33, "x_min": 158.5003, "y_min": 725.5514, "x_max": 202.61456, "y_max": 795.53345, "confidence_score": 0.6259227, "Class": "domestic garbage", "tile_id": "61_33", "filename": "tile_61_33.jpg", "x_offset": 33792, "y_offset": 62464, "width": 1024, "height": 1024, "left": 263789.6728515625, "top": 9853025.8178710938, "pixel_size_x": 0.30517578125, "pixel_size_y": 0.30517578125, "crs": "EPSG:32737", "global_x_min": 263838.04330444336, "global_y_min": 9852804.3971557617, "global_x_max": 263851.50590820314, "global_y_max": 9852783.0403289795 }, "geometry": { "type": "Polygon", "coordinates": [ [ [ 263838.043304443359375, 9852804.39715576171875 ], [ 263851.505908203136642, 9852804.39715576171875 ], [ 263851.505908203136642, 9852783.040328979492188 ], [ 263838.043304443359375, 9852783.040328979492188 ], [ 263838.043304443359375, 9852804.39715576171875 ] ] ] } },
{ "type": "Feature", "properties": { "tile_row": 27, "tile_col": 15, "x_min": 477.855, "y_min": 275.75745, "x_max": 529.1077, "y_max": 326.0385, "confidence_score": 0.7038611, "Class": "domestic garbage", "tile_id": "27_15", "filename": "tile_27_15.jpg", "x_offset": 15360, "y_offset": 27648, "width": 1024, "height": 1024, "left": 258164.6728515625, "top": 9863650.8178710938, "pixel_size_x": 0.30517578125, "pixel_size_y": 0.30517578125, "crs": "EPSG:32737", "global_x_min": 258310.50262451172, "global_y_min": 9863566.6633758545, "global_x_max": 258326.14370727539, "global_y_max": 9863551.3188171387 }, "geometry": { "type": "Polygon", "coordinates": [ [ [ 258310.50262451171875, 9863566.663375854492188 ], [ 258326.143707275390625, 9863566.663375854492188 ], [ 258326.143707275390625, 9863551.318817138671875 ], [ 258310.50262451171875, 9863551.318817138671875 ], [ 258310.50262451171875, 9863566.663375854492188 ] ] ] } },
{ "type": "Feature", "properties": { "tile_row": 21, "tile_col": 25, "x_min": 777.0236, "y_min": 755.5014, "x_max": 834.2493, "y_max": 796.5644, "confidence_score": 0.6775455, "Class": "domestic garbage", "tile_id": "21_25", "filename": "tile_21_25.jpg", "x_offset": 25600, "y_offset": 21504, "width": 1024, "height": 1024, "left": 261289.6728515625, "top": 9865525.8178710938, "pixel_size_x": 0.30517578125, "pixel_size_y": 0.30517578125, "crs": "EPSG:32737", "global_x_min": 261526.80163574219, "global_y_min": 9865295.2571411133, "global_x_max": 261544.26553344727, "global_y_max": 9865282.7257080078 }, "geometry": { "type": "Polygon", "coordinates": [ [ [ 261526.8016357421875, 9865295.25714111328125 ], [ 261544.265533447265625, 9865295.25714111328125 ], [ 261544.265533447265625, 9865282.7257080078125 ], [ 261526.8016357421875, 9865282.7257080078125 ], [ 261526.8016357421875, 9865295.25714111328125 ] ] ] } },
{ "type": "Feature", "properties": { "tile_row": 50, "tile_col": 6, "x_min": 696.80164, "y_min": 768.3144, "x_max": 736.5438, "y_max": 798.9443, "confidence_score": 0.42600837, "Class": "domestic garbage", "tile_id": "50_6", "filename": "tile_50_6.jpg", "x_offset": 6144, "y_offset": 51200, "width": 1024, "height": 1024, "left": 255352.1728515625, "top": 9856463.3178710938, "pixel_size_x": 0.30517578125, "pixel_size_y": 0.30517578125, "crs": "EPSG:32737", "global_x_min": 255564.81983642577, "global_y_min": 9856228.8469238281, "global_x_max": 255576.94818115234, "global_y_max": 9856219.499420166 }, "geometry": { "type": "Polygon", "coordinates": [ [ [ 255564.819836425769608, 9856228.846923828125 ], [ 255576.94818115234375, 9856228.846923828125 ], [ 255576.94818115234375, 9856219.499420166015625 ], [ 255564.819836425769608, 9856219.499420166015625 ], [ 255564.819836425769608, 9856228.846923828125 ] ] ] } },
{ "type": "Feature", "properties": { "tile_row": 38, "tile_col": 10, "x_min": 598.4997, "y_min": 688.7813, "x_max": 639.62506, "y_max": 777.11285, "confidence_score": 0.5568044, "Class": "domestic garbage", "tile_id": "38_10", "filename": "tile_38_10.jpg", "x_offset": 10240, "y_offset": 38912, "width": 1024, "height": 1024, "left": 256602.1728515625, "top": 9860213.3178710938, "pixel_size_x": 0.30517578125, "pixel_size_y": 0.30517578125, "crs": "EPSG:32737", "global_x_min": 256784.82046508789, "global_y_min": 9860003.1184997559, "global_x_max": 256797.37092895509, "global_y_max": 9859976.1618499756 }, "geometry": { "type": "Polygon", "coordinates": [ [ [ 256784.820465087890625, 9860003.118499755859375 ], [ 256797.370928955089767, 9860003.118499755859375 ], [ 256797.370928955089767, 9859976.161849975585938 ], [ 256784.820465087890625, 9859976.161849975585938 ], [ 256784.820465087890625, 9860003.118499755859375 ] ] ] } },
{ "type": "Feature", "properties": { "tile_row": 44, "tile_col": 37, "x_min": 687.1835, "y_min": 604.4097, "x_max": 734.43884, "y_max": 639.42645, "confidence_score": 0.9124581, "Class": "domestic garbage", "tile_id": "44_37", "filename": "tile_44_37.jpg", "x_offset": 37888, "y_offset": 45056, "width": 1024, "height": 1024, "left": 265039.6728515625, "top": 9858338.3178710938, "pixel_size_x": 0.30517578125, "pixel_size_y": 0.30517578125, "crs": "EPSG:32737", "global_x_min": 265249.38461303711, "global_y_min": 9858153.8666687012, "global_x_max": 265263.80579833983, "global_y_max": 9858143.1804046631 }, "geometry": { "type": "Polygon", "coordinates": [ [ [ 265249.384613037109375, 9858153.866668701171875 ], [ 265263.805798339832108, 9858153.866668701171875 ], [ 265263.805798339832108, 9858143.180404663085938 ], [ 265249.384613037109375, 9858143.180404663085938 ], [ 265249.384613037109375, 9858153.866668701171875 ] ] ] } },
{ "type": "Feature", "properties": { "tile_row": 44, "tile_col": 37, "x_min": 292.16455, "y_min": 535.78094, "x_max": 322.8883, "y_max": 573.95233, "confidence_score": 0.8217869, "Class": "domestic garbage", "tile_id": "44_37", "filename": "tile_44_37.jpg", "x_offset": 37888, "y_offset": 45056, "width": 1024, "height": 1024, "left": 265039.6728515625, "top": 9858338.3178710938, "pixel_size_x": 0.30517578125, "pixel_size_y": 0.30517578125, "crs": "EPSG:32737", "global_x_min": 265128.8343963623, "global_y_min": 9858174.8105041496, "global_x_max": 265138.21054077148, "global_y_max": 9858163.1615203861 }, "geometry": { "type": "Polygon", "coordinates": [ [ [ 265128.834396362304688, 9858174.810504149645567 ], [ 265138.210540771484375, 9858174.810504149645567 ], [ 265138.210540771484375, 9858163.161520386114717 ], [ 265128.834396362304688, 9858163.161520386114717 ], [ 265128.834396362304688, 9858174.810504149645567 ] ] ] } },
{ "type": "Feature", "properties": { "tile_row": 56, "tile_col": 22, "x_min": 322.78397, "y_min": 573.6257, "x_max": 373.079, "y_max": 623.06573, "confidence_score": 0.30070826, "Class": "domestic garbage", "tile_id": "56_22", "filename": "tile_56_22.jpg", "x_offset": 22528, "y_offset": 57344, "width": 1024, "height": 1024, "left": 260352.1728515625, "top": 9854588.3178710938, "pixel_size_x": 0.30517578125, "pixel_size_y": 0.30517578125, "crs": "EPSG:32737", "global_x_min": 260450.67870178222, "global_y_min": 9854413.2611999512, "global_x_max": 260466.02752685547, "global_y_max": 9854398.1733001713 }, "geometry": { "type": "Polygon", "coordinates": [ [ [ 260450.678701782220742, 9854413.261199951171875 ], [ 260466.02752685546875, 9854413.261199951171875 ], [ 260466.02752685546875, 9854398.173300171270967 ], [ 260450.678701782220742, 9854398.173300171270967 ], [ 260450.678701782220742, 9854413.261199951171875 ] ] ] } },
{ "type": "Feature", "properties": { "tile_row": 32, "tile_col": 41, "x_min": 661.48425, "y_min": 327.63898, "x_max": 726.5145, "y_max": 390.03796, "confidence_score": 0.58255154, "Class": "domestic garbage", "tile_id": "32_41", "filename": "tile_32_41.jpg", "x_offset": 41984, "y_offset": 32768, "width": 1024, "height": 1024, "left": 266289.6728515625, "top": 9862088.3178710938, "pixel_size_x": 0.30517578125, "pixel_size_y": 0.30517578125, "crs": "EPSG:32737", "global_x_min": 266491.54182434082, "global_y_min": 9861988.3303894047, "global_x_max": 266511.38748168945, "global_y_max": 9861969.2877319343 }, "geometry": { "type": "Polygon", "coordinates": [ [ [ 266491.541824340820312, 9861988.330389404669404 ], [ 266511.387481689453125, 9861988.330389404669404 ], [ 266511.387481689453125, 9861969.287731934338808 ], [ 266491.541824340820312, 9861969.287731934338808 ], [ 266491.541824340820312, 9861988.330389404669404 ] ] ] } },
{ "type": "Feature", "properties": { "tile_row": 57, "tile_col": 4, "x_min": 226.7409, "y_min": 342.52036, "x_max": 276.9064, "y_max": 379.49728, "confidence_score": 0.32309684, "Class": "domestic garbage", "tile_id": "57_4", "filename": "tile_57_4.jpg", "x_offset": 4096, "y_offset": 58368, "width": 1024, "height": 1024, "left": 254727.1728515625, "top": 9854275.8178710938, "pixel_size_x": 0.30517578125, "pixel_size_y": 0.30517578125, "crs": "EPSG:32737", "global_x_min": 254796.36868286133, "global_y_min": 9854171.2889526375, "global_x_max": 254811.67797851562, "global_y_max": 9854160.0044921879 }, "geometry": { "type": "Polygon", "coordinates": [ [ [ 254796.368682861328125, 9854171.288952637463808 ], [ 254811.677978515625, 9854171.288952637463808 ], [ 254811.677978515625, 9854160.004492187872529 ], [ 254796.368682861328125, 9854160.004492187872529 ], [ 254796.368682861328125, 9854171.288952637463808 ] ] ] } },
{ "type": "Feature", "properties": { "tile_row": 38, "tile_col": 32, "x_min": 202.78189, "y_min": 295.15155, "x_max": 254.5654, "y_max": 343.18048, "confidence_score": 0.5421503, "Class": "domestic garbage", "tile_id": "38_32", "filename": "tile_38_32.jpg", "x_offset": 32768, "y_offset": 38912, "width": 1024, "height": 1024, "left": 263477.1728515625, "top": 9860213.3178710938, "pixel_size_x": 0.30517578125, "pixel_size_y": 0.30517578125, "crs": "EPSG:32737", "global_x_min": 263539.05697326659, "global_y_min": 9860123.2447662354, "global_x_max": 263554.86004638672, "global_y_max": 9860108.5875000004 }, "geometry": { "type": "Polygon", "coordinates": [ [ [ 263539.056973266589921, 9860123.244766235351562 ], [ 263554.86004638671875, 9860123.244766235351562 ], [ 263554.86004638671875, 9860108.587500000372529 ], [ 263539.056973266589921, 9860108.587500000372529 ], [ 263539.056973266589921, 9860123.244766235351562 ] ] ] } },
{ "type": "Feature", "properties": { "tile_row": 13, "tile_col": 14, "x_min": 365.6814, "y_min": 834.67426, "x_max": 494.6314, "y_max": 960.8177, "confidence_score": 0.4540404, "Class": "domestic garbage", "tile_id": "13_14", "filename": "tile_13_14.jpg", "x_offset": 14336, "y_offset": 13312, "width": 1024, "height": 1024, "left": 257852.1728515625, "top": 9868025.8178710938, "pixel_size_x": 0.30517578125, "pixel_size_y": 0.30517578125, "crs": "EPSG:32737", "global_x_min": 257963.76995849609, "global_y_min": 9867771.0955017097, "global_x_max": 258003.12237548828, "global_y_max": 9867732.5995788574 }, "geometry": { "type": "Polygon", "coordinates": [ [ [ 257963.76995849609375, 9867771.095501709729433 ], [ 258003.12237548828125, 9867771.095501709729433 ], [ 258003.12237548828125, 9867732.599578857421875 ], [ 257963.76995849609375, 9867732.599578857421875 ], [ 257963.76995849609375, 9867771.095501709729433 ] ] ] } },
{ "type": "Feature", "properties": { "tile_row": 41, "tile_col": 5, "x_min": 829.45764, "y_min": 664.81323, "x_max": 902.85876, "y_max": 710.05334, "confidence_score": 0.7854245, "Class": "domestic garbage", "tile_id": "41_5", "filename": "tile_41_5.jpg", "x_offset": 5120, "y_offset": 41984, "width": 1024, "height": 1024, "left": 255039.6728515625, "top": 9859275.8178710938, "pixel_size_x": 0.30517578125, "pixel_size_y": 0.30517578125, "crs": "EPSG:32737", "global_x_min": 255292.80323486327, "global_y_min": 9859072.9329742435, "global_x_max": 255315.20347900392, "global_y_max": 9859059.1267883293 }, "geometry": { "type": "Polygon", "coordinates": [ [ [ 255292.803234863269608, 9859072.932974243536592 ], [ 255315.203479003917892, 9859072.932974243536592 ], [ 255315.203479003917892, 9859059.126788329333067 ], [ 255292.803234863269608, 9859059.126788329333067 ], [ 255292.803234863269608, 9859072.932974243536592 ] ] ] } },
{ "type": "Feature", "properties": { "tile_row": 42, "tile_col": 0, "x_min": 722.74396, "y_min": 649.85614, "x_max": 767.4095, "y_max": 704.94464, "confidence_score": 0.32553047, "Class": "domestic garbage", "tile_id": "42_0", "filename": "tile_42_0.jpg", "x_offset": 0, "y_offset": 43008, "width": 1024, "height": 1024, "left": 253477.1728515625, "top": 9858963.3178710938, "pixel_size_x": 0.30517578125, "pixel_size_y": 0.30517578125, "crs": "EPSG:32737", "global_x_min": 253697.73680419923, "global_y_min": 9858764.9975158684, "global_x_max": 253711.36764526367, "global_y_max": 9858748.185839843 }, "geometry": { "type": "Polygon", "coordinates": [ [ [ 253697.736804199230392, 9858764.997515868395567 ], [ 253711.367645263671875, 9858764.997515868395567 ], [ 253711.367645263671875, 9858748.185839843004942 ], [ 253697.736804199230392, 9858748.185839843004942 ], [ 253697.736804199230392, 9858764.997515868395567 ] ] ] } },
{ "type": "Feature", "properties": { "tile_row": 72, "tile_col": 40, "x_min": 359.19232, "y_min": 256.7425, "x_max": 435.23303, "y_max": 347.11707, "confidence_score": 0.35227475, "Class": "domestic garbage", "tile_id": "72_40", "filename": "tile_72_40.jpg", "x_offset": 40960, "y_offset": 73728, "width": 1024, "height": 1024, "left": 265977.1728515625, "top": 9849588.3178710938, "pixel_size_x": 0.30517578125, "pixel_size_y": 0.30517578125, "crs": "EPSG:32737", "global_x_min": 266086.78964843752, "global_y_min": 9849509.9662780762, "global_x_max": 266109.99543151853, "global_y_max": 9849482.3861480709 }, "geometry": { "type": "Polygon", "coordinates": [ [ [ 266086.789648437523283, 9849509.966278076171875 ], [ 266109.995431518531404, 9849509.966278076171875 ], [ 266109.995431518531404, 9849482.386148070916533 ], [ 266086.789648437523283, 9849482.386148070916533 ], [ 266086.789648437523283, 9849509.966278076171875 ] ] ] } },
{ "type": "Feature", "properties": { "tile_row": 72, "tile_col": 40, "x_min": 355.62814, "y_min": 288.81537, "x_max": 419.72403, "y_max": 348.95697, "confidence_score": 0.31749406, "Class": "domestic garbage", "tile_id": "72_40", "filename": "tile_72_40.jpg", "x_offset": 40960, "y_offset": 73728, "width": 1024, "height": 1024, "left": 265977.1728515625, "top": 9849588.3178710938, "pixel_size_x": 0.30517578125, "pixel_size_y": 0.30517578125, "crs": "EPSG:32737", "global_x_min": 266085.70194702147, "global_y_min": 9849500.1784149166, "global_x_max": 266105.26246032713, "global_y_max": 9849481.824655151 }, "geometry": { "type": "Polygon", "coordinates": [ [ [ 266085.701947021472733, 9849500.178414916619658 ], [ 266105.262460327125154, 9849500.178414916619658 ], [ 266105.262460327125154, 9849481.824655150994658 ], [ 266085.701947021472733, 9849481.824655150994658 ], [ 266085.701947021472733, 9849500.178414916619658 ] ] ] } },
{ "type": "Feature", "properties": { "tile_row": 69, "tile_col": 35, "x_min": 850.93555, "y_min": 90.39591, "x_max": 897.18774, "y_max": 132.01912, "confidence_score": 0.54811, "Class": "domestic garbage", "tile_id": "69_35", "filename": "tile_69_35.jpg", "x_offset": 35840, "y_offset": 70656, "width": 1024, "height": 1024, "left": 264414.6728515625, "top": 9850525.8178710938, "pixel_size_x": 0.30517578125, "pixel_size_y": 0.30517578125, "crs": "EPSG:32737", "global_x_min": 264674.35777282715, "global_y_min": 9850498.2312286384, "global_x_max": 264688.47282104491, "global_y_max": 9850485.5288330074 }, "geometry": { "type": "Polygon", "coordinates": [ [ [ 264674.357772827148438, 9850498.231228638440371 ], [ 264688.472821044910233, 9850498.231228638440371 ], [ 264688.472821044910233, 9850485.528833007439971 ], [ 264674.357772827148438, 9850485.528833007439971 ], [ 264674.357772827148438, 9850498.231228638440371 ] ] ] } },
{ "type": "Feature", "properties": { "tile_row": 38, "tile_col": 15, "x_min": 922.36255, "y_min": 930.44073, "x_max": 961.6509, "y_max": 966.63165, "confidence_score": 0.5338814, "Class": "domestic garbage", "tile_id": "38_15", "filename": "tile_38_15.jpg", "x_offset": 15360, "y_offset": 38912, "width": 1024, "height": 1024, "left": 258164.6728515625, "top": 9860213.3178710938, "pixel_size_x": 0.30517578125, "pixel_size_y": 0.30517578125, "crs": "EPSG:32737", "global_x_min": 258446.15556335449, "global_y_min": 9859929.3698944096, "global_x_max": 258458.14541625977, "global_y_max": 9859918.325302124 }, "geometry": { "type": "Polygon", "coordinates": [ [ [ 258446.155563354492188, 9859929.369894409552217 ], [ 258458.145416259765625, 9859929.369894409552217 ], [ 258458.145416259765625, 9859918.325302124023438 ], [ 258446.155563354492188, 9859918.325302124023438 ], [ 258446.155563354492188, 9859929.369894409552217 ] ] ] } },
{ "type": "Feature", "properties": { "tile_row": 58, "tile_col": 26, "x_min": 678.34534, "y_min": 809.5201, "x_max": 729.3247, "y_max": 846.0544, "confidence_score": 0.78339875, "Class": "domestic garbage", "tile_id": "58_26", "filename": "tile_58_26.jpg", "x_offset": 26624, "y_offset": 59392, "width": 1024, "height": 1024, "left": 261602.1728515625, "top": 9853963.3178710938, "pixel_size_x": 0.30517578125, "pixel_size_y": 0.30517578125, "crs": "EPSG:32737", "global_x_min": 261809.18742065429, "global_y_min": 9853716.2719421387, "global_x_max": 261824.74508666992, "global_y_max": 9853705.1225585938 }, "geometry": { "type": "Polygon", "coordinates": [ [ [ 261809.187420654285233, 9853716.271942138671875 ], [ 261824.745086669921875, 9853716.271942138671875 ], [ 261824.745086669921875, 9853705.12255859375 ], [ 261809.187420654285233, 9853705.12255859375 ], [ 261809.187420654285233, 9853716.271942138671875 ] ] ] } },
{ "type": "Feature", "properties": { "tile_row": 30, "tile_col": 39, "x_min": 239.07211, "y_min": 472.70297, "x_max": 279.17612, "y_max": 502.14322, "confidence_score": 0.67605346, "Class": "domestic garbage", "tile_id": "30_39", "filename": "tile_30_39.jpg", "x_offset": 39936, "y_offset": 30720, "width": 1024, "height": 1024, "left": 265664.6728515625, "top": 9862713.3178710938, "pixel_size_x": 0.30517578125, "pixel_size_y": 0.30517578125, "crs": "EPSG:32737", "global_x_min": 265737.63186950685, "global_y_min": 9862569.0603729244, "global_x_max": 265749.87064208987, "global_y_max": 9862560.0759216305 }, "geometry": { "type": "Polygon", "coordinates": [ [ [ 265737.631869506847579, 9862569.060372924432158 ], [ 265749.870642089867033, 9862569.060372924432158 ], [ 265749.870642089867033, 9862560.075921630486846 ], [ 265737.631869506847579, 9862560.075921630486846 ], [ 265737.631869506847579, 9862569.060372924432158 ] ] ] } },
{ "type": "Feature", "properties": { "tile_row": 57, "tile_col": 6, "x_min": 204.63591, "y_min": 473.8979, "x_max": 261.15118, "y_max": 514.81195, "confidence_score": 0.8812371, "Class": "domestic garbage", "tile_id": "57_6", "filename": "tile_57_6.jpg", "x_offset": 6144, "y_offset": 58368, "width": 1024, "height": 1024, "left": 255352.1728515625, "top": 9854275.8178710938, "pixel_size_x": 0.30517578125, "pixel_size_y": 0.30517578125, "crs": "EPSG:32737", "global_x_min": 255414.62277526857, "global_y_min": 9854131.1957092285, "global_x_max": 255431.86986694337, "global_y_max": 9854118.7097320557 }, "geometry": { "type": "Polygon", "coordinates": [ [ [ 255414.622775268566329, 9854131.195709228515625 ], [ 255431.869866943365196, 9854131.195709228515625 ], [ 255431.869866943365196, 9854118.709732055664062 ], [ 255414.622775268566329, 9854118.709732055664062 ], [ 255414.622775268566329, 9854131.195709228515625 ] ] ] } },
{ "type": "Feature", "properties": { "tile_row": 16, "tile_col": 24, "x_min": 711.7244, "y_min": 47.055496, "x_max": 805.2514, "y_max": 104.67697, "confidence_score": 0.72248256, "Class": "domestic garbage", "tile_id": "16_24", "filename": "tile_16_24.jpg", "x_offset": 24576, "y_offset": 16384, "width": 1024, "height": 1024, "left": 260977.1728515625, "top": 9867088.3178710938, "pixel_size_x": 0.30517578125, "pixel_size_y": 0.30517578125, "crs": "EPSG:32737", "global_x_min": 261194.37390136719, "global_y_min": 9867073.9576733392, "global_x_max": 261222.91607666016, "global_y_max": 9867056.3729949947 }, "geometry": { "type": "Polygon", "coordinates": [ [ [ 261194.3739013671875, 9867073.957673339173198 ], [ 261222.91607666015625, 9867073.957673339173198 ], [ 261222.91607666015625, 9867056.372994994744658 ], [ 261194.3739013671875, 9867056.372994994744658 ], [ 261194.3739013671875, 9867073.957673339173198 ] ] ] } },
{ "type": "Feature", "properties": { "tile_row": 30, "tile_col": 24, "x_min": 508.56305, "y_min": 389.44812, "x_max": 540.7763, "y_max": 419.66193, "confidence_score": 0.6937905, "Class": "domestic garbage", "tile_id": "30_24", "filename": "tile_30_24.jpg", "x_offset": 24576, "y_offset": 30720, "width": 1024, "height": 1024, "left": 260977.1728515625, "top": 9862713.3178710938, "pixel_size_x": 0.30517578125, "pixel_size_y": 0.30517578125, "crs": "EPSG:32737", "global_x_min": 261132.37397766113, "global_y_min": 9862594.467736816, "global_x_max": 261142.20468139648, "global_y_max": 9862585.2472137455 }, "geometry": { "type": "Polygon", "coordinates": [ [ [ 261132.373977661132812, 9862594.467736816033721 ], [ 261142.204681396484375, 9862594.467736816033721 ], [ 261142.204681396484375, 9862585.247213745489717 ], [ 261132.373977661132812, 9862585.247213745489717 ], [ 261132.373977661132812, 9862594.467736816033721 ] ] ] } },
{ "type": "Feature", "properties": { "tile_row": 24, "tile_col": 36, "x_min": 322.06403, "y_min": 224.98872, "x_max": 373.72144, "y_max": 270.56247, "confidence_score": 0.3647821, "Class": "domestic garbage", "tile_id": "24_36", "filename": "tile_24_36.jpg", "x_offset": 36864, "y_offset": 24576, "width": 1024, "height": 1024, "left": 264727.1728515625, "top": 9864588.3178710938, "pixel_size_x": 0.30517578125, "pixel_size_y": 0.30517578125, "crs": "EPSG:32737", "global_x_min": 264825.45899353025, "global_y_min": 9864519.6567626949, "global_x_max": 264841.22358398436, "global_y_max": 9864505.7487579342 }, "geometry": { "type": "Polygon", "coordinates": [ [ [ 264825.458993530250154, 9864519.656762694939971 ], [ 264841.223583984363358, 9864519.656762694939971 ], [ 264841.223583984363358, 9864505.748757934197783 ], [ 264825.458993530250154, 9864505.748757934197783 ], [ 264825.458993530250154, 9864519.656762694939971 ] ] ] } },
{ "type": "Feature", "properties": { "tile_row": 49, "tile_col": 3, "x_min": 294.02618, "y_min": 415.14914, "x_max": 324.7273, "y_max": 446.24734, "confidence_score": 0.543668, "Class": "domestic garbage", "tile_id": "49_3", "filename": "tile_49_3.jpg", "x_offset": 3072, "y_offset": 50176, "width": 1024, "height": 1024, "left": 254414.6728515625, "top": 9856775.8178710938, "pixel_size_x": 0.30517578125, "pixel_size_y": 0.30517578125, "crs": "EPSG:32737", "global_x_min": 254504.40252075196, "global_y_min": 9856649.1244079582, "global_x_max": 254513.7717590332, "global_y_max": 9856639.6339904778 }, "geometry": { "type": "Polygon", "coordinates": [ [ [ 254504.402520751958946, 9856649.124407958239317 ], [ 254513.771759033203125, 9856649.124407958239317 ], [ 254513.771759033203125, 9856639.633990477770567 ], [ 254504.402520751958946, 9856639.633990477770567 ], [ 254504.402520751958946, 9856649.124407958239317 ] ] ] } },
{ "type": "Feature", "properties": { "tile_row": 49, "tile_col": 3, "x_min": 472.07263, "y_min": 558.29, "x_max": 542.05914, "y_max": 596.8094, "confidence_score": 0.36820742, "Class": "domestic garbage", "tile_id": "49_3", "filename": "tile_49_3.jpg", "x_offset": 3072, "y_offset": 50176, "width": 1024, "height": 1024, "left": 254414.6728515625, "top": 9856775.8178710938, "pixel_size_x": 0.30517578125, "pixel_size_y": 0.30517578125, "crs": "EPSG:32737", "global_x_min": 254558.7379852295, "global_y_min": 9856605.4412841797, "global_x_max": 254580.09617309569, "global_y_max": 9856593.6860961914 }, "geometry": { "type": "Polygon", "coordinates": [ [ [ 254558.737985229498008, 9856605.4412841796875 ], [ 254580.096173095691483, 9856605.4412841796875 ], [ 254580.096173095691483, 9856593.68609619140625 ], [ 254558.737985229498008, 9856593.68609619140625 ], [ 254558.737985229498008, 9856605.4412841796875 ] ] ] } },
{ "type": "Feature", "properties": { "tile_row": 51, "tile_col": 6, "x_min": 793.2519, "y_min": 390.07492, "x_max": 849.42596, "y_max": 441.9628, "confidence_score": 0.5298984, "Class": "domestic garbage", "tile_id": "51_6", "filename": "tile_51_6.jpg", "x_offset": 6144, "y_offset": 52224, "width": 1024, "height": 1024, "left": 255352.1728515625, "top": 9856150.8178710938, "pixel_size_x": 0.30517578125, "pixel_size_y": 0.30517578125, "crs": "EPSG:32737", "global_x_min": 255594.25411987305, "global_y_min": 9856031.7764526363, "global_x_max": 255611.39708251954, "global_y_max": 9856015.9415283203 }, "geometry": { "type": "Polygon", "coordinates": [ [ [ 255594.254119873046875, 9856031.776452636346221 ], [ 255611.397082519542892, 9856031.776452636346221 ], [ 255611.397082519542892, 9856015.9415283203125 ], [ 255594.254119873046875, 9856015.9415283203125 ], [ 255594.254119873046875, 9856031.776452636346221 ] ] ] } },
{ "type": "Feature", "properties": { "tile_row": 51, "tile_col": 6, "x_min": 140.49968, "y_min": 417.7631, "x_max": 181.2205, "y_max": 451.33542, "confidence_score": 0.4717535, "Class": "domestic garbage", "tile_id": "51_6", "filename": "tile_51_6.jpg", "x_offset": 6144, "y_offset": 52224, "width": 1024, "height": 1024, "left": 255352.1728515625, "top": 9856150.8178710938, "pixel_size_x": 0.30517578125, "pixel_size_y": 0.30517578125, "crs": "EPSG:32737", "global_x_min": 255395.04995117188, "global_y_min": 9856023.3266906738, "global_x_max": 255407.47695922852, "global_y_max": 9856013.0812316891 }, "geometry": { "type": "Polygon", "coordinates": [ [ [ 255395.049951171880821, 9856023.326690673828125 ], [ 255407.476959228515625, 9856023.326690673828125 ], [ 255407.476959228515625, 9856013.081231689080596 ], [ 255395.049951171880821, 9856013.081231689080596 ], [ 255395.049951171880821, 9856023.326690673828125 ] ] ] } },
{ "type": "Feature", "properties": { "tile_row": 45, "tile_col": 27, "x_min": 77.48057, "y_min": 347.99933, "x_max": 120.91303, "y_max": 418.51587, "confidence_score": 0.35160646, "Class": "domestic garbage", "tile_id": "45_27", "filename": "tile_45_27.jpg", "x_offset": 27648, "y_offset": 46080, "width": 1024, "height": 1024, "left": 261914.6728515625, "top": 9858025.8178710938, "pixel_size_x": 0.30517578125, "pixel_size_y": 0.30517578125, "crs": "EPSG:32737", "global_x_min": 261938.31804504394, "global_y_min": 9857919.6169036869, "global_x_max": 261951.57257995606, "global_y_max": 9857898.0969635006 }, "geometry": { "type": "Polygon", "coordinates": [ [ [ 261938.318045043939492, 9857919.616903686895967 ], [ 261951.572579956060508, 9857919.616903686895967 ], [ 261951.572579956060508, 9857898.096963500604033 ], [ 261938.318045043939492, 9857898.096963500604033 ], [ 261938.318045043939492, 9857919.616903686895967 ] ] ] } },
{ "type": "Feature", "properties": { "tile_row": 18, "tile_col": 37, "x_min": 737.48987, "y_min": 783.3724, "x_max": 772.9905, "y_max": 844.4482, "confidence_score": 0.3735365, "Class": "domestic garbage", "tile_id": "18_37", "filename": "tile_18_37.jpg", "x_offset": 37888, "y_offset": 18432, "width": 1024, "height": 1024, "left": 265039.6728515625, "top": 9866463.3178710938, "pixel_size_x": 0.30517578125, "pixel_size_y": 0.30517578125, "crs": "EPSG:32737", "global_x_min": 265264.73689880373, "global_y_min": 9866224.2515869141, "global_x_max": 265275.57083129883, "global_y_max": 9866205.6127319336 }, "geometry": { "type": "Polygon", "coordinates": [ [ [ 265264.736898803734221, 9866224.2515869140625 ], [ 265275.570831298828125, 9866224.2515869140625 ], [ 265275.570831298828125, 9866205.61273193359375 ], [ 265264.736898803734221, 9866205.61273193359375 ], [ 265264.736898803734221, 9866224.2515869140625 ] ] ] } },
{ "type": "Feature", "properties": { "tile_row": 15, "tile_col": 21, "x_min": 444.20084, "y_min": 393.48895, "x_max": 489.69254, "y_max": 432.7011, "confidence_score": 0.34168, "Class": "domestic garbage", "tile_id": "15_21", "filename": "tile_15_21.jpg", "x_offset": 21504, "y_offset": 15360, "width": 1024, "height": 1024, "left": 260039.6728515625, "top": 9867400.8178710938, "pixel_size_x": 0.30517578125, "pixel_size_y": 0.30517578125, "crs": "EPSG:32737", "global_x_min": 260175.23218994139, "global_y_min": 9867280.7345733643, "global_x_max": 260189.11515502929, "global_y_max": 9867268.7679748535 }, "geometry": { "type": "Polygon", "coordinates": [ [ [ 260175.232189941394608, 9867280.734573364257812 ], [ 260189.115155029285233, 9867280.734573364257812 ], [ 260189.115155029285233, 9867268.767974853515625 ], [ 260175.232189941394608, 9867268.767974853515625 ], [ 260175.232189941394608, 9867280.734573364257812 ] ] ] } },
{ "type": "Feature", "properties": { "tile_row": 24, "tile_col": 6, "x_min": 826.6709, "y_min": 118.02301, "x_max": 901.6371, "y_max": 190.35352, "confidence_score": 0.40511796, "Class": "domestic garbage", "tile_id": "24_6", "filename": "tile_24_6.jpg", "x_offset": 6144, "y_offset": 24576, "width": 1024, "height": 1024, "left": 255352.1728515625, "top": 9864588.3178710938, "pixel_size_x": 0.30517578125, "pixel_size_y": 0.30517578125, "crs": "EPSG:32737", "global_x_min": 255604.45278930664, "global_y_min": 9864552.3001068123, "global_x_max": 255627.33065795898, "global_y_max": 9864530.2265869137 }, "geometry": { "type": "Polygon", "coordinates": [ [ [ 255604.452789306640625, 9864552.300106812268496 ], [ 255627.330657958984375, 9864552.300106812268496 ], [ 255627.330657958984375, 9864530.226586913689971 ], [ 255604.452789306640625, 9864530.226586913689971 ], [ 255604.452789306640625, 9864552.300106812268496 ] ] ] } },
{ "type": "Feature", "properties": { "tile_row": 24, "tile_col": 41, "x_min": 240.95697, "y_min": 572.706, "x_max": 294.716, "y_max": 613.7033, "confidence_score": 0.3045617, "Class": "domestic garbage", "tile_id": "24_41", "filename": "tile_24_41.jpg", "x_offset": 41984, "y_offset": 24576, "width": 1024, "height": 1024, "left": 266289.6728515625, "top": 9864588.3178710938, "pixel_size_x": 0.30517578125, "pixel_size_y": 0.30517578125, "crs": "EPSG:32737", "global_x_min": 266363.20708312991, "global_y_min": 9864413.5418701172, "global_x_max": 266379.61303710938, "global_y_max": 9864401.0304870605 }, "geometry": { "type": "Polygon", "coordinates": [ [ [ 266363.207083129906096, 9864413.5418701171875 ], [ 266379.613037109375, 9864413.5418701171875 ], [ 266379.613037109375, 9864401.030487060546875 ], [ 266363.207083129906096, 9864401.030487060546875 ], [ 266363.207083129906096, 9864413.5418701171875 ] ] ] } },
{ "type": "Feature", "properties": { "tile_row": 20, "tile_col": 21, "x_min": 410.30994, "y_min": 518.291, "x_max": 501.61737, "y_max": 601.23584, "confidence_score": 0.5400569, "Class": "domestic garbage", "tile_id": "20_21", "filename": "tile_20_21.jpg", "x_offset": 21504, "y_offset": 20480, "width": 1024, "height": 1024, "left": 260039.6728515625, "top": 9865838.3178710938, "pixel_size_x": 0.30517578125, "pixel_size_y": 0.30517578125, "crs": "EPSG:32737", "global_x_min": 260164.88950805663, "global_y_min": 9865680.1480102539, "global_x_max": 260192.75432434081, "global_y_max": 9865654.8352539055 }, "geometry": { "type": "Polygon", "coordinates": [ [ [ 260164.889508056628983, 9865680.14801025390625 ], [ 260192.754324340814492, 9865680.14801025390625 ], [ 260192.754324340814492, 9865654.835253905504942 ], [ 260164.889508056628983, 9865654.835253905504942 ], [ 260164.889508056628983, 9865680.14801025390625 ] ] ] } },
{ "type": "Feature", "properties": { "tile_row": 20, "tile_col": 21, "x_min": 195.04077, "y_min": 560.3728, "x_max": 253.07153, "y_max": 617.3115, "confidence_score": 0.46832162, "Class": "domestic garbage", "tile_id": "20_21", "filename": "tile_20_21.jpg", "x_offset": 21504, "y_offset": 20480, "width": 1024, "height": 1024, "left": 260039.6728515625, "top": 9865838.3178710938, "pixel_size_x": 0.30517578125, "pixel_size_y": 0.30517578125, "crs": "EPSG:32737", "global_x_min": 260099.19457092285, "global_y_min": 9865667.3056640625, "global_x_max": 260116.90415344239, "global_y_max": 9865649.9293518066 }, "geometry": { "type": "Polygon", "coordinates": [ [ [ 260099.194570922845742, 9865667.3056640625 ], [ 260116.904153442388633, 9865667.3056640625 ], [ 260116.904153442388633, 9865649.929351806640625 ], [ 260099.194570922845742, 9865649.929351806640625 ], [ 260099.194570922845742, 9865667.3056640625 ] ] ] } },
{ "type": "Feature", "properties": { "tile_row": 20, "tile_col": 21, "x_min": 524.2419, "y_min": 594.4015, "x_max": 631.732, "y_max": 668.12524, "confidence_score": 0.35137552, "Class": "domestic garbage", "tile_id": "20_21", "filename": "tile_20_21.jpg", "x_offset": 21504, "y_offset": 20480, "width": 1024, "height": 1024, "left": 260039.6728515625, "top": 9865838.3178710938, "pixel_size_x": 0.30517578125, "pixel_size_y": 0.30517578125, "crs": "EPSG:32737", "global_x_min": 260199.65878295898, "global_y_min": 9865656.9209289551, "global_x_max": 260232.46215820312, "global_y_max": 9865634.4222290032 }, "geometry": { "type": "Polygon", "coordinates": [ [ [ 260199.658782958984375, 9865656.920928955078125 ], [ 260232.462158203125, 9865656.920928955078125 ], [ 260232.462158203125, 9865634.422229003161192 ], [ 260199.658782958984375, 9865634.422229003161192 ], [ 260199.658782958984375, 9865656.920928955078125 ] ] ] } },
{ "type": "Feature", "properties": { "tile_row": 45, "tile_col": 39, "x_min": 214.11903, "y_min": 287.29895, "x_max": 269.1915, "y_max": 328.72516, "confidence_score": 0.6020071, "Class": "domestic garbage", "tile_id": "45_39", "filename": "tile_45_39.jpg", "x_offset": 39936, "y_offset": 46080, "width": 1024, "height": 1024, "left": 265664.6728515625, "top": 9858025.8178710938, "pixel_size_x": 0.30517578125, "pixel_size_y": 0.30517578125, "crs": "EPSG:32737", "global_x_min": 265730.01679382322, "global_y_min": 9857938.1411895752, "global_x_max": 265746.82357788086, "global_y_max": 9857925.498913575 }, "geometry": { "type": "Polygon", "coordinates": [ [ [ 265730.016793823218904, 9857938.141189575195312 ], [ 265746.823577880859375, 9857938.141189575195312 ], [ 265746.823577880859375, 9857925.498913574963808 ], [ 265730.016793823218904, 9857925.498913574963808 ], [ 265730.016793823218904, 9857938.141189575195312 ] ] ] } },
{ "type": "Feature", "properties": { "tile_row": 61, "tile_col": 4, "x_min": 731.55396, "y_min": 634.85614, "x_max": 776.81104, "y_max": 674.2071, "confidence_score": 0.8533081, "Class": "domestic garbage", "tile_id": "61_4", "filename": "tile_61_4.jpg", "x_offset": 4096, "y_offset": 62464, "width": 1024, "height": 1024, "left": 254727.1728515625, "top": 9853025.8178710938, "pixel_size_x": 0.30517578125, "pixel_size_y": 0.30517578125, "crs": "EPSG:32737", "global_x_min": 254950.42540283204, "global_y_min": 9852832.0751525871, "global_x_max": 254964.23676757811, "global_y_max": 9852820.066192627 }, "geometry": { "type": "Polygon", "coordinates": [ [ [ 254950.425402832042892, 9852832.075152587145567 ], [ 254964.236767578113358, 9852832.075152587145567 ], [ 254964.236767578113358, 9852820.066192626953125 ], [ 254950.425402832042892, 9852820.066192626953125 ], [ 254950.425402832042892, 9852832.075152587145567 ] ] ] } },
{ "type": "Feature", "properties": { "tile_row": 29, "tile_col": 37, "x_min": 503.30057, "y_min": 668.9403, "x_max": 568.5057, "y_max": 706.577, "confidence_score": 0.37681553, "Class": "domestic garbage", "tile_id": "29_37", "filename": "tile_29_37.jpg", "x_offset": 37888, "y_offset": 29696, "width": 1024, "height": 1024, "left": 265039.6728515625, "top": 9863025.8178710938, "pixel_size_x": 0.30517578125, "pixel_size_y": 0.30517578125, "crs": "EPSG:32737", "global_x_min": 265193.26799621584, "global_y_min": 9862821.6734924316, "global_x_max": 265213.16702270508, "global_y_max": 9862810.1876831055 }, "geometry": { "type": "Polygon", "coordinates": [ [ [ 265193.267996215843596, 9862821.673492431640625 ], [ 265213.167022705078125, 9862821.673492431640625 ], [ 265213.167022705078125, 9862810.18768310546875 ], [ 265193.267996215843596, 9862810.18768310546875 ], [ 265193.267996215843596, 9862821.673492431640625 ] ] ] } },
{ "type": "Feature", "properties": { "tile_row": 77, "tile_col": 4, "x_min": 593.39844, "y_min": 618.7162, "x_max": 680.44995, "y_max": 698.1742, "confidence_score": 0.9011721, "Class": "domestic garbage", "tile_id": "77_4", "filename": "tile_77_4.jpg", "x_offset": 4096, "y_offset": 78848, "width": 1024, "height": 1024, "left": 254727.1728515625, "top": 9848025.8178710938, "pixel_size_x": 0.30517578125, "pixel_size_y": 0.30517578125, "crs": "EPSG:32737", "global_x_min": 254908.26368408202, "global_y_min": 9847837.0006713867, "global_x_max": 254934.82969665527, "global_y_max": 9847812.7520141602 }, "geometry": { "type": "Polygon", "coordinates": [ [ [ 254908.263684082019608, 9847837.00067138671875 ], [ 254934.829696655273438, 9847837.00067138671875 ], [ 254934.829696655273438, 9847812.75201416015625 ], [ 254908.263684082019608, 9847812.75201416015625 ], [ 254908.263684082019608, 9847837.00067138671875 ] ] ] } },
{ "type": "Feature", "properties": { "tile_row": 20, "tile_col": 27, "x_min": 774.20355, "y_min": 849.4512, "x_max": 834.5678, "y_max": 910.94714, "confidence_score": 0.41124022, "Class": "domestic garbage", "tile_id": "20_27", "filename": "tile_20_27.jpg", "x_offset": 27648, "y_offset": 20480, "width": 1024, "height": 1024, "left": 261914.6728515625, "top": 9865838.3178710938, "pixel_size_x": 0.30517578125, "pixel_size_y": 0.30517578125, "crs": "EPSG:32737", "global_x_min": 262150.94102478027, "global_y_min": 9865579.0859375, "global_x_max": 262169.36273193359, "global_y_max": 9865560.3188659661 }, "geometry": { "type": "Polygon", "coordinates": [ [ [ 262150.941024780273438, 9865579.0859375 ], [ 262169.36273193359375, 9865579.0859375 ], [ 262169.36273193359375, 9865560.318865966051817 ], [ 262150.941024780273438, 9865560.318865966051817 ], [ 262150.941024780273438, 9865579.0859375 ] ] ] } },
{ "type": "Feature", "properties": { "tile_row": 59, "tile_col": 24, "x_min": 330.19324, "y_min": 391.64835, "x_max": 445.08752, "y_max": 466.86575, "confidence_score": 0.64948714, "Class": "domestic garbage", "tile_id": "59_24", "filename": "tile_59_24.jpg", "x_offset": 24576, "y_offset": 60416, "width": 1024, "height": 1024, "left": 260977.1728515625, "top": 9853650.8178710938, "pixel_size_x": 0.30517578125, "pixel_size_y": 0.30517578125, "crs": "EPSG:32737", "global_x_min": 261077.93983154296, "global_y_min": 9853531.2962799072, "global_x_max": 261113.00278320312, "global_y_max": 9853508.3417510986 }, "geometry": { "type": "Polygon", "coordinates": [ [ [ 261077.939831542957108, 9853531.296279907226562 ], [ 261113.002783203119179, 9853531.296279907226562 ], [ 261113.002783203119179, 9853508.341751098632812 ], [ 261077.939831542957108, 9853508.341751098632812 ], [ 261077.939831542957108, 9853531.296279907226562 ] ] ] } },
{ "type": "Feature", "properties": { "tile_row": 59, "tile_col": 24, "x_min": 373.82034, "y_min": 391.29654, "x_max": 439.7098, "y_max": 453.7335, "confidence_score": 0.38358706, "Class": "domestic garbage", "tile_id": "59_24", "filename": "tile_59_24.jpg", "x_offset": 24576, "y_offset": 60416, "width": 1024, "height": 1024, "left": 260977.1728515625, "top": 9853650.8178710938, "pixel_size_x": 0.30517578125, "pixel_size_y": 0.30517578125, "crs": "EPSG:32737", "global_x_min": 261091.25376586913, "global_y_min": 9853531.4036437981, "global_x_max": 261111.36163330078, "global_y_max": 9853512.349395752 }, "geometry": { "type": "Polygon", "coordinates": [ [ [ 261091.253765869128983, 9853531.403643798083067 ], [ 261111.36163330078125, 9853531.403643798083067 ], [ 261111.36163330078125, 9853512.349395751953125 ], [ 261091.253765869128983, 9853512.349395751953125 ], [ 261091.253765869128983, 9853531.403643798083067 ] ] ] } },
{ "type": "Feature", "properties": { "tile_row": 13, "tile_col": 39, "x_min": 904.5442, "y_min": 522.56213, "x_max": 1016.0093, "y_max": 636.3677, "confidence_score": 0.7935123, "Class": "domestic garbage", "tile_id": "13_39", "filename": "tile_13_39.jpg", "x_offset": 39936, "y_offset": 13312, "width": 1024, "height": 1024, "left": 265664.6728515625, "top": 9868025.8178710938, "pixel_size_x": 0.30517578125, "pixel_size_y": 0.30517578125, "crs": "EPSG:32737", "global_x_min": 265940.71783447266, "global_y_min": 9867866.3445648197, "global_x_max": 265974.73428344727, "global_y_max": 9867831.613861084 }, "geometry": { "type": "Polygon", "coordinates": [ [ [ 265940.71783447265625, 9867866.344564819708467 ], [ 265974.734283447265625, 9867866.344564819708467 ], [ 265974.734283447265625, 9867831.613861083984375 ], [ 265940.71783447265625, 9867831.613861083984375 ], [ 265940.71783447265625, 9867866.344564819708467 ] ] ] } },
{ "type": "Feature", "properties": { "tile_row": 55, "tile_col": 39, "x_min": 631.657, "y_min": 102.10617, "x_max": 669.2622, "y_max": 135.79292, "confidence_score": 0.37720907, "Class": "domestic garbage", "tile_id": "55_39", "filename": "tile_55_39.jpg", "x_offset": 39936, "y_offset": 56320, "width": 1024, "height": 1024, "left": 265664.6728515625, "top": 9854900.8178710938, "pixel_size_x": 0.30517578125, "pixel_size_y": 0.30517578125, "crs": "EPSG:32737", "global_x_min": 265857.43927001953, "global_y_min": 9854869.6575408932, "global_x_max": 265868.91546630859, "global_y_max": 9854859.3771606442 }, "geometry": { "type": "Polygon", "coordinates": [ [ [ 265857.43927001953125, 9854869.657540893182158 ], [ 265868.91546630859375, 9854869.657540893182158 ], [ 265868.91546630859375, 9854859.377160644158721 ], [ 265857.43927001953125, 9854859.377160644158721 ], [ 265857.43927001953125, 9854869.657540893182158 ] ] ] } },
{ "type": "Feature", "properties": { "tile_row": 20, "tile_col": 11, "x_min": 418.4877, "y_min": 928.1001, "x_max": 560.6311, "y_max": 977.1262, "confidence_score": 0.47230366, "Class": "domestic garbage", "tile_id": "20_11", "filename": "tile_20_11.jpg", "x_offset": 11264, "y_offset": 20480, "width": 1024, "height": 1024, "left": 256914.6728515625, "top": 9865838.3178710938, "pixel_size_x": 0.30517578125, "pixel_size_y": 0.30517578125, "crs": "EPSG:32737", "global_x_min": 257042.38516235352, "global_y_min": 9865555.084197998, "global_x_max": 257085.76388549805, "global_y_max": 9865540.1226196289 }, "geometry": { "type": "Polygon", "coordinates": [ [ [ 257042.385162353515625, 9865555.084197998046875 ], [ 257085.763885498046875, 9865555.084197998046875 ], [ 257085.763885498046875, 9865540.12261962890625 ], [ 257042.385162353515625, 9865540.12261962890625 ], [ 257042.385162353515625, 9865555.084197998046875 ] ] ] } },
{ "type": "Feature", "properties": { "tile_row": 49, "tile_col": 4, "x_min": 448.9846, "y_min": 465.0947, "x_max": 516.3339, "y_max": 547.1755, "confidence_score": 0.69637734, "Class": "domestic garbage", "tile_id": "49_4", "filename": "tile_49_4.jpg", "x_offset": 4096, "y_offset": 50176, "width": 1024, "height": 1024, "left": 254727.1728515625, "top": 9856775.8178710938, "pixel_size_x": 0.30517578125, "pixel_size_y": 0.30517578125, "crs": "EPSG:32737", "global_x_min": 254864.19207763672, "global_y_min": 9856633.882232666, "global_x_max": 254884.74545288086, "global_y_max": 9856608.8331604004 }, "geometry": { "type": "Polygon", "coordinates": [ [ [ 254864.19207763671875, 9856633.882232666015625 ], [ 254884.745452880859375, 9856633.882232666015625 ], [ 254884.745452880859375, 9856608.833160400390625 ], [ 254864.19207763671875, 9856608.833160400390625 ], [ 254864.19207763671875, 9856633.882232666015625 ] ] ] } },
{ "type": "Feature", "properties": { "tile_row": 42, "tile_col": 31, "x_min": 588.2436, "y_min": 402.73782, "x_max": 666.56696, "y_max": 486.58115, "confidence_score": 0.93667775, "Class": "domestic garbage", "tile_id": "42_31", "filename": "tile_42_31.jpg", "x_offset": 31744, "y_offset": 43008, "width": 1024, "height": 1024, "left": 263164.6728515625, "top": 9858963.3178710938, "pixel_size_x": 0.30517578125, "pixel_size_y": 0.30517578125, "crs": "EPSG:32737", "global_x_min": 263344.19055175781, "global_y_min": 9858840.412042236, "global_x_max": 263368.09294433595, "global_y_max": 9858814.825088501 }, "geometry": { "type": "Polygon", "coordinates": [ [ [ 263344.1905517578125, 9858840.412042235955596 ], [ 263368.092944335949142, 9858840.412042235955596 ], [ 263368.092944335949142, 9858814.825088500976562 ], [ 263344.1905517578125, 9858814.825088500976562 ], [ 263344.1905517578125, 9858840.412042235955596 ] ] ] } },
{ "type": "Feature", "properties": { "tile_row": 42, "tile_col": 31, "x_min": 797.016, "y_min": 356.93375, "x_max": 832.10547, "y_max": 412.5076, "confidence_score": 0.39800793, "Class": "domestic garbage", "tile_id": "42_31", "filename": "tile_42_31.jpg", "x_offset": 31744, "y_offset": 43008, "width": 1024, "height": 1024, "left": 263164.6728515625, "top": 9858963.3178710938, "pixel_size_x": 0.30517578125, "pixel_size_y": 0.30517578125, "crs": "EPSG:32737", "global_x_min": 263407.90283203125, "global_y_min": 9858854.390335083, "global_x_max": 263418.61128845217, "global_y_max": 9858837.4305419922 }, "geometry": { "type": "Polygon", "coordinates": [ [ [ 263407.90283203125, 9858854.390335083007812 ], [ 263418.611288452171721, 9858854.390335083007812 ], [ 263418.611288452171721, 9858837.4305419921875 ], [ 263407.90283203125, 9858837.4305419921875 ], [ 263407.90283203125, 9858854.390335083007812 ] ] ] } },
{ "type": "Feature", "properties": { "tile_row": 57, "tile_col": 0, "x_min": 505.29904, "y_min": 261.14124, "x_max": 557.6027, "y_max": 329.53955, "confidence_score": 0.905919, "Class": "domestic garbage", "tile_id": "57_0", "filename": "tile_57_0.jpg", "x_offset": 0, "y_offset": 58368, "width": 1024, "height": 1024, "left": 253477.1728515625, "top": 9854275.8178710938, "pixel_size_x": 0.30517578125, "pixel_size_y": 0.30517578125, "crs": "EPSG:32737", "global_x_min": 253631.37788085936, "global_y_min": 9854196.1238891594, "global_x_max": 253647.33969116211, "global_y_max": 9854175.2503814697 }, "geometry": { "type": "Polygon", "coordinates": [ [ [ 253631.377880859363358, 9854196.123889159411192 ], [ 253647.339691162109375, 9854196.123889159411192 ], [ 253647.339691162109375, 9854175.250381469726562 ], [ 253631.377880859363358, 9854175.250381469726562 ], [ 253631.377880859363358, 9854196.123889159411192 ] ] ] } },
{ "type": "Feature", "properties": { "tile_row": 57, "tile_col": 0, "x_min": 485.67297, "y_min": 254.45966, "x_max": 560.95764, "y_max": 355.04895, "confidence_score": 0.3784625, "Class": "domestic garbage", "tile_id": "57_0", "filename": "tile_57_0.jpg", "x_offset": 0, "y_offset": 58368, "width": 1024, "height": 1024, "left": 253477.1728515625, "top": 9854275.8178710938, "pixel_size_x": 0.30517578125, "pixel_size_y": 0.30517578125, "crs": "EPSG:32737", "global_x_min": 253625.38847961425, "global_y_min": 9854198.1629455574, "global_x_max": 253648.36353759764, "global_y_max": 9854167.4655303955 }, "geometry": { "type": "Polygon", "coordinates": [ [ [ 253625.388479614251992, 9854198.162945557385683 ], [ 253648.363537597644608, 9854198.162945557385683 ], [ 253648.363537597644608, 9854167.465530395507812 ], [ 253625.388479614251992, 9854167.465530395507812 ], [ 253625.388479614251992, 9854198.162945557385683 ] ] ] } },
{ "type": "Feature", "properties": { "tile_row": 3, "tile_col": 0, "x_min": 82.67215, "y_min": 180.36423, "x_max": 190.37064, "y_max": 284.2489, "confidence_score": 0.325174, "Class": "domestic garbage", "tile_id": "3_0", "filename": "tile_3_0.jpg", "x_offset": 0, "y_offset": 3072, "width": 1024, "height": 1024, "left": 253477.1728515625, "top": 9871150.8178710938, "pixel_size_x": 0.30517578125, "pixel_size_y": 0.30517578125, "crs": "EPSG:32737", "global_x_min": 253502.40238952637, "global_y_min": 9871095.7750762943, "global_x_max": 253535.26936035155, "global_y_max": 9871064.0719909668 }, "geometry": { "type": "Polygon", "coordinates": [ [ [ 253502.402389526367188, 9871095.775076294317842 ], [ 253535.269360351550858, 9871095.775076294317842 ], [ 253535.269360351550858, 9871064.071990966796875 ], [ 253502.402389526367188, 9871064.071990966796875 ], [ 253502.402389526367188, 9871095.775076294317842 ] ] ] } },
{ "type": "Feature", "properties": { "tile_row": 50, "tile_col": 8, "x_min": 555.6735, "y_min": 49.750412, "x_max": 630.4466, "y_max": 90.79236, "confidence_score": 0.31240597, "Class": "domestic garbage", "tile_id": "50_8", "filename": "tile_50_8.jpg", "x_offset": 8192, "y_offset": 51200, "width": 1024, "height": 1024, "left": 255977.1728515625, "top": 9856463.3178710938, "pixel_size_x": 0.30517578125, "pixel_size_y": 0.30517578125, "crs": "EPSG:32737", "global_x_min": 256146.75094604492, "global_y_min": 9856448.1352502443, "global_x_max": 256169.56988525391, "global_y_max": 9856435.6102417 }, "geometry": { "type": "Polygon", "coordinates": [ [ [ 256146.750946044921875, 9856448.135250244289637 ], [ 256169.56988525390625, 9856448.135250244289637 ], [ 256169.56988525390625, 9856435.610241699963808 ], [ 256146.750946044921875, 9856435.610241699963808 ], [ 256146.750946044921875, 9856448.135250244289637 ] ] ] } },
{ "type": "Feature", "properties": { "tile_row": 4, "tile_col": 30, "x_min": 383.87064, "y_min": 637.74286, "x_max": 420.80392, "y_max": 675.4599, "confidence_score": 0.4705898, "Class": "domestic garbage", "tile_id": "4_30", "filename": "tile_4_30.jpg", "x_offset": 30720, "y_offset": 4096, "width": 1024, "height": 1024, "left": 262852.1728515625, "top": 9870838.3178710938, "pixel_size_x": 0.30517578125, "pixel_size_y": 0.30517578125, "crs": "EPSG:32737", "global_x_min": 262969.32087402343, "global_y_min": 9870643.6941955574, "global_x_max": 262980.59201660159, "global_y_max": 9870632.1838684082 }, "geometry": { "type": "Polygon", "coordinates": [ [ [ 262969.320874023425858, 9870643.694195557385683 ], [ 262980.592016601585783, 9870643.694195557385683 ], [ 262980.592016601585783, 9870632.183868408203125 ], [ 262969.320874023425858, 9870632.183868408203125 ], [ 262969.320874023425858, 9870643.694195557385683 ] ] ] } },
{ "type": "Feature", "properties": { "tile_row": 71, "tile_col": 24, "x_min": 657.88525, "y_min": 638.0388, "x_max": 704.5193, "y_max": 729.3584, "confidence_score": 0.49963048, "Class": "domestic garbage", "tile_id": "71_24", "filename": "tile_71_24.jpg", "x_offset": 24576, "y_offset": 72704, "width": 1024, "height": 1024, "left": 260977.1728515625, "top": 9849900.8178710938, "pixel_size_x": 0.30517578125, "pixel_size_y": 0.30517578125, "crs": "EPSG:32737", "global_x_min": 261177.9434967041, "global_y_min": 9849706.1038818359, "global_x_max": 261192.1750793457, "global_y_max": 9849678.2353515625 }, "geometry": { "type": "Polygon", "coordinates": [ [ [ 261177.943496704101562, 9849706.1038818359375 ], [ 261192.175079345703125, 9849706.1038818359375 ], [ 261192.175079345703125, 9849678.2353515625 ], [ 261177.943496704101562, 9849678.2353515625 ], [ 261177.943496704101562, 9849706.1038818359375 ] ] ] } },
{ "type": "Feature", "properties": { "tile_row": 71, "tile_col": 24, "x_min": 524.01904, "y_min": 368.5587, "x_max": 624.12024, "y_max": 464.01193, "confidence_score": 0.30838823, "Class": "domestic garbage", "tile_id": "71_24", "filename": "tile_71_24.jpg", "x_offset": 24576, "y_offset": 72704, "width": 1024, "height": 1024, "left": 260977.1728515625, "top": 9849900.8178710938, "pixel_size_x": 0.30517578125, "pixel_size_y": 0.30517578125, "crs": "EPSG:32737", "global_x_min": 261137.09077148436, "global_y_min": 9849788.3426818848, "global_x_max": 261167.63923339843, "global_y_max": 9849759.2126678471 }, "geometry": { "type": "Polygon", "coordinates": [ [ [ 261137.090771484363358, 9849788.342681884765625 ], [ 261167.639233398425858, 9849788.342681884765625 ], [ 261167.639233398425858, 9849759.212667847052217 ], [ 261137.090771484363358, 9849759.212667847052217 ], [ 261137.090771484363358, 9849788.342681884765625 ] ] ] } },
{ "type": "Feature", "properties": { "tile_row": 32, "tile_col": 33, "x_min": 373.26465, "y_min": 379.28683, "x_max": 405.7735, "y_max": 412.3903, "confidence_score": 0.3809398, "Class": "domestic garbage", "tile_id": "32_33", "filename": "tile_32_33.jpg", "x_offset": 33792, "y_offset": 32768, "width": 1024, "height": 1024, "left": 263789.6728515625, "top": 9862088.3178710938, "pixel_size_x": 0.30517578125, "pixel_size_y": 0.30517578125, "crs": "EPSG:32737", "global_x_min": 263903.58418273926, "global_y_min": 9861972.568716431, "global_x_max": 263913.50509643555, "global_y_max": 9861962.4663391113 }, "geometry": { "type": "Polygon", "coordinates": [ [ [ 263903.584182739257812, 9861972.568716431036592 ], [ 263913.505096435546875, 9861972.568716431036592 ], [ 263913.505096435546875, 9861962.466339111328125 ], [ 263903.584182739257812, 9861962.466339111328125 ], [ 263903.584182739257812, 9861972.568716431036592 ] ] ] } },
{ "type": "Feature", "properties": { "tile_row": 20, "tile_col": 16, "x_min": 920.0122, "y_min": 826.2391, "x_max": 955.06226, "y_max": 884.0651, "confidence_score": 0.49864978, "Class": "domestic garbage", "tile_id": "20_16", "filename": "tile_20_16.jpg", "x_offset": 16384, "y_offset": 20480, "width": 1024, "height": 1024, "left": 258477.1728515625, "top": 9865838.3178710938, "pixel_size_x": 0.30517578125, "pixel_size_y": 0.30517578125, "crs": "EPSG:32737", "global_x_min": 258757.93829345703, "global_y_min": 9865586.169708252, "global_x_max": 258768.6347229004, "global_y_max": 9865568.5226135254 }, "geometry": { "type": "Polygon", "coordinates": [ [ [ 258757.93829345703125, 9865586.169708251953125 ], [ 258768.634722900402267, 9865586.169708251953125 ], [ 258768.634722900402267, 9865568.522613525390625 ], [ 258757.93829345703125, 9865568.522613525390625 ], [ 258757.93829345703125, 9865586.169708251953125 ] ] ] } },
{ "type": "Feature", "properties": { "tile_row": 20, "tile_col": 34, "x_min": 441.34436, "y_min": 137.59819, "x_max": 543.5946, "y_max": 218.6967, "confidence_score": 0.9554971, "Class": "domestic garbage", "tile_id": "20_34", "filename": "tile_20_34.jpg", "x_offset": 34816, "y_offset": 20480, "width": 1024, "height": 1024, "left": 264102.1728515625, "top": 9865838.3178710938, "pixel_size_x": 0.30517578125, "pixel_size_y": 0.30517578125, "crs": "EPSG:32737", "global_x_min": 264236.86046142579, "global_y_min": 9865796.3262359612, "global_x_max": 264268.06475830078, "global_y_max": 9865771.5769348145 }, "geometry": { "type": "Polygon", "coordinates": [ [ [ 264236.860461425792892, 9865796.326235961169004 ], [ 264268.06475830078125, 9865796.326235961169004 ], [ 264268.06475830078125, 9865771.576934814453125 ], [ 264236.860461425792892, 9865771.576934814453125 ], [ 264236.860461425792892, 9865796.326235961169004 ] ] ] } },
{ "type": "Feature", "properties": { "tile_row": 34, "tile_col": 27, "x_min": 313.83624, "y_min": 631.4162, "x_max": 354.30396, "y_max": 665.873, "confidence_score": 0.54746133, "Class": "domestic garbage", "tile_id": "34_27", "filename": "tile_34_27.jpg", "x_offset": 27648, "y_offset": 34816, "width": 1024, "height": 1024, "left": 261914.6728515625, "top": 9861463.3178710938, "pixel_size_x": 0.30517578125, "pixel_size_y": 0.30517578125, "crs": "EPSG:32737", "global_x_min": 262010.44807128905, "global_y_min": 9861270.6249389648, "global_x_max": 262022.79783935548, "global_y_max": 9861260.1095581055 }, "geometry": { "type": "Polygon", "coordinates": [ [ [ 262010.448071289050858, 9861270.62493896484375 ], [ 262022.797839355480392, 9861270.62493896484375 ], [ 262022.797839355480392, 9861260.10955810546875 ], [ 262010.448071289050858, 9861260.10955810546875 ], [ 262010.448071289050858, 9861270.62493896484375 ] ] ] } },
{ "type": "Feature", "properties": { "tile_row": 5, "tile_col": 20, "x_min": 855.2611, "y_min": 638.5313, "x_max": 897.0311, "y_max": 704.5955, "confidence_score": 0.45981452, "Class": "domestic garbage", "tile_id": "5_20", "filename": "tile_5_20.jpg", "x_offset": 20480, "y_offset": 5120, "width": 1024, "height": 1024, "left": 259727.1728515625, "top": 9870525.8178710938, "pixel_size_x": 0.30517578125, "pixel_size_y": 0.30517578125, "crs": "EPSG:32737", "global_x_min": 259988.17782592773, "global_y_min": 9870330.9535827637, "global_x_max": 260000.92501831055, "global_y_max": 9870310.792388916 }, "geometry": { "type": "Polygon", "coordinates": [ [ [ 259988.177825927734375, 9870330.953582763671875 ], [ 260000.925018310546875, 9870330.953582763671875 ], [ 260000.925018310546875, 9870310.792388916015625 ], [ 259988.177825927734375, 9870310.792388916015625 ], [ 259988.177825927734375, 9870330.953582763671875 ] ] ] } },
{ "type": "Feature", "properties": { "tile_row": 35, "tile_col": 36, "x_min": 530.0198, "y_min": 239.10089, "x_max": 572.4182, "y_max": 281.68964, "confidence_score": 0.4978146, "Class": "domestic garbage", "tile_id": "35_36", "filename": "tile_35_36.jpg", "x_offset": 36864, "y_offset": 35840, "width": 1024, "height": 1024, "left": 264727.1728515625, "top": 9861150.8178710938, "pixel_size_x": 0.30517578125, "pixel_size_y": 0.30517578125, "crs": "EPSG:32737", "global_x_min": 264888.92205810547, "global_y_min": 9861077.8500701897, "global_x_max": 264901.86102294922, "global_y_max": 9861064.853015136 }, "geometry": { "type": "Polygon", "coordinates": [ [ [ 264888.92205810546875, 9861077.850070189684629 ], [ 264901.86102294921875, 9861077.850070189684629 ], [ 264901.86102294921875, 9861064.853015135973692 ], [ 264888.92205810546875, 9861064.853015135973692 ], [ 264888.92205810546875, 9861077.850070189684629 ] ] ] } },
{ "type": "Feature", "properties": { "tile_row": 23, "tile_col": 1, "x_min": 91.05722, "y_min": 594.90314, "x_max": 155.52567, "y_max": 652.4599, "confidence_score": 0.7212591, "Class": "domestic garbage", "tile_id": "23_1", "filename": "tile_23_1.jpg", "x_offset": 1024, "y_offset": 23552, "width": 1024, "height": 1024, "left": 253789.6728515625, "top": 9864900.8178710938, "pixel_size_x": 0.30517578125, "pixel_size_y": 0.30517578125, "crs": "EPSG:32737", "global_x_min": 253817.46130981445, "global_y_min": 9864719.2678405754, "global_x_max": 253837.13551940917, "global_y_max": 9864701.702911377 }, "geometry": { "type": "Polygon", "coordinates": [ [ [ 253817.461309814447304, 9864719.267840575426817 ], [ 253837.135519409173867, 9864719.267840575426817 ], [ 253837.135519409173867, 9864701.702911376953125 ], [ 253817.461309814447304, 9864701.702911376953125 ], [ 253817.461309814447304, 9864719.267840575426817 ] ] ] } },
{ "type": "Feature", "properties": { "tile_row": 44, "tile_col": 3, "x_min": 306.41772, "y_min": 853.7106, "x_max": 350.99512, "y_max": 886.0741, "confidence_score": 0.44246575, "Class": "domestic garbage", "tile_id": "44_3", "filename": "tile_44_3.jpg", "x_offset": 3072, "y_offset": 45056, "width": 1024, "height": 1024, "left": 254414.6728515625, "top": 9858338.3178710938, "pixel_size_x": 0.30517578125, "pixel_size_y": 0.30517578125, "crs": "EPSG:32737", "global_x_min": 254508.18411865234, "global_y_min": 9858077.7860717773, "global_x_max": 254521.78806152343, "global_y_max": 9858067.9095153809 }, "geometry": { "type": "Polygon", "coordinates": [ [ [ 254508.184118652337929, 9858077.78607177734375 ], [ 254521.788061523431679, 9858077.78607177734375 ], [ 254521.788061523431679, 9858067.909515380859375 ], [ 254508.184118652337929, 9858067.909515380859375 ], [ 254508.184118652337929, 9858077.78607177734375 ] ] ] } },
{ "type": "Feature", "properties": { "tile_row": 77, "tile_col": 26, "x_min": 720.9278, "y_min": 663.47144, "x_max": 784.1762, "y_max": 718.9652, "confidence_score": 0.39937195, "Class": "domestic garbage", "tile_id": "77_26", "filename": "tile_77_26.jpg", "x_offset": 26624, "y_offset": 78848, "width": 1024, "height": 1024, "left": 261602.1728515625, "top": 9848025.8178710938, "pixel_size_x": 0.30517578125, "pixel_size_y": 0.30517578125, "crs": "EPSG:32737", "global_x_min": 261822.18255615234, "global_y_min": 9847823.3424560539, "global_x_max": 261841.48443603516, "global_y_max": 9847806.4071044922 }, "geometry": { "type": "Polygon", "coordinates": [ [ [ 261822.18255615234375, 9847823.342456053942442 ], [ 261841.48443603515625, 9847823.342456053942442 ], [ 261841.48443603515625, 9847806.4071044921875 ], [ 261822.18255615234375, 9847806.4071044921875 ], [ 261822.18255615234375, 9847823.342456053942442 ] ] ] } },
{ "type": "Feature", "properties": { "tile_row": 24, "tile_col": 30, "x_min": 354.93118, "y_min": 795.67096, "x_max": 403.2958, "y_max": 825.0395, "confidence_score": 0.37228394, "Class": "domestic garbage", "tile_id": "24_30", "filename": "tile_24_30.jpg", "x_offset": 30720, "y_offset": 24576, "width": 1024, "height": 1024, "left": 262852.1728515625, "top": 9864588.3178710938, "pixel_size_x": 0.30517578125, "pixel_size_y": 0.30517578125, "crs": "EPSG:32737", "global_x_min": 262960.48925170896, "global_y_min": 9864345.4983642586, "global_x_max": 262975.24896240234, "global_y_max": 9864336.5357971191 }, "geometry": { "type": "Polygon", "coordinates": [ [ [ 262960.489251708961092, 9864345.498364258557558 ], [ 262975.24896240234375, 9864345.498364258557558 ], [ 262975.24896240234375, 9864336.535797119140625 ], [ 262960.489251708961092, 9864336.535797119140625 ], [ 262960.489251708961092, 9864345.498364258557558 ] ] ] } },
{ "type": "Feature", "properties": { "tile_row": 20, "tile_col": 1, "x_min": 592.0616, "y_min": 397.14084, "x_max": 632.0451, "y_max": 438.23892, "confidence_score": 0.70777744, "Class": "domestic garbage", "tile_id": "20_1", "filename": "tile_20_1.jpg", "x_offset": 1024, "y_offset": 20480, "width": 1024, "height": 1024, "left": 253789.6728515625, "top": 9865838.3178710938, "pixel_size_x": 0.30517578125, "pixel_size_y": 0.30517578125, "crs": "EPSG:32737", "global_x_min": 253970.35571289062, "global_y_min": 9865717.1201049797, "global_x_max": 253982.55770874023, "global_y_max": 9865704.5779663082 }, "geometry": { "type": "Polygon", "coordinates": [ [ [ 253970.355712890625, 9865717.120104979723692 ], [ 253982.557708740234375, 9865717.120104979723692 ], [ 253982.557708740234375, 9865704.577966308221221 ], [ 253970.355712890625, 9865704.577966308221221 ], [ 253970.355712890625, 9865717.120104979723692 ] ] ] } },
{ "type": "Feature", "properties": { "tile_row": 23, "tile_col": 2, "x_min": 766.8573, "y_min": 137.89395, "x_max": 867.40796, "y_max": 186.17508, "confidence_score": 0.6493562, "Class": "domestic garbage", "tile_id": "23_2", "filename": "tile_23_2.jpg", "x_offset": 2048, "y_offset": 23552, "width": 1024, "height": 1024, "left": 254102.1728515625, "top": 9864900.8178710938, "pixel_size_x": 0.30517578125, "pixel_size_y": 0.30517578125, "crs": "EPSG:32737", "global_x_min": 254336.19912719727, "global_y_min": 9864858.7359771729, "global_x_max": 254366.88475341798, "global_y_max": 9864844.0017456058 }, "geometry": { "type": "Polygon", "coordinates": [ [ [ 254336.199127197265625, 9864858.735977172851562 ], [ 254366.884753417980392, 9864858.735977172851562 ], [ 254366.884753417980392, 9864844.001745605841279 ], [ 254336.199127197265625, 9864844.001745605841279 ], [ 254336.199127197265625, 9864858.735977172851562 ] ] ] } },
{ "type": "Feature", "properties": { "tile_row": 27, "tile_col": 27, "x_min": 112.01692, "y_min": 537.1053, "x_max": 251.67924, "y_max": 625.54913, "confidence_score": 0.3628116, "Class": "domestic garbage", "tile_id": "27_27", "filename": "tile_27_27.jpg", "x_offset": 27648, "y_offset": 27648, "width": 1024, "height": 1024, "left": 261914.6728515625, "top": 9863650.8178710938, "pixel_size_x": 0.30517578125, "pixel_size_y": 0.30517578125, "crs": "EPSG:32737", "global_x_min": 261948.85770263671, "global_y_min": 9863486.9063415527, "global_x_max": 261991.47926025389, "global_y_max": 9863459.9154266361 }, "geometry": { "type": "Polygon", "coordinates": [ [ [ 261948.857702636712929, 9863486.906341552734375 ], [ 261991.479260253894608, 9863486.906341552734375 ], [ 261991.479260253894608, 9863459.915426636114717 ], [ 261948.857702636712929, 9863459.915426636114717 ], [ 261948.857702636712929, 9863486.906341552734375 ] ] ] } },
{ "type": "Feature", "properties": { "tile_row": 57, "tile_col": 13, "x_min": 700.5418, "y_min": 382.03543, "x_max": 808.38007, "y_max": 422.67404, "confidence_score": 0.62283516, "Class": "domestic garbage", "tile_id": "57_13", "filename": "tile_57_13.jpg", "x_offset": 13312, "y_offset": 58368, "width": 1024, "height": 1024, "left": 257539.6728515625, "top": 9854275.8178710938, "pixel_size_x": 0.30517578125, "pixel_size_y": 0.30517578125, "crs": "EPSG:32737", "global_x_min": 257753.46124267578, "global_y_min": 9854159.2299102787, "global_x_max": 257786.37087097167, "global_y_max": 9854146.8279907219 }, "geometry": { "type": "Polygon", "coordinates": [ [ [ 257753.46124267578125, 9854159.229910278692842 ], [ 257786.370870971673867, 9854159.229910278692842 ], [ 257786.370870971673867, 9854146.827990721911192 ], [ 257753.46124267578125, 9854146.827990721911192 ], [ 257753.46124267578125, 9854159.229910278692842 ] ] ] } },
{ "type": "Feature", "properties": { "tile_row": 44, "tile_col": 42, "x_min": 438.5184, "y_min": 735.04425, "x_max": 471.0638, "y_max": 780.64166, "confidence_score": 0.42145082, "Class": "domestic garbage", "tile_id": "44_42", "filename": "tile_44_42.jpg", "x_offset": 43008, "y_offset": 45056, "width": 1024, "height": 1024, "left": 266602.1728515625, "top": 9858338.3178710938, "pixel_size_x": 0.30517578125, "pixel_size_y": 0.30517578125, "crs": "EPSG:32737", "global_x_min": 266735.998046875, "global_y_min": 9858114.0001678467, "global_x_max": 266745.93011474609, "global_y_max": 9858100.0849426277 }, "geometry": { "type": "Polygon", "coordinates": [ [ [ 266735.998046875, 9858114.000167846679688 ], [ 266745.93011474609375, 9858114.000167846679688 ], [ 266745.93011474609375, 9858100.084942627698183 ], [ 266735.998046875, 9858100.084942627698183 ], [ 266735.998046875, 9858114.000167846679688 ] ] ] } },
{ "type": "Feature", "properties": { "tile_row": 46, "tile_col": 26, "x_min": 498.65045, "y_min": 117.985855, "x_max": 558.0197, "y_max": 168.42137, "confidence_score": 0.32523215, "Class": "domestic garbage", "tile_id": "46_26", "filename": "tile_46_26.jpg", "x_offset": 26624, "y_offset": 47104, "width": 1024, "height": 1024, "left": 261602.1728515625, "top": 9857713.3178710938, "pixel_size_x": 0.30517578125, "pixel_size_y": 0.30517578125, "crs": "EPSG:32737", "global_x_min": 261754.34889221191, "global_y_min": 9857677.311445618, "global_x_max": 261772.46694946289, "global_y_max": 9857661.9197479244 }, "geometry": { "type": "Polygon", "coordinates": [ [ [ 261754.348892211914062, 9857677.31144561804831 ], [ 261772.466949462890625, 9857677.31144561804831 ], [ 261772.466949462890625, 9857661.919747924432158 ], [ 261754.348892211914062, 9857661.919747924432158 ], [ 261754.348892211914062, 9857677.31144561804831 ] ] ] } },
{ "type": "Feature", "properties": { "tile_row": 35, "tile_col": 41, "x_min": 218.22116, "y_min": 152.19803, "x_max": 272.60352, "y_max": 210.05936, "confidence_score": 0.45821127, "Class": "domestic garbage", "tile_id": "35_41", "filename": "tile_35_41.jpg", "x_offset": 41984, "y_offset": 35840, "width": 1024, "height": 1024, "left": 266289.6728515625, "top": 9861150.8178710938, "pixel_size_x": 0.30517578125, "pixel_size_y": 0.30517578125, "crs": "EPSG:32737", "global_x_min": 266356.26866455079, "global_y_min": 9861104.3707183842, "global_x_max": 266372.86484375002, "global_y_max": 9861086.7128417976 }, "geometry": { "type": "Polygon", "coordinates": [ [ [ 266356.268664550792892, 9861104.370718384161592 ], [ 266372.864843750023283, 9861104.370718384161592 ], [ 266372.864843750023283, 9861086.712841797620058 ], [ 266356.268664550792892, 9861086.712841797620058 ], [ 266356.268664550792892, 9861104.370718384161592 ] ] ] } },
{ "type": "Feature", "properties": { "tile_row": 20, "tile_col": 22, "x_min": 220.78232, "y_min": 704.3598, "x_max": 286.3684, "y_max": 803.472, "confidence_score": 0.5629108, "Class": "domestic garbage", "tile_id": "20_22", "filename": "tile_20_22.jpg", "x_offset": 22528, "y_offset": 20480, "width": 1024, "height": 1024, "left": 260352.1728515625, "top": 9865838.3178710938, "pixel_size_x": 0.30517578125, "pixel_size_y": 0.30517578125, "crs": "EPSG:32737", "global_x_min": 260419.55026855468, "global_y_min": 9865623.3643188477, "global_x_max": 260439.56555175781, "global_y_max": 9865593.1176757812 }, "geometry": { "type": "Polygon", "coordinates": [ [ [ 260419.550268554681679, 9865623.36431884765625 ], [ 260439.5655517578125, 9865623.36431884765625 ], [ 260439.5655517578125, 9865593.11767578125 ], [ 260419.550268554681679, 9865593.11767578125 ], [ 260419.550268554681679, 9865623.36431884765625 ] ] ] } },
{ "type": "Feature", "properties": { "tile_row": 29, "tile_col": 0, "x_min": 777.2856, "y_min": 397.54, "x_max": 861.2796, "y_max": 455.09726, "confidence_score": 0.5061948, "Class": "domestic garbage", "tile_id": "29_0", "filename": "tile_29_0.jpg", "x_offset": 0, "y_offset": 29696, "width": 1024, "height": 1024, "left": 253477.1728515625, "top": 9863025.8178710938, "pixel_size_x": 0.30517578125, "pixel_size_y": 0.30517578125, "crs": "EPSG:32737", "global_x_min": 253714.38159179688, "global_y_min": 9862904.4982910156, "global_x_max": 253740.01452636719, "global_y_max": 9862886.9332092293 }, "geometry": { "type": "Polygon", "coordinates": [ [ [ 253714.381591796875, 9862904.498291015625 ], [ 253740.0145263671875, 9862904.498291015625 ], [ 253740.0145263671875, 9862886.933209229260683 ], [ 253714.381591796875, 9862886.933209229260683 ], [ 253714.381591796875, 9862904.498291015625 ] ] ] } },
{ "type": "Feature", "properties": { "tile_row": 46, "tile_col": 17, "x_min": 418.1596, "y_min": 219.80315, "x_max": 495.31738, "y_max": 271.0982, "confidence_score": 0.8421584, "Class": "domestic garbage", "tile_id": "46_17", "filename": "tile_46_17.jpg", "x_offset": 17408, "y_offset": 47104, "width": 1024, "height": 1024, "left": 258789.6728515625, "top": 9857713.3178710938, "pixel_size_x": 0.30517578125, "pixel_size_y": 0.30517578125, "crs": "EPSG:32737", "global_x_min": 258917.28503417969, "global_y_min": 9857646.2392730713, "global_x_max": 258940.83171997071, "global_y_max": 9857630.5852661133 }, "geometry": { "type": "Polygon", "coordinates": [ [ [ 258917.2850341796875, 9857646.239273071289062 ], [ 258940.831719970708946, 9857646.239273071289062 ], [ 258940.831719970708946, 9857630.58526611328125 ], [ 258917.2850341796875, 9857630.58526611328125 ], [ 258917.2850341796875, 9857646.239273071289062 ] ] ] } },
{ "type": "Feature", "properties": { "tile_row": 38, "tile_col": 30, "x_min": 446.67798, "y_min": 788.31146, "x_max": 521.9658, "y_max": 885.11237, "confidence_score": 0.6364022, "Class": "domestic garbage", "tile_id": "38_30", "filename": "tile_38_30.jpg", "x_offset": 30720, "y_offset": 38912, "width": 1024, "height": 1024, "left": 262852.1728515625, "top": 9860213.3178710938, "pixel_size_x": 0.30517578125, "pixel_size_y": 0.30517578125, "crs": "EPSG:32737", "global_x_min": 262988.48815307615, "global_y_min": 9859972.7443054207, "global_x_max": 263011.46417236328, "global_y_max": 9859943.2030120846 }, "geometry": { "type": "Polygon", "coordinates": [ [ [ 262988.488153076148592, 9859972.744305420666933 ], [ 263011.46417236328125, 9859972.744305420666933 ], [ 263011.46417236328125, 9859943.203012084588408 ], [ 262988.488153076148592, 9859943.203012084588408 ], [ 262988.488153076148592, 9859972.744305420666933 ] ] ] } },
{ "type": "Feature", "properties": { "tile_row": 38, "tile_col": 30, "x_min": 208.64256, "y_min": 363.11624, "x_max": 291.35925, "y_max": 410.98117, "confidence_score": 0.4918234, "Class": "domestic garbage", "tile_id": "38_30", "filename": "tile_38_30.jpg", "x_offset": 30720, "y_offset": 38912, "width": 1024, "height": 1024, "left": 262852.1728515625, "top": 9860213.3178710938, "pixel_size_x": 0.30517578125, "pixel_size_y": 0.30517578125, "crs": "EPSG:32737", "global_x_min": 262915.84550781251, "global_y_min": 9860102.5035888664, "global_x_max": 262941.08863830566, "global_y_max": 9860087.8963714596 }, "geometry": { "type": "Polygon", "coordinates": [ [ [ 262915.845507812511642, 9860102.503588866442442 ], [ 262941.088638305664062, 9860102.503588866442442 ], [ 262941.088638305664062, 9860087.896371459588408 ], [ 262915.845507812511642, 9860087.896371459588408 ], [ 262915.845507812511642, 9860102.503588866442442 ] ] ] } },
{ "type": "Feature", "properties": { "tile_row": 54, "tile_col": 29, "x_min": 450.96964, "y_min": 205.2141, "x_max": 490.99905, "y_max": 264.41565, "confidence_score": 0.8909735, "Class": "domestic garbage", "tile_id": "54_29", "filename": "tile_54_29.jpg", "x_offset": 29696, "y_offset": 55296, "width": 1024, "height": 1024, "left": 262539.6728515625, "top": 9855213.3178710938, "pixel_size_x": 0.30517578125, "pixel_size_y": 0.30517578125, "crs": "EPSG:32737", "global_x_min": 262677.29786376952, "global_y_min": 9855150.6914978027, "global_x_max": 262689.51387023926, "global_y_max": 9855132.6246185303 }, "geometry": { "type": "Polygon", "coordinates": [ [ [ 262677.297863769519608, 9855150.691497802734375 ], [ 262689.513870239257812, 9855150.691497802734375 ], [ 262689.513870239257812, 9855132.624618530273438 ], [ 262677.297863769519608, 9855132.624618530273438 ], [ 262677.297863769519608, 9855150.691497802734375 ] ] ] } },
{ "type": "Feature", "properties": { "tile_row": 48, "tile_col": 14, "x_min": 574.5968, "y_min": 254.32536, "x_max": 619.2422, "y_max": 309.10257, "confidence_score": 0.4353754, "Class": "domestic garbage", "tile_id": "48_14", "filename": "tile_48_14.jpg", "x_offset": 14336, "y_offset": 49152, "width": 1024, "height": 1024, "left": 257852.1728515625, "top": 9857088.3178710938, "pixel_size_x": 0.30517578125, "pixel_size_y": 0.30517578125, "crs": "EPSG:32737", "global_x_min": 258027.52587890625, "global_y_min": 9857010.7039306648, "global_x_max": 258041.15057373047, "global_y_max": 9856993.9872528072 }, "geometry": { "type": "Polygon", "coordinates": [ [ [ 258027.52587890625, 9857010.703930664807558 ], [ 258041.15057373046875, 9857010.703930664807558 ], [ 258041.15057373046875, 9856993.987252807244658 ], [ 258027.52587890625, 9856993.987252807244658 ], [ 258027.52587890625, 9857010.703930664807558 ] ] ] } },
{ "type": "Feature", "properties": { "tile_row": 73, "tile_col": 7, "x_min": 644.6999, "y_min": 374.7064, "x_max": 697.56366, "y_max": 428.54184, "confidence_score": 0.7740934, "Class": "domestic garbage", "tile_id": "73_7", "filename": "tile_73_7.jpg", "x_offset": 7168, "y_offset": 74752, "width": 1024, "height": 1024, "left": 255664.6728515625, "top": 9849275.8178710938, "pixel_size_x": 0.30517578125, "pixel_size_y": 0.30517578125, "crs": "EPSG:32737", "global_x_min": 255861.4196472168, "global_y_min": 9849161.4665527344, "global_x_max": 255877.55238647462, "global_y_max": 9849145.0372802727 }, "geometry": { "type": "Polygon", "coordinates": [ [ [ 255861.419647216796875, 9849161.466552734375 ], [ 255877.552386474621017, 9849161.466552734375 ], [ 255877.552386474621017, 9849145.037280272692442 ], [ 255861.419647216796875, 9849145.037280272692442 ], [ 255861.419647216796875, 9849161.466552734375 ] ] ] } },
{ "type": "Feature", "properties": { "tile_row": 54, "tile_col": 14, "x_min": 504.8252, "y_min": 284.41687, "x_max": 545.90894, "y_max": 333.2249, "confidence_score": 0.95180106, "Class": "domestic garbage", "tile_id": "54_14", "filename": "tile_54_14.jpg", "x_offset": 14336, "y_offset": 55296, "width": 1024, "height": 1024, "left": 257852.1728515625, "top": 9855213.3178710938, "pixel_size_x": 0.30517578125, "pixel_size_y": 0.30517578125, "crs": "EPSG:32737", "global_x_min": 258006.23327636719, "global_y_min": 9855126.5207305904, "global_x_max": 258018.77103881835, "global_y_max": 9855111.6257019043 }, "geometry": { "type": "Polygon", "coordinates": [ [ [ 258006.2332763671875, 9855126.520730590447783 ], [ 258018.771038818347733, 9855126.520730590447783 ], [ 258018.771038818347733, 9855111.625701904296875 ], [ 258006.2332763671875, 9855111.625701904296875 ], [ 258006.2332763671875, 9855126.520730590447783 ] ] ] } },
{ "type": "Feature", "properties": { "tile_row": 54, "tile_col": 14, "x_min": 766.8838, "y_min": 900.1779, "x_max": 808.895, "y_max": 932.98175, "confidence_score": 0.77338046, "Class": "domestic garbage", "tile_id": "54_14", "filename": "tile_54_14.jpg", "x_offset": 14336, "y_offset": 55296, "width": 1024, "height": 1024, "left": 257852.1728515625, "top": 9855213.3178710938, "pixel_size_x": 0.30517578125, "pixel_size_y": 0.30517578125, "crs": "EPSG:32737", "global_x_min": 258086.20721435547, "global_y_min": 9854938.6053771973, "global_x_max": 258099.02801513672, "global_y_max": 9854928.5944366455 }, "geometry": { "type": "Polygon", "coordinates": [ [ [ 258086.20721435546875, 9854938.605377197265625 ], [ 258099.02801513671875, 9854938.605377197265625 ], [ 258099.02801513671875, 9854928.594436645507812 ], [ 258086.20721435546875, 9854928.594436645507812 ], [ 258086.20721435546875, 9854938.605377197265625 ] ] ] } },
{ "type": "Feature", "properties": { "tile_row": 46, "tile_col": 22, "x_min": 65.99905, "y_min": 291.31476, "x_max": 200.03882, "y_max": 355.57422, "confidence_score": 0.35894725, "Class": "domestic garbage", "tile_id": "46_22", "filename": "tile_46_22.jpg", "x_offset": 22528, "y_offset": 47104, "width": 1024, "height": 1024, "left": 260352.1728515625, "top": 9857713.3178710938, "pixel_size_x": 0.30517578125, "pixel_size_y": 0.30517578125, "crs": "EPSG:32737", "global_x_min": 260372.31416320801, "global_y_min": 9857624.4156616218, "global_x_max": 260413.21985473632, "global_y_max": 9857604.8052307125 }, "geometry": { "type": "Polygon", "coordinates": [ [ [ 260372.314163208007812, 9857624.415661621838808 ], [ 260413.219854736322304, 9857624.415661621838808 ], [ 260413.219854736322304, 9857604.805230712518096 ], [ 260372.314163208007812, 9857604.805230712518096 ], [ 260372.314163208007812, 9857624.415661621838808 ] ] ] } },
{ "type": "Feature", "properties": { "tile_row": 40, "tile_col": 27, "x_min": 157.3523, "y_min": 476.85385, "x_max": 193.7243, "y_max": 508.5485, "confidence_score": 0.6086847, "Class": "domestic garbage", "tile_id": "40_27", "filename": "tile_40_27.jpg", "x_offset": 27648, "y_offset": 40960, "width": 1024, "height": 1024, "left": 261914.6728515625, "top": 9859588.3178710938, "pixel_size_x": 0.30517578125, "pixel_size_y": 0.30517578125, "crs": "EPSG:32737", "global_x_min": 261962.69296264648, "global_y_min": 9859442.7936248779, "global_x_max": 261973.79281616211, "global_y_max": 9859433.1211853027 }, "geometry": { "type": "Polygon", "coordinates": [ [ [ 261962.692962646484375, 9859442.793624877929688 ], [ 261973.792816162109375, 9859442.793624877929688 ], [ 261973.792816162109375, 9859433.121185302734375 ], [ 261962.692962646484375, 9859433.121185302734375 ], [ 261962.692962646484375, 9859442.793624877929688 ] ] ] } },
{ "type": "Feature", "properties": { "tile_row": 45, "tile_col": 29, "x_min": 546.75275, "y_min": 290.67987, "x_max": 588.2026, "y_max": 328.39368, "confidence_score": 0.78713185, "Class": "domestic garbage", "tile_id": "45_29", "filename": "tile_45_29.jpg", "x_offset": 29696, "y_offset": 46080, "width": 1024, "height": 1024, "left": 262539.6728515625, "top": 9858025.8178710938, "pixel_size_x": 0.30517578125, "pixel_size_y": 0.30517578125, "crs": "EPSG:32737", "global_x_min": 262706.52854919434, "global_y_min": 9857937.1094146725, "global_x_max": 262719.17803955078, "global_y_max": 9857925.6000732426 }, "geometry": { "type": "Polygon", "coordinates": [ [ [ 262706.528549194335938, 9857937.109414672479033 ], [ 262719.17803955078125, 9857937.109414672479033 ], [ 262719.17803955078125, 9857925.600073242560029 ], [ 262706.528549194335938, 9857925.600073242560029 ], [ 262706.528549194335938, 9857937.109414672479033 ] ] ] } },
{ "type": "Feature", "properties": { "tile_row": 62, "tile_col": 36, "x_min": 408.40225, "y_min": 278.69534, "x_max": 454.65323, "y_max": 309.20853, "confidence_score": 0.62457925, "Class": "domestic garbage", "tile_id": "62_36", "filename": "tile_62_36.jpg", "x_offset": 36864, "y_offset": 63488, "width": 1024, "height": 1024, "left": 264727.1728515625, "top": 9852713.3178710938, "pixel_size_x": 0.30517578125, "pixel_size_y": 0.30517578125, "crs": "EPSG:32737", "global_x_min": 264851.80732727051, "global_y_min": 9852628.2668029778, "global_x_max": 264865.92200622556, "global_y_max": 9852618.9549163822 }, "geometry": { "type": "Polygon", "coordinates": [ [ [ 264851.807327270507812, 9852628.266802977770567 ], [ 264865.922006225562654, 9852628.266802977770567 ], [ 264865.922006225562654, 9852618.954916382208467 ], [ 264851.807327270507812, 9852618.954916382208467 ], [ 264851.807327270507812, 9852628.266802977770567 ] ] ] } },
{ "type": "Feature", "properties": { "tile_row": 22, "tile_col": 25, "x_min": 274.72256, "y_min": 58.082138, "x_max": 315.53873, "y_max": 114.885635, "confidence_score": 0.34963512, "Class": "domestic garbage", "tile_id": "22_25", "filename": "tile_22_25.jpg", "x_offset": 25600, "y_offset": 22528, "width": 1024, "height": 1024, "left": 261289.6728515625, "top": 9865213.3178710938, "pixel_size_x": 0.30517578125, "pixel_size_y": 0.30517578125, "crs": "EPSG:32737", "global_x_min": 261373.51152343751, "global_y_min": 9865195.5926092528, "global_x_max": 261385.96763000489, "global_y_max": 9865178.257557679 }, "geometry": { "type": "Polygon", "coordinates": [ [ [ 261373.511523437511642, 9865195.592609252780676 ], [ 261385.967630004888633, 9865195.592609252780676 ], [ 261385.967630004888633, 9865178.257557678967714 ], [ 261373.511523437511642, 9865178.257557678967714 ], [ 261373.511523437511642, 9865195.592609252780676 ] ] ] } },
{ "type": "Feature", "properties": { "tile_row": 47, "tile_col": 2, "x_min": 359.70172, "y_min": 794.011, "x_max": 413.62695, "y_max": 830.1245, "confidence_score": 0.8525592, "Class": "domestic garbage", "tile_id": "47_2", "filename": "tile_47_2.jpg", "x_offset": 2048, "y_offset": 48128, "width": 1024, "height": 1024, "left": 254102.1728515625, "top": 9857400.8178710938, "pixel_size_x": 0.30517578125, "pixel_size_y": 0.30517578125, "crs": "EPSG:32737", "global_x_min": 254211.94510498046, "global_y_min": 9857158.5049438477, "global_x_max": 254228.4017791748, "global_y_max": 9857147.4839782715 }, "geometry": { "type": "Polygon", "coordinates": [ [ [ 254211.945104980462929, 9857158.50494384765625 ], [ 254228.401779174804688, 9857158.50494384765625 ], [ 254228.401779174804688, 9857147.483978271484375 ], [ 254211.945104980462929, 9857147.483978271484375 ], [ 254211.945104980462929, 9857158.50494384765625 ] ] ] } },
{ "type": "Feature", "properties": { "tile_row": 49, "tile_col": 7, "x_min": 593.59717, "y_min": 707.0725, "x_max": 636.9424, "y_max": 752.1875, "confidence_score": 0.3085426, "Class": "domestic garbage", "tile_id": "49_7", "filename": "tile_49_7.jpg", "x_offset": 7168, "y_offset": 50176, "width": 1024, "height": 1024, "left": 255664.6728515625, "top": 9856775.8178710938, "pixel_size_x": 0.30517578125, "pixel_size_y": 0.30517578125, "crs": "EPSG:32737", "global_x_min": 255845.82433166503, "global_y_min": 9856560.0364685059, "global_x_max": 255859.05224609375, "global_y_max": 9856546.2684631348 }, "geometry": { "type": "Polygon", "coordinates": [ [ [ 255845.824331665033242, 9856560.036468505859375 ], [ 255859.05224609375, 9856560.036468505859375 ], [ 255859.05224609375, 9856546.268463134765625 ], [ 255845.824331665033242, 9856546.268463134765625 ], [ 255845.824331665033242, 9856560.036468505859375 ] ] ] } },
{ "type": "Feature", "properties": { "tile_row": 15, "tile_col": 38, "x_min": 104.32837, "y_min": 186.5594, "x_max": 184.39285, "y_max": 244.1834, "confidence_score": 0.63072044, "Class": "domestic garbage", "tile_id": "15_38", "filename": "tile_15_38.jpg", "x_offset": 38912, "y_offset": 15360, "width": 1024, "height": 1024, "left": 265352.1728515625, "top": 9867400.8178710938, "pixel_size_x": 0.30517578125, "pixel_size_y": 0.30517578125, "crs": "EPSG:32737", "global_x_min": 265384.01134338381, "global_y_min": 9867343.8844604492, "global_x_max": 265408.44508361816, "global_y_max": 9867326.2990112305 }, "geometry": { "type": "Polygon", "coordinates": [ [ [ 265384.011343383812346, 9867343.88446044921875 ], [ 265408.445083618164062, 9867343.88446044921875 ], [ 265408.445083618164062, 9867326.29901123046875 ], [ 265384.011343383812346, 9867326.29901123046875 ], [ 265384.011343383812346, 9867343.88446044921875 ] ] ] } },
{ "type": "Feature", "properties": { "tile_row": 25, "tile_col": 23, "x_min": 467.9802, "y_min": 347.89185, "x_max": 505.8693, "y_max": 381.52643, "confidence_score": 0.65648896, "Class": "domestic garbage", "tile_id": "25_23", "filename": "tile_25_23.jpg", "x_offset": 23552, "y_offset": 25600, "width": 1024, "height": 1024, "left": 260664.6728515625, "top": 9864275.8178710938, "pixel_size_x": 0.30517578125, "pixel_size_y": 0.30517578125, "crs": "EPSG:32737", "global_x_min": 260807.48907470703, "global_y_min": 9864169.6497039795, "global_x_max": 260819.05191040039, "global_y_max": 9864159.3852447513 }, "geometry": { "type": "Polygon", "coordinates": [ [ [ 260807.48907470703125, 9864169.649703979492188 ], [ 260819.051910400390625, 9864169.649703979492188 ], [ 260819.051910400390625, 9864159.385244751349092 ], [ 260807.48907470703125, 9864159.385244751349092 ], [ 260807.48907470703125, 9864169.649703979492188 ] ] ] } },
{ "type": "Feature", "properties": { "tile_row": 34, "tile_col": 18, "x_min": 369.29144, "y_min": 457.51572, "x_max": 425.3446, "y_max": 503.31107, "confidence_score": 0.3164524, "Class": "domestic garbage", "tile_id": "34_18", "filename": "tile_34_18.jpg", "x_offset": 18432, "y_offset": 34816, "width": 1024, "height": 1024, "left": 259102.1728515625, "top": 9861463.3178710938, "pixel_size_x": 0.30517578125, "pixel_size_y": 0.30517578125, "crs": "EPSG:32737", "global_x_min": 259214.87165527343, "global_y_min": 9861323.6951538082, "global_x_max": 259231.97772216797, "global_y_max": 9861309.7195220944 }, "geometry": { "type": "Polygon", "coordinates": [ [ [ 259214.871655273425858, 9861323.695153808221221 ], [ 259231.97772216796875, 9861323.695153808221221 ], [ 259231.97772216796875, 9861309.719522094354033 ], [ 259214.871655273425858, 9861309.719522094354033 ], [ 259214.871655273425858, 9861323.695153808221221 ] ] ] } },
{ "type": "Feature", "properties": { "tile_row": 20, "tile_col": 25, "x_min": 446.11697, "y_min": 726.2407, "x_max": 516.2987, "y_max": 778.0867, "confidence_score": 0.43825293, "Class": "domestic garbage", "tile_id": "20_25", "filename": "tile_20_25.jpg", "x_offset": 25600, "y_offset": 20480, "width": 1024, "height": 1024, "left": 261289.6728515625, "top": 9865838.3178710938, "pixel_size_x": 0.30517578125, "pixel_size_y": 0.30517578125, "crs": "EPSG:32737", "global_x_min": 261425.81694641113, "global_y_min": 9865616.6867980957, "global_x_max": 261447.23471069336, "global_y_max": 9865600.864654541 }, "geometry": { "type": "Polygon", "coordinates": [ [ [ 261425.816946411126992, 9865616.686798095703125 ], [ 261447.234710693359375, 9865616.686798095703125 ], [ 261447.234710693359375, 9865600.864654541015625 ], [ 261425.816946411126992, 9865600.864654541015625 ], [ 261425.816946411126992, 9865616.686798095703125 ] ] ] } },
{ "type": "Feature", "properties": { "tile_row": 56, "tile_col": 15, "x_min": 387.77402, "y_min": 464.04678, "x_max": 436.53482, "y_max": 512.9843, "confidence_score": 0.3433636, "Class": "domestic garbage", "tile_id": "56_15", "filename": "tile_56_15.jpg", "x_offset": 15360, "y_offset": 57344, "width": 1024, "height": 1024, "left": 258164.6728515625, "top": 9854588.3178710938, "pixel_size_x": 0.30517578125, "pixel_size_y": 0.30517578125, "crs": "EPSG:32737", "global_x_min": 258283.01209106445, "global_y_min": 9854446.7020324711, "global_x_max": 258297.89270629882, "global_y_max": 9854431.7674865723 }, "geometry": { "type": "Polygon", "coordinates": [ [ [ 258283.012091064447304, 9854446.702032471075654 ], [ 258297.892706298822304, 9854446.702032471075654 ], [ 258297.892706298822304, 9854431.767486572265625 ], [ 258283.012091064447304, 9854431.767486572265625 ], [ 258283.012091064447304, 9854446.702032471075654 ] ] ] } },
{ "type": "Feature", "properties": { "tile_row": 56, "tile_col": 15, "x_min": 94.40415, "y_min": 375.4983, "x_max": 134.01596, "y_max": 420.43756, "confidence_score": 0.3157704, "Class": "domestic garbage", "tile_id": "56_15", "filename": "tile_56_15.jpg", "x_offset": 15360, "y_offset": 57344, "width": 1024, "height": 1024, "left": 258164.6728515625, "top": 9854588.3178710938, "pixel_size_x": 0.30517578125, "pixel_size_y": 0.30517578125, "crs": "EPSG:32737", "global_x_min": 258193.48271179199, "global_y_min": 9854473.7248840332, "global_x_max": 258205.57127685548, "global_y_max": 9854460.0105102547 }, "geometry": { "type": "Polygon", "coordinates": [ [ [ 258193.482711791992188, 9854473.724884033203125 ], [ 258205.571276855480392, 9854473.724884033203125 ], [ 258205.571276855480392, 9854460.010510254651308 ], [ 258193.482711791992188, 9854460.010510254651308 ], [ 258193.482711791992188, 9854473.724884033203125 ] ] ] } },
{ "type": "Feature", "properties": { "tile_row": 64, "tile_col": 35, "x_min": 666.7437, "y_min": 815.9648, "x_max": 791.7602, "y_max": 893.4843, "confidence_score": 0.5962781, "Class": "domestic garbage", "tile_id": "64_35", "filename": "tile_64_35.jpg", "x_offset": 35840, "y_offset": 65536, "width": 1024, "height": 1024, "left": 264414.6728515625, "top": 9852088.3178710938, "pixel_size_x": 0.30517578125, "pixel_size_y": 0.30517578125, "crs": "EPSG:32737", "global_x_min": 264618.14688110352, "global_y_min": 9851839.3051757812, "global_x_max": 264656.29888916016, "global_y_max": 9851815.6481018066 }, "geometry": { "type": "Polygon", "coordinates": [ [ [ 264618.146881103515625, 9851839.30517578125 ], [ 264656.29888916015625, 9851839.30517578125 ], [ 264656.29888916015625, 9851815.648101806640625 ], [ 264618.146881103515625, 9851815.648101806640625 ], [ 264618.146881103515625, 9851839.30517578125 ] ] ] } },
{ "type": "Feature", "properties": { "tile_row": 5, "tile_col": 2, "x_min": 448.0393, "y_min": 701.0787, "x_max": 492.49353, "y_max": 743.0905, "confidence_score": 0.74670565, "Class": "domestic garbage", "tile_id": "5_2", "filename": "tile_5_2.jpg", "x_offset": 2048, "y_offset": 5120, "width": 1024, "height": 1024, "left": 254102.1728515625, "top": 9870525.8178710938, "pixel_size_x": 0.30517578125, "pixel_size_y": 0.30517578125, "crs": "EPSG:32737", "global_x_min": 254238.9035949707, "global_y_min": 9870311.8656311035, "global_x_max": 254252.46994934083, "global_y_max": 9870299.0446472168 }, "geometry": { "type": "Polygon", "coordinates": [ [ [ 254238.903594970703125, 9870311.865631103515625 ], [ 254252.469949340826133, 9870311.865631103515625 ], [ 254252.469949340826133, 9870299.044647216796875 ], [ 254238.903594970703125, 9870299.044647216796875 ], [ 254238.903594970703125, 9870311.865631103515625 ] ] ] } },
{ "type": "Feature", "properties": { "tile_row": 47, "tile_col": 33, "x_min": 375.93515, "y_min": 763.68555, "x_max": 414.48514, "y_max": 803.245, "confidence_score": 0.47972316, "Class": "domestic garbage", "tile_id": "47_33", "filename": "tile_47_33.jpg", "x_offset": 33792, "y_offset": 48128, "width": 1024, "height": 1024, "left": 263789.6728515625, "top": 9857400.8178710938, "pixel_size_x": 0.30517578125, "pixel_size_y": 0.30517578125, "crs": "EPSG:32737", "global_x_min": 263904.39915466309, "global_y_min": 9857167.7595367432, "global_x_max": 263916.1636779785, "global_y_max": 9857155.6869506836 }, "geometry": { "type": "Polygon", "coordinates": [ [ [ 263904.399154663085938, 9857167.759536743164062 ], [ 263916.163677978503983, 9857167.759536743164062 ], [ 263916.163677978503983, 9857155.68695068359375 ], [ 263904.399154663085938, 9857155.68695068359375 ], [ 263904.399154663085938, 9857167.759536743164062 ] ] ] } },
{ "type": "Feature", "properties": { "tile_row": 68, "tile_col": 1, "x_min": 408.8432, "y_min": 173.38057, "x_max": 502.4662, "y_max": 258.2958, "confidence_score": 0.4947845, "Class": "domestic garbage", "tile_id": "68_1", "filename": "tile_68_1.jpg", "x_offset": 1024, "y_offset": 69632, "width": 1024, "height": 1024, "left": 253789.6728515625, "top": 9850838.3178710938, "pixel_size_x": 0.30517578125, "pixel_size_y": 0.30517578125, "crs": "EPSG:32737", "global_x_min": 253914.44189453125, "global_y_min": 9850785.4063201901, "global_x_max": 253943.01336669922, "global_y_max": 9850759.4922485352 }, "geometry": { "type": "Polygon", "coordinates": [ [ [ 253914.44189453125, 9850785.406320190057158 ], [ 253943.01336669921875, 9850785.406320190057158 ], [ 253943.01336669921875, 9850759.49224853515625 ], [ 253914.44189453125, 9850759.49224853515625 ], [ 253914.44189453125, 9850785.406320190057158 ] ] ] } },
{ "type": "Feature", "properties": { "tile_row": 39, "tile_col": 31, "x_min": 789.1052, "y_min": 325.90103, "x_max": 875.0542, "y_max": 440.17593, "confidence_score": 0.7554205, "Class": "domestic garbage", "tile_id": "39_31", "filename": "tile_39_31.jpg", "x_offset": 31744, "y_offset": 39936, "width": 1024, "height": 1024, "left": 263164.6728515625, "top": 9859900.8178710938, "pixel_size_x": 0.30517578125, "pixel_size_y": 0.30517578125, "crs": "EPSG:32737", "global_x_min": 263405.48864746094, "global_y_min": 9859801.3607696537, "global_x_max": 263431.71820068359, "global_y_max": 9859766.4868377689 }, "geometry": { "type": "Polygon", "coordinates": [ [ [ 263405.4886474609375, 9859801.360769653692842 ], [ 263431.71820068359375, 9859801.360769653692842 ], [ 263431.71820068359375, 9859766.486837768927217 ], [ 263405.4886474609375, 9859766.486837768927217 ], [ 263405.4886474609375, 9859801.360769653692842 ] ] ] } },
{ "type": "Feature", "properties": { "tile_row": 39, "tile_col": 31, "x_min": 431.74228, "y_min": 410.1001, "x_max": 488.33432, "y_max": 450.91772, "confidence_score": 0.66255265, "Class": "domestic garbage", "tile_id": "39_31", "filename": "tile_39_31.jpg", "x_offset": 31744, "y_offset": 39936, "width": 1024, "height": 1024, "left": 263164.6728515625, "top": 9859900.8178710938, "pixel_size_x": 0.30517578125, "pixel_size_y": 0.30517578125, "crs": "EPSG:32737", "global_x_min": 263296.43013916013, "global_y_min": 9859775.6652526855, "global_x_max": 263313.70065917971, "global_y_max": 9859763.2087036129 }, "geometry": { "type": "Polygon", "coordinates": [ [ [ 263296.430139160132967, 9859775.665252685546875 ], [ 263313.700659179710783, 9859775.665252685546875 ], [ 263313.700659179710783, 9859763.208703612908721 ], [ 263296.430139160132967, 9859763.208703612908721 ], [ 263296.430139160132967, 9859775.665252685546875 ] ] ] } },
{ "type": "Feature", "properties": { "tile_row": 39, "tile_col": 31, "x_min": 824.1159, "y_min": 679.89716, "x_max": 895.0518, "y_max": 721.9029, "confidence_score": 0.40555784, "Class": "domestic garbage", "tile_id": "39_31", "filename": "tile_39_31.jpg", "x_offset": 31744, "y_offset": 39936, "width": 1024, "height": 1024, "left": 263164.6728515625, "top": 9859900.8178710938, "pixel_size_x": 0.30517578125, "pixel_size_y": 0.30517578125, "crs": "EPSG:32737", "global_x_min": 263416.17306518555, "global_y_min": 9859693.3297241218, "global_x_max": 263437.82098388672, "global_y_max": 9859680.5105895996 }, "geometry": { "type": "Polygon", "coordinates": [ [ [ 263416.173065185546875, 9859693.329724121838808 ], [ 263437.82098388671875, 9859693.329724121838808 ], [ 263437.82098388671875, 9859680.510589599609375 ], [ 263416.173065185546875, 9859680.510589599609375 ], [ 263416.173065185546875, 9859693.329724121838808 ] ] ] } },
{ "type": "Feature", "properties": { "tile_row": 75, "tile_col": 18, "x_min": 854.149, "y_min": 661.4957, "x_max": 911.58527, "y_max": 727.8679, "confidence_score": 0.6754997, "Class": "domestic garbage", "tile_id": "75_18", "filename": "tile_75_18.jpg", "x_offset": 18432, "y_offset": 76800, "width": 1024, "height": 1024, "left": 259102.1728515625, "top": 9848650.8178710938, "pixel_size_x": 0.30517578125, "pixel_size_y": 0.30517578125, "crs": "EPSG:32737", "global_x_min": 259362.83843994141, "global_y_min": 9848448.9454040527, "global_x_max": 259380.36659851074, "global_y_max": 9848428.6902160645 }, "geometry": { "type": "Polygon", "coordinates": [ [ [ 259362.83843994140625, 9848448.945404052734375 ], [ 259380.366598510736367, 9848448.945404052734375 ], [ 259380.366598510736367, 9848428.690216064453125 ], [ 259362.83843994140625, 9848428.690216064453125 ], [ 259362.83843994140625, 9848448.945404052734375 ] ] ] } },
{ "type": "Feature", "properties": { "tile_row": 20, "tile_col": 14, "x_min": 633.2102, "y_min": 627.739, "x_max": 684.6261, "y_max": 676.10156, "confidence_score": 0.84302, "Class": "domestic garbage", "tile_id": "20_14", "filename": "tile_20_14.jpg", "x_offset": 14336, "y_offset": 20480, "width": 1024, "height": 1024, "left": 257852.1728515625, "top": 9865838.3178710938, "pixel_size_x": 0.30517578125, "pixel_size_y": 0.30517578125, "crs": "EPSG:32737", "global_x_min": 258045.41326904297, "global_y_min": 9865646.7471313477, "global_x_max": 258061.10415649414, "global_y_max": 9865631.9880493172 }, "geometry": { "type": "Polygon", "coordinates": [ [ [ 258045.41326904296875, 9865646.74713134765625 ], [ 258061.104156494140625, 9865646.74713134765625 ], [ 258061.104156494140625, 9865631.988049317151308 ], [ 258045.41326904296875, 9865631.988049317151308 ], [ 258045.41326904296875, 9865646.74713134765625 ] ] ] } },
{ "type": "Feature", "properties": { "tile_row": 10, "tile_col": 15, "x_min": 363.95184, "y_min": 108.622604, "x_max": 462.153, "y_max": 180.98778, "confidence_score": 0.42200035, "Class": "domestic garbage", "tile_id": "10_15", "filename": "tile_10_15.jpg", "x_offset": 15360, "y_offset": 10240, "width": 1024, "height": 1024, "left": 258164.6728515625, "top": 9868963.3178710938, "pixel_size_x": 0.30517578125, "pixel_size_y": 0.30517578125, "crs": "EPSG:32737", "global_x_min": 258275.74213867186, "global_y_min": 9868930.1688830573, "global_x_max": 258305.71075439453, "global_y_max": 9868908.0847839359 }, "geometry": { "type": "Polygon", "coordinates": [ [ [ 258275.742138671863358, 9868930.168883057311177 ], [ 258305.71075439453125, 9868930.168883057311177 ], [ 258305.71075439453125, 9868908.084783935919404 ], [ 258275.742138671863358, 9868908.084783935919404 ], [ 258275.742138671863358, 9868930.168883057311177 ] ] ] } },
{ "type": "Feature", "properties": { "tile_row": 30, "tile_col": 32, "x_min": 312.33405, "y_min": 389.84198, "x_max": 370.48096, "y_max": 442.0216, "confidence_score": 0.93922615, "Class": "domestic garbage", "tile_id": "30_32", "filename": "tile_30_32.jpg", "x_offset": 32768, "y_offset": 30720, "width": 1024, "height": 1024, "left": 263477.1728515625, "top": 9862713.3178710938, "pixel_size_x": 0.30517578125, "pixel_size_y": 0.30517578125, "crs": "EPSG:32737", "global_x_min": 263572.48963928223, "global_y_min": 9862594.3475402836, "global_x_max": 263590.23466796876, "global_y_max": 9862578.4235839844 }, "geometry": { "type": "Polygon", "coordinates": [ [ [ 263572.489639282226562, 9862594.347540283575654 ], [ 263590.234667968761642, 9862594.347540283575654 ], [ 263590.234667968761642, 9862578.423583984375 ], [ 263572.489639282226562, 9862578.423583984375 ], [ 263572.489639282226562, 9862594.347540283575654 ] ] ] } },
{ "type": "Feature", "properties": { "tile_row": 40, "tile_col": 23, "x_min": 572.6433, "y_min": 263.62137, "x_max": 614.53174, "y_max": 298.6271, "confidence_score": 0.6500754, "Class": "domestic garbage", "tile_id": "40_23", "filename": "tile_40_23.jpg", "x_offset": 23552, "y_offset": 40960, "width": 1024, "height": 1024, "left": 260664.6728515625, "top": 9859588.3178710938, "pixel_size_x": 0.30517578125, "pixel_size_y": 0.30517578125, "crs": "EPSG:32737", "global_x_min": 260839.42971801758, "global_y_min": 9859507.8670135494, "global_x_max": 260852.21305541991, "global_y_max": 9859497.1841125488 }, "geometry": { "type": "Polygon", "coordinates": [ [ [ 260839.429718017578125, 9859507.867013549432158 ], [ 260852.213055419910233, 9859507.867013549432158 ], [ 260852.213055419910233, 9859497.184112548828125 ], [ 260839.429718017578125, 9859497.184112548828125 ], [ 260839.429718017578125, 9859507.867013549432158 ] ] ] } },
{ "type": "Feature", "properties": { "tile_row": 56, "tile_col": 5, "x_min": 887.74634, "y_min": 362.07025, "x_max": 933.65027, "y_max": 412.77942, "confidence_score": 0.30681458, "Class": "domestic garbage", "tile_id": "56_5", "filename": "tile_56_5.jpg", "x_offset": 5120, "y_offset": 57344, "width": 1024, "height": 1024, "left": 255039.6728515625, "top": 9854588.3178710938, "pixel_size_x": 0.30517578125, "pixel_size_y": 0.30517578125, "crs": "EPSG:32737", "global_x_min": 255310.59153442382, "global_y_min": 9854477.8227996826, "global_x_max": 255324.60030212402, "global_y_max": 9854462.347589111 }, "geometry": { "type": "Polygon", "coordinates": [ [ [ 255310.591534423816483, 9854477.822799682617188 ], [ 255324.600302124017617, 9854477.822799682617188 ], [ 255324.600302124017617, 9854462.347589110955596 ], [ 255310.591534423816483, 9854462.347589110955596 ], [ 255310.591534423816483, 9854477.822799682617188 ] ] ] } },
{ "type": "Feature", "properties": { "tile_row": 48, "tile_col": 31, "x_min": 357.23596, "y_min": 506.4209, "x_max": 431.23584, "y_max": 555.5858, "confidence_score": 0.5743369, "Class": "domestic garbage", "tile_id": "48_31", "filename": "tile_48_31.jpg", "x_offset": 31744, "y_offset": 49152, "width": 1024, "height": 1024, "left": 263164.6728515625, "top": 9857088.3178710938, "pixel_size_x": 0.30517578125, "pixel_size_y": 0.30517578125, "crs": "EPSG:32737", "global_x_min": 263273.69261474611, "global_y_min": 9856933.7704772949, "global_x_max": 263296.27558593749, "global_y_max": 9856918.7665405273 }, "geometry": { "type": "Polygon", "coordinates": [ [ [ 263273.692614746105392, 9856933.770477294921875 ], [ 263296.275585937488358, 9856933.770477294921875 ], [ 263296.275585937488358, 9856918.76654052734375 ], [ 263273.692614746105392, 9856918.76654052734375 ], [ 263273.692614746105392, 9856933.770477294921875 ] ] ] } },
{ "type": "Feature", "properties": { "tile_row": 48, "tile_col": 31, "x_min": 83.3721, "y_min": 490.08145, "x_max": 128.15201, "y_max": 529.4301, "confidence_score": 0.5583743, "Class": "domestic garbage", "tile_id": "48_31", "filename": "tile_48_31.jpg", "x_offset": 31744, "y_offset": 49152, "width": 1024, "height": 1024, "left": 263164.6728515625, "top": 9857088.3178710938, "pixel_size_x": 0.30517578125, "pixel_size_y": 0.30517578125, "crs": "EPSG:32737", "global_x_min": 263190.11599731445, "global_y_min": 9856938.7568817139, "global_x_max": 263203.78174133302, "global_y_max": 9856926.748626709 }, "geometry": { "type": "Polygon", "coordinates": [ [ [ 263190.115997314453125, 9856938.756881713867188 ], [ 263203.781741333019454, 9856938.756881713867188 ], [ 263203.781741333019454, 9856926.748626708984375 ], [ 263190.115997314453125, 9856926.748626708984375 ], [ 263190.115997314453125, 9856938.756881713867188 ] ] ] } },
{ "type": "Feature", "properties": { "tile_row": 44, "tile_col": 29, "x_min": 317.347, "y_min": 536.369, "x_max": 355.1156, "y_max": 565.11816, "confidence_score": 0.6012477, "Class": "domestic garbage", "tile_id": "44_29", "filename": "tile_44_29.jpg", "x_offset": 29696, "y_offset": 45056, "width": 1024, "height": 1024, "left": 262539.6728515625, "top": 9858338.3178710938, "pixel_size_x": 0.30517578125, "pixel_size_y": 0.30517578125, "crs": "EPSG:32737", "global_x_min": 262636.51947021484, "global_y_min": 9858174.6310424805, "global_x_max": 262648.04553222656, "global_y_max": 9858165.8574951179 }, "geometry": { "type": "Polygon", "coordinates": [ [ [ 262636.51947021484375, 9858174.63104248046875 ], [ 262648.0455322265625, 9858174.63104248046875 ], [ 262648.0455322265625, 9858165.857495117932558 ], [ 262636.51947021484375, 9858165.857495117932558 ], [ 262636.51947021484375, 9858174.63104248046875 ] ] ] } },
{ "type": "Feature", "properties": { "tile_row": 34, "tile_col": 37, "x_min": 813.16473, "y_min": 462.23853, "x_max": 909.26654, "y_max": 591.4807, "confidence_score": 0.49301723, "Class": "domestic garbage", "tile_id": "34_37", "filename": "tile_34_37.jpg", "x_offset": 37888, "y_offset": 34816, "width": 1024, "height": 1024, "left": 265039.6728515625, "top": 9861463.3178710938, "pixel_size_x": 0.30517578125, "pixel_size_y": 0.30517578125, "crs": "EPSG:32737", "global_x_min": 265287.83103332517, "global_y_min": 9861322.2538665775, "global_x_max": 265317.15897827147, "global_y_max": 9861282.812286377 }, "geometry": { "type": "Polygon", "coordinates": [ [ [ 265287.831033325172029, 9861322.253866577520967 ], [ 265317.158978271472733, 9861322.253866577520967 ], [ 265317.158978271472733, 9861282.812286376953125 ], [ 265287.831033325172029, 9861282.812286376953125 ], [ 265287.831033325172029, 9861322.253866577520967 ] ] ] } },
{ "type": "Feature", "properties": { "tile_row": 35, "tile_col": 23, "x_min": 245.58759, "y_min": 875.8687, "x_max": 325.69775, "y_max": 910.89984, "confidence_score": 0.3587356, "Class": "domestic garbage", "tile_id": "35_23", "filename": "tile_35_23.jpg", "x_offset": 23552, "y_offset": 35840, "width": 1024, "height": 1024, "left": 260664.6728515625, "top": 9861150.8178710938, "pixel_size_x": 0.30517578125, "pixel_size_y": 0.30517578125, "crs": "EPSG:32737", "global_x_min": 260739.62023620604, "global_y_min": 9860883.5239562988, "global_x_max": 260764.06791687012, "global_y_max": 9860872.8333007805 }, "geometry": { "type": "Polygon", "coordinates": [ [ [ 260739.620236206043046, 9860883.523956298828125 ], [ 260764.067916870117188, 9860883.523956298828125 ], [ 260764.067916870117188, 9860872.833300780504942 ], [ 260739.620236206043046, 9860872.833300780504942 ], [ 260739.620236206043046, 9860883.523956298828125 ] ] ] } },
{ "type": "Feature", "properties": { "tile_row": 39, "tile_col": 8, "x_min": 385.6242, "y_min": 575.6355, "x_max": 422.5829, "y_max": 605.286, "confidence_score": 0.35803634, "Class": "domestic garbage", "tile_id": "39_8", "filename": "tile_39_8.jpg", "x_offset": 8192, "y_offset": 39936, "width": 1024, "height": 1024, "left": 255977.1728515625, "top": 9859900.8178710938, "pixel_size_x": 0.30517578125, "pixel_size_y": 0.30517578125, "crs": "EPSG:32737", "global_x_min": 256094.85601806641, "global_y_min": 9859725.147857666, "global_x_max": 256106.13491821289, "global_y_max": 9859716.0992431641 }, "geometry": { "type": "Polygon", "coordinates": [ [ [ 256094.85601806640625, 9859725.147857666015625 ], [ 256106.134918212890625, 9859725.147857666015625 ], [ 256106.134918212890625, 9859716.0992431640625 ], [ 256094.85601806640625, 9859716.0992431640625 ], [ 256094.85601806640625, 9859725.147857666015625 ] ] ] } },
{ "type": "Feature", "properties": { "tile_row": 42, "tile_col": 39, "x_min": 459.70706, "y_min": 190.64542, "x_max": 531.8441, "y_max": 281.52493, "confidence_score": 0.74973875, "Class": "domestic garbage", "tile_id": "42_39", "filename": "tile_42_39.jpg", "x_offset": 39936, "y_offset": 43008, "width": 1024, "height": 1024, "left": 265664.6728515625, "top": 9858963.3178710938, "pixel_size_x": 0.30517578125, "pixel_size_y": 0.30517578125, "crs": "EPSG:32737", "global_x_min": 265804.96431274415, "global_y_min": 9858905.1375061031, "global_x_max": 265826.9787902832, "global_y_max": 9858877.40328064 }, "geometry": { "type": "Polygon", "coordinates": [ [ [ 265804.964312744152267, 9858905.137506103143096 ], [ 265826.978790283203125, 9858905.137506103143096 ], [ 265826.978790283203125, 9858877.403280640020967 ], [ 265804.964312744152267, 9858877.403280640020967 ], [ 265804.964312744152267, 9858905.137506103143096 ] ] ] } },
{ "type": "Feature", "properties": { "tile_row": 67, "tile_col": 9, "x_min": 308.1734, "y_min": 594.6121, "x_max": 379.5741, "y_max": 657.12054, "confidence_score": 0.83861583, "Class": "domestic garbage", "tile_id": "67_9", "filename": "tile_67_9.jpg", "x_offset": 9216, "y_offset": 68608, "width": 1024, "height": 1024, "left": 256289.6728515625, "top": 9851150.8178710938, "pixel_size_x": 0.30517578125, "pixel_size_y": 0.30517578125, "crs": "EPSG:32737", "global_x_min": 256383.71990966797, "global_y_min": 9850969.3566589355, "global_x_max": 256405.50967407227, "global_y_max": 9850950.2805969231 }, "geometry": { "type": "Polygon", "coordinates": [ [ [ 256383.71990966796875, 9850969.356658935546875 ], [ 256405.509674072265625, 9850969.356658935546875 ], [ 256405.509674072265625, 9850950.280596923083067 ], [ 256383.71990966796875, 9850950.280596923083067 ], [ 256383.71990966796875, 9850969.356658935546875 ] ] ] } },
{ "type": "Feature", "properties": { "tile_row": 54, "tile_col": 12, "x_min": 335.21622, "y_min": 387.81152, "x_max": 415.57126, "y_max": 436.3305, "confidence_score": 0.6698496, "Class": "domestic garbage", "tile_id": "54_12", "filename": "tile_54_12.jpg", "x_offset": 12288, "y_offset": 55296, "width": 1024, "height": 1024, "left": 257227.1728515625, "top": 9855213.3178710938, "pixel_size_x": 0.30517578125, "pixel_size_y": 0.30517578125, "crs": "EPSG:32737", "global_x_min": 257329.47272338867, "global_y_min": 9855094.9671874996, "global_x_max": 257353.99513549806, "global_y_max": 9855080.160369873 }, "geometry": { "type": "Polygon", "coordinates": [ [ [ 257329.472723388666054, 9855094.967187499627471 ], [ 257353.995135498058517, 9855094.967187499627471 ], [ 257353.995135498058517, 9855080.160369873046875 ], [ 257329.472723388666054, 9855080.160369873046875 ], [ 257329.472723388666054, 9855094.967187499627471 ] ] ] } },
{ "type": "Feature", "properties": { "tile_row": 24, "tile_col": 32, "x_min": 662.4882, "y_min": 228.69598, "x_max": 720.62445, "y_max": 265.08386, "confidence_score": 0.53085095, "Class": "domestic garbage", "tile_id": "24_32", "filename": "tile_24_32.jpg", "x_offset": 32768, "y_offset": 24576, "width": 1024, "height": 1024, "left": 263477.1728515625, "top": 9864588.3178710938, "pixel_size_x": 0.30517578125, "pixel_size_y": 0.30517578125, "crs": "EPSG:32737", "global_x_min": 263679.34820556641, "global_y_min": 9864518.5253967289, "global_x_max": 263697.0899810791, "global_y_max": 9864507.4206970222 }, "geometry": { "type": "Polygon", "coordinates": [ [ [ 263679.34820556640625, 9864518.525396728888154 ], [ 263697.089981079101562, 9864518.525396728888154 ], [ 263697.089981079101562, 9864507.420697022229433 ], [ 263679.34820556640625, 9864507.420697022229433 ], [ 263679.34820556640625, 9864518.525396728888154 ] ] ] } },
{ "type": "Feature", "properties": { "tile_row": 34, "tile_col": 42, "x_min": 797.5886, "y_min": 697.42267, "x_max": 844.46704, "y_max": 734.0192, "confidence_score": 0.68214417, "Class": "domestic garbage", "tile_id": "34_42", "filename": "tile_34_42.jpg", "x_offset": 43008, "y_offset": 34816, "width": 1024, "height": 1024, "left": 266602.1728515625, "top": 9861463.3178710938, "pixel_size_x": 0.30517578125, "pixel_size_y": 0.30517578125, "crs": "EPSG:32737", "global_x_min": 266845.57757568359, "global_y_min": 9861250.4813629147, "global_x_max": 266859.88374023436, "global_y_max": 9861239.3129882812 }, "geometry": { "type": "Polygon", "coordinates": [ [ [ 266845.57757568359375, 9861250.481362914666533 ], [ 266859.883740234363358, 9861250.481362914666533 ], [ 266859.883740234363358, 9861239.31298828125 ], [ 266845.57757568359375, 9861239.31298828125 ], [ 266845.57757568359375, 9861250.481362914666533 ] ] ] } },
{ "type": "Feature", "properties": { "tile_row": 62, "tile_col": 9, "x_min": 634.8155, "y_min": 265.6929, "x_max": 716.638, "y_max": 336.4183, "confidence_score": 0.37096983, "Class": "domestic garbage", "tile_id": "62_9", "filename": "tile_62_9.jpg", "x_offset": 9216, "y_offset": 63488, "width": 1024, "height": 1024, "left": 256289.6728515625, "top": 9852713.3178710938, "pixel_size_x": 0.30517578125, "pixel_size_y": 0.30517578125, "crs": "EPSG:32737", "global_x_min": 256483.40316772461, "global_y_min": 9852632.2348327637, "global_x_max": 256508.37341308594, "global_y_max": 9852610.6511535645 }, "geometry": { "type": "Polygon", "coordinates": [ [ [ 256483.403167724609375, 9852632.234832763671875 ], [ 256508.3734130859375, 9852632.234832763671875 ], [ 256508.3734130859375, 9852610.651153564453125 ], [ 256483.403167724609375, 9852610.651153564453125 ], [ 256483.403167724609375, 9852632.234832763671875 ] ] ] } },
{ "type": "Feature", "properties": { "tile_row": 27, "tile_col": 28, "x_min": 422.55496, "y_min": 606.93134, "x_max": 492.2092, "y_max": 671.32745, "confidence_score": 0.4767438, "Class": "domestic garbage", "tile_id": "27_28", "filename": "tile_27_28.jpg", "x_offset": 28672, "y_offset": 27648, "width": 1024, "height": 1024, "left": 262227.1728515625, "top": 9863650.8178710938, "pixel_size_x": 0.30517578125, "pixel_size_y": 0.30517578125, "crs": "EPSG:32737", "global_x_min": 262356.12639160157, "global_y_min": 9863465.5971252434, "global_x_max": 262377.38317871094, "global_y_max": 9863445.9449920654 }, "geometry": { "type": "Polygon", "coordinates": [ [ [ 262356.126391601574142, 9863465.597125243395567 ], [ 262377.3831787109375, 9863465.597125243395567 ], [ 262377.3831787109375, 9863445.944992065429688 ], [ 262356.126391601574142, 9863445.944992065429688 ], [ 262356.126391601574142, 9863465.597125243395567 ] ] ] } },
{ "type": "Feature", "properties": { "tile_row": 33, "tile_col": 0, "x_min": 421.72736, "y_min": 753.12036, "x_max": 489.5559, "y_max": 795.26025, "confidence_score": 0.7468312, "Class": "domestic garbage", "tile_id": "33_0", "filename": "tile_33_0.jpg", "x_offset": 0, "y_offset": 33792, "width": 1024, "height": 1024, "left": 253477.1728515625, "top": 9861775.8178710938, "pixel_size_x": 0.30517578125, "pixel_size_y": 0.30517578125, "crs": "EPSG:32737", "global_x_min": 253605.87382812501, "global_y_min": 9861545.9837768562, "global_x_max": 253626.57345581055, "global_y_max": 9861533.1237030029 }, "geometry": { "type": "Polygon", "coordinates": [ [ [ 253605.873828125011642, 9861545.983776856213808 ], [ 253626.573455810546875, 9861545.983776856213808 ], [ 253626.573455810546875, 9861533.123703002929688 ], [ 253605.873828125011642, 9861533.123703002929688 ], [ 253605.873828125011642, 9861545.983776856213808 ] ] ] } },
{ "type": "Feature", "properties": { "tile_row": 19, "tile_col": 18, "x_min": 280.38568, "y_min": 309.9747, "x_max": 326.47467, "y_max": 350.90036, "confidence_score": 0.62227505, "Class": "domestic garbage", "tile_id": "19_18", "filename": "tile_19_18.jpg", "x_offset": 18432, "y_offset": 19456, "width": 1024, "height": 1024, "left": 259102.1728515625, "top": 9866150.8178710938, "pixel_size_x": 0.30517578125, "pixel_size_y": 0.30517578125, "crs": "EPSG:32737", "global_x_min": 259187.73977050782, "global_y_min": 9866056.2210998535, "global_x_max": 259201.80501403808, "global_y_max": 9866043.7315795906 }, "geometry": { "type": "Polygon", "coordinates": [ [ [ 259187.739770507818321, 9866056.221099853515625 ], [ 259201.805014038080117, 9866056.221099853515625 ], [ 259201.805014038080117, 9866043.731579590588808 ], [ 259187.739770507818321, 9866043.731579590588808 ], [ 259187.739770507818321, 9866056.221099853515625 ] ] ] } },
{ "type": "Feature", "properties": { "tile_row": 30, "tile_col": 37, "x_min": 894.8567, "y_min": 352.13794, "x_max": 934.16064, "y_max": 383.87903, "confidence_score": 0.4788266, "Class": "domestic garbage", "tile_id": "30_37", "filename": "tile_30_37.jpg", "x_offset": 37888, "y_offset": 30720, "width": 1024, "height": 1024, "left": 265039.6728515625, "top": 9862713.3178710938, "pixel_size_x": 0.30517578125, "pixel_size_y": 0.30517578125, "crs": "EPSG:32737", "global_x_min": 265312.7614440918, "global_y_min": 9862605.8539001457, "global_x_max": 265324.75605468749, "global_y_max": 9862596.1672882084 }, "geometry": { "type": "Polygon", "coordinates": [ [ [ 265312.761444091796875, 9862605.853900145739317 ], [ 265324.756054687488358, 9862605.853900145739317 ], [ 265324.756054687488358, 9862596.167288208380342 ], [ 265312.761444091796875, 9862596.167288208380342 ], [ 265312.761444091796875, 9862605.853900145739317 ] ] ] } },
{ "type": "Feature", "properties": { "tile_row": 30, "tile_col": 37, "x_min": 717.40924, "y_min": 375.23477, "x_max": 778.66327, "y_max": 441.71774, "confidence_score": 0.36530787, "Class": "domestic garbage", "tile_id": "30_37", "filename": "tile_30_37.jpg", "x_offset": 37888, "y_offset": 30720, "width": 1024, "height": 1024, "left": 265039.6728515625, "top": 9862713.3178710938, "pixel_size_x": 0.30517578125, "pixel_size_y": 0.30517578125, "crs": "EPSG:32737", "global_x_min": 265258.60877685546, "global_y_min": 9862598.8053070065, "global_x_max": 265277.30202331545, "global_y_max": 9862578.5163146965 }, "geometry": { "type": "Polygon", "coordinates": [ [ [ 265258.608776855457108, 9862598.805307006463408 ], [ 265277.302023315452971, 9862598.805307006463408 ], [ 265277.302023315452971, 9862578.516314696520567 ], [ 265258.608776855457108, 9862578.516314696520567 ], [ 265258.608776855457108, 9862598.805307006463408 ] ] ] } },
{ "type": "Feature", "properties": { "tile_row": 42, "tile_col": 11, "x_min": 443.57498, "y_min": 603.8763, "x_max": 528.70715, "y_max": 699.6115, "confidence_score": 0.3095845, "Class": "domestic garbage", "tile_id": "42_11", "filename": "tile_42_11.jpg", "x_offset": 11264, "y_offset": 43008, "width": 1024, "height": 1024, "left": 256914.6728515625, "top": 9858963.3178710938, "pixel_size_x": 0.30517578125, "pixel_size_y": 0.30517578125, "crs": "EPSG:32737", "global_x_min": 257050.04119262696, "global_y_min": 9858779.0294494629, "global_x_max": 257076.02146911621, "global_y_max": 9858749.8133850098 }, "geometry": { "type": "Polygon", "coordinates": [ [ [ 257050.041192626958946, 9858779.029449462890625 ], [ 257076.021469116210938, 9858779.029449462890625 ], [ 257076.021469116210938, 9858749.813385009765625 ], [ 257050.041192626958946, 9858749.813385009765625 ], [ 257050.041192626958946, 9858779.029449462890625 ] ] ] } },
{ "type": "Feature", "properties": { "tile_row": 16, "tile_col": 31, "x_min": 730.1535, "y_min": 507.9123, "x_max": 768.0002, "y_max": 543.674, "confidence_score": 0.5024364, "Class": "domestic garbage", "tile_id": "16_31", "filename": "tile_16_31.jpg", "x_offset": 31744, "y_offset": 16384, "width": 1024, "height": 1024, "left": 263164.6728515625, "top": 9867088.3178710938, "pixel_size_x": 0.30517578125, "pixel_size_y": 0.30517578125, "crs": "EPSG:32737", "global_x_min": 263387.49801635742, "global_y_min": 9866933.3153381348, "global_x_max": 263399.04791259766, "global_y_max": 9866922.4017333984 }, "geometry": { "type": "Polygon", "coordinates": [ [ [ 263387.498016357421875, 9866933.315338134765625 ], [ 263399.04791259765625, 9866933.315338134765625 ], [ 263399.04791259765625, 9866922.4017333984375 ], [ 263387.498016357421875, 9866922.4017333984375 ], [ 263387.498016357421875, 9866933.315338134765625 ] ] ] } },
{ "type": "Feature", "properties": { "tile_row": 52, "tile_col": 1, "x_min": 414.2481, "y_min": 877.6068, "x_max": 475.04718, "y_max": 939.3203, "confidence_score": 0.78402007, "Class": "domestic garbage", "tile_id": "52_1", "filename": "tile_52_1.jpg", "x_offset": 1024, "y_offset": 53248, "width": 1024, "height": 1024, "left": 253789.6728515625, "top": 9855838.3178710938, "pixel_size_x": 0.30517578125, "pixel_size_y": 0.30517578125, "crs": "EPSG:32737", "global_x_min": 253916.09133911133, "global_y_min": 9855570.4935302734, "global_x_max": 253934.64574584962, "global_y_max": 9855551.6600646973 }, "geometry": { "type": "Polygon", "coordinates": [ [ [ 253916.091339111328125, 9855570.4935302734375 ], [ 253934.645745849615196, 9855570.4935302734375 ], [ 253934.645745849615196, 9855551.660064697265625 ], [ 253916.091339111328125, 9855551.660064697265625 ], [ 253916.091339111328125, 9855570.4935302734375 ] ] ] } },
{ "type": "Feature", "properties": { "tile_row": 39, "tile_col": 7, "x_min": 380.01566, "y_min": 450.17453, "x_max": 445.3375, "y_max": 486.02768, "confidence_score": 0.86155456, "Class": "domestic garbage", "tile_id": "39_7", "filename": "tile_39_7.jpg", "x_offset": 7168, "y_offset": 39936, "width": 1024, "height": 1024, "left": 255664.6728515625, "top": 9859900.8178710938, "pixel_size_x": 0.30517578125, "pixel_size_y": 0.30517578125, "crs": "EPSG:32737", "global_x_min": 255780.64442749025, "global_y_min": 9859763.4355072025, "global_x_max": 255800.57907104492, "global_y_max": 9859752.493994141 }, "geometry": { "type": "Polygon", "coordinates": [ [ [ 255780.644427490246017, 9859763.435507202520967 ], [ 255800.579071044921875, 9859763.435507202520967 ], [ 255800.579071044921875, 9859752.493994140997529 ], [ 255780.644427490246017, 9859752.493994140997529 ], [ 255780.644427490246017, 9859763.435507202520967 ] ] ] } },
{ "type": "Feature", "properties": { "tile_row": 13, "tile_col": 40, "x_min": 306.89713, "y_min": 883.1549, "x_max": 345.4456, "y_max": 945.66956, "confidence_score": 0.63278574, "Class": "domestic garbage", "tile_id": "13_40", "filename": "tile_13_40.jpg", "x_offset": 40960, "y_offset": 13312, "width": 1024, "height": 1024, "left": 265977.1728515625, "top": 9868025.8178710938, "pixel_size_x": 0.30517578125, "pixel_size_y": 0.30517578125, "crs": "EPSG:32737", "global_x_min": 266070.83042297361, "global_y_min": 9867756.3003845215, "global_x_max": 266082.59448242188, "global_y_max": 9867737.2224243172 }, "geometry": { "type": "Polygon", "coordinates": [ [ [ 266070.830422973609529, 9867756.300384521484375 ], [ 266082.594482421875, 9867756.300384521484375 ], [ 266082.594482421875, 9867737.222424317151308 ], [ 266070.830422973609529, 9867737.222424317151308 ], [ 266070.830422973609529, 9867756.300384521484375 ] ] ] } },
{ "type": "Feature", "properties": { "tile_row": 25, "tile_col": 35, "x_min": 720.54865, "y_min": 857.7696, "x_max": 771.21, "y_max": 894.9296, "confidence_score": 0.7573451, "Class": "domestic garbage", "tile_id": "25_35", "filename": "tile_25_35.jpg", "x_offset": 35840, "y_offset": 25600, "width": 1024, "height": 1024, "left": 264414.6728515625, "top": 9864275.8178710938, "pixel_size_x": 0.30517578125, "pixel_size_y": 0.30517578125, "crs": "EPSG:32737", "global_x_min": 264634.56684875488, "global_y_min": 9864014.0473632812, "global_x_max": 264650.02746582031, "global_y_max": 9864002.70703125 }, "geometry": { "type": "Polygon", "coordinates": [ [ [ 264634.566848754882812, 9864014.04736328125 ], [ 264650.0274658203125, 9864014.04736328125 ], [ 264650.0274658203125, 9864002.70703125 ], [ 264634.566848754882812, 9864002.70703125 ], [ 264634.566848754882812, 9864014.04736328125 ] ] ] } },
{ "type": "Feature", "properties": { "tile_row": 63, "tile_col": 2, "x_min": 469.93332, "y_min": 633.7698, "x_max": 513.1824, "y_max": 677.85535, "confidence_score": 0.7713868, "Class": "domestic garbage", "tile_id": "63_2", "filename": "tile_63_2.jpg", "x_offset": 2048, "y_offset": 64512, "width": 1024, "height": 1024, "left": 254102.1728515625, "top": 9852400.8178710938, "pixel_size_x": 0.30517578125, "pixel_size_y": 0.30517578125, "crs": "EPSG:32737", "global_x_min": 254245.5851196289, "global_y_min": 9852207.4066772461, "global_x_max": 254258.78369140625, "global_y_max": 9852193.952835083 }, "geometry": { "type": "Polygon", "coordinates": [ [ [ 254245.585119628900429, 9852207.40667724609375 ], [ 254258.78369140625, 9852207.40667724609375 ], [ 254258.78369140625, 9852193.952835083007812 ], [ 254245.585119628900429, 9852193.952835083007812 ], [ 254245.585119628900429, 9852207.40667724609375 ] ] ] } },
{ "type": "Feature", "properties": { "tile_row": 51, "tile_col": 20, "x_min": 302.16486, "y_min": 611.88104, "x_max": 349.5359, "y_max": 657.72076, "confidence_score": 0.75085986, "Class": "domestic garbage", "tile_id": "51_20", "filename": "tile_51_20.jpg", "x_offset": 20480, "y_offset": 52224, "width": 1024, "height": 1024, "left": 259727.1728515625, "top": 9856150.8178710938, "pixel_size_x": 0.30517578125, "pixel_size_y": 0.30517578125, "crs": "EPSG:32737", "global_x_min": 259819.38624877931, "global_y_min": 9855964.0865966789, "global_x_max": 259833.84274291992, "global_y_max": 9855950.0974243172 }, "geometry": { "type": "Polygon", "coordinates": [ [ [ 259819.386248779308517, 9855964.086596678942442 ], [ 259833.842742919921875, 9855964.086596678942442 ], [ 259833.842742919921875, 9855950.097424317151308 ], [ 259819.386248779308517, 9855950.097424317151308 ], [ 259819.386248779308517, 9855964.086596678942442 ] ] ] } },
{ "type": "Feature", "properties": { "tile_row": 36, "tile_col": 40, "x_min": 708.0129, "y_min": 730.8157, "x_max": 838.07184, "y_max": 819.2949, "confidence_score": 0.5585118, "Class": "domestic garbage", "tile_id": "36_40", "filename": "tile_36_40.jpg", "x_offset": 40960, "y_offset": 36864, "width": 1024, "height": 1024, "left": 265977.1728515625, "top": 9860838.3178710938, "pixel_size_x": 0.30517578125, "pixel_size_y": 0.30517578125, "crs": "EPSG:32737", "global_x_min": 266193.24124145508, "global_y_min": 9860615.2906188965, "global_x_max": 266232.93208007811, "global_y_max": 9860588.2889099121 }, "geometry": { "type": "Polygon", "coordinates": [ [ [ 266193.241241455078125, 9860615.290618896484375 ], [ 266232.932080078113358, 9860615.290618896484375 ], [ 266232.932080078113358, 9860588.288909912109375 ], [ 266193.241241455078125, 9860588.288909912109375 ], [ 266193.241241455078125, 9860615.290618896484375 ] ] ] } },
{ "type": "Feature", "properties": { "tile_row": 50, "tile_col": 35, "x_min": 928.0616, "y_min": 230.06276, "x_max": 1024.0, "y_max": 291.21765, "confidence_score": 0.50896835, "Class": "domestic garbage", "tile_id": "50_35", "filename": "tile_50_35.jpg", "x_offset": 35840, "y_offset": 51200, "width": 1024, "height": 1024, "left": 264414.6728515625, "top": 9856463.3178710938, "pixel_size_x": 0.30517578125, "pixel_size_y": 0.30517578125, "crs": "EPSG:32737", "global_x_min": 264697.89477539062, "global_y_min": 9856393.108288575, "global_x_max": 264727.1728515625, "global_y_max": 9856374.4452972412 }, "geometry": { "type": "Polygon", "coordinates": [ [ [ 264697.894775390625, 9856393.108288574963808 ], [ 264727.1728515625, 9856393.108288574963808 ], [ 264727.1728515625, 9856374.445297241210938 ], [ 264697.894775390625, 9856374.445297241210938 ], [ 264697.894775390625, 9856393.108288574963808 ] ] ] } },
{ "type": "Feature", "properties": { "tile_row": 40, "tile_col": 14, "x_min": 445.6405, "y_min": 831.5884, "x_max": 511.98993, "y_max": 869.25037, "confidence_score": 0.8103697, "Class": "domestic garbage", "tile_id": "40_14", "filename": "tile_40_14.jpg", "x_offset": 14336, "y_offset": 40960, "width": 1024, "height": 1024, "left": 257852.1728515625, "top": 9859588.3178710938, "pixel_size_x": 0.30517578125, "pixel_size_y": 0.30517578125, "crs": "EPSG:32737", "global_x_min": 257988.17153930664, "global_y_min": 9859334.5372314453, "global_x_max": 258008.41977844239, "global_y_max": 9859323.0437103268 }, "geometry": { "type": "Polygon", "coordinates": [ [ [ 257988.171539306640625, 9859334.5372314453125 ], [ 258008.419778442388633, 9859334.5372314453125 ], [ 258008.419778442388633, 9859323.043710326775908 ], [ 257988.171539306640625, 9859323.043710326775908 ], [ 257988.171539306640625, 9859334.5372314453125 ] ] ] } },
{ "type": "Feature", "properties": { "tile_row": 40, "tile_col": 39, "x_min": 452.62088, "y_min": 183.38744, "x_max": 510.78757, "y_max": 228.60753, "confidence_score": 0.5657337, "Class": "domestic garbage", "tile_id": "40_39", "filename": "tile_40_39.jpg", "x_offset": 39936, "y_offset": 40960, "width": 1024, "height": 1024, "left": 265664.6728515625, "top": 9859588.3178710938, "pixel_size_x": 0.30517578125, "pixel_size_y": 0.30517578125, "crs": "EPSG:32737", "global_x_min": 265802.80178222654, "global_y_min": 9859532.3524658196, "global_x_max": 265820.55284729006, "global_y_max": 9859518.5523895267 }, "geometry": { "type": "Polygon", "coordinates": [ [ [ 265802.801782226539217, 9859532.352465819567442 ], [ 265820.552847290062346, 9859532.352465819567442 ], [ 265820.552847290062346, 9859518.552389526739717 ], [ 265802.801782226539217, 9859518.552389526739717 ], [ 265802.801782226539217, 9859532.352465819567442 ] ] ] } },
{ "type": "Feature", "properties": { "tile_row": 29, "tile_col": 35, "x_min": 866.62714, "y_min": 846.0052, "x_max": 901.6003, "y_max": 883.8328, "confidence_score": 0.37924346, "Class": "domestic garbage", "tile_id": "29_35", "filename": "tile_29_35.jpg", "x_offset": 35840, "y_offset": 29696, "width": 1024, "height": 1024, "left": 264414.6728515625, "top": 9863025.8178710938, "pixel_size_x": 0.30517578125, "pixel_size_y": 0.30517578125, "crs": "EPSG:32737", "global_x_min": 264679.14646606444, "global_y_min": 9862767.6375732422, "global_x_max": 264689.81942749023, "global_y_max": 9862756.0935058594 }, "geometry": { "type": "Polygon", "coordinates": [ [ [ 264679.146466064441483, 9862767.6375732421875 ], [ 264689.819427490234375, 9862767.6375732421875 ], [ 264689.819427490234375, 9862756.093505859375 ], [ 264679.146466064441483, 9862756.093505859375 ], [ 264679.146466064441483, 9862767.6375732421875 ] ] ] } },
{ "type": "Feature", "properties": { "tile_row": 27, "tile_col": 23, "x_min": 231.36726, "y_min": 248.41379, "x_max": 286.11426, "y_max": 298.33652, "confidence_score": 0.7142336, "Class": "domestic garbage", "tile_id": "27_23", "filename": "tile_27_23.jpg", "x_offset": 23552, "y_offset": 27648, "width": 1024, "height": 1024, "left": 260664.6728515625, "top": 9863650.8178710938, "pixel_size_x": 0.30517578125, "pixel_size_y": 0.30517578125, "crs": "EPSG:32737", "global_x_min": 260735.28053588868, "global_y_min": 9863575.0079986565, "global_x_max": 260751.98799438478, "global_y_max": 9863559.772790527 }, "geometry": { "type": "Polygon", "coordinates": [ [ [ 260735.280535888683517, 9863575.007998656481504 ], [ 260751.987994384777267, 9863575.007998656481504 ], [ 260751.987994384777267, 9863559.772790526971221 ], [ 260735.280535888683517, 9863559.772790526971221 ], [ 260735.280535888683517, 9863575.007998656481504 ] ] ] } },
{ "type": "Feature", "properties": { "tile_row": 27, "tile_col": 23, "x_min": 492.88614, "y_min": 902.09503, "x_max": 546.9071, "y_max": 967.2503, "confidence_score": 0.32640687, "Class": "domestic garbage", "tile_id": "27_23", "filename": "tile_27_23.jpg", "x_offset": 23552, "y_offset": 27648, "width": 1024, "height": 1024, "left": 260664.6728515625, "top": 9863650.8178710938, "pixel_size_x": 0.30517578125, "pixel_size_y": 0.30517578125, "crs": "EPSG:32737", "global_x_min": 260815.08976440429, "global_y_min": 9863375.5203155521, "global_x_max": 260831.57565307617, "global_y_max": 9863355.636505127 }, "geometry": { "type": "Polygon", "coordinates": [ [ [ 260815.089764404285233, 9863375.520315552130342 ], [ 260831.575653076171875, 9863375.520315552130342 ], [ 260831.575653076171875, 9863355.636505126953125 ], [ 260815.089764404285233, 9863355.636505126953125 ], [ 260815.089764404285233, 9863375.520315552130342 ] ] ] } },
{ "type": "Feature", "properties": { "tile_row": 18, "tile_col": 18, "x_min": 644.96, "y_min": 240.1312, "x_max": 735.4959, "y_max": 326.4219, "confidence_score": 0.30115747, "Class": "domestic garbage", "tile_id": "18_18", "filename": "tile_18_18.jpg", "x_offset": 18432, "y_offset": 18432, "width": 1024, "height": 1024, "left": 259102.1728515625, "top": 9866463.3178710938, "pixel_size_x": 0.30517578125, "pixel_size_y": 0.30517578125, "crs": "EPSG:32737", "global_x_min": 259298.9990234375, "global_y_min": 9866390.0356445312, "global_x_max": 259326.62838745117, "global_y_max": 9866363.7018127441 }, "geometry": { "type": "Polygon", "coordinates": [ [ [ 259298.9990234375, 9866390.03564453125 ], [ 259326.628387451171875, 9866390.03564453125 ], [ 259326.628387451171875, 9866363.701812744140625 ], [ 259298.9990234375, 9866363.701812744140625 ], [ 259298.9990234375, 9866390.03564453125 ] ] ] } },
{ "type": "Feature", "properties": { "tile_row": 53, "tile_col": 23, "x_min": 924.459, "y_min": 491.25952, "x_max": 983.38354, "y_max": 585.32056, "confidence_score": 0.4699783, "Class": "domestic garbage", "tile_id": "53_23", "filename": "tile_53_23.jpg", "x_offset": 23552, "y_offset": 54272, "width": 1024, "height": 1024, "left": 260664.6728515625, "top": 9855525.8178710938, "pixel_size_x": 0.30517578125, "pixel_size_y": 0.30517578125, "crs": "EPSG:32737", "global_x_min": 260946.79534912109, "global_y_min": 9855375.8973632809, "global_x_max": 260964.77769165038, "global_y_max": 9855347.1922119148 }, "geometry": { "type": "Polygon", "coordinates": [ [ [ 260946.79534912109375, 9855375.897363280877471 ], [ 260964.777691650378983, 9855375.897363280877471 ], [ 260964.777691650378983, 9855347.192211914807558 ], [ 260946.79534912109375, 9855347.192211914807558 ], [ 260946.79534912109375, 9855375.897363280877471 ] ] ] } },
{ "type": "Feature", "properties": { "tile_row": 52, "tile_col": 4, "x_min": 913.7805, "y_min": 248.869, "x_max": 978.61597, "y_max": 311.3194, "confidence_score": 0.8926427, "Class": "domestic garbage", "tile_id": "52_4", "filename": "tile_52_4.jpg", "x_offset": 4096, "y_offset": 53248, "width": 1024, "height": 1024, "left": 254727.1728515625, "top": 9855838.3178710938, "pixel_size_x": 0.30517578125, "pixel_size_y": 0.30517578125, "crs": "EPSG:32737", "global_x_min": 255006.03652954102, "global_y_min": 9855762.3690795898, "global_x_max": 255025.82274475097, "global_y_max": 9855743.3107299805 }, "geometry": { "type": "Polygon", "coordinates": [ [ [ 255006.036529541015625, 9855762.36907958984375 ], [ 255025.822744750970742, 9855762.36907958984375 ], [ 255025.822744750970742, 9855743.31072998046875 ], [ 255006.036529541015625, 9855743.31072998046875 ], [ 255006.036529541015625, 9855762.36907958984375 ] ] ] } },
{ "type": "Feature", "properties": { "tile_row": 36, "tile_col": 39, "x_min": 113.795105, "y_min": 486.35977, "x_max": 174.51767, "y_max": 527.38995, "confidence_score": 0.7761566, "Class": "domestic garbage", "tile_id": "36_39", "filename": "tile_36_39.jpg", "x_offset": 39936, "y_offset": 36864, "width": 1024, "height": 1024, "left": 265664.6728515625, "top": 9860838.3178710938, "pixel_size_x": 0.30517578125, "pixel_size_y": 0.30517578125, "crs": "EPSG:32737", "global_x_min": 265699.40036163328, "global_y_min": 9860689.8926483151, "global_x_max": 265717.9314178467, "global_y_max": 9860677.3712310791 }, "geometry": { "type": "Polygon", "coordinates": [ [ [ 265699.400361633277498, 9860689.892648315057158 ], [ 265717.931417846702971, 9860689.892648315057158 ], [ 265717.931417846702971, 9860677.371231079101562 ], [ 265699.400361633277498, 9860677.371231079101562 ], [ 265699.400361633277498, 9860689.892648315057158 ] ] ] } },
{ "type": "Feature", "properties": { "tile_row": 44, "tile_col": 19, "x_min": 807.067, "y_min": 438.23688, "x_max": 905.3812, "y_max": 487.66333, "confidence_score": 0.5631899, "Class": "domestic garbage", "tile_id": "44_19", "filename": "tile_44_19.jpg", "x_offset": 19456, "y_offset": 45056, "width": 1024, "height": 1024, "left": 259414.6728515625, "top": 9858338.3178710938, "pixel_size_x": 0.30517578125, "pixel_size_y": 0.30517578125, "crs": "EPSG:32737", "global_x_min": 259660.97015380859, "global_y_min": 9858204.5785888676, "global_x_max": 259690.97326660156, "global_y_max": 9858189.4948333744 }, "geometry": { "type": "Polygon", "coordinates": [ [ [ 259660.97015380859375, 9858204.578588867560029 ], [ 259690.9732666015625, 9858204.578588867560029 ], [ 259690.9732666015625, 9858189.494833374395967 ], [ 259660.97015380859375, 9858189.494833374395967 ], [ 259660.97015380859375, 9858204.578588867560029 ] ] ] } },
{ "type": "Feature", "properties": { "tile_row": 21, "tile_col": 26, "x_min": 759.1342, "y_min": 383.61795, "x_max": 861.37054, "y_max": 454.6191, "confidence_score": 0.66061217, "Class": "domestic garbage", "tile_id": "21_26", "filename": "tile_21_26.jpg", "x_offset": 26624, "y_offset": 21504, "width": 1024, "height": 1024, "left": 261602.1728515625, "top": 9865525.8178710938, "pixel_size_x": 0.30517578125, "pixel_size_y": 0.30517578125, "crs": "EPSG:32737", "global_x_min": 261833.84222412109, "global_y_min": 9865408.746963501, "global_x_max": 261865.04227905272, "global_y_max": 9865387.0791320801 }, "geometry": { "type": "Polygon", "coordinates": [ [ [ 261833.84222412109375, 9865408.746963500976562 ], [ 261865.042279052722733, 9865408.746963500976562 ], [ 261865.042279052722733, 9865387.079132080078125 ], [ 261833.84222412109375, 9865387.079132080078125 ], [ 261833.84222412109375, 9865408.746963500976562 ] ] ] } },
{ "type": "Feature", "properties": { "tile_row": 50, "tile_col": 27, "x_min": 495.33765, "y_min": 846.4202, "x_max": 560.8733, "y_max": 929.60834, "confidence_score": 0.41837797, "Class": "domestic garbage", "tile_id": "50_27", "filename": "tile_50_27.jpg", "x_offset": 27648, "y_offset": 51200, "width": 1024, "height": 1024, "left": 261914.6728515625, "top": 9856463.3178710938, "pixel_size_x": 0.30517578125, "pixel_size_y": 0.30517578125, "crs": "EPSG:32737", "global_x_min": 262065.83790588379, "global_y_min": 9856205.010925293, "global_x_max": 262085.83779907227, "global_y_max": 9856179.623919677 }, "geometry": { "type": "Polygon", "coordinates": [ [ [ 262065.837905883789062, 9856205.01092529296875 ], [ 262085.837799072265625, 9856205.01092529296875 ], [ 262085.837799072265625, 9856179.623919676989317 ], [ 262065.837905883789062, 9856179.623919676989317 ], [ 262065.837905883789062, 9856205.01092529296875 ] ] ] } },
{ "type": "Feature", "properties": { "tile_row": 55, "tile_col": 2, "x_min": 681.29236, "y_min": 482.61865, "x_max": 731.95337, "y_max": 521.39813, "confidence_score": 0.957639, "Class": "domestic garbage", "tile_id": "55_2", "filename": "tile_55_2.jpg", "x_offset": 2048, "y_offset": 56320, "width": 1024, "height": 1024, "left": 254102.1728515625, "top": 9854900.8178710938, "pixel_size_x": 0.30517578125, "pixel_size_y": 0.30517578125, "crs": "EPSG:32737", "global_x_min": 254310.08677978517, "global_y_min": 9854753.5343475342, "global_x_max": 254325.54729309081, "global_y_max": 9854741.6997894291 }, "geometry": { "type": "Polygon", "coordinates": [ [ [ 254310.086779785167892, 9854753.534347534179688 ], [ 254325.547293090814492, 9854753.534347534179688 ], [ 254325.547293090814492, 9854741.699789429083467 ], [ 254310.086779785167892, 9854741.699789429083467 ], [ 254310.086779785167892, 9854753.534347534179688 ] ] ] } },
{ "type": "Feature", "properties": { "tile_row": 55, "tile_col": 2, "x_min": 458.8422, "y_min": 209.18013, "x_max": 501.33737, "y_max": 250.33229, "confidence_score": 0.514448, "Class": "domestic garbage", "tile_id": "55_2", "filename": "tile_55_2.jpg", "x_offset": 2048, "y_offset": 56320, "width": 1024, "height": 1024, "left": 254102.1728515625, "top": 9854900.8178710938, "pixel_size_x": 0.30517578125, "pixel_size_y": 0.30517578125, "crs": "EPSG:32737", "global_x_min": 254242.20037841797, "global_y_min": 9854836.9811614994, "global_x_max": 254255.16887512206, "global_y_max": 9854824.4225189202 }, "geometry": { "type": "Polygon", "coordinates": [ [ [ 254242.20037841796875, 9854836.981161499395967 ], [ 254255.168875122064492, 9854836.981161499395967 ], [ 254255.168875122064492, 9854824.422518920153379 ], [ 254242.20037841796875, 9854824.422518920153379 ], [ 254242.20037841796875, 9854836.981161499395967 ] ] ] } },
{ "type": "Feature", "properties": { "tile_row": 44, "tile_col": 36, "x_min": 358.8013, "y_min": 90.41461, "x_max": 401.05405, "y_max": 144.95857, "confidence_score": 0.3620485, "Class": "domestic garbage", "tile_id": "44_36", "filename": "tile_44_36.jpg", "x_offset": 36864, "y_offset": 45056, "width": 1024, "height": 1024, "left": 264727.1728515625, "top": 9858338.3178710938, "pixel_size_x": 0.30517578125, "pixel_size_y": 0.30517578125, "crs": "EPSG:32737", "global_x_min": 264836.67031860352, "global_y_min": 9858310.7255218513, "global_x_max": 264849.56483459473, "global_y_max": 9858294.0800262447 }, "geometry": { "type": "Polygon", "coordinates": [ [ [ 264836.670318603515625, 9858310.725521851330996 ], [ 264849.564834594726562, 9858310.725521851330996 ], [ 264849.564834594726562, 9858294.080026244744658 ], [ 264836.670318603515625, 9858294.080026244744658 ], [ 264836.670318603515625, 9858310.725521851330996 ] ] ] } },
{ "type": "Feature", "properties": { "tile_row": 68, "tile_col": 25, "x_min": 316.38635, "y_min": 336.6902, "x_max": 390.49933, "y_max": 409.8606, "confidence_score": 0.9363343, "Class": "domestic garbage", "tile_id": "68_25", "filename": "tile_68_25.jpg", "x_offset": 25600, "y_offset": 69632, "width": 1024, "height": 1024, "left": 261289.6728515625, "top": 9850838.3178710938, "pixel_size_x": 0.30517578125, "pixel_size_y": 0.30517578125, "crs": "EPSG:32737", "global_x_min": 261386.22630310059, "global_y_min": 9850735.5681762695, "global_x_max": 261408.84378967286, "global_y_max": 9850713.2383422852 }, "geometry": { "type": "Polygon", "coordinates": [ [ [ 261386.226303100585938, 9850735.56817626953125 ], [ 261408.843789672857383, 9850735.56817626953125 ], [ 261408.843789672857383, 9850713.23834228515625 ], [ 261386.226303100585938, 9850713.23834228515625 ], [ 261386.226303100585938, 9850735.56817626953125 ] ] ] } },
{ "type": "Feature", "properties": { "tile_row": 43, "tile_col": 24, "x_min": 632.17114, "y_min": 393.57736, "x_max": 672.8131, "y_max": 431.72604, "confidence_score": 0.31333667, "Class": "domestic garbage", "tile_id": "43_24", "filename": "tile_43_24.jpg", "x_offset": 24576, "y_offset": 44032, "width": 1024, "height": 1024, "left": 260977.1728515625, "top": 9858650.8178710938, "pixel_size_x": 0.30517578125, "pixel_size_y": 0.30517578125, "crs": "EPSG:32737", "global_x_min": 261170.09617309569, "global_y_min": 9858530.7075927742, "global_x_max": 261182.49911499023, "global_y_max": 9858519.06553955 }, "geometry": { "type": "Polygon", "coordinates": [ [ [ 261170.096173095691483, 9858530.707592774182558 ], [ 261182.499114990234375, 9858530.707592774182558 ], [ 261182.499114990234375, 9858519.065539550036192 ], [ 261170.096173095691483, 9858519.065539550036192 ], [ 261170.096173095691483, 9858530.707592774182558 ] ] ] } },
{ "type": "Feature", "properties": { "tile_row": 49, "tile_col": 31, "x_min": 394.0913, "y_min": 842.0342, "x_max": 471.81042, "y_max": 884.0227, "confidence_score": 0.8242418, "Class": "domestic garbage", "tile_id": "49_31", "filename": "tile_49_31.jpg", "x_offset": 31744, "y_offset": 50176, "width": 1024, "height": 1024, "left": 263164.6728515625, "top": 9856775.8178710938, "pixel_size_x": 0.30517578125, "pixel_size_y": 0.30517578125, "crs": "EPSG:32737", "global_x_min": 263284.93997192383, "global_y_min": 9856518.8494262695, "global_x_max": 263308.65796508791, "global_y_max": 9856506.0355529785 }, "geometry": { "type": "Polygon", "coordinates": [ [ [ 263284.939971923828125, 9856518.84942626953125 ], [ 263308.657965087913908, 9856518.84942626953125 ], [ 263308.657965087913908, 9856506.035552978515625 ], [ 263284.939971923828125, 9856506.035552978515625 ], [ 263284.939971923828125, 9856518.84942626953125 ] ] ] } },
{ "type": "Feature", "properties": { "tile_row": 27, "tile_col": 4, "x_min": 372.14447, "y_min": 846.12915, "x_max": 448.08752, "y_max": 896.83606, "confidence_score": 0.90164405, "Class": "domestic garbage", "tile_id": "27_4", "filename": "tile_27_4.jpg", "x_offset": 4096, "y_offset": 27648, "width": 1024, "height": 1024, "left": 254727.1728515625, "top": 9863650.8178710938, "pixel_size_x": 0.30517578125, "pixel_size_y": 0.30517578125, "crs": "EPSG:32737", "global_x_min": 254840.74233093261, "global_y_min": 9863392.5997467041, "global_x_max": 254863.91831054687, "global_y_max": 9863377.1252258308 }, "geometry": { "type": "Polygon", "coordinates": [ [ [ 254840.742330932611367, 9863392.599746704101562 ], [ 254863.918310546869179, 9863392.599746704101562 ], [ 254863.918310546869179, 9863377.125225830823183 ], [ 254840.742330932611367, 9863377.125225830823183 ], [ 254840.742330932611367, 9863392.599746704101562 ] ] ] } },
{ "type": "Feature", "properties": { "tile_row": 42, "tile_col": 7, "x_min": 911.4303, "y_min": 368.9464, "x_max": 1023.97, "y_max": 443.2824, "confidence_score": 0.56750023, "Class": "domestic garbage", "tile_id": "42_7", "filename": "tile_42_7.jpg", "x_offset": 7168, "y_offset": 43008, "width": 1024, "height": 1024, "left": 255664.6728515625, "top": 9858963.3178710938, "pixel_size_x": 0.30517578125, "pixel_size_y": 0.30517578125, "crs": "EPSG:32737", "global_x_min": 255942.81930541992, "global_y_min": 9858850.7243652344, "global_x_max": 255977.16369628906, "global_y_max": 9858828.0388183594 }, "geometry": { "type": "Polygon", "coordinates": [ [ [ 255942.819305419921875, 9858850.724365234375 ], [ 255977.1636962890625, 9858850.724365234375 ], [ 255977.1636962890625, 9858828.038818359375 ], [ 255942.819305419921875, 9858828.038818359375 ], [ 255942.819305419921875, 9858850.724365234375 ] ] ] } },
{ "type": "Feature", "properties": { "tile_row": 33, "tile_col": 32, "x_min": 337.99298, "y_min": 870.89264, "x_max": 399.79004, "y_max": 902.7266, "confidence_score": 0.38551277, "Class": "domestic garbage", "tile_id": "33_32", "filename": "tile_33_32.jpg", "x_offset": 32768, "y_offset": 33792, "width": 1024, "height": 1024, "left": 263477.1728515625, "top": 9861775.8178710938, "pixel_size_x": 0.30517578125, "pixel_size_y": 0.30517578125, "crs": "EPSG:32737", "global_x_min": 263580.32012329099, "global_y_min": 9861510.0425292961, "global_x_max": 263599.17908935546, "global_y_max": 9861500.3275756836 }, "geometry": { "type": "Polygon", "coordinates": [ [ [ 263580.320123290992342, 9861510.042529296129942 ], [ 263599.179089355457108, 9861510.042529296129942 ], [ 263599.179089355457108, 9861500.32757568359375 ], [ 263580.320123290992342, 9861500.32757568359375 ], [ 263580.320123290992342, 9861510.042529296129942 ] ] ] } },
{ "type": "Feature", "properties": { "tile_row": 28, "tile_col": 29, "x_min": 414.3655, "y_min": 365.15585, "x_max": 449.2031, "y_max": 405.28586, "confidence_score": 0.35131055, "Class": "domestic garbage", "tile_id": "28_29", "filename": "tile_28_29.jpg", "x_offset": 29696, "y_offset": 28672, "width": 1024, "height": 1024, "left": 262539.6728515625, "top": 9863338.3178710938, "pixel_size_x": 0.30517578125, "pixel_size_y": 0.30517578125, "crs": "EPSG:32737", "global_x_min": 262666.12716674805, "global_y_min": 9863226.881149292, "global_x_max": 262676.75875854492, "global_y_max": 9863214.6344421394 }, "geometry": { "type": "Polygon", "coordinates": [ [ [ 262666.127166748046875, 9863226.881149291992188 ], [ 262676.758758544921875, 9863226.881149291992188 ], [ 262676.758758544921875, 9863214.634442139416933 ], [ 262666.127166748046875, 9863214.634442139416933 ], [ 262666.127166748046875, 9863226.881149291992188 ] ] ] } },
{ "type": "Feature", "properties": { "tile_row": 71, "tile_col": 42, "x_min": 418.2087, "y_min": 219.08105, "x_max": 467.00424, "y_max": 279.16882, "confidence_score": 0.88686126, "Class": "domestic garbage", "tile_id": "71_42", "filename": "tile_71_42.jpg", "x_offset": 43008, "y_offset": 72704, "width": 1024, "height": 1024, "left": 266602.1728515625, "top": 9849900.8178710938, "pixel_size_x": 0.30517578125, "pixel_size_y": 0.30517578125, "crs": "EPSG:32737", "global_x_min": 266729.80001831055, "global_y_min": 9849833.9596405029, "global_x_max": 266744.69123535155, "global_y_max": 9849815.6223083492 }, "geometry": { "type": "Polygon", "coordinates": [ [ [ 266729.800018310546875, 9849833.959640502929688 ], [ 266744.691235351550858, 9849833.959640502929688 ], [ 266744.691235351550858, 9849815.622308349236846 ], [ 266729.800018310546875, 9849815.622308349236846 ], [ 266729.800018310546875, 9849833.959640502929688 ] ] ] } },
{ "type": "Feature", "properties": { "tile_row": 19, "tile_col": 40, "x_min": 685.4243, "y_min": 313.47308, "x_max": 738.8782, "y_max": 344.0478, "confidence_score": 0.5519958, "Class": "domestic garbage", "tile_id": "19_40", "filename": "tile_19_40.jpg", "x_offset": 40960, "y_offset": 19456, "width": 1024, "height": 1024, "left": 265977.1728515625, "top": 9866150.8178710938, "pixel_size_x": 0.30517578125, "pixel_size_y": 0.30517578125, "crs": "EPSG:32737", "global_x_min": 266186.34774780273, "global_y_min": 9866055.1534790043, "global_x_max": 266202.66058349609, "global_y_max": 9866045.8228149414 }, "geometry": { "type": "Polygon", "coordinates": [ [ [ 266186.347747802734375, 9866055.153479004278779 ], [ 266202.66058349609375, 9866055.153479004278779 ], [ 266202.66058349609375, 9866045.82281494140625 ], [ 266186.347747802734375, 9866045.82281494140625 ], [ 266186.347747802734375, 9866055.153479004278779 ] ] ] } },
{ "type": "Feature", "properties": { "tile_row": 50, "tile_col": 26, "x_min": 502.50943, "y_min": 479.4793, "x_max": 549.10693, "y_max": 512.7888, "confidence_score": 0.4940113, "Class": "domestic garbage", "tile_id": "50_26", "filename": "tile_50_26.jpg", "x_offset": 26624, "y_offset": 51200, "width": 1024, "height": 1024, "left": 261602.1728515625, "top": 9856463.3178710938, "pixel_size_x": 0.30517578125, "pixel_size_y": 0.30517578125, "crs": "EPSG:32737", "global_x_min": 261755.52655944825, "global_y_min": 9856316.992401123, "global_x_max": 261769.74698791504, "global_y_max": 9856306.8271484375 }, "geometry": { "type": "Polygon", "coordinates": [ [ [ 261755.526559448248008, 9856316.992401123046875 ], [ 261769.746987915044883, 9856316.992401123046875 ], [ 261769.746987915044883, 9856306.8271484375 ], [ 261755.526559448248008, 9856306.8271484375 ], [ 261755.526559448248008, 9856316.992401123046875 ] ] ] } },
{ "type": "Feature", "properties": { "tile_row": 50, "tile_col": 26, "x_min": 390.11047, "y_min": 554.4295, "x_max": 436.19092, "y_max": 576.3681, "confidence_score": 0.45786378, "Class": "domestic garbage", "tile_id": "50_26", "filename": "tile_50_26.jpg", "x_offset": 26624, "y_offset": 51200, "width": 1024, "height": 1024, "left": 261602.1728515625, "top": 9856463.3178710938, "pixel_size_x": 0.30517578125, "pixel_size_y": 0.30517578125, "crs": "EPSG:32737", "global_x_min": 261721.22511901855, "global_y_min": 9856294.1194152832, "global_x_max": 261735.28775634765, "global_y_max": 9856287.4242858887 }, "geometry": { "type": "Polygon", "coordinates": [ [ [ 261721.225119018548867, 9856294.119415283203125 ], [ 261735.287756347650429, 9856294.119415283203125 ], [ 261735.287756347650429, 9856287.424285888671875 ], [ 261721.225119018548867, 9856287.424285888671875 ], [ 261721.225119018548867, 9856294.119415283203125 ] ] ] } },
{ "type": "Feature", "properties": { "tile_row": 50, "tile_col": 26, "x_min": 275.74185, "y_min": 336.1589, "x_max": 367.44034, "y_max": 368.89908, "confidence_score": 0.3523594, "Class": "domestic garbage", "tile_id": "50_26", "filename": "tile_50_26.jpg", "x_offset": 26624, "y_offset": 51200, "width": 1024, "height": 1024, "left": 261602.1728515625, "top": 9856463.3178710938, "pixel_size_x": 0.30517578125, "pixel_size_y": 0.30517578125, "crs": "EPSG:32737", "global_x_min": 261686.32258605957, "global_y_min": 9856360.7303161621, "global_x_max": 261714.30674438475, "global_y_max": 9856350.7388061527 }, "geometry": { "type": "Polygon", "coordinates": [ [ [ 261686.322586059570312, 9856360.730316162109375 ], [ 261714.306744384753983, 9856360.730316162109375 ], [ 261714.306744384753983, 9856350.738806152716279 ], [ 261686.322586059570312, 9856350.738806152716279 ], [ 261686.322586059570312, 9856360.730316162109375 ] ] ] } },
{ "type": "Feature", "properties": { "tile_row": 13, "tile_col": 10, "x_min": 173.13345, "y_min": 688.4446, "x_max": 227.58359, "y_max": 757.8473, "confidence_score": 0.8093228, "Class": "domestic garbage", "tile_id": "13_10", "filename": "tile_13_10.jpg", "x_offset": 10240, "y_offset": 13312, "width": 1024, "height": 1024, "left": 256602.1728515625, "top": 9868025.8178710938, "pixel_size_x": 0.30517578125, "pixel_size_y": 0.30517578125, "crs": "EPSG:32737", "global_x_min": 256655.00898742676, "global_y_min": 9867815.7212524414, "global_x_max": 256671.62585144042, "global_y_max": 9867794.541229248 }, "geometry": { "type": "Polygon", "coordinates": [ [ [ 256655.008987426757812, 9867815.72125244140625 ], [ 256671.625851440418046, 9867815.72125244140625 ], [ 256671.625851440418046, 9867794.541229248046875 ], [ 256655.008987426757812, 9867794.541229248046875 ], [ 256655.008987426757812, 9867815.72125244140625 ] ] ] } },
{ "type": "Feature", "properties": { "tile_row": 62, "tile_col": 8, "x_min": 862.1051, "y_min": 357.633, "x_max": 913.51685, "y_max": 418.74323, "confidence_score": 0.7268674, "Class": "domestic garbage", "tile_id": "62_8", "filename": "tile_62_8.jpg", "x_offset": 8192, "y_offset": 63488, "width": 1024, "height": 1024, "left": 255977.1728515625, "top": 9852713.3178710938, "pixel_size_x": 0.30517578125, "pixel_size_y": 0.30517578125, "crs": "EPSG:32737", "global_x_min": 256240.26644897461, "global_y_min": 9852604.176940918, "global_x_max": 256255.95606994629, "global_y_max": 9852585.5275787357 }, "geometry": { "type": "Polygon", "coordinates": [ [ [ 256240.266448974609375, 9852604.17694091796875 ], [ 256255.956069946289062, 9852604.17694091796875 ], [ 256255.956069946289062, 9852585.527578735724092 ], [ 256240.266448974609375, 9852585.527578735724092 ], [ 256240.266448974609375, 9852604.17694091796875 ] ] ] } },
{ "type": "Feature", "properties": { "tile_row": 56, "tile_col": 6, "x_min": 617.41223, "y_min": 248.52267, "x_max": 706.27527, "y_max": 302.97018, "confidence_score": 0.6353244, "Class": "domestic garbage", "tile_id": "56_6", "filename": "tile_56_6.jpg", "x_offset": 6144, "y_offset": 57344, "width": 1024, "height": 1024, "left": 255352.1728515625, "top": 9854588.3178710938, "pixel_size_x": 0.30517578125, "pixel_size_y": 0.30517578125, "crs": "EPSG:32737", "global_x_min": 255540.59211120606, "global_y_min": 9854512.4747711178, "global_x_max": 255567.7109588623, "global_y_max": 9854495.8587097172 }, "geometry": { "type": "Polygon", "coordinates": [ [ [ 255540.592111206060508, 9854512.474771117791533 ], [ 255567.710958862298867, 9854512.474771117791533 ], [ 255567.710958862298867, 9854495.858709717169404 ], [ 255540.592111206060508, 9854495.858709717169404 ], [ 255540.592111206060508, 9854512.474771117791533 ] ] ] } },
{ "type": "Feature", "properties": { "tile_row": 56, "tile_col": 6, "x_min": 214.44868, "y_min": 82.12622, "x_max": 257.45004, "y_max": 121.66522, "confidence_score": 0.44437447, "Class": "domestic garbage", "tile_id": "56_6", "filename": "tile_56_6.jpg", "x_offset": 6144, "y_offset": 57344, "width": 1024, "height": 1024, "left": 255352.1728515625, "top": 9854588.3178710938, "pixel_size_x": 0.30517578125, "pixel_size_y": 0.30517578125, "crs": "EPSG:32737", "global_x_min": 255417.61739501954, "global_y_min": 9854563.2549377438, "global_x_max": 255430.74036865233, "global_y_max": 9854551.1885925289 }, "geometry": { "type": "Polygon", "coordinates": [ [ [ 255417.617395019537071, 9854563.254937743768096 ], [ 255430.740368652332108, 9854563.254937743768096 ], [ 255430.740368652332108, 9854551.188592528924346 ], [ 255417.617395019537071, 9854551.188592528924346 ], [ 255417.617395019537071, 9854563.254937743768096 ] ] ] } },
{ "type": "Feature", "properties": { "tile_row": 56, "tile_col": 6, "x_min": 793.1417, "y_min": 947.1232, "x_max": 867.0238, "y_max": 997.16705, "confidence_score": 0.38571274, "Class": "domestic garbage", "tile_id": "56_6", "filename": "tile_56_6.jpg", "x_offset": 6144, "y_offset": 57344, "width": 1024, "height": 1024, "left": 255352.1728515625, "top": 9854588.3178710938, "pixel_size_x": 0.30517578125, "pixel_size_y": 0.30517578125, "crs": "EPSG:32737", "global_x_min": 255594.22048950195, "global_y_min": 9854299.2788085938, "global_x_max": 255616.76751708984, "global_y_max": 9854284.0066375732 }, "geometry": { "type": "Polygon", "coordinates": [ [ [ 255594.220489501953125, 9854299.27880859375 ], [ 255616.76751708984375, 9854299.27880859375 ], [ 255616.76751708984375, 9854284.006637573242188 ], [ 255594.220489501953125, 9854284.006637573242188 ], [ 255594.220489501953125, 9854299.27880859375 ] ] ] } },
{ "type": "Feature", "properties": { "tile_row": 43, "tile_col": 21, "x_min": 318.50473, "y_min": 578.6039, "x_max": 372.71286, "y_max": 618.06055, "confidence_score": 0.7155361, "Class": "domestic garbage", "tile_id": "43_21", "filename": "tile_43_21.jpg", "x_offset": 21504, "y_offset": 44032, "width": 1024, "height": 1024, "left": 260039.6728515625, "top": 9858650.8178710938, "pixel_size_x": 0.30517578125, "pixel_size_y": 0.30517578125, "crs": "EPSG:32737", "global_x_min": 260136.87278137208, "global_y_min": 9858474.241973877, "global_x_max": 260153.41578979493, "global_y_max": 9858462.2007598877 }, "geometry": { "type": "Polygon", "coordinates": [ [ [ 260136.872781372076133, 9858474.241973876953125 ], [ 260153.415789794933517, 9858474.241973876953125 ], [ 260153.415789794933517, 9858462.200759887695312 ], [ 260136.872781372076133, 9858462.200759887695312 ], [ 260136.872781372076133, 9858474.241973876953125 ] ] ] } },
{ "type": "Feature", "properties": { "tile_row": 37, "tile_col": 22, "x_min": 728.43115, "y_min": 365.5482, "x_max": 771.6456, "y_max": 403.4221, "confidence_score": 0.33389053, "Class": "domestic garbage", "tile_id": "37_22", "filename": "tile_37_22.jpg", "x_offset": 22528, "y_offset": 37888, "width": 1024, "height": 1024, "left": 260352.1728515625, "top": 9860525.8178710938, "pixel_size_x": 0.30517578125, "pixel_size_y": 0.30517578125, "crs": "EPSG:32737", "global_x_min": 260574.47239685059, "global_y_min": 9860414.2614135742, "global_x_max": 260587.66040039062, "global_y_max": 9860402.7032165527 }, "geometry": { "type": "Polygon", "coordinates": [ [ [ 260574.472396850585938, 9860414.26141357421875 ], [ 260587.660400390625, 9860414.26141357421875 ], [ 260587.660400390625, 9860402.703216552734375 ], [ 260574.472396850585938, 9860402.703216552734375 ], [ 260574.472396850585938, 9860414.26141357421875 ] ] ] } },
{ "type": "Feature", "properties": { "tile_row": 28, "tile_col": 23, "x_min": 291.2357, "y_min": 688.4284, "x_max": 327.85507, "y_max": 724.93634, "confidence_score": 0.41753855, "Class": "domestic garbage", "tile_id": "28_23", "filename": "tile_28_23.jpg", "x_offset": 23552, "y_offset": 28672, "width": 1024, "height": 1024, "left": 260664.6728515625, "top": 9863338.3178710938, "pixel_size_x": 0.30517578125, "pixel_size_y": 0.30517578125, "crs": "EPSG:32737", "global_x_min": 260753.55093383789, "global_y_min": 9863128.2261962891, "global_x_max": 260764.72627868652, "global_y_max": 9863117.084857177 }, "geometry": { "type": "Polygon", "coordinates": [ [ [ 260753.550933837890625, 9863128.2261962890625 ], [ 260764.726278686517617, 9863128.2261962890625 ], [ 260764.726278686517617, 9863117.084857176989317 ], [ 260753.550933837890625, 9863117.084857176989317 ], [ 260753.550933837890625, 9863128.2261962890625 ] ] ] } },
{ "type": "Feature", "properties": { "tile_row": 19, "tile_col": 34, "x_min": 356.4346, "y_min": 855.2972, "x_max": 415.16672, "y_max": 901.0152, "confidence_score": 0.7069586, "Class": "domestic garbage", "tile_id": "19_34", "filename": "tile_19_34.jpg", "x_offset": 34816, "y_offset": 19456, "width": 1024, "height": 1024, "left": 264102.1728515625, "top": 9866150.8178710938, "pixel_size_x": 0.30517578125, "pixel_size_y": 0.30517578125, "crs": "EPSG:32737", "global_x_min": 264210.94805908203, "global_y_min": 9865889.8018798828, "global_x_max": 264228.87167968752, "global_y_max": 9865875.8498535156 }, "geometry": { "type": "Polygon", "coordinates": [ [ [ 264210.94805908203125, 9865889.8018798828125 ], [ 264228.871679687523283, 9865889.8018798828125 ], [ 264228.871679687523283, 9865875.849853515625 ], [ 264210.94805908203125, 9865875.849853515625 ], [ 264210.94805908203125, 9865889.8018798828125 ] ] ] } },
{ "type": "Feature", "properties": { "tile_row": 37, "tile_col": 38, "x_min": 733.9807, "y_min": 497.94214, "x_max": 833.0842, "y_max": 565.7435, "confidence_score": 0.6366972, "Class": "domestic garbage", "tile_id": "37_38", "filename": "tile_37_38.jpg", "x_offset": 38912, "y_offset": 37888, "width": 1024, "height": 1024, "left": 265352.1728515625, "top": 9860525.8178710938, "pixel_size_x": 0.30517578125, "pixel_size_y": 0.30517578125, "crs": "EPSG:32737", "global_x_min": 265576.16598510742, "global_y_min": 9860373.8579895012, "global_x_max": 265606.40997314453, "global_y_max": 9860353.1666564941 }, "geometry": { "type": "Polygon", "coordinates": [ [ [ 265576.165985107421875, 9860373.857989501208067 ], [ 265606.40997314453125, 9860373.857989501208067 ], [ 265606.40997314453125, 9860353.166656494140625 ], [ 265576.165985107421875, 9860353.166656494140625 ], [ 265576.165985107421875, 9860373.857989501208067 ] ] ] } },
{ "type": "Feature", "properties": { "tile_row": 69, "tile_col": 15, "x_min": 724.3475, "y_min": 658.292, "x_max": 806.6767, "y_max": 737.7617, "confidence_score": 0.38070536, "Class": "domestic garbage", "tile_id": "69_15", "filename": "tile_69_15.jpg", "x_offset": 15360, "y_offset": 70656, "width": 1024, "height": 1024, "left": 258164.6728515625, "top": 9850525.8178710938, "pixel_size_x": 0.30517578125, "pixel_size_y": 0.30517578125, "crs": "EPSG:32737", "global_x_min": 258385.72616577148, "global_y_min": 9850324.9230957031, "global_x_max": 258410.85104370117, "global_y_max": 9850300.6708679199 }, "geometry": { "type": "Polygon", "coordinates": [ [ [ 258385.726165771484375, 9850324.923095703125 ], [ 258410.851043701171875, 9850324.923095703125 ], [ 258410.851043701171875, 9850300.670867919921875 ], [ 258385.726165771484375, 9850300.670867919921875 ], [ 258385.726165771484375, 9850324.923095703125 ] ] ] } },
{ "type": "Feature", "properties": { "tile_row": 64, "tile_col": 31, "x_min": 230.31206, "y_min": 634.21356, "x_max": 281.41608, "y_max": 677.54816, "confidence_score": 0.8610975, "Class": "domestic garbage", "tile_id": "64_31", "filename": "tile_64_31.jpg", "x_offset": 31744, "y_offset": 65536, "width": 1024, "height": 1024, "left": 263164.6728515625, "top": 9852088.3178710938, "pixel_size_x": 0.30517578125, "pixel_size_y": 0.30517578125, "crs": "EPSG:32737", "global_x_min": 263234.95851440431, "global_y_min": 9851894.7712524422, "global_x_max": 263250.55422363279, "global_y_max": 9851881.546582032 }, "geometry": { "type": "Polygon", "coordinates": [ [ [ 263234.958514404308517, 9851894.771252442151308 ], [ 263250.554223632789217, 9851894.771252442151308 ], [ 263250.554223632789217, 9851881.546582031995058 ], [ 263234.958514404308517, 9851881.546582031995058 ], [ 263234.958514404308517, 9851894.771252442151308 ] ] ] } },
{ "type": "Feature", "properties": { "tile_row": 30, "tile_col": 33, "x_min": 179.79796, "y_min": 720.9423, "x_max": 230.99873, "y_max": 815.8372, "confidence_score": 0.33355528, "Class": "domestic garbage", "tile_id": "30_33", "filename": "tile_30_33.jpg", "x_offset": 33792, "y_offset": 30720, "width": 1024, "height": 1024, "left": 263789.6728515625, "top": 9862713.3178710938, "pixel_size_x": 0.30517578125, "pixel_size_y": 0.30517578125, "crs": "EPSG:32737", "global_x_min": 263844.54283447267, "global_y_min": 9862493.3037414551, "global_x_max": 263860.16806945798, "global_y_max": 9862464.3441162109 }, "geometry": { "type": "Polygon", "coordinates": [ [ [ 263844.542834472667892, 9862493.303741455078125 ], [ 263860.168069457984529, 9862493.303741455078125 ], [ 263860.168069457984529, 9862464.3441162109375 ], [ 263844.542834472667892, 9862464.3441162109375 ], [ 263844.542834472667892, 9862493.303741455078125 ] ] ] } },
{ "type": "Feature", "properties": { "tile_row": 2, "tile_col": 33, "x_min": 641.9379, "y_min": 334.46512, "x_max": 694.5545, "y_max": 389.0759, "confidence_score": 0.4027995, "Class": "domestic garbage", "tile_id": "2_33", "filename": "tile_2_33.jpg", "x_offset": 33792, "y_offset": 2048, "width": 1024, "height": 1024, "left": 263789.6728515625, "top": 9871463.3178710938, "pixel_size_x": 0.30517578125, "pixel_size_y": 0.30517578125, "crs": "EPSG:32737", "global_x_min": 263985.57675170898, "global_y_min": 9871361.2472167965, "global_x_max": 264001.6340637207, "global_y_max": 9871344.5813293457 }, "geometry": { "type": "Polygon", "coordinates": [ [ [ 263985.576751708984375, 9871361.247216796502471 ], [ 264001.634063720703125, 9871361.247216796502471 ], [ 264001.634063720703125, 9871344.581329345703125 ], [ 263985.576751708984375, 9871344.581329345703125 ], [ 263985.576751708984375, 9871361.247216796502471 ] ] ] } },
{ "type": "Feature", "properties": { "tile_row": 59, "tile_col": 4, "x_min": 261.41556, "y_min": 276.60077, "x_max": 290.28867, "y_max": 331.64526, "confidence_score": 0.4396639, "Class": "domestic garbage", "tile_id": "59_4", "filename": "tile_59_4.jpg", "x_offset": 4096, "y_offset": 60416, "width": 1024, "height": 1024, "left": 254727.1728515625, "top": 9853650.8178710938, "pixel_size_x": 0.30517578125, "pixel_size_y": 0.30517578125, "crs": "EPSG:32737", "global_x_min": 254806.95054931642, "global_y_min": 9853566.4060150143, "global_x_max": 254815.76192321777, "global_y_max": 9853549.6077697761 }, "geometry": { "type": "Polygon", "coordinates": [ [ [ 254806.950549316417892, 9853566.406015014275908 ], [ 254815.761923217767617, 9853566.406015014275908 ], [ 254815.761923217767617, 9853549.607769776135683 ], [ 254806.950549316417892, 9853549.607769776135683 ], [ 254806.950549316417892, 9853566.406015014275908 ] ] ] } },
{ "type": "Feature", "properties": { "tile_row": 57, "tile_col": 5, "x_min": 763.62085, "y_min": 630.89575, "x_max": 832.4265, "y_max": 785.0763, "confidence_score": 0.40437007, "Class": "domestic garbage", "tile_id": "57_5", "filename": "tile_57_5.jpg", "x_offset": 5120, "y_offset": 58368, "width": 1024, "height": 1024, "left": 255039.6728515625, "top": 9854275.8178710938, "pixel_size_x": 0.30517578125, "pixel_size_y": 0.30517578125, "crs": "EPSG:32737", "global_x_min": 255272.71144104004, "global_y_min": 9854083.2837677002, "global_x_max": 255293.7092590332, "global_y_max": 9854036.2315979004 }, "geometry": { "type": "Polygon", "coordinates": [ [ [ 255272.711441040039062, 9854083.283767700195312 ], [ 255293.709259033203125, 9854083.283767700195312 ], [ 255293.709259033203125, 9854036.231597900390625 ], [ 255272.711441040039062, 9854036.231597900390625 ], [ 255272.711441040039062, 9854083.283767700195312 ] ] ] } },
{ "type": "Feature", "properties": { "tile_row": 57, "tile_col": 5, "x_min": 259.76154, "y_min": 455.5554, "x_max": 313.66284, "y_max": 497.64517, "confidence_score": 0.31140086, "Class": "domestic garbage", "tile_id": "57_5", "filename": "tile_57_5.jpg", "x_offset": 5120, "y_offset": 58368, "width": 1024, "height": 1024, "left": 255039.6728515625, "top": 9854275.8178710938, "pixel_size_x": 0.30517578125, "pixel_size_y": 0.30517578125, "crs": "EPSG:32737", "global_x_min": 255118.94578247069, "global_y_min": 9854136.7933959961, "global_x_max": 255135.39515380858, "global_y_max": 9854123.9486175533 }, "geometry": { "type": "Polygon", "coordinates": [ [ [ 255118.945782470691483, 9854136.79339599609375 ], [ 255135.395153808582108, 9854136.79339599609375 ], [ 255135.395153808582108, 9854123.948617553338408 ], [ 255118.945782470691483, 9854123.948617553338408 ], [ 255118.945782470691483, 9854136.79339599609375 ] ] ] } },
{ "type": "Feature", "properties": { "tile_row": 38, "tile_col": 22, "x_min": 301.2246, "y_min": 133.21103, "x_max": 340.6001, "y_max": 187.22794, "confidence_score": 0.6796491, "Class": "domestic garbage", "tile_id": "38_22", "filename": "tile_38_22.jpg", "x_offset": 22528, "y_offset": 38912, "width": 1024, "height": 1024, "left": 260352.1728515625, "top": 9860213.3178710938, "pixel_size_x": 0.30517578125, "pixel_size_y": 0.30517578125, "crs": "EPSG:32737", "global_x_min": 260444.09930419922, "global_y_min": 9860172.6650909428, "global_x_max": 260456.11575317383, "global_y_max": 9860156.1804382317 }, "geometry": { "type": "Polygon", "coordinates": [ [ [ 260444.09930419921875, 9860172.665090942755342 ], [ 260456.115753173828125, 9860172.665090942755342 ], [ 260456.115753173828125, 9860156.180438231676817 ], [ 260444.09930419921875, 9860156.180438231676817 ], [ 260444.09930419921875, 9860172.665090942755342 ] ] ] } },
{ "type": "Feature", "properties": { "tile_row": 14, "tile_col": 40, "x_min": 260.3747, "y_min": 33.56634, "x_max": 365.87354, "y_max": 105.39293, "confidence_score": 0.3084453, "Class": "domestic garbage", "tile_id": "14_40", "filename": "tile_14_40.jpg", "x_offset": 40960, "y_offset": 14336, "width": 1024, "height": 1024, "left": 265977.1728515625, "top": 9867713.3178710938, "pixel_size_x": 0.30517578125, "pixel_size_y": 0.30517578125, "crs": "EPSG:32737", "global_x_min": 266056.63290405273, "global_y_min": 9867703.0742370598, "global_x_max": 266088.82859497069, "global_y_max": 9867681.1545013431 }, "geometry": { "type": "Polygon", "coordinates": [ [ [ 266056.632904052734375, 9867703.074237059801817 ], [ 266088.828594970691483, 9867703.074237059801817 ], [ 266088.828594970691483, 9867681.154501343145967 ], [ 266056.632904052734375, 9867681.154501343145967 ], [ 266056.632904052734375, 9867703.074237059801817 ] ] ] } },
{ "type": "Feature", "properties": { "tile_row": 74, "tile_col": 21, "x_min": 408.28442, "y_min": 807.0664, "x_max": 444.7331, "y_max": 870.09705, "confidence_score": 0.3137325, "Class": "domestic garbage", "tile_id": "74_21", "filename": "tile_74_21.jpg", "x_offset": 21504, "y_offset": 75776, "width": 1024, "height": 1024, "left": 260039.6728515625, "top": 9848963.3178710938, "pixel_size_x": 0.30517578125, "pixel_size_y": 0.30517578125, "crs": "EPSG:32737", "global_x_min": 260164.2713684082, "global_y_min": 9848717.0207519531, "global_x_max": 260175.39462280273, "global_y_max": 9848697.7853240967 }, "geometry": { "type": "Polygon", "coordinates": [ [ [ 260164.271368408197304, 9848717.020751953125 ], [ 260175.394622802734375, 9848717.020751953125 ], [ 260175.394622802734375, 9848697.785324096679688 ], [ 260164.271368408197304, 9848697.785324096679688 ], [ 260164.271368408197304, 9848717.020751953125 ] ] ] } },
{ "type": "Feature", "properties": { "tile_row": 52, "tile_col": 23, "x_min": 693.76074, "y_min": 258.6282, "x_max": 742.7943, "y_max": 286.7936, "confidence_score": 0.7999682, "Class": "domestic garbage", "tile_id": "52_23", "filename": "tile_52_23.jpg", "x_offset": 23552, "y_offset": 53248, "width": 1024, "height": 1024, "left": 260664.6728515625, "top": 9855838.3178710938, "pixel_size_x": 0.30517578125, "pixel_size_y": 0.30517578125, "crs": "EPSG:32737", "global_x_min": 260876.39182739257, "global_y_min": 9855759.3908081055, "global_x_max": 260891.35568237305, "global_y_max": 9855750.7954101562 }, "geometry": { "type": "Polygon", "coordinates": [ [ [ 260876.391827392566483, 9855759.39080810546875 ], [ 260891.355682373046875, 9855759.39080810546875 ], [ 260891.355682373046875, 9855750.79541015625 ], [ 260876.391827392566483, 9855750.79541015625 ], [ 260876.391827392566483, 9855759.39080810546875 ] ] ] } },
{ "type": "Feature", "properties": { "tile_row": 71, "tile_col": 41, "x_min": 851.50836, "y_min": 314.1088, "x_max": 898.36383, "y_max": 352.96286, "confidence_score": 0.91766983, "Class": "domestic garbage", "tile_id": "71_41", "filename": "tile_71_41.jpg", "x_offset": 41984, "y_offset": 72704, "width": 1024, "height": 1024, "left": 266289.6728515625, "top": 9849900.8178710938, "pixel_size_x": 0.30517578125, "pixel_size_y": 0.30517578125, "crs": "EPSG:32737", "global_x_min": 266549.53258056642, "global_y_min": 9849804.9594726562, "global_x_max": 266563.83173522947, "global_y_max": 9849793.1021545418 }, "geometry": { "type": "Polygon", "coordinates": [ [ [ 266549.532580566417892, 9849804.95947265625 ], [ 266563.831735229468904, 9849804.95947265625 ], [ 266563.831735229468904, 9849793.102154541760683 ], [ 266549.532580566417892, 9849793.102154541760683 ], [ 266549.532580566417892, 9849804.95947265625 ] ] ] } },
{ "type": "Feature", "properties": { "tile_row": 48, "tile_col": 23, "x_min": 399.13455, "y_min": 475.1448, "x_max": 438.1321, "y_max": 508.8339, "confidence_score": 0.36755037, "Class": "domestic garbage", "tile_id": "48_23", "filename": "tile_48_23.jpg", "x_offset": 23552, "y_offset": 49152, "width": 1024, "height": 1024, "left": 260664.6728515625, "top": 9857088.3178710938, "pixel_size_x": 0.30517578125, "pixel_size_y": 0.30517578125, "crs": "EPSG:32737", "global_x_min": 260786.47904968262, "global_y_min": 9856943.3151855469, "global_x_max": 260798.3801574707, "global_y_max": 9856933.0340881348 }, "geometry": { "type": "Polygon", "coordinates": [ [ [ 260786.479049682617188, 9856943.315185546875 ], [ 260798.380157470703125, 9856943.315185546875 ], [ 260798.380157470703125, 9856933.034088134765625 ], [ 260786.479049682617188, 9856933.034088134765625 ], [ 260786.479049682617188, 9856943.315185546875 ] ] ] } },
{ "type": "Feature", "properties": { "tile_row": 65, "tile_col": 5, "x_min": 187.64789, "y_min": 366.46313, "x_max": 267.57718, "y_max": 425.55133, "confidence_score": 0.40074033, "Class": "domestic garbage", "tile_id": "65_5", "filename": "tile_65_5.jpg", "x_offset": 5120, "y_offset": 66560, "width": 1024, "height": 1024, "left": 255039.6728515625, "top": 9851775.8178710938, "pixel_size_x": 0.30517578125, "pixel_size_y": 0.30517578125, "crs": "EPSG:32737", "global_x_min": 255096.93844299315, "global_y_min": 9851663.9821990971, "global_x_max": 255121.33092651368, "global_y_max": 9851645.9499114994 }, "geometry": { "type": "Polygon", "coordinates": [ [ [ 255096.938442993152421, 9851663.982199097052217 ], [ 255121.330926513677696, 9851663.982199097052217 ], [ 255121.330926513677696, 9851645.949911499395967 ], [ 255096.938442993152421, 9851645.949911499395967 ], [ 255096.938442993152421, 9851663.982199097052217 ] ] ] } },
{ "type": "Feature", "properties": { "tile_row": 65, "tile_col": 5, "x_min": 705.0184, "y_min": 256.24548, "x_max": 757.9996, "y_max": 304.60498, "confidence_score": 0.37557593, "Class": "domestic garbage", "tile_id": "65_5", "filename": "tile_65_5.jpg", "x_offset": 5120, "y_offset": 66560, "width": 1024, "height": 1024, "left": 255039.6728515625, "top": 9851775.8178710938, "pixel_size_x": 0.30517578125, "pixel_size_y": 0.30517578125, "crs": "EPSG:32737", "global_x_min": 255254.82739257812, "global_y_min": 9851697.6179565433, "global_x_max": 255270.99597167969, "global_y_max": 9851682.85980835 }, "geometry": { "type": "Polygon", "coordinates": [ [ [ 255254.827392578125, 9851697.617956543341279 ], [ 255270.9959716796875, 9851697.617956543341279 ], [ 255270.9959716796875, 9851682.859808349981904 ], [ 255254.827392578125, 9851682.859808349981904 ], [ 255254.827392578125, 9851697.617956543341279 ] ] ] } },
{ "type": "Feature", "properties": { "tile_row": 4, "tile_col": 19, "x_min": 262.71878, "y_min": 306.86047, "x_max": 361.34793, "y_max": 395.0598, "confidence_score": 0.5903815, "Class": "domestic garbage", "tile_id": "4_19", "filename": "tile_4_19.jpg", "x_offset": 19456, "y_offset": 4096, "width": 1024, "height": 1024, "left": 259414.6728515625, "top": 9870838.3178710938, "pixel_size_x": 0.30517578125, "pixel_size_y": 0.30517578125, "crs": "EPSG:32737", "global_x_min": 259494.84826049805, "global_y_min": 9870744.6714874264, "global_x_max": 259524.94748840333, "global_y_max": 9870717.7551879883 }, "geometry": { "type": "Polygon", "coordinates": [ [ [ 259494.848260498052696, 9870744.671487426385283 ], [ 259524.947488403326133, 9870744.671487426385283 ], [ 259524.947488403326133, 9870717.75518798828125 ], [ 259494.848260498052696, 9870717.75518798828125 ], [ 259494.848260498052696, 9870744.671487426385283 ] ] ] } },
{ "type": "Feature", "properties": { "tile_row": 74, "tile_col": 42, "x_min": 223.40866, "y_min": 486.07986, "x_max": 311.65085, "y_max": 563.39954, "confidence_score": 0.36408478, "Class": "domestic garbage", "tile_id": "74_42", "filename": "tile_74_42.jpg", "x_offset": 43008, "y_offset": 75776, "width": 1024, "height": 1024, "left": 266602.1728515625, "top": 9848963.3178710938, "pixel_size_x": 0.30517578125, "pixel_size_y": 0.30517578125, "crs": "EPSG:32737", "global_x_min": 266670.35176391603, "global_y_min": 9848814.9780700691, "global_x_max": 266697.28114318848, "global_y_max": 9848791.3819763176 }, "geometry": { "type": "Polygon", "coordinates": [ [ [ 266670.351763916027267, 9848814.978070069104433 ], [ 266697.281143188476562, 9848814.978070069104433 ], [ 266697.281143188476562, 9848791.381976317614317 ], [ 266670.351763916027267, 9848791.381976317614317 ], [ 266670.351763916027267, 9848814.978070069104433 ] ] ] } },
{ "type": "Feature", "properties": { "tile_row": 29, "tile_col": 41, "x_min": 796.5901, "y_min": 501.7687, "x_max": 869.2584, "y_max": 552.2098, "confidence_score": 0.544877, "Class": "domestic garbage", "tile_id": "29_41", "filename": "tile_29_41.jpg", "x_offset": 41984, "y_offset": 29696, "width": 1024, "height": 1024, "left": 266289.6728515625, "top": 9863025.8178710938, "pixel_size_x": 0.30517578125, "pixel_size_y": 0.30517578125, "crs": "EPSG:32737", "global_x_min": 266532.77285766602, "global_y_min": 9862872.6902160645, "global_x_max": 266554.94946289062, "global_y_max": 9862857.2968139648 }, "geometry": { "type": "Polygon", "coordinates": [ [ [ 266532.772857666015625, 9862872.690216064453125 ], [ 266554.949462890625, 9862872.690216064453125 ], [ 266554.949462890625, 9862857.29681396484375 ], [ 266532.772857666015625, 9862857.29681396484375 ], [ 266532.772857666015625, 9862872.690216064453125 ] ] ] } },
{ "type": "Feature", "properties": { "tile_row": 29, "tile_col": 41, "x_min": 224.30432, "y_min": 987.53723, "x_max": 293.4087, "y_max": 1024.0, "confidence_score": 0.40702513, "Class": "domestic garbage", "tile_id": "29_41", "filename": "tile_29_41.jpg", "x_offset": 41984, "y_offset": 29696, "width": 1024, "height": 1024, "left": 266289.6728515625, "top": 9863025.8178710938, "pixel_size_x": 0.30517578125, "pixel_size_y": 0.30517578125, "crs": "EPSG:32737", "global_x_min": 266358.12509765627, "global_y_min": 9862724.4454254154, "global_x_max": 266379.21408081055, "global_y_max": 9862713.3178710938 }, "geometry": { "type": "Polygon", "coordinates": [ [ [ 266358.125097656273283, 9862724.445425415411592 ], [ 266379.214080810546875, 9862724.445425415411592 ], [ 266379.214080810546875, 9862713.31787109375 ], [ 266358.125097656273283, 9862713.31787109375 ], [ 266358.125097656273283, 9862724.445425415411592 ] ] ] } },
{ "type": "Feature", "properties": { "tile_row": 77, "tile_col": 7, "x_min": 191.49559, "y_min": 527.0261, "x_max": 300.48328, "y_max": 613.62463, "confidence_score": 0.46099955, "Class": "domestic garbage", "tile_id": "77_7", "filename": "tile_77_7.jpg", "x_offset": 7168, "y_offset": 78848, "width": 1024, "height": 1024, "left": 255664.6728515625, "top": 9848025.8178710938, "pixel_size_x": 0.30517578125, "pixel_size_y": 0.30517578125, "crs": "EPSG:32737", "global_x_min": 255723.11266784667, "global_y_min": 9847864.9822692871, "global_x_max": 255756.37307128907, "global_y_max": 9847838.5544952396 }, "geometry": { "type": "Polygon", "coordinates": [ [ [ 255723.112667846668046, 9847864.982269287109375 ], [ 255756.373071289068321, 9847864.982269287109375 ], [ 255756.373071289068321, 9847838.554495239630342 ], [ 255723.112667846668046, 9847838.554495239630342 ], [ 255723.112667846668046, 9847864.982269287109375 ] ] ] } },
{ "type": "Feature", "properties": { "tile_row": 41, "tile_col": 2, "x_min": 249.73859, "y_min": 600.5963, "x_max": 317.49207, "y_max": 637.2982, "confidence_score": 0.32827124, "Class": "domestic garbage", "tile_id": "41_2", "filename": "tile_41_2.jpg", "x_offset": 2048, "y_offset": 41984, "width": 1024, "height": 1024, "left": 254102.1728515625, "top": 9859275.8178710938, "pixel_size_x": 0.30517578125, "pixel_size_y": 0.30517578125, "crs": "EPSG:32737", "global_x_min": 254178.38702087401, "global_y_min": 9859092.5304260254, "global_x_max": 254199.06374206542, "global_y_max": 9859081.3298950195 }, "geometry": { "type": "Polygon", "coordinates": [ [ [ 254178.387020874011796, 9859092.530426025390625 ], [ 254199.063742065423867, 9859092.530426025390625 ], [ 254199.063742065423867, 9859081.32989501953125 ], [ 254178.387020874011796, 9859081.32989501953125 ], [ 254178.387020874011796, 9859092.530426025390625 ] ] ] } },
{ "type": "Feature", "properties": { "tile_row": 12, "tile_col": 41, "x_min": 371.4604, "y_min": 558.9041, "x_max": 413.99573, "y_max": 601.69794, "confidence_score": 0.31252348, "Class": "domestic garbage", "tile_id": "12_41", "filename": "tile_12_41.jpg", "x_offset": 41984, "y_offset": 12288, "width": 1024, "height": 1024, "left": 266289.6728515625, "top": 9868338.3178710938, "pixel_size_x": 0.30517578125, "pixel_size_y": 0.30517578125, "crs": "EPSG:32737", "global_x_min": 266403.03356933594, "global_y_min": 9868167.7538757324, "global_x_max": 266416.01432189939, "global_y_max": 9868154.694232177 }, "geometry": { "type": "Polygon", "coordinates": [ [ [ 266403.0335693359375, 9868167.753875732421875 ], [ 266416.014321899390779, 9868167.753875732421875 ], [ 266416.014321899390779, 9868154.694232176989317 ], [ 266403.0335693359375, 9868154.694232176989317 ], [ 266403.0335693359375, 9868167.753875732421875 ] ] ] } },
{ "type": "Feature", "properties": { "tile_row": 27, "tile_col": 36, "x_min": 612.45496, "y_min": 464.70212, "x_max": 665.9418, "y_max": 513.16113, "confidence_score": 0.39145288, "Class": "domestic garbage", "tile_id": "27_36", "filename": "tile_27_36.jpg", "x_offset": 36864, "y_offset": 27648, "width": 1024, "height": 1024, "left": 264727.1728515625, "top": 9863650.8178710938, "pixel_size_x": 0.30517578125, "pixel_size_y": 0.30517578125, "crs": "EPSG:32737", "global_x_min": 264914.07927246095, "global_y_min": 9863509.0020385738, "global_x_max": 264930.40216064453, "global_y_max": 9863494.2135223392 }, "geometry": { "type": "Polygon", "coordinates": [ [ [ 264914.079272460949142, 9863509.002038573846221 ], [ 264930.40216064453125, 9863509.002038573846221 ], [ 264930.40216064453125, 9863494.213522339239717 ], [ 264914.079272460949142, 9863494.213522339239717 ], [ 264914.079272460949142, 9863509.002038573846221 ] ] ] } },
{ "type": "Feature", "properties": { "tile_row": 14, "tile_col": 42, "x_min": 478.63724, "y_min": 289.08694, "x_max": 522.72943, "y_max": 344.69125, "confidence_score": 0.6548193, "Class": "domestic garbage", "tile_id": "14_42", "filename": "tile_14_42.jpg", "x_offset": 43008, "y_offset": 14336, "width": 1024, "height": 1024, "left": 266602.1728515625, "top": 9867713.3178710938, "pixel_size_x": 0.30517578125, "pixel_size_y": 0.30517578125, "crs": "EPSG:32737", "global_x_min": 266748.24134521483, "global_y_min": 9867625.0955383293, "global_x_max": 266761.69721374509, "global_y_max": 9867608.126449585 }, "geometry": { "type": "Polygon", "coordinates": [ [ [ 266748.241345214832108, 9867625.095538329333067 ], [ 266761.697213745093904, 9867625.095538329333067 ], [ 266761.697213745093904, 9867608.126449584960938 ], [ 266748.241345214832108, 9867608.126449584960938 ], [ 266748.241345214832108, 9867625.095538329333067 ] ] ] } },
{ "type": "Feature", "properties": { "tile_row": 51, "tile_col": 21, "x_min": 857.75745, "y_min": 224.5081, "x_max": 904.89856, "y_max": 264.75928, "confidence_score": 0.5022628, "Class": "domestic garbage", "tile_id": "51_21", "filename": "tile_51_21.jpg", "x_offset": 21504, "y_offset": 52224, "width": 1024, "height": 1024, "left": 260039.6728515625, "top": 9856150.8178710938, "pixel_size_x": 0.30517578125, "pixel_size_y": 0.30517578125, "crs": "EPSG:32737", "global_x_min": 260301.43965148926, "global_y_min": 9856082.3034362793, "global_x_max": 260315.82597656251, "global_y_max": 9856070.0197509769 }, "geometry": { "type": "Polygon", "coordinates": [ [ [ 260301.439651489257812, 9856082.303436279296875 ], [ 260315.825976562511642, 9856082.303436279296875 ], [ 260315.825976562511642, 9856070.019750976935029 ], [ 260301.439651489257812, 9856070.019750976935029 ], [ 260301.439651489257812, 9856082.303436279296875 ] ] ] } },
{ "type": "Feature", "properties": { "tile_row": 25, "tile_col": 41, "x_min": 343.2722, "y_min": 232.62831, "x_max": 376.29007, "y_max": 271.01822, "confidence_score": 0.3906883, "Class": "domestic garbage", "tile_id": "25_41", "filename": "tile_25_41.jpg", "x_offset": 41984, "y_offset": 25600, "width": 1024, "height": 1024, "left": 266289.6728515625, "top": 9864275.8178710938, "pixel_size_x": 0.30517578125, "pixel_size_y": 0.30517578125, "crs": "EPSG:32737", "global_x_min": 266394.43121337891, "global_y_min": 9864204.8253448494, "global_x_max": 266404.50746765139, "global_y_max": 9864193.1096740719 }, "geometry": { "type": "Polygon", "coordinates": [ [ [ 266394.43121337890625, 9864204.825344849377871 ], [ 266404.507467651390471, 9864204.825344849377871 ], [ 266404.507467651390471, 9864193.109674071893096 ], [ 266394.43121337890625, 9864193.109674071893096 ], [ 266394.43121337890625, 9864204.825344849377871 ] ] ] } },
{ "type": "Feature", "properties": { "tile_row": 49, "tile_col": 34, "x_min": 122.28887, "y_min": 785.855, "x_max": 172.8473, "y_max": 833.3131, "confidence_score": 0.63322586, "Class": "domestic garbage", "tile_id": "49_34", "filename": "tile_49_34.jpg", "x_offset": 34816, "y_offset": 50176, "width": 1024, "height": 1024, "left": 264102.1728515625, "top": 9856775.8178710938, "pixel_size_x": 0.30517578125, "pixel_size_y": 0.30517578125, "crs": "EPSG:32737", "global_x_min": 264139.49245300295, "global_y_min": 9856535.9939575195, "global_x_max": 264154.92166137695, "global_y_max": 9856521.5108947754 }, "geometry": { "type": "Polygon", "coordinates": [ [ [ 264139.492453002952971, 9856535.99395751953125 ], [ 264154.921661376953125, 9856535.99395751953125 ], [ 264154.921661376953125, 9856521.510894775390625 ], [ 264139.492453002952971, 9856521.510894775390625 ], [ 264139.492453002952971, 9856535.99395751953125 ] ] ] } },
{ "type": "Feature", "properties": { "tile_row": 46, "tile_col": 32, "x_min": 398.45532, "y_min": 509.3526, "x_max": 454.83136, "y_max": 561.3575, "confidence_score": 0.37265107, "Class": "domestic garbage", "tile_id": "46_32", "filename": "tile_46_32.jpg", "x_offset": 32768, "y_offset": 47104, "width": 1024, "height": 1024, "left": 263477.1728515625, "top": 9857713.3178710938, "pixel_size_x": 0.30517578125, "pixel_size_y": 0.30517578125, "crs": "EPSG:32737", "global_x_min": 263598.77176513674, "global_y_min": 9857557.875793457, "global_x_max": 263615.97636718751, "global_y_max": 9857542.0051574707 }, "geometry": { "type": "Polygon", "coordinates": [ [ [ 263598.771765136742033, 9857557.87579345703125 ], [ 263615.976367187511642, 9857557.87579345703125 ], [ 263615.976367187511642, 9857542.005157470703125 ], [ 263598.771765136742033, 9857542.005157470703125 ], [ 263598.771765136742033, 9857557.87579345703125 ] ] ] } },
{ "type": "Feature", "properties": { "tile_row": 50, "tile_col": 11, "x_min": 323.09778, "y_min": 630.85126, "x_max": 377.32086, "y_max": 700.3664, "confidence_score": 0.49895832, "Class": "domestic garbage", "tile_id": "50_11", "filename": "tile_50_11.jpg", "x_offset": 11264, "y_offset": 51200, "width": 1024, "height": 1024, "left": 256914.6728515625, "top": 9856463.3178710938, "pixel_size_x": 0.30517578125, "pixel_size_y": 0.30517578125, "crs": "EPSG:32737", "global_x_min": 257013.27446899415, "global_y_min": 9856270.7973449714, "global_x_max": 257029.82203979493, "global_y_max": 9856249.5830078125 }, "geometry": { "type": "Polygon", "coordinates": [ [ [ 257013.274468994146446, 9856270.797344971448183 ], [ 257029.822039794933517, 9856270.797344971448183 ], [ 257029.822039794933517, 9856249.5830078125 ], [ 257013.274468994146446, 9856249.5830078125 ], [ 257013.274468994146446, 9856270.797344971448183 ] ] ] } },
{ "type": "Feature", "properties": { "tile_row": 20, "tile_col": 18, "x_min": 709.9991, "y_min": 218.71002, "x_max": 754.70184, "y_max": 317.23376, "confidence_score": 0.36571938, "Class": "domestic garbage", "tile_id": "20_18", "filename": "tile_20_18.jpg", "x_offset": 18432, "y_offset": 20480, "width": 1024, "height": 1024, "left": 259102.1728515625, "top": 9865838.3178710938, "pixel_size_x": 0.30517578125, "pixel_size_y": 0.30517578125, "crs": "EPSG:32737", "global_x_min": 259318.8473815918, "global_y_min": 9865771.5728698727, "global_x_max": 259332.4895751953, "global_y_max": 9865741.5058105476 }, "geometry": { "type": "Polygon", "coordinates": [ [ [ 259318.847381591796875, 9865771.572869872674346 ], [ 259332.489575195300858, 9865771.572869872674346 ], [ 259332.489575195300858, 9865741.505810547620058 ], [ 259318.847381591796875, 9865741.505810547620058 ], [ 259318.847381591796875, 9865771.572869872674346 ] ] ] } },
{ "type": "Feature", "properties": { "tile_row": 61, "tile_col": 10, "x_min": 830.2183, "y_min": 10.547573, "x_max": 898.9118, "y_max": 87.10425, "confidence_score": 0.8996382, "Class": "domestic garbage", "tile_id": "61_10", "filename": "tile_61_10.jpg", "x_offset": 10240, "y_offset": 62464, "width": 1024, "height": 1024, "left": 256602.1728515625, "top": 9853025.8178710938, "pixel_size_x": 0.30517578125, "pixel_size_y": 0.30517578125, "crs": "EPSG:32737", "global_x_min": 256855.53536987305, "global_y_min": 9853022.5990072638, "global_x_max": 256876.49896240234, "global_y_max": 9852999.2357635498 }, "geometry": { "type": "Polygon", "coordinates": [ [ [ 256855.535369873046875, 9853022.59900726377964 ], [ 256876.49896240234375, 9853022.59900726377964 ], [ 256876.49896240234375, 9852999.235763549804688 ], [ 256855.535369873046875, 9852999.235763549804688 ], [ 256855.535369873046875, 9853022.59900726377964 ] ] ] } },
{ "type": "Feature", "properties": { "tile_row": 61, "tile_col": 10, "x_min": 592.09216, "y_min": 0.52173996, "x_max": 657.8467, "y_max": 83.36427, "confidence_score": 0.784012, "Class": "domestic garbage", "tile_id": "61_10", "filename": "tile_61_10.jpg", "x_offset": 10240, "y_offset": 62464, "width": 1024, "height": 1024, "left": 256602.1728515625, "top": 9853025.8178710938, "pixel_size_x": 0.30517578125, "pixel_size_y": 0.30517578125, "crs": "EPSG:32737", "global_x_min": 256782.86503906251, "global_y_min": 9853025.6586486939, "global_x_max": 256802.93173217773, "global_y_max": 9853000.3771148678 }, "geometry": { "type": "Polygon", "coordinates": [ [ [ 256782.865039062511642, 9853025.658648693934083 ], [ 256802.931732177734375, 9853025.658648693934083 ], [ 256802.931732177734375, 9853000.377114867791533 ], [ 256782.865039062511642, 9853000.377114867791533 ], [ 256782.865039062511642, 9853025.658648693934083 ] ] ] } },
{ "type": "Feature", "properties": { "tile_row": 52, "tile_col": 7, "x_min": 888.6668, "y_min": 449.71063, "x_max": 931.9257, "y_max": 480.69403, "confidence_score": 0.6062603, "Class": "domestic garbage", "tile_id": "52_7", "filename": "tile_52_7.jpg", "x_offset": 7168, "y_offset": 53248, "width": 1024, "height": 1024, "left": 255664.6728515625, "top": 9855838.3178710938, "pixel_size_x": 0.30517578125, "pixel_size_y": 0.30517578125, "crs": "EPSG:32737", "global_x_min": 255935.87243652344, "global_y_min": 9855701.0770782474, "global_x_max": 255949.07400512695, "global_y_max": 9855691.6216949467 }, "geometry": { "type": "Polygon", "coordinates": [ [ [ 255935.8724365234375, 9855701.077078247442842 ], [ 255949.074005126953125, 9855701.077078247442842 ], [ 255949.074005126953125, 9855691.621694946661592 ], [ 255935.8724365234375, 9855691.621694946661592 ], [ 255935.8724365234375, 9855701.077078247442842 ] ] ] } },
{ "type": "Feature", "properties": { "tile_row": 74, "tile_col": 26, "x_min": 606.4807, "y_min": 424.1615, "x_max": 661.22375, "y_max": 485.01245, "confidence_score": 0.6005207, "Class": "domestic garbage", "tile_id": "74_26", "filename": "tile_74_26.jpg", "x_offset": 26624, "y_offset": 75776, "width": 1024, "height": 1024, "left": 261602.1728515625, "top": 9848963.3178710938, "pixel_size_x": 0.30517578125, "pixel_size_y": 0.30517578125, "crs": "EPSG:32737", "global_x_min": 261787.25607299805, "global_y_min": 9848833.8740539551, "global_x_max": 261803.9623260498, "global_y_max": 9848815.303817749 }, "geometry": { "type": "Polygon", "coordinates": [ [ [ 261787.256072998046875, 9848833.874053955078125 ], [ 261803.962326049804688, 9848833.874053955078125 ], [ 261803.962326049804688, 9848815.303817749023438 ], [ 261787.256072998046875, 9848815.303817749023438 ], [ 261787.256072998046875, 9848833.874053955078125 ] ] ] } },
{ "type": "Feature", "properties": { "tile_row": 15, "tile_col": 35, "x_min": 289.40823, "y_min": 755.2309, "x_max": 330.49728, "y_max": 815.34064, "confidence_score": 0.49486634, "Class": "domestic garbage", "tile_id": "15_35", "filename": "tile_15_35.jpg", "x_offset": 35840, "y_offset": 15360, "width": 1024, "height": 1024, "left": 264414.6728515625, "top": 9867400.8178710938, "pixel_size_x": 0.30517578125, "pixel_size_y": 0.30517578125, "crs": "EPSG:32737", "global_x_min": 264502.99323425291, "global_y_min": 9867170.3396911621, "global_x_max": 264515.53261718748, "global_y_max": 9867151.9956542961 }, "geometry": { "type": "Polygon", "coordinates": [ [ [ 264502.993234252906404, 9867170.339691162109375 ], [ 264515.532617187476717, 9867170.339691162109375 ], [ 264515.532617187476717, 9867151.995654296129942 ], [ 264502.993234252906404, 9867151.995654296129942 ], [ 264502.993234252906404, 9867170.339691162109375 ] ] ] } },
{ "type": "Feature", "properties": { "tile_row": 28, "tile_col": 35, "x_min": 614.5318, "y_min": 388.5997, "x_max": 666.0046, "y_max": 433.84738, "confidence_score": 0.7952034, "Class": "domestic garbage", "tile_id": "28_35", "filename": "tile_28_35.jpg", "x_offset": 35840, "y_offset": 28672, "width": 1024, "height": 1024, "left": 264414.6728515625, "top": 9863338.3178710938, "pixel_size_x": 0.30517578125, "pixel_size_y": 0.30517578125, "crs": "EPSG:32737", "global_x_min": 264602.21307373047, "global_y_min": 9863219.7266540527, "global_x_max": 264617.92132568359, "global_y_max": 9863205.9181579594 }, "geometry": { "type": "Polygon", "coordinates": [ [ [ 264602.21307373046875, 9863219.726654052734375 ], [ 264617.92132568359375, 9863219.726654052734375 ], [ 264617.92132568359375, 9863205.918157959356904 ], [ 264602.21307373046875, 9863205.918157959356904 ], [ 264602.21307373046875, 9863219.726654052734375 ] ] ] } },
{ "type": "Feature", "properties": { "tile_row": 28, "tile_col": 35, "x_min": 455.72534, "y_min": 754.55414, "x_max": 493.37897, "y_max": 788.51495, "confidence_score": 0.59255624, "Class": "domestic garbage", "tile_id": "28_35", "filename": "tile_28_35.jpg", "x_offset": 35840, "y_offset": 28672, "width": 1024, "height": 1024, "left": 264414.6728515625, "top": 9863338.3178710938, "pixel_size_x": 0.30517578125, "pixel_size_y": 0.30517578125, "crs": "EPSG:32737", "global_x_min": 264553.74918823241, "global_y_min": 9863108.0462219231, "global_x_max": 264565.24016418459, "global_y_max": 9863097.6822052002 }, "geometry": { "type": "Polygon", "coordinates": [ [ [ 264553.749188232410233, 9863108.046221923083067 ], [ 264565.240164184593596, 9863108.046221923083067 ], [ 264565.240164184593596, 9863097.682205200195312 ], [ 264553.749188232410233, 9863097.682205200195312 ], [ 264553.749188232410233, 9863108.046221923083067 ] ] ] } },
{ "type": "Feature", "properties": { "tile_row": 52, "tile_col": 28, "x_min": 794.5659, "y_min": 543.4903, "x_max": 834.8624, "y_max": 595.02277, "confidence_score": 0.30159205, "Class": "domestic garbage", "tile_id": "52_28", "filename": "tile_52_28.jpg", "x_offset": 28672, "y_offset": 53248, "width": 1024, "height": 1024, "left": 262227.1728515625, "top": 9855838.3178710938, "pixel_size_x": 0.30517578125, "pixel_size_y": 0.30517578125, "crs": "EPSG:32737", "global_x_min": 262469.65512084961, "global_y_min": 9855672.4577941895, "global_x_max": 262481.95263671875, "global_y_max": 9855656.7313323971 }, "geometry": { "type": "Polygon", "coordinates": [ [ [ 262469.655120849609375, 9855672.457794189453125 ], [ 262481.95263671875, 9855672.457794189453125 ], [ 262481.95263671875, 9855656.731332397088408 ], [ 262469.655120849609375, 9855656.731332397088408 ], [ 262469.655120849609375, 9855672.457794189453125 ] ] ] } },
{ "type": "Feature", "properties": { "tile_row": 50, "tile_col": 34, "x_min": 359.4572, "y_min": 440.3302, "x_max": 405.39258, "y_max": 497.82758, "confidence_score": 0.8334676, "Class": "domestic garbage", "tile_id": "50_34", "filename": "tile_50_34.jpg", "x_offset": 34816, "y_offset": 51200, "width": 1024, "height": 1024, "left": 264102.1728515625, "top": 9856463.3178710938, "pixel_size_x": 0.30517578125, "pixel_size_y": 0.30517578125, "crs": "EPSG:32737", "global_x_min": 264211.87048339844, "global_y_min": 9856328.9397583008, "global_x_max": 264225.88884887693, "global_y_max": 9856311.3929504398 }, "geometry": { "type": "Polygon", "coordinates": [ [ [ 264211.8704833984375, 9856328.93975830078125 ], [ 264225.888848876929842, 9856328.93975830078125 ], [ 264225.888848876929842, 9856311.392950439825654 ], [ 264211.8704833984375, 9856311.392950439825654 ], [ 264211.8704833984375, 9856328.93975830078125 ] ] ] } },
{ "type": "Feature", "properties": { "tile_row": 28, "tile_col": 22, "x_min": 95.845924, "y_min": 289.86426, "x_max": 155.12393, "y_max": 349.94757, "confidence_score": 0.55923855, "Class": "domestic garbage", "tile_id": "28_22", "filename": "tile_28_22.jpg", "x_offset": 22528, "y_offset": 28672, "width": 1024, "height": 1024, "left": 260352.1728515625, "top": 9863338.3178710938, "pixel_size_x": 0.30517578125, "pixel_size_y": 0.30517578125, "crs": "EPSG:32737", "global_x_min": 260381.42270629882, "global_y_min": 9863249.8583190925, "global_x_max": 260399.51291809083, "global_y_max": 9863231.5223480221 }, "geometry": { "type": "Polygon", "coordinates": [ [ [ 260381.42270629882114, 9863249.858319092541933 ], [ 260399.512918090826133, 9863249.858319092541933 ], [ 260399.512918090826133, 9863231.522348022088408 ], [ 260381.42270629882114, 9863231.522348022088408 ], [ 260381.42270629882114, 9863249.858319092541933 ] ] ] } },
{ "type": "Feature", "properties": { "tile_row": 14, "tile_col": 0, "x_min": 777.8274, "y_min": 742.4618, "x_max": 821.46313, "y_max": 781.14856, "confidence_score": 0.6859026, "Class": "domestic garbage", "tile_id": "14_0", "filename": "tile_14_0.jpg", "x_offset": 0, "y_offset": 14336, "width": 1024, "height": 1024, "left": 253477.1728515625, "top": 9867713.3178710938, "pixel_size_x": 0.30517578125, "pixel_size_y": 0.30517578125, "crs": "EPSG:32737", "global_x_min": 253714.54693603516, "global_y_min": 9867486.7365112305, "global_x_max": 253727.86350402833, "global_y_max": 9867474.9302490242 }, "geometry": { "type": "Polygon", "coordinates": [ [ [ 253714.54693603515625, 9867486.73651123046875 ], [ 253727.863504028326133, 9867486.73651123046875 ], [ 253727.863504028326133, 9867474.930249024182558 ], [ 253714.54693603515625, 9867474.930249024182558 ], [ 253714.54693603515625, 9867486.73651123046875 ] ] ] } },
{ "type": "Feature", "properties": { "tile_row": 51, "tile_col": 26, "x_min": 888.6457, "y_min": 898.94073, "x_max": 941.0153, "y_max": 937.13934, "confidence_score": 0.6176535, "Class": "domestic garbage", "tile_id": "51_26", "filename": "tile_51_26.jpg", "x_offset": 26624, "y_offset": 52224, "width": 1024, "height": 1024, "left": 261602.1728515625, "top": 9856150.8178710938, "pixel_size_x": 0.30517578125, "pixel_size_y": 0.30517578125, "crs": "EPSG:32737", "global_x_min": 261873.36599731445, "global_y_min": 9855876.4829315189, "global_x_max": 261889.3479309082, "global_y_max": 9855864.8256408684 }, "geometry": { "type": "Polygon", "coordinates": [ [ [ 261873.365997314453125, 9855876.482931518927217 ], [ 261889.347930908203125, 9855876.482931518927217 ], [ 261889.347930908203125, 9855864.825640868395567 ], [ 261873.365997314453125, 9855864.825640868395567 ], [ 261873.365997314453125, 9855876.482931518927217 ] ] ] } },
{ "type": "Feature", "properties": { "tile_row": 54, "tile_col": 27, "x_min": 798.895, "y_min": 546.354, "x_max": 884.84607, "y_max": 591.28625, "confidence_score": 0.46446303, "Class": "domestic garbage", "tile_id": "54_27", "filename": "tile_54_27.jpg", "x_offset": 27648, "y_offset": 55296, "width": 1024, "height": 1024, "left": 261914.6728515625, "top": 9855213.3178710938, "pixel_size_x": 0.30517578125, "pixel_size_y": 0.30517578125, "crs": "EPSG:32737", "global_x_min": 262158.47625732422, "global_y_min": 9855046.5838623047, "global_x_max": 262184.70644226077, "global_y_max": 9855032.8716278076 }, "geometry": { "type": "Polygon", "coordinates": [ [ [ 262158.47625732421875, 9855046.5838623046875 ], [ 262184.706442260765471, 9855046.5838623046875 ], [ 262184.706442260765471, 9855032.871627807617188 ], [ 262158.47625732421875, 9855032.871627807617188 ], [ 262158.47625732421875, 9855046.5838623046875 ] ] ] } },
{ "type": "Feature", "properties": { "tile_row": 43, "tile_col": 23, "x_min": 630.64044, "y_min": 497.99582, "x_max": 737.73724, "y_max": 536.66437, "confidence_score": 0.43355292, "Class": "domestic garbage", "tile_id": "43_23", "filename": "tile_43_23.jpg", "x_offset": 23552, "y_offset": 44032, "width": 1024, "height": 1024, "left": 260664.6728515625, "top": 9858650.8178710938, "pixel_size_x": 0.30517578125, "pixel_size_y": 0.30517578125, "crs": "EPSG:32737", "global_x_min": 260857.12904052733, "global_y_min": 9858498.8416076656, "global_x_max": 260889.81239013671, "global_y_max": 9858487.0409027096 }, "geometry": { "type": "Polygon", "coordinates": [ [ [ 260857.129040527332108, 9858498.841607665643096 ], [ 260889.812390136707108, 9858498.841607665643096 ], [ 260889.812390136707108, 9858487.040902709588408 ], [ 260857.129040527332108, 9858487.040902709588408 ], [ 260857.129040527332108, 9858498.841607665643096 ] ] ] } },
{ "type": "Feature", "properties": { "tile_row": 33, "tile_col": 20, "x_min": 463.179, "y_min": 611.3388, "x_max": 503.3976, "y_max": 658.42975, "confidence_score": 0.47243464, "Class": "domestic garbage", "tile_id": "33_20", "filename": "tile_33_20.jpg", "x_offset": 20480, "y_offset": 33792, "width": 1024, "height": 1024, "left": 259727.1728515625, "top": 9861775.8178710938, "pixel_size_x": 0.30517578125, "pixel_size_y": 0.30517578125, "crs": "EPSG:32737", "global_x_min": 259868.52386474609, "global_y_min": 9861589.2520751953, "global_x_max": 259880.79760742188, "global_y_max": 9861574.8810577393 }, "geometry": { "type": "Polygon", "coordinates": [ [ [ 259868.52386474609375, 9861589.2520751953125 ], [ 259880.797607421875, 9861589.2520751953125 ], [ 259880.797607421875, 9861574.881057739257812 ], [ 259868.52386474609375, 9861574.881057739257812 ], [ 259868.52386474609375, 9861589.2520751953125 ] ] ] } },
{ "type": "Feature", "properties": { "tile_row": 45, "tile_col": 8, "x_min": 128.26561, "y_min": 453.48856, "x_max": 173.24748, "y_max": 511.23782, "confidence_score": 0.86259717, "Class": "domestic garbage", "tile_id": "45_8", "filename": "tile_45_8.jpg", "x_offset": 8192, "y_offset": 46080, "width": 1024, "height": 1024, "left": 255977.1728515625, "top": 9858025.8178710938, "pixel_size_x": 0.30517578125, "pixel_size_y": 0.30517578125, "crs": "EPSG:32737", "global_x_min": 256016.31640930177, "global_y_min": 9857887.4241455086, "global_x_max": 256030.0437866211, "global_y_max": 9857869.8004699703 }, "geometry": { "type": "Polygon", "coordinates": [ [ [ 256016.316409301769454, 9857887.424145508557558 ], [ 256030.043786621099571, 9857887.424145508557558 ], [ 256030.043786621099571, 9857869.800469970330596 ], [ 256016.316409301769454, 9857869.800469970330596 ], [ 256016.316409301769454, 9857887.424145508557558 ] ] ] } },
{ "type": "Feature", "properties": { "tile_row": 28, "tile_col": 19, "x_min": 738.2941, "y_min": 339.8718, "x_max": 808.10345, "y_max": 393.00797, "confidence_score": 0.8168889, "Class": "domestic garbage", "tile_id": "28_19", "filename": "tile_28_19.jpg", "x_offset": 19456, "y_offset": 28672, "width": 1024, "height": 1024, "left": 259414.6728515625, "top": 9863338.3178710938, "pixel_size_x": 0.30517578125, "pixel_size_y": 0.30517578125, "crs": "EPSG:32737", "global_x_min": 259639.98233032227, "global_y_min": 9863234.5972290039, "global_x_max": 259661.28645324707, "global_y_max": 9863218.3813568112 }, "geometry": { "type": "Polygon", "coordinates": [ [ [ 259639.982330322265625, 9863234.59722900390625 ], [ 259661.286453247070312, 9863234.59722900390625 ], [ 259661.286453247070312, 9863218.381356811150908 ], [ 259639.982330322265625, 9863218.381356811150908 ], [ 259639.982330322265625, 9863234.59722900390625 ] ] ] } },
{ "type": "Feature", "properties": { "tile_row": 62, "tile_col": 35, "x_min": 604.8514, "y_min": 260.85928, "x_max": 642.77924, "y_max": 289.21085, "confidence_score": 0.3081766, "Class": "domestic garbage", "tile_id": "62_35", "filename": "tile_62_35.jpg", "x_offset": 35840, "y_offset": 63488, "width": 1024, "height": 1024, "left": 264414.6728515625, "top": 9852713.3178710938, "pixel_size_x": 0.30517578125, "pixel_size_y": 0.30517578125, "crs": "EPSG:32737", "global_x_min": 264599.25885009766, "global_y_min": 9852633.7099365238, "global_x_max": 264610.83350830077, "global_y_max": 9852625.057723999 }, "geometry": { "type": "Polygon", "coordinates": [ [ [ 264599.25885009765625, 9852633.709936523810029 ], [ 264610.833508300769608, 9852633.709936523810029 ], [ 264610.833508300769608, 9852625.057723999023438 ], [ 264599.25885009765625, 9852625.057723999023438 ], [ 264599.25885009765625, 9852633.709936523810029 ] ] ] } },
{ "type": "Feature", "properties": { "tile_row": 20, "tile_col": 41, "x_min": 526.8244, "y_min": 243.0407, "x_max": 580.4628, "y_max": 288.96677, "confidence_score": 0.84682316, "Class": "domestic garbage", "tile_id": "20_41", "filename": "tile_20_41.jpg", "x_offset": 41984, "y_offset": 20480, "width": 1024, "height": 1024, "left": 266289.6728515625, "top": 9865838.3178710938, "pixel_size_x": 0.30517578125, "pixel_size_y": 0.30517578125, "crs": "EPSG:32737", "global_x_min": 266450.44689941406, "global_y_min": 9865764.1477355957, "global_x_max": 266466.81604003906, "global_y_max": 9865750.1322113033 }, "geometry": { "type": "Polygon", "coordinates": [ [ [ 266450.4468994140625, 9865764.147735595703125 ], [ 266466.8160400390625, 9865764.147735595703125 ], [ 266466.8160400390625, 9865750.132211303338408 ], [ 266450.4468994140625, 9865750.132211303338408 ], [ 266450.4468994140625, 9865764.147735595703125 ] ] ] } },
{ "type": "Feature", "properties": { "tile_row": 67, "tile_col": 36, "x_min": 857.83124, "y_min": 478.91895, "x_max": 901.7918, "y_max": 525.5371, "confidence_score": 0.778613, "Class": "domestic garbage", "tile_id": "67_36", "filename": "tile_67_36.jpg", "x_offset": 36864, "y_offset": 68608, "width": 1024, "height": 1024, "left": 264727.1728515625, "top": 9851150.8178710938, "pixel_size_x": 0.30517578125, "pixel_size_y": 0.30517578125, "crs": "EPSG:32737", "global_x_min": 264988.96217041014, "global_y_min": 9851004.6634063721, "global_x_max": 265002.37786865234, "global_y_max": 9850990.4366760254 }, "geometry": { "type": "Polygon", "coordinates": [ [ [ 264988.962170410144608, 9851004.663406372070312 ], [ 265002.37786865234375, 9851004.663406372070312 ], [ 265002.37786865234375, 9850990.436676025390625 ], [ 264988.962170410144608, 9850990.436676025390625 ], [ 264988.962170410144608, 9851004.663406372070312 ] ] ] } },
{ "type": "Feature", "properties": { "tile_row": 40, "tile_col": 16, "x_min": 667.9393, "y_min": 288.93213, "x_max": 691.2745, "y_max": 324.56976, "confidence_score": 0.33648783, "Class": "domestic garbage", "tile_id": "40_16", "filename": "tile_40_16.jpg", "x_offset": 16384, "y_offset": 40960, "width": 1024, "height": 1024, "left": 258477.1728515625, "top": 9859588.3178710938, "pixel_size_x": 0.30517578125, "pixel_size_y": 0.30517578125, "crs": "EPSG:32737", "global_x_min": 258681.01174926758, "global_y_min": 9859500.1427825931, "global_x_max": 258688.1330871582, "global_y_max": 9859489.2670410164 }, "geometry": { "type": "Polygon", "coordinates": [ [ [ 258681.011749267578125, 9859500.142782593145967 ], [ 258688.133087158203125, 9859500.142782593145967 ], [ 258688.133087158203125, 9859489.267041016370058 ], [ 258681.011749267578125, 9859489.267041016370058 ], [ 258681.011749267578125, 9859500.142782593145967 ] ] ] } },
{ "type": "Feature", "properties": { "tile_row": 51, "tile_col": 17, "x_min": 630.7401, "y_min": 526.39886, "x_max": 734.621, "y_max": 584.2807, "confidence_score": 0.54125303, "Class": "domestic garbage", "tile_id": "51_17", "filename": "tile_51_17.jpg", "x_offset": 17408, "y_offset": 52224, "width": 1024, "height": 1024, "left": 258789.6728515625, "top": 9856150.8178710938, "pixel_size_x": 0.30517578125, "pixel_size_y": 0.30517578125, "crs": "EPSG:32737", "global_x_min": 258982.1594543457, "global_y_min": 9855990.1736877449, "global_x_max": 259013.86138916016, "global_y_max": 9855972.509552002 }, "geometry": { "type": "Polygon", "coordinates": [ [ [ 258982.159454345703125, 9855990.173687744885683 ], [ 259013.86138916015625, 9855990.173687744885683 ], [ 259013.86138916015625, 9855972.509552001953125 ], [ 258982.159454345703125, 9855972.509552001953125 ], [ 258982.159454345703125, 9855990.173687744885683 ] ] ] } },
{ "type": "Feature", "properties": { "tile_row": 8, "tile_col": 20, "x_min": 694.7616, "y_min": 743.10754, "x_max": 806.9541, "y_max": 813.42395, "confidence_score": 0.82057166, "Class": "domestic garbage", "tile_id": "8_20", "filename": "tile_8_20.jpg", "x_offset": 20480, "y_offset": 8192, "width": 1024, "height": 1024, "left": 259727.1728515625, "top": 9869588.3178710938, "pixel_size_x": 0.30517578125, "pixel_size_y": 0.30517578125, "crs": "EPSG:32737", "global_x_min": 259939.197265625, "global_y_min": 9869361.5394470207, "global_x_max": 259973.43569946289, "global_y_max": 9869340.080581665 }, "geometry": { "type": "Polygon", "coordinates": [ [ [ 259939.197265625, 9869361.539447020739317 ], [ 259973.435699462890625, 9869361.539447020739317 ], [ 259973.435699462890625, 9869340.080581665039062 ], [ 259939.197265625, 9869340.080581665039062 ], [ 259939.197265625, 9869361.539447020739317 ] ] ] } },
{ "type": "Feature", "properties": { "tile_row": 55, "tile_col": 0, "x_min": 458.52594, "y_min": 103.676445, "x_max": 520.0806, "y_max": 140.76573, "confidence_score": 0.41867018, "Class": "domestic garbage", "tile_id": "55_0", "filename": "tile_55_0.jpg", "x_offset": 0, "y_offset": 56320, "width": 1024, "height": 1024, "left": 253477.1728515625, "top": 9854900.8178710938, "pixel_size_x": 0.30517578125, "pixel_size_y": 0.30517578125, "crs": "EPSG:32737", "global_x_min": 253617.10386352538, "global_y_min": 9854869.1783309933, "global_x_max": 253635.88885498047, "global_y_max": 9854857.8595794681 }, "geometry": { "type": "Polygon", "coordinates": [ [ [ 253617.103863525378983, 9854869.178330993279815 ], [ 253635.88885498046875, 9854869.178330993279815 ], [ 253635.88885498046875, 9854857.859579468145967 ], [ 253617.103863525378983, 9854857.859579468145967 ], [ 253617.103863525378983, 9854869.178330993279815 ] ] ] } },
{ "type": "Feature", "properties": { "tile_row": 2, "tile_col": 0, "x_min": 426.02768, "y_min": 403.81174, "x_max": 501.5591, "y_max": 464.72043, "confidence_score": 0.41337508, "Class": "domestic garbage", "tile_id": "2_0", "filename": "tile_2_0.jpg", "x_offset": 0, "y_offset": 2048, "width": 1024, "height": 1024, "left": 253477.1728515625, "top": 9871463.3178710938, "pixel_size_x": 0.30517578125, "pixel_size_y": 0.30517578125, "crs": "EPSG:32737", "global_x_min": 253607.18618164063, "global_y_min": 9871340.0843078606, "global_x_max": 253630.23654174805, "global_y_max": 9871321.496450806 }, "geometry": { "type": "Polygon", "coordinates": [ [ [ 253607.186181640630821, 9871340.084307860583067 ], [ 253630.236541748046875, 9871340.084307860583067 ], [ 253630.236541748046875, 9871321.496450806036592 ], [ 253607.186181640630821, 9871321.496450806036592 ], [ 253607.186181640630821, 9871340.084307860583067 ] ] ] } },
{ "type": "Feature", "properties": { "tile_row": 56, "tile_col": 4, "x_min": 788.6648, "y_min": 314.88968, "x_max": 863.5276, "y_max": 363.9313, "confidence_score": 0.92033684, "Class": "domestic garbage", "tile_id": "56_4", "filename": "tile_56_4.jpg", "x_offset": 4096, "y_offset": 57344, "width": 1024, "height": 1024, "left": 254727.1728515625, "top": 9854588.3178710938, "pixel_size_x": 0.30517578125, "pixel_size_y": 0.30517578125, "crs": "EPSG:32737", "global_x_min": 254967.85424804688, "global_y_min": 9854492.2211669926, "global_x_max": 254990.70056152344, "global_y_max": 9854477.2548522949 }, "geometry": { "type": "Polygon", "coordinates": [ [ [ 254967.854248046875, 9854492.221166992560029 ], [ 254990.7005615234375, 9854492.221166992560029 ], [ 254990.7005615234375, 9854477.254852294921875 ], [ 254967.854248046875, 9854477.254852294921875 ], [ 254967.854248046875, 9854492.221166992560029 ] ] ] } },
{ "type": "Feature", "properties": { "tile_row": 56, "tile_col": 4, "x_min": 456.7827, "y_min": 459.0094, "x_max": 521.6654, "y_max": 501.05573, "confidence_score": 0.41540137, "Class": "domestic garbage", "tile_id": "56_4", "filename": "tile_56_4.jpg", "x_offset": 4096, "y_offset": 57344, "width": 1024, "height": 1024, "left": 254727.1728515625, "top": 9854588.3178710938, "pixel_size_x": 0.30517578125, "pixel_size_y": 0.30517578125, "crs": "EPSG:32737", "global_x_min": 254866.57186889648, "global_y_min": 9854448.2393188477, "global_x_max": 254886.37249755859, "global_y_max": 9854435.4077972416 }, "geometry": { "type": "Polygon", "coordinates": [ [ [ 254866.571868896484375, 9854448.23931884765625 ], [ 254886.37249755859375, 9854448.23931884765625 ], [ 254886.37249755859375, 9854435.407797241583467 ], [ 254866.571868896484375, 9854435.407797241583467 ], [ 254866.571868896484375, 9854448.23931884765625 ] ] ] } },
{ "type": "Feature", "properties": { "tile_row": 26, "tile_col": 36, "x_min": 278.8862, "y_min": 854.4618, "x_max": 319.45847, "y_max": 896.22705, "confidence_score": 0.47320357, "Class": "domestic garbage", "tile_id": "26_36", "filename": "tile_26_36.jpg", "x_offset": 36864, "y_offset": 26624, "width": 1024, "height": 1024, "left": 264727.1728515625, "top": 9863963.3178710938, "pixel_size_x": 0.30517578125, "pixel_size_y": 0.30517578125, "crs": "EPSG:32737", "global_x_min": 264812.28216552734, "global_y_min": 9863702.5568237305, "global_x_max": 264824.6638397217, "global_y_max": 9863689.8110809326 }, "geometry": { "type": "Polygon", "coordinates": [ [ [ 264812.28216552734375, 9863702.55682373046875 ], [ 264824.663839721702971, 9863702.55682373046875 ], [ 264824.663839721702971, 9863689.811080932617188 ], [ 264812.28216552734375, 9863689.811080932617188 ], [ 264812.28216552734375, 9863702.55682373046875 ] ] ] } },
{ "type": "Feature", "properties": { "tile_row": 9, "tile_col": 20, "x_min": 328.99695, "y_min": 430.469, "x_max": 374.6053, "y_max": 479.95453, "confidence_score": 0.3422348, "Class": "domestic garbage", "tile_id": "9_20", "filename": "tile_9_20.jpg", "x_offset": 20480, "y_offset": 9216, "width": 1024, "height": 1024, "left": 259727.1728515625, "top": 9869275.8178710938, "pixel_size_x": 0.30517578125, "pixel_size_y": 0.30517578125, "crs": "EPSG:32737", "global_x_min": 259827.57475280762, "global_y_min": 9869144.4491577148, "global_x_max": 259841.49331665039, "global_y_max": 9869129.3473724369 }, "geometry": { "type": "Polygon", "coordinates": [ [ [ 259827.574752807617188, 9869144.44915771484375 ], [ 259841.493316650390625, 9869144.44915771484375 ], [ 259841.493316650390625, 9869129.347372436895967 ], [ 259827.574752807617188, 9869129.347372436895967 ], [ 259827.574752807617188, 9869144.44915771484375 ] ] ] } },
{ "type": "Feature", "properties": { "tile_row": 49, "tile_col": 2, "x_min": 359.8731, "y_min": 343.5383, "x_max": 394.9463, "y_max": 404.9247, "confidence_score": 0.79684967, "Class": "domestic garbage", "tile_id": "49_2", "filename": "tile_49_2.jpg", "x_offset": 2048, "y_offset": 50176, "width": 1024, "height": 1024, "left": 254102.1728515625, "top": 9856775.8178710938, "pixel_size_x": 0.30517578125, "pixel_size_y": 0.30517578125, "crs": "EPSG:32737", "global_x_min": 254211.99740600586, "global_y_min": 9856670.978302002, "global_x_max": 254222.7008972168, "global_y_max": 9856652.2446594238 }, "geometry": { "type": "Polygon", "coordinates": [ [ [ 254211.997406005859375, 9856670.978302001953125 ], [ 254222.700897216796875, 9856670.978302001953125 ], [ 254222.700897216796875, 9856652.244659423828125 ], [ 254211.997406005859375, 9856652.244659423828125 ], [ 254211.997406005859375, 9856670.978302001953125 ] ] ] } },
{ "type": "Feature", "properties": { "tile_row": 49, "tile_col": 2, "x_min": 514.14453, "y_min": 578.50104, "x_max": 586.0054, "y_max": 618.1391, "confidence_score": 0.64009184, "Class": "domestic garbage", "tile_id": "49_2", "filename": "tile_49_2.jpg", "x_offset": 2048, "y_offset": 50176, "width": 1024, "height": 1024, "left": 254102.1728515625, "top": 9856775.8178710938, "pixel_size_x": 0.30517578125, "pixel_size_y": 0.30517578125, "crs": "EPSG:32737", "global_x_min": 254259.07731018067, "global_y_min": 9856599.2733642571, "global_x_max": 254281.00750732422, "global_y_max": 9856587.1767883301 }, "geometry": { "type": "Polygon", "coordinates": [ [ [ 254259.077310180669883, 9856599.273364257067442 ], [ 254281.00750732421875, 9856599.273364257067442 ], [ 254281.00750732421875, 9856587.176788330078125 ], [ 254259.077310180669883, 9856587.176788330078125 ], [ 254259.077310180669883, 9856599.273364257067442 ] ] ] } },
{ "type": "Feature", "properties": { "tile_row": 65, "tile_col": 37, "x_min": 686.0017, "y_min": 212.69931, "x_max": 754.2013, "y_max": 275.71445, "confidence_score": 0.7721095, "Class": "domestic garbage", "tile_id": "65_37", "filename": "tile_65_37.jpg", "x_offset": 37888, "y_offset": 66560, "width": 1024, "height": 1024, "left": 265039.6728515625, "top": 9851775.8178710938, "pixel_size_x": 0.30517578125, "pixel_size_y": 0.30517578125, "crs": "EPSG:32737", "global_x_min": 265249.02395629883, "global_y_min": 9851710.9071929939, "global_x_max": 265269.83682250977, "global_y_max": 9851691.6764984131 }, "geometry": { "type": "Polygon", "coordinates": [ [ [ 265249.023956298828125, 9851710.907192993909121 ], [ 265269.836822509765625, 9851710.907192993909121 ], [ 265269.836822509765625, 9851691.676498413085938 ], [ 265249.023956298828125, 9851691.676498413085938 ], [ 265249.023956298828125, 9851710.907192993909121 ] ] ] } },
{ "type": "Feature", "properties": { "tile_row": 65, "tile_col": 37, "x_min": 198.31673, "y_min": 176.21707, "x_max": 300.47836, "y_max": 242.95547, "confidence_score": 0.5961213, "Class": "domestic garbage", "tile_id": "65_37", "filename": "tile_65_37.jpg", "x_offset": 37888, "y_offset": 66560, "width": 1024, "height": 1024, "left": 265039.6728515625, "top": 9851775.8178710938, "pixel_size_x": 0.30517578125, "pixel_size_y": 0.30517578125, "crs": "EPSG:32737", "global_x_min": 265100.19431457517, "global_y_min": 9851722.0406890865, "global_x_max": 265131.37156982423, "global_y_max": 9851701.6737457272 }, "geometry": { "type": "Polygon", "coordinates": [ [ [ 265100.194314575172029, 9851722.040689086541533 ], [ 265131.371569824230392, 9851722.040689086541533 ], [ 265131.371569824230392, 9851701.673745727166533 ], [ 265100.194314575172029, 9851701.673745727166533 ], [ 265100.194314575172029, 9851722.040689086541533 ] ] ] } },
{ "type": "Feature", "properties": { "tile_row": 65, "tile_col": 37, "x_min": 828.09015, "y_min": 162.82047, "x_max": 914.1922, "y_max": 213.91327, "confidence_score": 0.56392527, "Class": "domestic garbage", "tile_id": "65_37", "filename": "tile_65_37.jpg", "x_offset": 37888, "y_offset": 66560, "width": 1024, "height": 1024, "left": 265039.6728515625, "top": 9851775.8178710938, "pixel_size_x": 0.30517578125, "pixel_size_y": 0.30517578125, "crs": "EPSG:32737", "global_x_min": 265292.38591003418, "global_y_min": 9851726.1290069576, "global_x_max": 265318.66217041016, "global_y_max": 9851710.5367218014 }, "geometry": { "type": "Polygon", "coordinates": [ [ [ 265292.385910034179688, 9851726.129006957635283 ], [ 265318.66217041015625, 9851726.129006957635283 ], [ 265318.66217041015625, 9851710.536721801385283 ], [ 265292.385910034179688, 9851710.536721801385283 ], [ 265292.385910034179688, 9851726.129006957635283 ] ] ] } },
{ "type": "Feature", "properties": { "tile_row": 60, "tile_col": 17, "x_min": 753.3612, "y_min": 73.05115, "x_max": 814.52356, "y_max": 119.18318, "confidence_score": 0.67807055, "Class": "domestic garbage", "tile_id": "60_17", "filename": "tile_60_17.jpg", "x_offset": 17408, "y_offset": 61440, "width": 1024, "height": 1024, "left": 258789.6728515625, "top": 9853338.3178710938, "pixel_size_x": 0.30517578125, "pixel_size_y": 0.30517578125, "crs": "EPSG:32737", "global_x_min": 259019.58044433594, "global_y_min": 9853316.0244293213, "global_x_max": 259038.24571533204, "global_y_max": 9853301.9460510258 }, "geometry": { "type": "Polygon", "coordinates": [ [ [ 259019.5804443359375, 9853316.024429321289062 ], [ 259038.245715332042892, 9853316.024429321289062 ], [ 259038.245715332042892, 9853301.946051025763154 ], [ 259019.5804443359375, 9853301.946051025763154 ], [ 259019.5804443359375, 9853316.024429321289062 ] ] ] } },
{ "type": "Feature", "properties": { "tile_row": 17, "tile_col": 2, "x_min": 136.67578, "y_min": 495.16208, "x_max": 350.3126, "y_max": 622.01654, "confidence_score": 0.55660015, "Class": "domestic garbage", "tile_id": "17_2", "filename": "tile_17_2.jpg", "x_offset": 2048, "y_offset": 17408, "width": 1024, "height": 1024, "left": 254102.1728515625, "top": 9866775.8178710938, "pixel_size_x": 0.30517578125, "pixel_size_y": 0.30517578125, "crs": "EPSG:32737", "global_x_min": 254143.88298950196, "global_y_min": 9866624.7063964847, "global_x_max": 254209.07977294922, "global_y_max": 9866585.9934875481 }, "geometry": { "type": "Polygon", "coordinates": [ [ [ 254143.882989501958946, 9866624.706396484747529 ], [ 254209.07977294921875, 9866624.706396484747529 ], [ 254209.07977294921875, 9866585.993487548083067 ], [ 254143.882989501958946, 9866585.993487548083067 ], [ 254143.882989501958946, 9866624.706396484747529 ] ] ] } },
{ "type": "Feature", "properties": { "tile_row": 61, "tile_col": 2, "x_min": 324.2351, "y_min": 400.4857, "x_max": 393.71484, "y_max": 459.4315, "confidence_score": 0.40553814, "Class": "domestic garbage", "tile_id": "61_2", "filename": "tile_61_2.jpg", "x_offset": 2048, "y_offset": 62464, "width": 1024, "height": 1024, "left": 254102.1728515625, "top": 9853025.8178710938, "pixel_size_x": 0.30517578125, "pixel_size_y": 0.30517578125, "crs": "EPSG:32737", "global_x_min": 254201.12155151367, "global_y_min": 9852903.5993347168, "global_x_max": 254222.32508544921, "global_y_max": 9852885.6105041504 }, "geometry": { "type": "Polygon", "coordinates": [ [ [ 254201.121551513671875, 9852903.599334716796875 ], [ 254222.325085449207108, 9852903.599334716796875 ], [ 254222.325085449207108, 9852885.610504150390625 ], [ 254201.121551513671875, 9852885.610504150390625 ], [ 254201.121551513671875, 9852903.599334716796875 ] ] ] } },
{ "type": "Feature", "properties": { "tile_row": 25, "tile_col": 27, "x_min": 450.01035, "y_min": 670.56555, "x_max": 509.03262, "y_max": 727.9469, "confidence_score": 0.5930853, "Class": "domestic garbage", "tile_id": "25_27", "filename": "tile_25_27.jpg", "x_offset": 27648, "y_offset": 25600, "width": 1024, "height": 1024, "left": 261914.6728515625, "top": 9864275.8178710938, "pixel_size_x": 0.30517578125, "pixel_size_y": 0.30517578125, "crs": "EPSG:32737", "global_x_min": 262052.00511169434, "global_y_min": 9864071.1775054932, "global_x_max": 262070.01727905273, "global_y_max": 9864053.6661071777 }, "geometry": { "type": "Polygon", "coordinates": [ [ [ 262052.005111694335938, 9864071.177505493164062 ], [ 262070.017279052728554, 9864071.177505493164062 ], [ 262070.017279052728554, 9864053.666107177734375 ], [ 262052.005111694335938, 9864053.666107177734375 ], [ 262052.005111694335938, 9864071.177505493164062 ] ] ] } },
{ "type": "Feature", "properties": { "tile_row": 27, "tile_col": 1, "x_min": 519.83856, "y_min": 798.899, "x_max": 551.7238, "y_max": 842.9255, "confidence_score": 0.46609855, "Class": "domestic garbage", "tile_id": "27_1", "filename": "tile_27_1.jpg", "x_offset": 1024, "y_offset": 27648, "width": 1024, "height": 1024, "left": 253789.6728515625, "top": 9863650.8178710938, "pixel_size_x": 0.30517578125, "pixel_size_y": 0.30517578125, "crs": "EPSG:32737", "global_x_min": 253948.31499023439, "global_y_min": 9863407.0132446289, "global_x_max": 253958.04559326172, "global_y_max": 9863393.5774230957 }, "geometry": { "type": "Polygon", "coordinates": [ [ [ 253948.314990234386642, 9863407.01324462890625 ], [ 253958.04559326171875, 9863407.01324462890625 ], [ 253958.04559326171875, 9863393.577423095703125 ], [ 253948.314990234386642, 9863393.577423095703125 ], [ 253948.314990234386642, 9863407.01324462890625 ] ] ] } },
{ "type": "Feature", "properties": { "tile_row": 60, "tile_col": 10, "x_min": 957.3866, "y_min": 581.815, "x_max": 1019.2157, "y_max": 674.53815, "confidence_score": 0.91729915, "Class": "domestic garbage", "tile_id": "60_10", "filename": "tile_60_10.jpg", "x_offset": 10240, "y_offset": 61440, "width": 1024, "height": 1024, "left": 256602.1728515625, "top": 9853338.3178710938, "pixel_size_x": 0.30517578125, "pixel_size_y": 0.30517578125, "crs": "EPSG:32737", "global_x_min": 256894.34405517578, "global_y_min": 9853160.7620239258, "global_x_max": 256913.21279907227, "global_y_max": 9853132.4651641846 }, "geometry": { "type": "Polygon", "coordinates": [ [ [ 256894.34405517578125, 9853160.76202392578125 ], [ 256913.212799072265625, 9853160.76202392578125 ], [ 256913.212799072265625, 9853132.465164184570312 ], [ 256894.34405517578125, 9853132.465164184570312 ], [ 256894.34405517578125, 9853160.76202392578125 ] ] ] } },
{ "type": "Feature", "properties": { "tile_row": 64, "tile_col": 5, "x_min": 730.0895, "y_min": 673.9026, "x_max": 785.0123, "y_max": 716.73425, "confidence_score": 0.843676, "Class": "domestic garbage", "tile_id": "64_5", "filename": "tile_64_5.jpg", "x_offset": 5120, "y_offset": 65536, "width": 1024, "height": 1024, "left": 255039.6728515625, "top": 9852088.3178710938, "pixel_size_x": 0.30517578125, "pixel_size_y": 0.30517578125, "crs": "EPSG:32737", "global_x_min": 255262.47848510742, "global_y_min": 9851882.6591186523, "global_x_max": 255279.23959350586, "global_y_max": 9851869.5879364014 }, "geometry": { "type": "Polygon", "coordinates": [ [ [ 255262.478485107421875, 9851882.65911865234375 ], [ 255279.239593505859375, 9851882.65911865234375 ], [ 255279.239593505859375, 9851869.587936401367188 ], [ 255262.478485107421875, 9851869.587936401367188 ], [ 255262.478485107421875, 9851882.65911865234375 ] ] ] } },
{ "type": "Feature", "properties": { "tile_row": 48, "tile_col": 30, "x_min": 712.85315, "y_min": 906.89294, "x_max": 761.5752, "y_max": 959.3146, "confidence_score": 0.44697687, "Class": "domestic garbage", "tile_id": "48_30", "filename": "tile_48_30.jpg", "x_offset": 30720, "y_offset": 49152, "width": 1024, "height": 1024, "left": 262852.1728515625, "top": 9857088.3178710938, "pixel_size_x": 0.30517578125, "pixel_size_y": 0.30517578125, "crs": "EPSG:32737", "global_x_min": 263069.71836853027, "global_y_min": 9856811.5561096184, "global_x_max": 263084.58715820312, "global_y_max": 9856795.5582885742 }, "geometry": { "type": "Polygon", "coordinates": [ [ [ 263069.718368530273438, 9856811.556109618395567 ], [ 263084.587158203125, 9856811.556109618395567 ], [ 263084.587158203125, 9856795.55828857421875 ], [ 263069.718368530273438, 9856795.55828857421875 ], [ 263069.718368530273438, 9856811.556109618395567 ] ] ] } },
{ "type": "Feature", "properties": { "tile_row": 48, "tile_col": 30, "x_min": 304.40012, "y_min": 93.06064, "x_max": 354.22214, "y_max": 135.91495, "confidence_score": 0.4020244, "Class": "domestic garbage", "tile_id": "48_30", "filename": "tile_48_30.jpg", "x_offset": 30720, "y_offset": 49152, "width": 1024, "height": 1024, "left": 262852.1728515625, "top": 9857088.3178710938, "pixel_size_x": 0.30517578125, "pixel_size_y": 0.30517578125, "crs": "EPSG:32737", "global_x_min": 262945.06839599612, "global_y_min": 9857059.9180175774, "global_x_max": 262960.27286987304, "global_y_max": 9857046.8399200439 }, "geometry": { "type": "Polygon", "coordinates": [ [ [ 262945.068395996117033, 9857059.918017577379942 ], [ 262960.272869873035233, 9857059.918017577379942 ], [ 262960.272869873035233, 9857046.839920043945312 ], [ 262945.068395996117033, 9857046.839920043945312 ], [ 262945.068395996117033, 9857059.918017577379942 ] ] ] } },
{ "type": "Feature", "properties": { "tile_row": 58, "tile_col": 4, "x_min": 897.671, "y_min": 515.6611, "x_max": 1005.3889, "y_max": 589.6468, "confidence_score": 0.65733474, "Class": "domestic garbage", "tile_id": "58_4", "filename": "tile_58_4.jpg", "x_offset": 4096, "y_offset": 59392, "width": 1024, "height": 1024, "left": 254727.1728515625, "top": 9853963.3178710938, "pixel_size_x": 0.30517578125, "pixel_size_y": 0.30517578125, "crs": "EPSG:32737", "global_x_min": 255001.12030029297, "global_y_min": 9853805.950592041, "global_x_max": 255033.99319458008, "global_y_max": 9853783.3719482422 }, "geometry": { "type": "Polygon", "coordinates": [ [ [ 255001.12030029296875, 9853805.950592041015625 ], [ 255033.993194580078125, 9853805.950592041015625 ], [ 255033.993194580078125, 9853783.3719482421875 ], [ 255001.12030029296875, 9853783.3719482421875 ], [ 255001.12030029296875, 9853805.950592041015625 ] ] ] } },
{ "type": "Feature", "properties": { "tile_row": 46, "tile_col": 35, "x_min": 354.11426, "y_min": 23.350449, "x_max": 400.46063, "y_max": 123.944534, "confidence_score": 0.3330508, "Class": "domestic garbage", "tile_id": "46_35", "filename": "tile_46_35.jpg", "x_offset": 35840, "y_offset": 47104, "width": 1024, "height": 1024, "left": 264414.6728515625, "top": 9857713.3178710938, "pixel_size_x": 0.30517578125, "pixel_size_y": 0.30517578125, "crs": "EPSG:32737", "global_x_min": 264522.73994750978, "global_y_min": 9857706.1918795779, "global_x_max": 264536.88373718259, "global_y_max": 9857675.4930010978 }, "geometry": { "type": "Polygon", "coordinates": [ [ [ 264522.739947509777267, 9857706.191879577934742 ], [ 264536.883737182593904, 9857706.191879577934742 ], [ 264536.883737182593904, 9857675.493001097813249 ], [ 264522.739947509777267, 9857675.493001097813249 ], [ 264522.739947509777267, 9857706.191879577934742 ] ] ] } },
{ "type": "Feature", "properties": { "tile_row": 53, "tile_col": 14, "x_min": 439.07895, "y_min": 67.71805, "x_max": 486.5839, "y_max": 129.34842, "confidence_score": 0.32844582, "Class": "domestic garbage", "tile_id": "53_14", "filename": "tile_53_14.jpg", "x_offset": 14336, "y_offset": 54272, "width": 1024, "height": 1024, "left": 257852.1728515625, "top": 9855525.8178710938, "pixel_size_x": 0.30517578125, "pixel_size_y": 0.30517578125, "crs": "EPSG:32737", "global_x_min": 257986.16911315918, "global_y_min": 9855505.1519622803, "global_x_max": 258000.66647338867, "global_y_max": 9855486.3438659664 }, "geometry": { "type": "Polygon", "coordinates": [ [ [ 257986.169113159179688, 9855505.151962280273438 ], [ 258000.666473388671875, 9855505.151962280273438 ], [ 258000.666473388671875, 9855486.343865966424346 ], [ 257986.169113159179688, 9855486.343865966424346 ], [ 257986.169113159179688, 9855505.151962280273438 ] ] ] } },
{ "type": "Feature", "properties": { "tile_row": 22, "tile_col": 40, "x_min": 632.7003, "y_min": 258.02573, "x_max": 676.802, "y_max": 291.7053, "confidence_score": 0.34154442, "Class": "domestic garbage", "tile_id": "22_40", "filename": "tile_22_40.jpg", "x_offset": 40960, "y_offset": 22528, "width": 1024, "height": 1024, "left": 265977.1728515625, "top": 9865213.3178710938, "pixel_size_x": 0.30517578125, "pixel_size_y": 0.30517578125, "crs": "EPSG:32737", "global_x_min": 266170.25765991211, "global_y_min": 9865134.5746673588, "global_x_max": 266183.71643066406, "global_y_max": 9865124.2964782715 }, "geometry": { "type": "Polygon", "coordinates": [ [ [ 266170.257659912109375, 9865134.574667358770967 ], [ 266183.7164306640625, 9865134.574667358770967 ], [ 266183.7164306640625, 9865124.296478271484375 ], [ 266170.257659912109375, 9865124.296478271484375 ], [ 266170.257659912109375, 9865134.574667358770967 ] ] ] } },
{ "type": "Feature", "properties": { "tile_row": 57, "tile_col": 24, "x_min": 246.19853, "y_min": 709.17334, "x_max": 291.61368, "y_max": 741.67676, "confidence_score": 0.59232074, "Class": "domestic garbage", "tile_id": "57_24", "filename": "tile_57_24.jpg", "x_offset": 24576, "y_offset": 58368, "width": 1024, "height": 1024, "left": 260977.1728515625, "top": 9854275.8178710938, "pixel_size_x": 0.30517578125, "pixel_size_y": 0.30517578125, "crs": "EPSG:32737", "global_x_min": 261052.30668029786, "global_y_min": 9854059.3953430168, "global_x_max": 261066.16628417969, "global_y_max": 9854049.4760864265 }, "geometry": { "type": "Polygon", "coordinates": [ [ [ 261052.306680297857383, 9854059.395343016833067 ], [ 261066.166284179693321, 9854059.395343016833067 ], [ 261066.166284179693321, 9854049.476086426526308 ], [ 261052.306680297857383, 9854049.476086426526308 ], [ 261052.306680297857383, 9854059.395343016833067 ] ] ] } },
{ "type": "Feature", "properties": { "tile_row": 51, "tile_col": 27, "x_min": 460.7471, "y_min": 41.16313, "x_max": 523.0722, "y_max": 79.67912, "confidence_score": 0.8812908, "Class": "domestic garbage", "tile_id": "51_27", "filename": "tile_51_27.jpg", "x_offset": 27648, "y_offset": 52224, "width": 1024, "height": 1024, "left": 261914.6728515625, "top": 9856150.8178710938, "pixel_size_x": 0.30517578125, "pixel_size_y": 0.30517578125, "crs": "EPSG:32737", "global_x_min": 262055.28170776367, "global_y_min": 9856138.2558807377, "global_x_max": 262074.30181884766, "global_y_max": 9856126.5017333981 }, "geometry": { "type": "Polygon", "coordinates": [ [ [ 262055.281707763671875, 9856138.255880737677217 ], [ 262074.30181884765625, 9856138.255880737677217 ], [ 262074.30181884765625, 9856126.501733398064971 ], [ 262055.281707763671875, 9856126.501733398064971 ], [ 262055.281707763671875, 9856138.255880737677217 ] ] ] } },
{ "type": "Feature", "properties": { "tile_row": 51, "tile_col": 27, "x_min": 771.89746, "y_min": 432.58994, "x_max": 911.4507, "y_max": 577.81885, "confidence_score": 0.6065608, "Class": "domestic garbage", "tile_id": "51_27", "filename": "tile_51_27.jpg", "x_offset": 27648, "y_offset": 52224, "width": 1024, "height": 1024, "left": 261914.6728515625, "top": 9856150.8178710938, "pixel_size_x": 0.30517578125, "pixel_size_y": 0.30517578125, "crs": "EPSG:32737", "global_x_min": 262150.2372619629, "global_y_min": 9856018.8018981926, "global_x_max": 262192.82553100586, "global_y_max": 9855974.481552124 }, "geometry": { "type": "Polygon", "coordinates": [ [ [ 262150.237261962902267, 9856018.801898192614317 ], [ 262192.825531005859375, 9856018.801898192614317 ], [ 262192.825531005859375, 9855974.481552124023438 ], [ 262150.237261962902267, 9855974.481552124023438 ], [ 262150.237261962902267, 9856018.801898192614317 ] ] ] } },
{ "type": "Feature", "properties": { "tile_row": 51, "tile_col": 27, "x_min": 156.69743, "y_min": 60.02081, "x_max": 211.23003, "y_max": 110.602936, "confidence_score": 0.5130301, "Class": "domestic garbage", "tile_id": "51_27", "filename": "tile_51_27.jpg", "x_offset": 27648, "y_offset": 52224, "width": 1024, "height": 1024, "left": 261914.6728515625, "top": 9856150.8178710938, "pixel_size_x": 0.30517578125, "pixel_size_y": 0.30517578125, "crs": "EPSG:32737", "global_x_min": 261962.49311218262, "global_y_min": 9856132.5009735115, "global_x_max": 261979.13514099122, "global_y_max": 9856117.0645336919 }, "geometry": { "type": "Polygon", "coordinates": [ [ [ 261962.493112182623008, 9856132.500973511487246 ], [ 261979.135140991216758, 9856132.500973511487246 ], [ 261979.135140991216758, 9856117.064533691853285 ], [ 261962.493112182623008, 9856117.064533691853285 ], [ 261962.493112182623008, 9856132.500973511487246 ] ] ] } },
{ "type": "Feature", "properties": { "tile_row": 47, "tile_col": 17, "x_min": 435.00095, "y_min": 451.54877, "x_max": 495.85593, "y_max": 511.53107, "confidence_score": 0.5740401, "Class": "domestic garbage", "tile_id": "47_17", "filename": "tile_47_17.jpg", "x_offset": 17408, "y_offset": 48128, "width": 1024, "height": 1024, "left": 258789.6728515625, "top": 9857400.8178710938, "pixel_size_x": 0.30517578125, "pixel_size_y": 0.30517578125, "crs": "EPSG:32737", "global_x_min": 258922.42460632324, "global_y_min": 9857263.0161224362, "global_x_max": 258940.9960723877, "global_y_max": 9857244.7109771725 }, "geometry": { "type": "Polygon", "coordinates": [ [ [ 258922.424606323242188, 9857263.016122436150908 ], [ 258940.996072387701133, 9857263.016122436150908 ], [ 258940.996072387701133, 9857244.710977172479033 ], [ 258922.424606323242188, 9857244.710977172479033 ], [ 258922.424606323242188, 9857263.016122436150908 ] ] ] } },
{ "type": "Feature", "properties": { "tile_row": 34, "tile_col": 7, "x_min": 568.97015, "y_min": 698.19073, "x_max": 608.4141, "y_max": 741.09955, "confidence_score": 0.51540214, "Class": "domestic garbage", "tile_id": "34_7", "filename": "tile_34_7.jpg", "x_offset": 7168, "y_offset": 34816, "width": 1024, "height": 1024, "left": 255664.6728515625, "top": 9861463.3178710938, "pixel_size_x": 0.30517578125, "pixel_size_y": 0.30517578125, "crs": "EPSG:32737", "global_x_min": 255838.30876159668, "global_y_min": 9861250.2469696049, "global_x_max": 255850.34609985352, "global_y_max": 9861237.1522369385 }, "geometry": { "type": "Polygon", "coordinates": [ [ [ 255838.308761596679688, 9861250.246969604864717 ], [ 255850.346099853515625, 9861250.246969604864717 ], [ 255850.346099853515625, 9861237.152236938476562 ], [ 255838.308761596679688, 9861237.152236938476562 ], [ 255838.308761596679688, 9861250.246969604864717 ] ] ] } },
{ "type": "Feature", "properties": { "tile_row": 45, "tile_col": 28, "x_min": 327.8018, "y_min": 917.368, "x_max": 388.19687, "y_max": 955.9738, "confidence_score": 0.8916963, "Class": "domestic garbage", "tile_id": "45_28", "filename": "tile_45_28.jpg", "x_offset": 28672, "y_offset": 46080, "width": 1024, "height": 1024, "left": 262227.1728515625, "top": 9858025.8178710938, "pixel_size_x": 0.30517578125, "pixel_size_y": 0.30517578125, "crs": "EPSG:32737", "global_x_min": 262327.21002197266, "global_y_min": 9857745.859375, "global_x_max": 262345.64113464358, "global_y_max": 9857734.0778198242 }, "geometry": { "type": "Polygon", "coordinates": [ [ [ 262327.21002197265625, 9857745.859375 ], [ 262345.641134643577971, 9857745.859375 ], [ 262345.641134643577971, 9857734.07781982421875 ], [ 262327.21002197265625, 9857734.07781982421875 ], [ 262327.21002197265625, 9857745.859375 ] ] ] } },
{ "type": "Feature", "properties": { "tile_row": 59, "tile_col": 26, "x_min": 144.28563, "y_min": 671.98206, "x_max": 188.71883, "y_max": 711.6616, "confidence_score": 0.93686694, "Class": "domestic garbage", "tile_id": "59_26", "filename": "tile_59_26.jpg", "x_offset": 26624, "y_offset": 60416, "width": 1024, "height": 1024, "left": 261602.1728515625, "top": 9853650.8178710938, "pixel_size_x": 0.30517578125, "pixel_size_y": 0.30517578125, "crs": "EPSG:32737", "global_x_min": 261646.2053314209, "global_y_min": 9853445.745220948, "global_x_max": 261659.76526794434, "global_y_max": 9853433.6359863281 }, "geometry": { "type": "Polygon", "coordinates": [ [ [ 261646.205331420904258, 9853445.745220948010683 ], [ 261659.765267944341758, 9853445.745220948010683 ], [ 261659.765267944341758, 9853433.635986328125 ], [ 261646.205331420904258, 9853433.635986328125 ], [ 261646.205331420904258, 9853445.745220948010683 ] ] ] } },
{ "type": "Feature", "properties": { "tile_row": 18, "tile_col": 31, "x_min": 468.38663, "y_min": 483.45532, "x_max": 512.77124, "y_max": 518.60516, "confidence_score": 0.81695, "Class": "domestic garbage", "tile_id": "18_31", "filename": "tile_18_31.jpg", "x_offset": 31744, "y_offset": 18432, "width": 1024, "height": 1024, "left": 263164.6728515625, "top": 9866463.3178710938, "pixel_size_x": 0.30517578125, "pixel_size_y": 0.30517578125, "crs": "EPSG:32737", "global_x_min": 263307.61310729978, "global_y_min": 9866315.7790161129, "global_x_max": 263321.15821533202, "global_y_max": 9866305.0521362312 }, "geometry": { "type": "Polygon", "coordinates": [ [ [ 263307.613107299781404, 9866315.779016112908721 ], [ 263321.158215332019608, 9866315.779016112908721 ], [ 263321.158215332019608, 9866305.052136231213808 ], [ 263307.613107299781404, 9866305.052136231213808 ], [ 263307.613107299781404, 9866315.779016112908721 ] ] ] } },
{ "type": "Feature", "properties": { "tile_row": 5, "tile_col": 19, "x_min": 449.04178, "y_min": 240.70609, "x_max": 482.50192, "y_max": 278.31125, "confidence_score": 0.5909055, "Class": "domestic garbage", "tile_id": "5_19", "filename": "tile_5_19.jpg", "x_offset": 19456, "y_offset": 5120, "width": 1024, "height": 1024, "left": 259414.6728515625, "top": 9870525.8178710938, "pixel_size_x": 0.30517578125, "pixel_size_y": 0.30517578125, "crs": "EPSG:32737", "global_x_min": 259551.7095275879, "global_y_min": 9870452.3602020256, "global_x_max": 259561.92075195312, "global_y_max": 9870440.8840179443 }, "geometry": { "type": "Polygon", "coordinates": [ [ [ 259551.709527587896446, 9870452.360202025622129 ], [ 259561.920751953119179, 9870452.360202025622129 ], [ 259561.920751953119179, 9870440.884017944335938 ], [ 259551.709527587896446, 9870440.884017944335938 ], [ 259551.709527587896446, 9870452.360202025622129 ] ] ] } },
{ "type": "Feature", "properties": { "tile_row": 58, "tile_col": 31, "x_min": 585.79736, "y_min": 596.85876, "x_max": 631.94324, "y_max": 628.99243, "confidence_score": 0.3224345, "Class": "domestic garbage", "tile_id": "58_31", "filename": "tile_58_31.jpg", "x_offset": 31744, "y_offset": 59392, "width": 1024, "height": 1024, "left": 263164.6728515625, "top": 9853963.3178710938, "pixel_size_x": 0.30517578125, "pixel_size_y": 0.30517578125, "crs": "EPSG:32737", "global_x_min": 263343.4440185547, "global_y_min": 9853781.1710327156, "global_x_max": 263357.52662353514, "global_y_max": 9853771.3646148685 }, "geometry": { "type": "Polygon", "coordinates": [ [ [ 263343.444018554699142, 9853781.171032715588808 ], [ 263357.526623535144608, 9853781.171032715588808 ], [ 263357.526623535144608, 9853771.364614868536592 ], [ 263343.444018554699142, 9853771.364614868536592 ], [ 263343.444018554699142, 9853781.171032715588808 ] ] ] } },
{ "type": "Feature", "properties": { "tile_row": 4, "tile_col": 16, "x_min": 787.22424, "y_min": 502.6828, "x_max": 833.798, "y_max": 547.21857, "confidence_score": 0.34969094, "Class": "domestic garbage", "tile_id": "4_16", "filename": "tile_4_16.jpg", "x_offset": 16384, "y_offset": 4096, "width": 1024, "height": 1024, "left": 258477.1728515625, "top": 9870838.3178710938, "pixel_size_x": 0.30517578125, "pixel_size_y": 0.30517578125, "crs": "EPSG:32737", "global_x_min": 258717.41462402343, "global_y_min": 9870684.9112548828, "global_x_max": 258731.62780761719, "global_y_max": 9870671.3200164791 }, "geometry": { "type": "Polygon", "coordinates": [ [ [ 258717.414624023425858, 9870684.9112548828125 ], [ 258731.6278076171875, 9870684.9112548828125 ], [ 258731.6278076171875, 9870671.320016479119658 ], [ 258717.414624023425858, 9870671.320016479119658 ], [ 258717.414624023425858, 9870684.9112548828125 ] ] ] } },
{ "type": "Feature", "properties": { "tile_row": 54, "tile_col": 34, "x_min": 684.967, "y_min": 291.89304, "x_max": 732.6413, "y_max": 337.47647, "confidence_score": 0.31077653, "Class": "domestic garbage", "tile_id": "54_34", "filename": "tile_54_34.jpg", "x_offset": 34816, "y_offset": 55296, "width": 1024, "height": 1024, "left": 264102.1728515625, "top": 9855213.3178710938, "pixel_size_x": 0.30517578125, "pixel_size_y": 0.30517578125, "crs": "EPSG:32737", "global_x_min": 264311.20819091797, "global_y_min": 9855124.2391845696, "global_x_max": 264325.75723266602, "global_y_max": 9855110.3282257076 }, "geometry": { "type": "Polygon", "coordinates": [ [ [ 264311.20819091796875, 9855124.239184569567442 ], [ 264325.757232666015625, 9855124.239184569567442 ], [ 264325.757232666015625, 9855110.328225707635283 ], [ 264311.20819091796875, 9855110.328225707635283 ], [ 264311.20819091796875, 9855124.239184569567442 ] ] ] } },
{ "type": "Feature", "properties": { "tile_row": 36, "tile_col": 42, "x_min": 348.6728, "y_min": 168.44418, "x_max": 414.00043, "y_max": 209.76349, "confidence_score": 0.88768977, "Class": "domestic garbage", "tile_id": "36_42", "filename": "tile_36_42.jpg", "x_offset": 43008, "y_offset": 36864, "width": 1024, "height": 1024, "left": 266602.1728515625, "top": 9860838.3178710938, "pixel_size_x": 0.30517578125, "pixel_size_y": 0.30517578125, "crs": "EPSG:32737", "global_x_min": 266708.57934570312, "global_y_min": 9860786.9127868656, "global_x_max": 266728.51575622556, "global_y_max": 9860774.3031341545 }, "geometry": { "type": "Polygon", "coordinates": [ [ [ 266708.579345703125, 9860786.912786865606904 ], [ 266728.515756225562654, 9860786.912786865606904 ], [ 266728.515756225562654, 9860774.303134154528379 ], [ 266708.579345703125, 9860774.303134154528379 ], [ 266708.579345703125, 9860786.912786865606904 ] ] ] } },
{ "type": "Feature", "properties": { "tile_row": 47, "tile_col": 4, "x_min": 287.3356, "y_min": 231.76173, "x_max": 356.10208, "y_max": 292.72137, "confidence_score": 0.34376198, "Class": "domestic garbage", "tile_id": "47_4", "filename": "tile_47_4.jpg", "x_offset": 4096, "y_offset": 48128, "width": 1024, "height": 1024, "left": 254727.1728515625, "top": 9857400.8178710938, "pixel_size_x": 0.30517578125, "pixel_size_y": 0.30517578125, "crs": "EPSG:32737", "global_x_min": 254814.86071777344, "global_y_min": 9857330.0898040775, "global_x_max": 254835.84658203126, "global_y_max": 9857311.4863983151 }, "geometry": { "type": "Polygon", "coordinates": [ [ [ 254814.8607177734375, 9857330.089804077520967 ], [ 254835.846582031255821, 9857330.089804077520967 ], [ 254835.846582031255821, 9857311.486398315057158 ], [ 254814.8607177734375, 9857311.486398315057158 ], [ 254814.8607177734375, 9857330.089804077520967 ] ] ] } },
{ "type": "Feature", "properties": { "tile_row": 45, "tile_col": 42, "x_min": 897.69025, "y_min": 293.24567, "x_max": 956.56537, "y_max": 328.48328, "confidence_score": 0.65773594, "Class": "domestic garbage", "tile_id": "45_42", "filename": "tile_45_42.jpg", "x_offset": 43008, "y_offset": 46080, "width": 1024, "height": 1024, "left": 266602.1728515625, "top": 9858025.8178710938, "pixel_size_x": 0.30517578125, "pixel_size_y": 0.30517578125, "crs": "EPSG:32737", "global_x_min": 266876.12617492676, "global_y_min": 9857936.3263946529, "global_x_max": 266894.09343566897, "global_y_max": 9857925.5727294926 }, "geometry": { "type": "Polygon", "coordinates": [ [ [ 266876.126174926757812, 9857936.326394652947783 ], [ 266894.093435668968596, 9857936.326394652947783 ], [ 266894.093435668968596, 9857925.572729492560029 ], [ 266876.126174926757812, 9857925.572729492560029 ], [ 266876.126174926757812, 9857936.326394652947783 ] ] ] } },
{ "type": "Feature", "properties": { "tile_row": 50, "tile_col": 40, "x_min": 304.43683, "y_min": 535.3229, "x_max": 380.7505, "y_max": 634.6366, "confidence_score": 0.42266947, "Class": "domestic garbage", "tile_id": "50_40", "filename": "tile_50_40.jpg", "x_offset": 40960, "y_offset": 51200, "width": 1024, "height": 1024, "left": 265977.1728515625, "top": 9856463.3178710938, "pixel_size_x": 0.30517578125, "pixel_size_y": 0.30517578125, "crs": "EPSG:32737", "global_x_min": 266070.079598999, "global_y_min": 9856299.9502868652, "global_x_max": 266093.36868286133, "global_y_max": 9856269.6421508789 }, "geometry": { "type": "Polygon", "coordinates": [ [ [ 266070.079598999000154, 9856299.950286865234375 ], [ 266093.368682861328125, 9856299.950286865234375 ], [ 266093.368682861328125, 9856269.64215087890625 ], [ 266070.079598999000154, 9856269.64215087890625 ], [ 266070.079598999000154, 9856299.950286865234375 ] ] ] } },
{ "type": "Feature", "properties": { "tile_row": 59, "tile_col": 29, "x_min": 246.63863, "y_min": 889.0171, "x_max": 290.01813, "y_max": 925.80347, "confidence_score": 0.91238976, "Class": "domestic garbage", "tile_id": "59_29", "filename": "tile_59_29.jpg", "x_offset": 29696, "y_offset": 60416, "width": 1024, "height": 1024, "left": 262539.6728515625, "top": 9853650.8178710938, "pixel_size_x": 0.30517578125, "pixel_size_y": 0.30517578125, "crs": "EPSG:32737", "global_x_min": 262614.94098815916, "global_y_min": 9853379.5113830566, "global_x_max": 262628.17936096189, "global_y_max": 9853368.2850738522 }, "geometry": { "type": "Polygon", "coordinates": [ [ [ 262614.940988159156404, 9853379.511383056640625 ], [ 262628.179360961890779, 9853379.511383056640625 ], [ 262628.179360961890779, 9853368.285073852166533 ], [ 262614.940988159156404, 9853368.285073852166533 ], [ 262614.940988159156404, 9853379.511383056640625 ] ] ] } },
{ "type": "Feature", "properties": { "tile_row": 60, "tile_col": 0, "x_min": 698.89435, "y_min": 117.539444, "x_max": 741.0385, "y_max": 144.71681, "confidence_score": 0.7777399, "Class": "domestic garbage", "tile_id": "60_0", "filename": "tile_60_0.jpg", "x_offset": 0, "y_offset": 61440, "width": 1024, "height": 1024, "left": 253477.1728515625, "top": 9853338.3178710938, "pixel_size_x": 0.30517578125, "pixel_size_y": 0.30517578125, "crs": "EPSG:32737", "global_x_min": 253690.45848083496, "global_y_min": 9853302.4476794433, "global_x_max": 253703.31985473633, "global_y_max": 9853294.1538055427 }, "geometry": { "type": "Polygon", "coordinates": [ [ [ 253690.458480834960938, 9853302.447679443284869 ], [ 253703.319854736328125, 9853302.447679443284869 ], [ 253703.319854736328125, 9853294.153805542737246 ], [ 253690.458480834960938, 9853294.153805542737246 ], [ 253690.458480834960938, 9853302.447679443284869 ] ] ] } },
{ "type": "Feature", "properties": { "tile_row": 54, "tile_col": 42, "x_min": 481.65012, "y_min": 705.88434, "x_max": 539.4687, "y_max": 744.80096, "confidence_score": 0.64079624, "Class": "domestic garbage", "tile_id": "54_42", "filename": "tile_54_42.jpg", "x_offset": 43008, "y_offset": 55296, "width": 1024, "height": 1024, "left": 266602.1728515625, "top": 9855213.3178710938, "pixel_size_x": 0.30517578125, "pixel_size_y": 0.30517578125, "crs": "EPSG:32737", "global_x_min": 266749.16080322268, "global_y_min": 9854997.8990661614, "global_x_max": 266766.80563354492, "global_y_max": 9854986.0226562507 }, "geometry": { "type": "Polygon", "coordinates": [ [ [ 266749.160803222679533, 9854997.899066161364317 ], [ 266766.805633544921875, 9854997.899066161364317 ], [ 266766.805633544921875, 9854986.022656250745058 ], [ 266749.160803222679533, 9854986.022656250745058 ], [ 266749.160803222679533, 9854997.899066161364317 ] ] ] } },
{ "type": "Feature", "properties": { "tile_row": 54, "tile_col": 42, "x_min": 533.6763, "y_min": 301.4273, "x_max": 585.9662, "y_max": 364.30157, "confidence_score": 0.57011354, "Class": "domestic garbage", "tile_id": "54_42", "filename": "tile_54_42.jpg", "x_offset": 43008, "y_offset": 55296, "width": 1024, "height": 1024, "left": 266602.1728515625, "top": 9855213.3178710938, "pixel_size_x": 0.30517578125, "pixel_size_y": 0.30517578125, "crs": "EPSG:32737", "global_x_min": 266765.03793334961, "global_y_min": 9855121.3295593262, "global_x_max": 266780.99554443359, "global_y_max": 9855102.141854858 }, "geometry": { "type": "Polygon", "coordinates": [ [ [ 266765.037933349609375, 9855121.329559326171875 ], [ 266780.99554443359375, 9855121.329559326171875 ], [ 266780.99554443359375, 9855102.141854858025908 ], [ 266765.037933349609375, 9855102.141854858025908 ], [ 266765.037933349609375, 9855121.329559326171875 ] ] ] } },
{ "type": "Feature", "properties": { "tile_row": 58, "tile_col": 25, "x_min": 604.19116, "y_min": 442.97702, "x_max": 638.7294, "y_max": 475.02658, "confidence_score": 0.47475216, "Class": "domestic garbage", "tile_id": "58_25", "filename": "tile_58_25.jpg", "x_offset": 25600, "y_offset": 59392, "width": 1024, "height": 1024, "left": 261289.6728515625, "top": 9853963.3178710938, "pixel_size_x": 0.30517578125, "pixel_size_y": 0.30517578125, "crs": "EPSG:32737", "global_x_min": 261474.05736083986, "global_y_min": 9853828.1320129391, "global_x_max": 261484.59759521484, "global_y_max": 9853818.3512634281 }, "geometry": { "type": "Polygon", "coordinates": [ [ [ 261474.057360839855392, 9853828.132012939080596 ], [ 261484.59759521484375, 9853828.132012939080596 ], [ 261484.59759521484375, 9853818.351263428106904 ], [ 261474.057360839855392, 9853818.351263428106904 ], [ 261474.057360839855392, 9853828.132012939080596 ] ] ] } },
{ "type": "Feature", "properties": { "tile_row": 51, "tile_col": 39, "x_min": 736.37305, "y_min": 99.51771, "x_max": 798.9175, "y_max": 175.63672, "confidence_score": 0.3913546, "Class": "domestic garbage", "tile_id": "51_39", "filename": "tile_51_39.jpg", "x_offset": 39936, "y_offset": 52224, "width": 1024, "height": 1024, "left": 265664.6728515625, "top": 9856150.8178710938, "pixel_size_x": 0.30517578125, "pixel_size_y": 0.30517578125, "crs": "EPSG:32737", "global_x_min": 265889.3960723877, "global_y_min": 9856120.447476197, "global_x_max": 265908.4831237793, "global_y_max": 9856097.2177978512 }, "geometry": { "type": "Polygon", "coordinates": [ [ [ 265889.396072387695312, 9856120.447476197034121 ], [ 265908.483123779296875, 9856120.447476197034121 ], [ 265908.483123779296875, 9856097.217797851189971 ], [ 265889.396072387695312, 9856097.217797851189971 ], [ 265889.396072387695312, 9856120.447476197034121 ] ] ] } },
{ "type": "Feature", "properties": { "tile_row": 14, "tile_col": 6, "x_min": 673.6466, "y_min": 608.3286, "x_max": 729.916, "y_max": 639.92505, "confidence_score": 0.7801211, "Class": "domestic garbage", "tile_id": "14_6", "filename": "tile_14_6.jpg", "x_offset": 6144, "y_offset": 14336, "width": 1024, "height": 1024, "left": 255352.1728515625, "top": 9867713.3178710938, "pixel_size_x": 0.30517578125, "pixel_size_y": 0.30517578125, "crs": "EPSG:32737", "global_x_min": 255557.75347900391, "global_y_min": 9867527.670715332, "global_x_max": 255574.92553710938, "global_y_max": 9867518.0282440186 }, "geometry": { "type": "Polygon", "coordinates": [ [ [ 255557.75347900390625, 9867527.67071533203125 ], [ 255574.925537109375, 9867527.67071533203125 ], [ 255574.925537109375, 9867518.028244018554688 ], [ 255557.75347900390625, 9867518.028244018554688 ], [ 255557.75347900390625, 9867527.67071533203125 ] ] ] } },
{ "type": "Feature", "properties": { "tile_row": 54, "tile_col": 2, "x_min": 174.64432, "y_min": 202.97153, "x_max": 252.5115, "y_max": 250.85672, "confidence_score": 0.32597932, "Class": "domestic garbage", "tile_id": "54_2", "filename": "tile_54_2.jpg", "x_offset": 2048, "y_offset": 55296, "width": 1024, "height": 1024, "left": 254102.1728515625, "top": 9855213.3178710938, "pixel_size_x": 0.30517578125, "pixel_size_y": 0.30517578125, "crs": "EPSG:32737", "global_x_min": 254155.47006835937, "global_y_min": 9855151.3758758549, "global_x_max": 254179.23324584961, "global_y_max": 9855136.7624755856 }, "geometry": { "type": "Polygon", "coordinates": [ [ [ 254155.470068359369179, 9855151.375875854864717 ], [ 254179.233245849609375, 9855151.375875854864717 ], [ 254179.233245849609375, 9855136.762475585564971 ], [ 254155.470068359369179, 9855136.762475585564971 ], [ 254155.470068359369179, 9855151.375875854864717 ] ] ] } },
{ "type": "Feature", "properties": { "tile_row": 48, "tile_col": 20, "x_min": 503.27203, "y_min": 416.74805, "x_max": 550.56366, "y_max": 471.4389, "confidence_score": 0.41807047, "Class": "domestic garbage", "tile_id": "48_20", "filename": "tile_48_20.jpg", "x_offset": 20480, "y_offset": 49152, "width": 1024, "height": 1024, "left": 259727.1728515625, "top": 9857088.3178710938, "pixel_size_x": 0.30517578125, "pixel_size_y": 0.30517578125, "crs": "EPSG:32737", "global_x_min": 259880.75928649903, "global_y_min": 9856961.1364593506, "global_x_max": 259895.19154663087, "global_y_max": 9856944.4461364746 }, "geometry": { "type": "Polygon", "coordinates": [ [ [ 259880.759286499029258, 9856961.136459350585938 ], [ 259895.191546630871017, 9856961.136459350585938 ], [ 259895.191546630871017, 9856944.446136474609375 ], [ 259880.759286499029258, 9856944.446136474609375 ], [ 259880.759286499029258, 9856961.136459350585938 ] ] ] } },
{ "type": "Feature", "properties": { "tile_row": 21, "tile_col": 40, "x_min": 106.29372, "y_min": 685.3815, "x_max": 164.84547, "y_max": 737.7478, "confidence_score": 0.45346338, "Class": "domestic garbage", "tile_id": "21_40", "filename": "tile_21_40.jpg", "x_offset": 40960, "y_offset": 21504, "width": 1024, "height": 1024, "left": 265977.1728515625, "top": 9865525.8178710938, "pixel_size_x": 0.30517578125, "pixel_size_y": 0.30517578125, "crs": "EPSG:32737", "global_x_min": 266009.61112060549, "global_y_min": 9865316.656036377, "global_x_max": 266027.4796966553, "global_y_max": 9865300.6751098633 }, "geometry": { "type": "Polygon", "coordinates": [ [ [ 266009.611120605492033, 9865316.656036376953125 ], [ 266027.479696655296721, 9865316.656036376953125 ], [ 266027.479696655296721, 9865300.67510986328125 ], [ 266009.611120605492033, 9865300.67510986328125 ], [ 266009.611120605492033, 9865316.656036376953125 ] ] ] } },
{ "type": "Feature", "properties": { "tile_row": 55, "tile_col": 31, "x_min": 449.50476, "y_min": 471.32175, "x_max": 519.7044, "y_max": 509.42587, "confidence_score": 0.754659, "Class": "domestic garbage", "tile_id": "55_31", "filename": "tile_55_31.jpg", "x_offset": 31744, "y_offset": 56320, "width": 1024, "height": 1024, "left": 263164.6728515625, "top": 9854900.8178710938, "pixel_size_x": 0.30517578125, "pixel_size_y": 0.30517578125, "crs": "EPSG:32737", "global_x_min": 263301.85081787111, "global_y_min": 9854756.9818878174, "global_x_max": 263323.27404785156, "global_y_max": 9854745.3534332272 }, "geometry": { "type": "Polygon", "coordinates": [ [ [ 263301.850817871105392, 9854756.981887817382812 ], [ 263323.2740478515625, 9854756.981887817382812 ], [ 263323.2740478515625, 9854745.353433227166533 ], [ 263301.850817871105392, 9854745.353433227166533 ], [ 263301.850817871105392, 9854756.981887817382812 ] ] ] } },
{ "type": "Feature", "properties": { "tile_row": 55, "tile_col": 31, "x_min": 579.2783, "y_min": 230.02844, "x_max": 611.42883, "y_max": 266.57806, "confidence_score": 0.4942843, "Class": "domestic garbage", "tile_id": "55_31", "filename": "tile_55_31.jpg", "x_offset": 31744, "y_offset": 56320, "width": 1024, "height": 1024, "left": 263164.6728515625, "top": 9854900.8178710938, "pixel_size_x": 0.30517578125, "pixel_size_y": 0.30517578125, "crs": "EPSG:32737", "global_x_min": 263341.45455932617, "global_y_min": 9854830.6187622063, "global_x_max": 263351.2661224365, "global_y_max": 9854819.4647033699 }, "geometry": { "type": "Polygon", "coordinates": [ [ [ 263341.454559326171875, 9854830.618762206286192 ], [ 263351.266122436500154, 9854830.618762206286192 ], [ 263351.266122436500154, 9854819.464703369885683 ], [ 263341.454559326171875, 9854819.464703369885683 ], [ 263341.454559326171875, 9854830.618762206286192 ] ] ] } },
{ "type": "Feature", "properties": { "tile_row": 19, "tile_col": 42, "x_min": 872.86914, "y_min": 269.2152, "x_max": 923.85645, "y_max": 320.7943, "confidence_score": 0.42005023, "Class": "domestic garbage", "tile_id": "19_42", "filename": "tile_19_42.jpg", "x_offset": 43008, "y_offset": 19456, "width": 1024, "height": 1024, "left": 266602.1728515625, "top": 9866150.8178710938, "pixel_size_x": 0.30517578125, "pixel_size_y": 0.30517578125, "crs": "EPSG:32737", "global_x_min": 266868.551373291, "global_y_min": 9866068.6599121094, "global_x_max": 266884.1114654541, "global_y_max": 9866052.9192199707 }, "geometry": { "type": "Polygon", "coordinates": [ [ [ 266868.551373291003983, 9866068.659912109375 ], [ 266884.111465454101562, 9866068.659912109375 ], [ 266884.111465454101562, 9866052.919219970703125 ], [ 266868.551373291003983, 9866052.919219970703125 ], [ 266868.551373291003983, 9866068.659912109375 ] ] ] } },
{ "type": "Feature", "properties": { "tile_row": 10, "tile_col": 24, "x_min": 448.57925, "y_min": 31.637604, "x_max": 493.38187, "y_max": 100.705124, "confidence_score": 0.76118034, "Class": "domestic garbage", "tile_id": "10_24", "filename": "tile_10_24.jpg", "x_offset": 24576, "y_offset": 10240, "width": 1024, "height": 1024, "left": 260977.1728515625, "top": 9868963.3178710938, "pixel_size_x": 0.30517578125, "pixel_size_y": 0.30517578125, "crs": "EPSG:32737", "global_x_min": 261114.06837463379, "global_y_min": 9868953.6628405768, "global_x_max": 261127.74104919433, "global_y_max": 9868932.5851062015 }, "geometry": { "type": "Polygon", "coordinates": [ [ [ 261114.068374633789062, 9868953.662840576842427 ], [ 261127.741049194330117, 9868953.662840576842427 ], [ 261127.741049194330117, 9868932.585106201469898 ], [ 261114.068374633789062, 9868932.585106201469898 ], [ 261114.068374633789062, 9868953.662840576842427 ] ] ] } },
{ "type": "Feature", "properties": { "tile_row": 38, "tile_col": 18, "x_min": 238.28157, "y_min": 226.6675, "x_max": 312.26797, "y_max": 278.76218, "confidence_score": 0.5644012, "Class": "domestic garbage", "tile_id": "38_18", "filename": "tile_38_18.jpg", "x_offset": 18432, "y_offset": 38912, "width": 1024, "height": 1024, "left": 259102.1728515625, "top": 9860213.3178710938, "pixel_size_x": 0.30517578125, "pixel_size_y": 0.30517578125, "crs": "EPSG:32737", "global_x_min": 259174.89061584472, "global_y_min": 9860144.1444396973, "global_x_max": 259197.4694732666, "global_y_max": 9860128.2464050297 }, "geometry": { "type": "Polygon", "coordinates": [ [ [ 259174.890615844720742, 9860144.144439697265625 ], [ 259197.469473266595742, 9860144.144439697265625 ], [ 259197.469473266595742, 9860128.246405029669404 ], [ 259174.890615844720742, 9860128.246405029669404 ], [ 259174.890615844720742, 9860144.144439697265625 ] ] ] } },
{ "type": "Feature", "properties": { "tile_row": 23, "tile_col": 42, "x_min": 993.7096, "y_min": 299.61243, "x_max": 1024.0, "y_max": 376.77673, "confidence_score": 0.33456132, "Class": "domestic garbage", "tile_id": "23_42", "filename": "tile_23_42.jpg", "x_offset": 43008, "y_offset": 23552, "width": 1024, "height": 1024, "left": 266602.1728515625, "top": 9864900.8178710938, "pixel_size_x": 0.30517578125, "pixel_size_y": 0.30517578125, "crs": "EPSG:32737", "global_x_min": 266905.42895507812, "global_y_min": 9864809.3834136967, "global_x_max": 266914.6728515625, "global_y_max": 9864785.8347381596 }, "geometry": { "type": "Polygon", "coordinates": [ [ [ 266905.428955078125, 9864809.383413696661592 ], [ 266914.6728515625, 9864809.383413696661592 ], [ 266914.6728515625, 9864785.834738159552217 ], [ 266905.428955078125, 9864785.834738159552217 ], [ 266905.428955078125, 9864809.383413696661592 ] ] ] } },
{ "type": "Feature", "properties": { "tile_row": 46, "tile_col": 31, "x_min": 402.16553, "y_min": 520.6995, "x_max": 439.30896, "y_max": 550.6358, "confidence_score": 0.32058027, "Class": "domestic garbage", "tile_id": "46_31", "filename": "tile_46_31.jpg", "x_offset": 31744, "y_offset": 47104, "width": 1024, "height": 1024, "left": 263164.6728515625, "top": 9857713.3178710938, "pixel_size_x": 0.30517578125, "pixel_size_y": 0.30517578125, "crs": "EPSG:32737", "global_x_min": 263287.40403137205, "global_y_min": 9857554.4129943848, "global_x_max": 263298.73930664064, "global_y_max": 9857545.2771606445 }, "geometry": { "type": "Polygon", "coordinates": [ [ [ 263287.404031372047029, 9857554.412994384765625 ], [ 263298.739306640636642, 9857554.412994384765625 ], [ 263298.739306640636642, 9857545.27716064453125 ], [ 263287.404031372047029, 9857545.27716064453125 ], [ 263287.404031372047029, 9857554.412994384765625 ] ] ] } },
{ "type": "Feature", "properties": { "tile_row": 38, "tile_col": 37, "x_min": 341.58328, "y_min": 485.64468, "x_max": 380.5538, "y_max": 513.1567, "confidence_score": 0.6259166, "Class": "domestic garbage", "tile_id": "38_37", "filename": "tile_38_37.jpg", "x_offset": 37888, "y_offset": 38912, "width": 1024, "height": 1024, "left": 265039.6728515625, "top": 9860213.3178710938, "pixel_size_x": 0.30517578125, "pixel_size_y": 0.30517578125, "crs": "EPSG:32737", "global_x_min": 265143.91579589841, "global_y_min": 9860065.1108764652, "global_x_max": 265155.80865478516, "global_y_max": 9860056.7148742676 }, "geometry": { "type": "Polygon", "coordinates": [ [ [ 265143.915795898414217, 9860065.110876465216279 ], [ 265155.80865478515625, 9860065.110876465216279 ], [ 265155.80865478515625, 9860056.714874267578125 ], [ 265143.915795898414217, 9860056.714874267578125 ], [ 265143.915795898414217, 9860065.110876465216279 ] ] ] } },
{ "type": "Feature", "properties": { "tile_row": 67, "tile_col": 39, "x_min": 616.1315, "y_min": 392.90652, "x_max": 669.17224, "y_max": 438.96085, "confidence_score": 0.92515063, "Class": "domestic garbage", "tile_id": "67_39", "filename": "tile_67_39.jpg", "x_offset": 39936, "y_offset": 68608, "width": 1024, "height": 1024, "left": 265664.6728515625, "top": 9851150.8178710938, "pixel_size_x": 0.30517578125, "pixel_size_y": 0.30517578125, "crs": "EPSG:32737", "global_x_min": 265852.70126342773, "global_y_min": 9851030.9123168942, "global_x_max": 265868.8880126953, "global_y_max": 9851016.8576507568 }, "geometry": { "type": "Polygon", "coordinates": [ [ [ 265852.701263427734375, 9851030.912316894158721 ], [ 265868.888012695300858, 9851030.912316894158721 ], [ 265868.888012695300858, 9851016.857650756835938 ], [ 265852.701263427734375, 9851016.857650756835938 ], [ 265852.701263427734375, 9851030.912316894158721 ] ] ] } },
{ "type": "Feature", "properties": { "tile_row": 67, "tile_col": 39, "x_min": 903.9713, "y_min": 163.53989, "x_max": 958.56445, "y_max": 237.48425, "confidence_score": 0.82641476, "Class": "domestic garbage", "tile_id": "67_39", "filename": "tile_67_39.jpg", "x_offset": 39936, "y_offset": 68608, "width": 1024, "height": 1024, "left": 265664.6728515625, "top": 9851150.8178710938, "pixel_size_x": 0.30517578125, "pixel_size_y": 0.30517578125, "crs": "EPSG:32737", "global_x_min": 265940.54299926758, "global_y_min": 9851100.9094573967, "global_x_max": 265957.20350646973, "global_y_max": 9851078.3434295654 }, "geometry": { "type": "Polygon", "coordinates": [ [ [ 265940.542999267578125, 9851100.909457396715879 ], [ 265957.203506469726562, 9851100.909457396715879 ], [ 265957.203506469726562, 9851078.343429565429688 ], [ 265940.542999267578125, 9851078.343429565429688 ], [ 265940.542999267578125, 9851100.909457396715879 ] ] ] } },
{ "type": "Feature", "properties": { "tile_row": 9, "tile_col": 30, "x_min": 623.97876, "y_min": 281.38046, "x_max": 672.2943, "y_max": 322.41788, "confidence_score": 0.7628553, "Class": "domestic garbage", "tile_id": "9_30", "filename": "tile_9_30.jpg", "x_offset": 30720, "y_offset": 9216, "width": 1024, "height": 1024, "left": 262852.1728515625, "top": 9869275.8178710938, "pixel_size_x": 0.30517578125, "pixel_size_y": 0.30517578125, "crs": "EPSG:32737", "global_x_min": 263042.59605712892, "global_y_min": 9869189.9473693855, "global_x_max": 263057.34078979492, "global_y_max": 9869177.4237426762 }, "geometry": { "type": "Polygon", "coordinates": [ [ [ 263042.596057128917892, 9869189.947369385510683 ], [ 263057.340789794921875, 9869189.947369385510683 ], [ 263057.340789794921875, 9869177.423742676153779 ], [ 263042.596057128917892, 9869177.423742676153779 ], [ 263042.596057128917892, 9869189.947369385510683 ] ] ] } },
{ "type": "Feature", "properties": { "tile_row": 17, "tile_col": 38, "x_min": 279.43265, "y_min": 267.6802, "x_max": 352.49954, "y_max": 316.31985, "confidence_score": 0.3245157, "Class": "domestic garbage", "tile_id": "17_38", "filename": "tile_17_38.jpg", "x_offset": 38912, "y_offset": 17408, "width": 1024, "height": 1024, "left": 265352.1728515625, "top": 9866775.8178710938, "pixel_size_x": 0.30517578125, "pixel_size_y": 0.30517578125, "crs": "EPSG:32737", "global_x_min": 265437.44892883301, "global_y_min": 9866694.1283569336, "global_x_max": 265459.74717407225, "global_y_max": 9866679.2847137451 }, "geometry": { "type": "Polygon", "coordinates": [ [ [ 265437.448928833007812, 9866694.12835693359375 ], [ 265459.747174072253983, 9866694.12835693359375 ], [ 265459.747174072253983, 9866679.284713745117188 ], [ 265437.448928833007812, 9866679.284713745117188 ], [ 265437.448928833007812, 9866694.12835693359375 ] ] ] } },
{ "type": "Feature", "properties": { "tile_row": 67, "tile_col": 10, "x_min": 640.6766, "y_min": 419.06754, "x_max": 706.9069, "y_max": 464.47525, "confidence_score": 0.9045526, "Class": "domestic garbage", "tile_id": "67_10", "filename": "tile_67_10.jpg", "x_offset": 10240, "y_offset": 68608, "width": 1024, "height": 1024, "left": 256602.1728515625, "top": 9851150.8178710938, "pixel_size_x": 0.30517578125, "pixel_size_y": 0.30517578125, "crs": "EPSG:32737", "global_x_min": 256797.69183349609, "global_y_min": 9851022.928607177, "global_x_max": 256817.90371704102, "global_y_max": 9851009.0712738037 }, "geometry": { "type": "Polygon", "coordinates": [ [ [ 256797.69183349609375, 9851022.928607176989317 ], [ 256817.903717041015625, 9851022.928607176989317 ], [ 256817.903717041015625, 9851009.071273803710938 ], [ 256797.69183349609375, 9851009.071273803710938 ], [ 256797.69183349609375, 9851022.928607176989317 ] ] ] } },
{ "type": "Feature", "properties": { "tile_row": 67, "tile_col": 10, "x_min": 10.627106, "y_min": 377.3195, "x_max": 145.44774, "y_max": 444.59854, "confidence_score": 0.42583942, "Class": "domestic garbage", "tile_id": "67_10", "filename": "tile_67_10.jpg", "x_offset": 10240, "y_offset": 68608, "width": 1024, "height": 1024, "left": 256602.1728515625, "top": 9851150.8178710938, "pixel_size_x": 0.30517578125, "pixel_size_y": 0.30517578125, "crs": "EPSG:32737", "global_x_min": 256605.41598693849, "global_y_min": 9851035.6690979004, "global_x_max": 256646.55997924804, "global_y_max": 9851015.1371643059 }, "geometry": { "type": "Polygon", "coordinates": [ [ [ 256605.415986938489368, 9851035.669097900390625 ], [ 256646.559979248035233, 9851035.669097900390625 ], [ 256646.559979248035233, 9851015.137164305895567 ], [ 256605.415986938489368, 9851015.137164305895567 ], [ 256605.415986938489368, 9851035.669097900390625 ] ] ] } },
{ "type": "Feature", "properties": { "tile_row": 72, "tile_col": 11, "x_min": 694.5768, "y_min": 800.12994, "x_max": 775.8865, "y_max": 851.99493, "confidence_score": 0.537994, "Class": "domestic garbage", "tile_id": "72_11", "filename": "tile_72_11.jpg", "x_offset": 11264, "y_offset": 73728, "width": 1024, "height": 1024, "left": 256914.6728515625, "top": 9849588.3178710938, "pixel_size_x": 0.30517578125, "pixel_size_y": 0.30517578125, "crs": "EPSG:32737", "global_x_min": 257126.64086914062, "global_y_min": 9849344.137591552, "global_x_max": 257151.45462036133, "global_y_max": 9849328.3096527103 }, "geometry": { "type": "Polygon", "coordinates": [ [ [ 257126.640869140625, 9849344.137591551989317 ], [ 257151.454620361328125, 9849344.137591551989317 ], [ 257151.454620361328125, 9849328.309652710333467 ], [ 257126.640869140625, 9849328.309652710333467 ], [ 257126.640869140625, 9849344.137591551989317 ] ] ] } },
{ "type": "Feature", "properties": { "tile_row": 50, "tile_col": 7, "x_min": 563.20337, "y_min": 647.87146, "x_max": 607.4752, "y_max": 686.99194, "confidence_score": 0.40219918, "Class": "domestic garbage", "tile_id": "50_7", "filename": "tile_50_7.jpg", "x_offset": 7168, "y_offset": 51200, "width": 1024, "height": 1024, "left": 255664.6728515625, "top": 9856463.3178710938, "pixel_size_x": 0.30517578125, "pixel_size_y": 0.30517578125, "crs": "EPSG:32737", "global_x_min": 255836.54888000488, "global_y_min": 9856265.6031921394, "global_x_max": 255850.0595703125, "global_y_max": 9856253.6645690911 }, "geometry": { "type": "Polygon", "coordinates": [ [ [ 255836.548880004876992, 9856265.603192139416933 ], [ 255850.0595703125, 9856265.603192139416933 ], [ 255850.0595703125, 9856253.664569091051817 ], [ 255836.548880004876992, 9856253.664569091051817 ], [ 255836.548880004876992, 9856265.603192139416933 ] ] ] } },
{ "type": "Feature", "properties": { "tile_row": 30, "tile_col": 10, "x_min": 742.82434, "y_min": 734.09247, "x_max": 790.96716, "y_max": 786.19354, "confidence_score": 0.89598006, "Class": "domestic garbage", "tile_id": "30_10", "filename": "tile_30_10.jpg", "x_offset": 10240, "y_offset": 30720, "width": 1024, "height": 1024, "left": 256602.1728515625, "top": 9862713.3178710938, "pixel_size_x": 0.30517578125, "pixel_size_y": 0.30517578125, "crs": "EPSG:32737", "global_x_min": 256828.8648498535, "global_y_min": 9862489.2906280514, "global_x_max": 256843.55687255861, "global_y_max": 9862473.3906433098 }, "geometry": { "type": "Polygon", "coordinates": [ [ [ 256828.864849853503983, 9862489.290628051385283 ], [ 256843.556872558605392, 9862489.290628051385283 ], [ 256843.556872558605392, 9862473.390643309801817 ], [ 256828.864849853503983, 9862473.390643309801817 ], [ 256828.864849853503983, 9862489.290628051385283 ] ] ] } },
{ "type": "Feature", "properties": { "tile_row": 40, "tile_col": 32, "x_min": 728.23224, "y_min": 242.42172, "x_max": 780.4594, "y_max": 287.5585, "confidence_score": 0.49025086, "Class": "domestic garbage", "tile_id": "40_32", "filename": "tile_40_32.jpg", "x_offset": 32768, "y_offset": 40960, "width": 1024, "height": 1024, "left": 263477.1728515625, "top": 9859588.3178710938, "pixel_size_x": 0.30517578125, "pixel_size_y": 0.30517578125, "crs": "EPSG:32737", "global_x_min": 263699.41169433593, "global_y_min": 9859514.3366333004, "global_x_max": 263715.35015869141, "global_y_max": 9859500.5619812012 }, "geometry": { "type": "Polygon", "coordinates": [ [ [ 263699.411694335925858, 9859514.336633300408721 ], [ 263715.35015869140625, 9859514.336633300408721 ], [ 263715.35015869140625, 9859500.561981201171875 ], [ 263699.411694335925858, 9859500.561981201171875 ], [ 263699.411694335925858, 9859514.336633300408721 ] ] ] } },
{ "type": "Feature", "properties": { "tile_row": 25, "tile_col": 15, "x_min": 407.68112, "y_min": 284.22662, "x_max": 493.88583, "y_max": 364.73242, "confidence_score": 0.8906063, "Class": "domestic garbage", "tile_id": "25_15", "filename": "tile_25_15.jpg", "x_offset": 15360, "y_offset": 25600, "width": 1024, "height": 1024, "left": 258164.6728515625, "top": 9864275.8178710938, "pixel_size_x": 0.30517578125, "pixel_size_y": 0.30517578125, "crs": "EPSG:32737", "global_x_min": 258289.08725585937, "global_y_min": 9864189.0787902828, "global_x_max": 258315.39484558106, "global_y_max": 9864164.5103698727 }, "geometry": { "type": "Polygon", "coordinates": [ [ [ 258289.087255859369179, 9864189.078790282830596 ], [ 258315.394845581060508, 9864189.078790282830596 ], [ 258315.394845581060508, 9864164.510369872674346 ], [ 258289.087255859369179, 9864164.510369872674346 ], [ 258289.087255859369179, 9864189.078790282830596 ] ] ] } },
{ "type": "Feature", "properties": { "tile_row": 49, "tile_col": 42, "x_min": 495.2182, "y_min": 445.5369, "x_max": 545.1812, "y_max": 492.048, "confidence_score": 0.6455315, "Class": "domestic garbage", "tile_id": "49_42", "filename": "tile_49_42.jpg", "x_offset": 43008, "y_offset": 50176, "width": 1024, "height": 1024, "left": 266602.1728515625, "top": 9856775.8178710938, "pixel_size_x": 0.30517578125, "pixel_size_y": 0.30517578125, "crs": "EPSG:32737", "global_x_min": 266753.30145263672, "global_y_min": 9856639.8507995605, "global_x_max": 266768.54895019531, "global_y_max": 9856625.6567382812 }, "geometry": { "type": "Polygon", "coordinates": [ [ [ 266753.30145263671875, 9856639.850799560546875 ], [ 266768.5489501953125, 9856639.850799560546875 ], [ 266768.5489501953125, 9856625.65673828125 ], [ 266753.30145263671875, 9856625.65673828125 ], [ 266753.30145263671875, 9856639.850799560546875 ] ] ] } },
{ "type": "Feature", "properties": { "tile_row": 51, "tile_col": 41, "x_min": 511.8601, "y_min": 459.60504, "x_max": 546.19495, "y_max": 495.63177, "confidence_score": 0.4292697, "Class": "domestic garbage", "tile_id": "51_41", "filename": "tile_51_41.jpg", "x_offset": 41984, "y_offset": 52224, "width": 1024, "height": 1024, "left": 266289.6728515625, "top": 9856150.8178710938, "pixel_size_x": 0.30517578125, "pixel_size_y": 0.30517578125, "crs": "EPSG:32737", "global_x_min": 266445.8801574707, "global_y_min": 9856010.5575439446, "global_x_max": 266456.35832214355, "global_y_max": 9855999.5630584713 }, "geometry": { "type": "Polygon", "coordinates": [ [ [ 266445.880157470703125, 9856010.557543944567442 ], [ 266456.358322143554688, 9856010.557543944567442 ], [ 266456.358322143554688, 9855999.563058471307158 ], [ 266445.880157470703125, 9855999.563058471307158 ], [ 266445.880157470703125, 9856010.557543944567442 ] ] ] } },
{ "type": "Feature", "properties": { "tile_row": 31, "tile_col": 37, "x_min": 284.3506, "y_min": 546.8794, "x_max": 321.72717, "y_max": 598.8729, "confidence_score": 0.5398967, "Class": "domestic garbage", "tile_id": "31_37", "filename": "tile_31_37.jpg", "x_offset": 37888, "y_offset": 31744, "width": 1024, "height": 1024, "left": 265039.6728515625, "top": 9862400.8178710938, "pixel_size_x": 0.30517578125, "pixel_size_y": 0.30517578125, "crs": "EPSG:32737", "global_x_min": 265126.44976806641, "global_y_min": 9862233.9235229492, "global_x_max": 265137.85619201662, "global_y_max": 9862218.0563659668 }, "geometry": { "type": "Polygon", "coordinates": [ [ [ 265126.44976806640625, 9862233.92352294921875 ], [ 265137.856192016624846, 9862233.92352294921875 ], [ 265137.856192016624846, 9862218.056365966796875 ], [ 265126.44976806640625, 9862218.056365966796875 ], [ 265126.44976806640625, 9862233.92352294921875 ] ] ] } },
{ "type": "Feature", "properties": { "tile_row": 53, "tile_col": 36, "x_min": 405.5482, "y_min": 528.32416, "x_max": 445.43533, "y_max": 560.216, "confidence_score": 0.44470724, "Class": "domestic garbage", "tile_id": "53_36", "filename": "tile_53_36.jpg", "x_offset": 36864, "y_offset": 54272, "width": 1024, "height": 1024, "left": 264727.1728515625, "top": 9855525.8178710938, "pixel_size_x": 0.30517578125, "pixel_size_y": 0.30517578125, "crs": "EPSG:32737", "global_x_min": 264850.93634033203, "global_y_min": 9855364.5861328132, "global_x_max": 264863.10892639158, "global_y_max": 9855354.853515625 }, "geometry": { "type": "Polygon", "coordinates": [ [ [ 264850.93634033203125, 9855364.586132813245058 ], [ 264863.108926391578279, 9855364.586132813245058 ], [ 264863.108926391578279, 9855354.853515625 ], [ 264850.93634033203125, 9855354.853515625 ], [ 264850.93634033203125, 9855364.586132813245058 ] ] ] } },
{ "type": "Feature", "properties": { "tile_row": 16, "tile_col": 39, "x_min": 364.08685, "y_min": 63.473335, "x_max": 433.48865, "y_max": 108.25857, "confidence_score": 0.8098864, "Class": "domestic garbage", "tile_id": "16_39", "filename": "tile_16_39.jpg", "x_offset": 39936, "y_offset": 16384, "width": 1024, "height": 1024, "left": 265664.6728515625, "top": 9867088.3178710938, "pixel_size_x": 0.30517578125, "pixel_size_y": 0.30517578125, "crs": "EPSG:32737", "global_x_min": 265775.7833404541, "global_y_min": 9867068.9473464973, "global_x_max": 265796.96308898926, "global_y_max": 9867055.2799774166 }, "geometry": { "type": "Polygon", "coordinates": [ [ [ 265775.783340454101562, 9867068.947346497327089 ], [ 265796.963088989257812, 9867068.947346497327089 ], [ 265796.963088989257812, 9867055.279977416619658 ], [ 265775.783340454101562, 9867055.279977416619658 ], [ 265775.783340454101562, 9867068.947346497327089 ] ] ] } },
{ "type": "Feature", "properties": { "tile_row": 24, "tile_col": 1, "x_min": 98.3599, "y_min": 741.3156, "x_max": 139.97296, "y_max": 775.5202, "confidence_score": 0.48199615, "Class": "domestic garbage", "tile_id": "24_1", "filename": "tile_24_1.jpg", "x_offset": 1024, "y_offset": 24576, "width": 1024, "height": 1024, "left": 253789.6728515625, "top": 9864588.3178710938, "pixel_size_x": 0.30517578125, "pixel_size_y": 0.30517578125, "crs": "EPSG:32737", "global_x_min": 253819.68991088867, "global_y_min": 9864362.0863037109, "global_x_max": 253832.38920898439, "global_y_max": 9864351.6478881836 }, "geometry": { "type": "Polygon", "coordinates": [ [ [ 253819.689910888671875, 9864362.0863037109375 ], [ 253832.389208984386642, 9864362.0863037109375 ], [ 253832.389208984386642, 9864351.64788818359375 ], [ 253819.689910888671875, 9864351.64788818359375 ], [ 253819.689910888671875, 9864362.0863037109375 ] ] ] } },
{ "type": "Feature", "properties": { "tile_row": 61, "tile_col": 7, "x_min": 568.9458, "y_min": 226.51515, "x_max": 612.37964, "y_max": 260.69864, "confidence_score": 0.5539024, "Class": "domestic garbage", "tile_id": "61_7", "filename": "tile_61_7.jpg", "x_offset": 7168, "y_offset": 62464, "width": 1024, "height": 1024, "left": 255664.6728515625, "top": 9853025.8178710938, "pixel_size_x": 0.30517578125, "pixel_size_y": 0.30517578125, "crs": "EPSG:32737", "global_x_min": 255838.30133056641, "global_y_min": 9852956.6909332275, "global_x_max": 255851.55628662108, "global_y_max": 9852946.2589599602 }, "geometry": { "type": "Polygon", "coordinates": [ [ [ 255838.30133056640625, 9852956.690933227539062 ], [ 255851.556286621082108, 9852956.690933227539062 ], [ 255851.556286621082108, 9852946.258959960192442 ], [ 255838.30133056640625, 9852946.258959960192442 ], [ 255838.30133056640625, 9852956.690933227539062 ] ] ] } },
{ "type": "Feature", "properties": { "tile_row": 75, "tile_col": 29, "x_min": 295.45966, "y_min": 662.5204, "x_max": 351.54266, "y_max": 706.04126, "confidence_score": 0.8792523, "Class": "domestic garbage", "tile_id": "75_29", "filename": "tile_75_29.jpg", "x_offset": 29696, "y_offset": 76800, "width": 1024, "height": 1024, "left": 262539.6728515625, "top": 9848650.8178710938, "pixel_size_x": 0.30517578125, "pixel_size_y": 0.30517578125, "crs": "EPSG:32737", "global_x_min": 262629.83998413087, "global_y_min": 9848448.6326904297, "global_x_max": 262646.95515747071, "global_y_max": 9848435.3511779793 }, "geometry": { "type": "Polygon", "coordinates": [ [ [ 262629.839984130871017, 9848448.6326904296875 ], [ 262646.955157470714767, 9848448.6326904296875 ], [ 262646.955157470714767, 9848435.351177979260683 ], [ 262629.839984130871017, 9848435.351177979260683 ], [ 262629.839984130871017, 9848448.6326904296875 ] ] ] } },
{ "type": "Feature", "properties": { "tile_row": 50, "tile_col": 3, "x_min": 286.22388, "y_min": 749.7922, "x_max": 348.0194, "y_max": 828.40656, "confidence_score": 0.48817483, "Class": "domestic garbage", "tile_id": "50_3", "filename": "tile_50_3.jpg", "x_offset": 3072, "y_offset": 51200, "width": 1024, "height": 1024, "left": 254414.6728515625, "top": 9856463.3178710938, "pixel_size_x": 0.30517578125, "pixel_size_y": 0.30517578125, "crs": "EPSG:32737", "global_x_min": 254502.02144775391, "global_y_min": 9856234.4994506836, "global_x_max": 254520.87994384766, "global_y_max": 9856210.5082519539 }, "geometry": { "type": "Polygon", "coordinates": [ [ [ 254502.021447753912071, 9856234.49945068359375 ], [ 254520.87994384765625, 9856234.49945068359375 ], [ 254520.87994384765625, 9856210.508251953870058 ], [ 254502.021447753912071, 9856210.508251953870058 ], [ 254502.021447753912071, 9856234.49945068359375 ] ] ] } },
{ "type": "Feature", "properties": { "tile_row": 50, "tile_col": 3, "x_min": 303.9893, "y_min": 885.7742, "x_max": 369.24014, "y_max": 953.61365, "confidence_score": 0.40475073, "Class": "domestic garbage", "tile_id": "50_3", "filename": "tile_50_3.jpg", "x_offset": 3072, "y_offset": 51200, "width": 1024, "height": 1024, "left": 254414.6728515625, "top": 9856463.3178710938, "pixel_size_x": 0.30517578125, "pixel_size_y": 0.30517578125, "crs": "EPSG:32737", "global_x_min": 254507.44302368164, "global_y_min": 9856193.0010375977, "global_x_max": 254527.35599975585, "global_y_max": 9856172.2980804443 }, "geometry": { "type": "Polygon", "coordinates": [ [ [ 254507.443023681640625, 9856193.00103759765625 ], [ 254527.355999755847733, 9856193.00103759765625 ], [ 254527.355999755847733, 9856172.298080444335938 ], [ 254507.443023681640625, 9856172.298080444335938 ], [ 254507.443023681640625, 9856193.00103759765625 ] ] ] } },
{ "type": "Feature", "properties": { "tile_row": 50, "tile_col": 3, "x_min": 461.9362, "y_min": 503.62958, "x_max": 519.7256, "y_max": 528.9256, "confidence_score": 0.30997118, "Class": "domestic garbage", "tile_id": "50_3", "filename": "tile_50_3.jpg", "x_offset": 3072, "y_offset": 51200, "width": 1024, "height": 1024, "left": 254414.6728515625, "top": 9856463.3178710938, "pixel_size_x": 0.30517578125, "pixel_size_y": 0.30517578125, "crs": "EPSG:32737", "global_x_min": 254555.64459228516, "global_y_min": 9856309.622320557, "global_x_max": 254573.28051757812, "global_y_max": 9856301.9025878906 }, "geometry": { "type": "Polygon", "coordinates": [ [ [ 254555.64459228515625, 9856309.622320557013154 ], [ 254573.280517578125, 9856309.622320557013154 ], [ 254573.280517578125, 9856301.902587890625 ], [ 254555.64459228515625, 9856301.902587890625 ], [ 254555.64459228515625, 9856309.622320557013154 ] ] ] } },
{ "type": "Feature", "properties": { "tile_row": 51, "tile_col": 24, "x_min": 221.36325, "y_min": 102.165955, "x_max": 264.1237, "y_max": 131.97691, "confidence_score": 0.34191874, "Class": "domestic garbage", "tile_id": "51_24", "filename": "tile_51_24.jpg", "x_offset": 24576, "y_offset": 52224, "width": 1024, "height": 1024, "left": 260977.1728515625, "top": 9856150.8178710938, "pixel_size_x": 0.30517578125, "pixel_size_y": 0.30517578125, "crs": "EPSG:32737", "global_x_min": 261044.72755432129, "global_y_min": 9856119.6392959598, "global_x_max": 261057.77700805664, "global_y_max": 9856110.5417144783 }, "geometry": { "type": "Polygon", "coordinates": [ [ [ 261044.727554321289062, 9856119.639295959845185 ], [ 261057.777008056640625, 9856119.639295959845185 ], [ 261057.777008056640625, 9856110.541714478284121 ], [ 261044.727554321289062, 9856110.541714478284121 ], [ 261044.727554321289062, 9856119.639295959845185 ] ] ] } },
{ "type": "Feature", "properties": { "tile_row": 51, "tile_col": 12, "x_min": 313.86096, "y_min": 364.66452, "x_max": 375.27832, "y_max": 418.83835, "confidence_score": 0.3828201, "Class": "domestic garbage", "tile_id": "51_12", "filename": "tile_51_12.jpg", "x_offset": 12288, "y_offset": 52224, "width": 1024, "height": 1024, "left": 257227.1728515625, "top": 9856150.8178710938, "pixel_size_x": 0.30517578125, "pixel_size_y": 0.30517578125, "crs": "EPSG:32737", "global_x_min": 257322.95561523439, "global_y_min": 9856039.5310913082, "global_x_max": 257341.69870605468, "global_y_max": 9856022.998550415 }, "geometry": { "type": "Polygon", "coordinates": [ [ [ 257322.955615234386642, 9856039.531091308221221 ], [ 257341.698706054681679, 9856039.531091308221221 ], [ 257341.698706054681679, 9856022.998550415039062 ], [ 257322.955615234386642, 9856022.998550415039062 ], [ 257322.955615234386642, 9856039.531091308221221 ] ] ] } },
{ "type": "Feature", "properties": { "tile_row": 56, "tile_col": 17, "x_min": 776.7168, "y_min": 174.42494, "x_max": 847.3401, "y_max": 227.26082, "confidence_score": 0.44195053, "Class": "domestic garbage", "tile_id": "56_17", "filename": "tile_56_17.jpg", "x_offset": 17408, "y_offset": 57344, "width": 1024, "height": 1024, "left": 258789.6728515625, "top": 9854588.3178710938, "pixel_size_x": 0.30517578125, "pixel_size_y": 0.30517578125, "crs": "EPSG:32737", "global_x_min": 259026.7080078125, "global_y_min": 9854535.087603759, "global_x_max": 259048.26052856445, "global_y_max": 9854518.9633728024 }, "geometry": { "type": "Polygon", "coordinates": [ [ [ 259026.7080078125, 9854535.087603759020567 ], [ 259048.260528564453125, 9854535.087603759020567 ], [ 259048.260528564453125, 9854518.963372802361846 ], [ 259026.7080078125, 9854518.963372802361846 ], [ 259026.7080078125, 9854535.087603759020567 ] ] ] } },
{ "type": "Feature", "properties": { "tile_row": 16, "tile_col": 35, "x_min": 383.71765, "y_min": 176.92004, "x_max": 419.9596, "y_max": 215.74536, "confidence_score": 0.73610455, "Class": "domestic garbage", "tile_id": "16_35", "filename": "tile_16_35.jpg", "x_offset": 35840, "y_offset": 16384, "width": 1024, "height": 1024, "left": 264414.6728515625, "top": 9867088.3178710938, "pixel_size_x": 0.30517578125, "pixel_size_y": 0.30517578125, "crs": "EPSG:32737", "global_x_min": 264531.77418518066, "global_y_min": 9867034.3261596672, "global_x_max": 264542.83435058594, "global_y_max": 9867022.4776123054 }, "geometry": { "type": "Polygon", "coordinates": [ [ [ 264531.774185180664062, 9867034.326159667223692 ], [ 264542.8343505859375, 9867034.326159667223692 ], [ 264542.8343505859375, 9867022.477612305432558 ], [ 264531.774185180664062, 9867022.477612305432558 ], [ 264531.774185180664062, 9867034.326159667223692 ] ] ] } },
{ "type": "Feature", "properties": { "tile_row": 51, "tile_col": 7, "x_min": 421.82843, "y_min": 302.64673, "x_max": 457.70093, "y_max": 349.69696, "confidence_score": 0.8427345, "Class": "domestic garbage", "tile_id": "51_7", "filename": "tile_51_7.jpg", "x_offset": 7168, "y_offset": 52224, "width": 1024, "height": 1024, "left": 255664.6728515625, "top": 9856150.8178710938, "pixel_size_x": 0.30517578125, "pixel_size_y": 0.30517578125, "crs": "EPSG:32737", "global_x_min": 255793.40467224122, "global_y_min": 9856058.4574188236, "global_x_max": 255804.35209045411, "global_y_max": 9856044.0988281257 }, "geometry": { "type": "Polygon", "coordinates": [ [ [ 255793.404672241216758, 9856058.457418823614717 ], [ 255804.352090454107383, 9856058.457418823614717 ], [ 255804.352090454107383, 9856044.098828125745058 ], [ 255793.404672241216758, 9856044.098828125745058 ], [ 255793.404672241216758, 9856058.457418823614717 ] ] ] } },
{ "type": "Feature", "properties": { "tile_row": 37, "tile_col": 42, "x_min": 964.9676, "y_min": 634.7063, "x_max": 1020.94916, "y_max": 671.1079, "confidence_score": 0.5529517, "Class": "domestic garbage", "tile_id": "37_42", "filename": "tile_37_42.jpg", "x_offset": 43008, "y_offset": 37888, "width": 1024, "height": 1024, "left": 266602.1728515625, "top": 9860525.8178710938, "pixel_size_x": 0.30517578125, "pixel_size_y": 0.30517578125, "crs": "EPSG:32737", "global_x_min": 266896.65759277344, "global_y_min": 9860332.120880127, "global_x_max": 266913.74180908204, "global_y_max": 9860321.0119934082 }, "geometry": { "type": "Polygon", "coordinates": [ [ [ 266896.6575927734375, 9860332.120880126953125 ], [ 266913.741809082042892, 9860332.120880126953125 ], [ 266913.741809082042892, 9860321.011993408203125 ], [ 266896.6575927734375, 9860321.011993408203125 ], [ 266896.6575927734375, 9860332.120880126953125 ] ] ] } },
{ "type": "Feature", "properties": { "tile_row": 16, "tile_col": 18, "x_min": 865.95105, "y_min": 453.4053, "x_max": 901.3331, "y_max": 516.41595, "confidence_score": 0.46658355, "Class": "domestic garbage", "tile_id": "16_18", "filename": "tile_16_18.jpg", "x_offset": 18432, "y_offset": 16384, "width": 1024, "height": 1024, "left": 259102.1728515625, "top": 9867088.3178710938, "pixel_size_x": 0.30517578125, "pixel_size_y": 0.30517578125, "crs": "EPSG:32737", "global_x_min": 259366.44013977051, "global_y_min": 9866949.9495544434, "global_x_max": 259377.23788452148, "global_y_max": 9866930.7202301025 }, "geometry": { "type": "Polygon", "coordinates": [ [ [ 259366.440139770507812, 9866949.949554443359375 ], [ 259377.237884521484375, 9866949.949554443359375 ], [ 259377.237884521484375, 9866930.720230102539062 ], [ 259366.440139770507812, 9866930.720230102539062 ], [ 259366.440139770507812, 9866949.949554443359375 ] ] ] } },
{ "type": "Feature", "properties": { "tile_row": 63, "tile_col": 37, "x_min": 255.52635, "y_min": 645.87866, "x_max": 291.8107, "y_max": 682.13965, "confidence_score": 0.5482014, "Class": "domestic garbage", "tile_id": "63_37", "filename": "tile_63_37.jpg", "x_offset": 37888, "y_offset": 64512, "width": 1024, "height": 1024, "left": 265039.6728515625, "top": 9852400.8178710938, "pixel_size_x": 0.30517578125, "pixel_size_y": 0.30517578125, "crs": "EPSG:32737", "global_x_min": 265117.65330505371, "global_y_min": 9852203.7113464363, "global_x_max": 265128.72640991211, "global_y_max": 9852192.6453704834 }, "geometry": { "type": "Polygon", "coordinates": [ [ [ 265117.653305053710938, 9852203.711346436291933 ], [ 265128.726409912109375, 9852203.711346436291933 ], [ 265128.726409912109375, 9852192.645370483398438 ], [ 265117.653305053710938, 9852192.645370483398438 ], [ 265117.653305053710938, 9852203.711346436291933 ] ] ] } },
{ "type": "Feature", "properties": { "tile_row": 56, "tile_col": 18, "x_min": 375.41217, "y_min": 576.5326, "x_max": 419.54767, "y_max": 616.72705, "confidence_score": 0.30959743, "Class": "domestic garbage", "tile_id": "56_18", "filename": "tile_56_18.jpg", "x_offset": 18432, "y_offset": 57344, "width": 1024, "height": 1024, "left": 259102.1728515625, "top": 9854588.3178710938, "pixel_size_x": 0.30517578125, "pixel_size_y": 0.30517578125, "crs": "EPSG:32737", "global_x_min": 259216.739553833, "global_y_min": 9854412.3740844727, "global_x_max": 259230.20863952636, "global_y_max": 9854400.107711792 }, "geometry": { "type": "Polygon", "coordinates": [ [ [ 259216.739553833001992, 9854412.37408447265625 ], [ 259230.208639526361367, 9854412.37408447265625 ], [ 259230.208639526361367, 9854400.107711791992188 ], [ 259216.739553833001992, 9854400.107711791992188 ], [ 259216.739553833001992, 9854412.37408447265625 ] ] ] } },
{ "type": "Feature", "properties": { "tile_row": 20, "tile_col": 9, "x_min": 479.64932, "y_min": 837.70856, "x_max": 543.85443, "y_max": 910.13763, "confidence_score": 0.86779106, "Class": "domestic garbage", "tile_id": "20_9", "filename": "tile_20_9.jpg", "x_offset": 9216, "y_offset": 20480, "width": 1024, "height": 1024, "left": 256289.6728515625, "top": 9865838.3178710938, "pixel_size_x": 0.30517578125, "pixel_size_y": 0.30517578125, "crs": "EPSG:32737", "global_x_min": 256436.05020751953, "global_y_min": 9865582.6695068367, "global_x_max": 256455.64405212403, "global_y_max": 9865560.5659088138 }, "geometry": { "type": "Polygon", "coordinates": [ [ [ 256436.050207519525429, 9865582.669506836682558 ], [ 256455.644052124029258, 9865582.669506836682558 ], [ 256455.644052124029258, 9865560.565908813849092 ], [ 256436.050207519525429, 9865560.565908813849092 ], [ 256436.050207519525429, 9865582.669506836682558 ] ] ] } },
{ "type": "Feature", "properties": { "tile_row": 52, "tile_col": 42, "x_min": 753.9186, "y_min": 547.6889, "x_max": 802.2883, "y_max": 583.4948, "confidence_score": 0.9172325, "Class": "domestic garbage", "tile_id": "52_42", "filename": "tile_52_42.jpg", "x_offset": 43008, "y_offset": 53248, "width": 1024, "height": 1024, "left": 266602.1728515625, "top": 9855838.3178710938, "pixel_size_x": 0.30517578125, "pixel_size_y": 0.30517578125, "crs": "EPSG:32737", "global_x_min": 266832.25054931641, "global_y_min": 9855671.1764831543, "global_x_max": 266847.01181030273, "global_y_max": 9855660.2493896484 }, "geometry": { "type": "Polygon", "coordinates": [ [ [ 266832.25054931640625, 9855671.176483154296875 ], [ 266847.011810302734375, 9855671.176483154296875 ], [ 266847.011810302734375, 9855660.2493896484375 ], [ 266832.25054931640625, 9855660.2493896484375 ], [ 266832.25054931640625, 9855671.176483154296875 ] ] ] } },
{ "type": "Feature", "properties": { "tile_row": 52, "tile_col": 42, "x_min": 252.98088, "y_min": 794.4802, "x_max": 303.0123, "y_max": 842.0792, "confidence_score": 0.47997534, "Class": "domestic garbage", "tile_id": "52_42", "filename": "tile_52_42.jpg", "x_offset": 43008, "y_offset": 53248, "width": 1024, "height": 1024, "left": 266602.1728515625, "top": 9855838.3178710938, "pixel_size_x": 0.30517578125, "pixel_size_y": 0.30517578125, "crs": "EPSG:32737", "global_x_min": 266679.37648925779, "global_y_min": 9855595.8617553711, "global_x_max": 266694.64486694336, "global_y_max": 9855581.3356933594 }, "geometry": { "type": "Polygon", "coordinates": [ [ [ 266679.376489257789217, 9855595.86175537109375 ], [ 266694.644866943359375, 9855595.86175537109375 ], [ 266694.644866943359375, 9855581.335693359375 ], [ 266679.376489257789217, 9855581.335693359375 ], [ 266679.376489257789217, 9855595.86175537109375 ] ] ] } },
{ "type": "Feature", "properties": { "tile_row": 14, "tile_col": 38, "x_min": 270.00424, "y_min": 553.78217, "x_max": 365.9213, "y_max": 617.3619, "confidence_score": 0.5539411, "Class": "domestic garbage", "tile_id": "14_38", "filename": "tile_14_38.jpg", "x_offset": 38912, "y_offset": 14336, "width": 1024, "height": 1024, "left": 265352.1728515625, "top": 9867713.3178710938, "pixel_size_x": 0.30517578125, "pixel_size_y": 0.30517578125, "crs": "EPSG:32737", "global_x_min": 265434.5716064453, "global_y_min": 9867544.3169647213, "global_x_max": 265463.84317016602, "global_y_max": 9867524.9139709473 }, "geometry": { "type": "Polygon", "coordinates": [ [ [ 265434.571606445300858, 9867544.316964721307158 ], [ 265463.843170166015625, 9867544.316964721307158 ], [ 265463.843170166015625, 9867524.913970947265625 ], [ 265434.571606445300858, 9867524.913970947265625 ], [ 265434.571606445300858, 9867544.316964721307158 ] ] ] } },
{ "type": "Feature", "properties": { "tile_row": 40, "tile_col": 20, "x_min": 335.20157, "y_min": 108.706055, "x_max": 389.67947, "y_max": 152.86176, "confidence_score": 0.36819282, "Class": "domestic garbage", "tile_id": "40_20", "filename": "tile_40_20.jpg", "x_offset": 20480, "y_offset": 40960, "width": 1024, "height": 1024, "left": 259727.1728515625, "top": 9859588.3178710938, "pixel_size_x": 0.30517578125, "pixel_size_y": 0.30517578125, "crs": "EPSG:32737", "global_x_min": 259829.46825256347, "global_y_min": 9859555.1434158329, "global_x_max": 259846.09358825683, "global_y_max": 9859541.6681640632 }, "geometry": { "type": "Polygon", "coordinates": [ [ [ 259829.468252563470742, 9859555.14341583289206 ], [ 259846.093588256830117, 9859555.14341583289206 ], [ 259846.093588256830117, 9859541.668164063245058 ], [ 259829.468252563470742, 9859541.668164063245058 ], [ 259829.468252563470742, 9859555.14341583289206 ] ] ] } },
{ "type": "Feature", "properties": { "tile_row": 32, "tile_col": 17, "x_min": 318.9841, "y_min": 559.6458, "x_max": 382.7203, "y_max": 609.9805, "confidence_score": 0.8075057, "Class": "domestic garbage", "tile_id": "32_17", "filename": "tile_32_17.jpg", "x_offset": 17408, "y_offset": 32768, "width": 1024, "height": 1024, "left": 258789.6728515625, "top": 9862088.3178710938, "pixel_size_x": 0.30517578125, "pixel_size_y": 0.30517578125, "crs": "EPSG:32737", "global_x_min": 258887.01907348633, "global_y_min": 9861917.5275268555, "global_x_max": 258906.46981811523, "global_y_max": 9861902.166595459 }, "geometry": { "type": "Polygon", "coordinates": [ [ [ 258887.019073486328125, 9861917.52752685546875 ], [ 258906.469818115234375, 9861917.52752685546875 ], [ 258906.469818115234375, 9861902.166595458984375 ], [ 258887.019073486328125, 9861902.166595458984375 ], [ 258887.019073486328125, 9861917.52752685546875 ] ] ] } },
{ "type": "Feature", "properties": { "tile_row": 59, "tile_col": 39, "x_min": 598.53577, "y_min": 386.56262, "x_max": 634.93396, "y_max": 421.96802, "confidence_score": 0.6038725, "Class": "domestic garbage", "tile_id": "59_39", "filename": "tile_59_39.jpg", "x_offset": 39936, "y_offset": 60416, "width": 1024, "height": 1024, "left": 265664.6728515625, "top": 9853650.8178710938, "pixel_size_x": 0.30517578125, "pixel_size_y": 0.30517578125, "crs": "EPSG:32737", "global_x_min": 265847.33147277834, "global_y_min": 9853532.8483215328, "global_x_max": 265858.43931884767, "global_y_max": 9853522.0434509274 }, "geometry": { "type": "Polygon", "coordinates": [ [ [ 265847.331472778343596, 9853532.848321532830596 ], [ 265858.439318847667892, 9853532.848321532830596 ], [ 265858.439318847667892, 9853522.043450927361846 ], [ 265847.331472778343596, 9853522.043450927361846 ], [ 265847.331472778343596, 9853532.848321532830596 ] ] ] } },
{ "type": "Feature", "properties": { "tile_row": 20, "tile_col": 13, "x_min": 832.7252, "y_min": 563.96655, "x_max": 873.6061, "y_max": 599.5028, "confidence_score": 0.87835866, "Class": "domestic garbage", "tile_id": "20_13", "filename": "tile_20_13.jpg", "x_offset": 13312, "y_offset": 20480, "width": 1024, "height": 1024, "left": 257539.6728515625, "top": 9865838.3178710938, "pixel_size_x": 0.30517578125, "pixel_size_y": 0.30517578125, "crs": "EPSG:32737", "global_x_min": 257793.80041503906, "global_y_min": 9865666.2089385986, "global_x_max": 257806.27627563477, "global_y_max": 9865655.3641357422 }, "geometry": { "type": "Polygon", "coordinates": [ [ [ 257793.8004150390625, 9865666.208938598632812 ], [ 257806.276275634765625, 9865666.208938598632812 ], [ 257806.276275634765625, 9865655.3641357421875 ], [ 257793.8004150390625, 9865655.3641357421875 ], [ 257793.8004150390625, 9865666.208938598632812 ] ] ] } },
{ "type": "Feature", "properties": { "tile_row": 57, "tile_col": 1, "x_min": 492.99734, "y_min": 555.70386, "x_max": 544.71936, "y_max": 613.5724, "confidence_score": 0.90773964, "Class": "domestic garbage", "tile_id": "57_1", "filename": "tile_57_1.jpg", "x_offset": 1024, "y_offset": 58368, "width": 1024, "height": 1024, "left": 253789.6728515625, "top": 9854275.8178710938, "pixel_size_x": 0.30517578125, "pixel_size_y": 0.30517578125, "crs": "EPSG:32737", "global_x_min": 253940.12369995116, "global_y_min": 9854106.2305114754, "global_x_max": 253955.90800781251, "global_y_max": 9854088.5704345703 }, "geometry": { "type": "Polygon", "coordinates": [ [ [ 253940.123699951160233, 9854106.230511475354433 ], [ 253955.908007812511642, 9854106.230511475354433 ], [ 253955.908007812511642, 9854088.5704345703125 ], [ 253940.123699951160233, 9854088.5704345703125 ], [ 253940.123699951160233, 9854106.230511475354433 ] ] ] } },
{ "type": "Feature", "properties": { "tile_row": 45, "tile_col": 11, "x_min": 546.55005, "y_min": 326.80463, "x_max": 598.24536, "y_max": 377.359, "confidence_score": 0.32526308, "Class": "domestic garbage", "tile_id": "45_11", "filename": "tile_45_11.jpg", "x_offset": 11264, "y_offset": 46080, "width": 1024, "height": 1024, "left": 256914.6728515625, "top": 9858025.8178710938, "pixel_size_x": 0.30517578125, "pixel_size_y": 0.30517578125, "crs": "EPSG:32737", "global_x_min": 257081.46669006348, "global_y_min": 9857926.0850128178, "global_x_max": 257097.2428466797, "global_y_max": 9857910.657043457 }, "geometry": { "type": "Polygon", "coordinates": [ [ [ 257081.466690063476562, 9857926.085012817755342 ], [ 257097.242846679699142, 9857926.085012817755342 ], [ 257097.242846679699142, 9857910.65704345703125 ], [ 257081.466690063476562, 9857910.65704345703125 ], [ 257081.466690063476562, 9857926.085012817755342 ] ] ] } },
{ "type": "Feature", "properties": { "tile_row": 29, "tile_col": 32, "x_min": 235.95038, "y_min": 322.74332, "x_max": 298.27222, "y_max": 378.32266, "confidence_score": 0.7915989, "Class": "domestic garbage", "tile_id": "29_32", "filename": "tile_29_32.jpg", "x_offset": 32768, "y_offset": 29696, "width": 1024, "height": 1024, "left": 263477.1728515625, "top": 9863025.8178710938, "pixel_size_x": 0.30517578125, "pixel_size_y": 0.30517578125, "crs": "EPSG:32737", "global_x_min": 263549.17919311521, "global_y_min": 9862927.3244262692, "global_x_max": 263568.1983093262, "global_y_max": 9862910.3629577644 }, "geometry": { "type": "Polygon", "coordinates": [ [ [ 263549.179193115211092, 9862927.324426269158721 ], [ 263568.198309326195158, 9862927.324426269158721 ], [ 263568.198309326195158, 9862910.362957764416933 ], [ 263549.179193115211092, 9862910.362957764416933 ], [ 263549.179193115211092, 9862927.324426269158721 ] ] ] } },
{ "type": "Feature", "properties": { "tile_row": 51, "tile_col": 28, "x_min": 727.96533, "y_min": 157.22241, "x_max": 771.3229, "y_max": 223.93826, "confidence_score": 0.38709766, "Class": "domestic garbage", "tile_id": "51_28", "filename": "tile_51_28.jpg", "x_offset": 28672, "y_offset": 52224, "width": 1024, "height": 1024, "left": 262227.1728515625, "top": 9856150.8178710938, "pixel_size_x": 0.30517578125, "pixel_size_y": 0.30517578125, "crs": "EPSG:32737", "global_x_min": 262449.33023986814, "global_y_min": 9856102.8373992927, "global_x_max": 262462.56192016602, "global_y_max": 9856082.4773376472 }, "geometry": { "type": "Polygon", "coordinates": [ [ [ 262449.330239868140779, 9856102.837399292737246 ], [ 262462.561920166015625, 9856102.837399292737246 ], [ 262462.561920166015625, 9856082.477337647229433 ], [ 262449.330239868140779, 9856082.477337647229433 ], [ 262449.330239868140779, 9856102.837399292737246 ] ] ] } },
{ "type": "Feature", "properties": { "tile_row": 39, "tile_col": 41, "x_min": 252.60013, "y_min": 297.46225, "x_max": 322.6998, "y_max": 352.66025, "confidence_score": 0.49328056, "Class": "domestic garbage", "tile_id": "39_41", "filename": "tile_39_41.jpg", "x_offset": 41984, "y_offset": 39936, "width": 1024, "height": 1024, "left": 266289.6728515625, "top": 9859900.8178710938, "pixel_size_x": 0.30517578125, "pixel_size_y": 0.30517578125, "crs": "EPSG:32737", "global_x_min": 266366.76029357908, "global_y_min": 9859810.0395965576, "global_x_max": 266388.15301513672, "global_y_max": 9859793.1945037842 }, "geometry": { "type": "Polygon", "coordinates": [ [ [ 266366.760293579078279, 9859810.039596557617188 ], [ 266388.15301513671875, 9859810.039596557617188 ], [ 266388.15301513671875, 9859793.194503784179688 ], [ 266366.760293579078279, 9859793.194503784179688 ], [ 266366.760293579078279, 9859810.039596557617188 ] ] ] } },
{ "type": "Feature", "properties": { "tile_row": 39, "tile_col": 41, "x_min": 693.46643, "y_min": 621.36127, "x_max": 771.09766, "y_max": 691.27203, "confidence_score": 0.4185198, "Class": "domestic garbage", "tile_id": "39_41", "filename": "tile_39_41.jpg", "x_offset": 41984, "y_offset": 39936, "width": 1024, "height": 1024, "left": 266289.6728515625, "top": 9859900.8178710938, "pixel_size_x": 0.30517578125, "pixel_size_y": 0.30517578125, "crs": "EPSG:32737", "global_x_min": 266501.30201110838, "global_y_min": 9859711.1934600826, "global_x_max": 266524.99318237306, "global_y_max": 9859689.8583892826 }, "geometry": { "type": "Polygon", "coordinates": [ [ [ 266501.302011108375154, 9859711.193460082635283 ], [ 266524.993182373058517, 9859711.193460082635283 ], [ 266524.993182373058517, 9859689.858389282599092 ], [ 266501.302011108375154, 9859689.858389282599092 ], [ 266501.302011108375154, 9859711.193460082635283 ] ] ] } },
{ "type": "Feature", "properties": { "tile_row": 1, "tile_col": 12, "x_min": 515.6048, "y_min": 364.67062, "x_max": 569.10297, "y_max": 414.7709, "confidence_score": 0.55405694, "Class": "domestic garbage", "tile_id": "1_12", "filename": "tile_1_12.jpg", "x_offset": 12288, "y_offset": 1024, "width": 1024, "height": 1024, "left": 257227.1728515625, "top": 9871775.8178710938, "pixel_size_x": 0.30517578125, "pixel_size_y": 0.30517578125, "crs": "EPSG:32737", "global_x_min": 257384.52294921875, "global_y_min": 9871664.529229736, "global_x_max": 257400.84929504394, "global_y_max": 9871649.2398376465 }, "geometry": { "type": "Polygon", "coordinates": [ [ [ 257384.52294921875, 9871664.529229735955596 ], [ 257400.849295043939492, 9871664.529229735955596 ], [ 257400.849295043939492, 9871649.239837646484375 ], [ 257384.52294921875, 9871649.239837646484375 ], [ 257384.52294921875, 9871664.529229735955596 ] ] ] } },
{ "type": "Feature", "properties": { "tile_row": 51, "tile_col": 40, "x_min": 504.01355, "y_min": 614.9059, "x_max": 554.4706, "y_max": 668.4325, "confidence_score": 0.48440993, "Class": "domestic garbage", "tile_id": "51_40", "filename": "tile_51_40.jpg", "x_offset": 40960, "y_offset": 52224, "width": 1024, "height": 1024, "left": 265977.1728515625, "top": 9856150.8178710938, "pixel_size_x": 0.30517578125, "pixel_size_y": 0.30517578125, "crs": "EPSG:32737", "global_x_min": 266130.98558044434, "global_y_min": 9855963.163482666, "global_x_max": 266146.38385009766, "global_y_max": 9855946.8284606934 }, "geometry": { "type": "Polygon", "coordinates": [ [ [ 266130.985580444335938, 9855963.163482666015625 ], [ 266146.38385009765625, 9855963.163482666015625 ], [ 266146.38385009765625, 9855946.828460693359375 ], [ 266130.985580444335938, 9855946.828460693359375 ], [ 266130.985580444335938, 9855963.163482666015625 ] ] ] } },
{ "type": "Feature", "properties": { "tile_row": 51, "tile_col": 40, "x_min": 414.52045, "y_min": 706.5091, "x_max": 476.34143, "y_max": 753.50616, "confidence_score": 0.42072767, "Class": "domestic garbage", "tile_id": "51_40", "filename": "tile_51_40.jpg", "x_offset": 40960, "y_offset": 52224, "width": 1024, "height": 1024, "left": 265977.1728515625, "top": 9856150.8178710938, "pixel_size_x": 0.30517578125, "pixel_size_y": 0.30517578125, "crs": "EPSG:32737", "global_x_min": 266103.67445373535, "global_y_min": 9855935.208404541, "global_x_max": 266122.54071960447, "global_y_max": 9855920.8660400398 }, "geometry": { "type": "Polygon", "coordinates": [ [ [ 266103.674453735351562, 9855935.208404541015625 ], [ 266122.540719604468904, 9855935.208404541015625 ], [ 266122.540719604468904, 9855920.866040039807558 ], [ 266103.674453735351562, 9855920.866040039807558 ], [ 266103.674453735351562, 9855935.208404541015625 ] ] ] } },
{ "type": "Feature", "properties": { "tile_row": 16, "tile_col": 2, "x_min": 458.53345, "y_min": 670.63855, "x_max": 491.75305, "y_max": 709.15247, "confidence_score": 0.7289888, "Class": "domestic garbage", "tile_id": "16_2", "filename": "tile_16_2.jpg", "x_offset": 2048, "y_offset": 16384, "width": 1024, "height": 1024, "left": 254102.1728515625, "top": 9867088.3178710938, "pixel_size_x": 0.30517578125, "pixel_size_y": 0.30517578125, "crs": "EPSG:32737", "global_x_min": 254242.10615539551, "global_y_min": 9866883.6552276611, "global_x_max": 254252.24397277832, "global_y_max": 9866871.9017120358 }, "geometry": { "type": "Polygon", "coordinates": [ [ [ 254242.106155395507812, 9866883.655227661132812 ], [ 254252.243972778320312, 9866883.655227661132812 ], [ 254252.243972778320312, 9866871.901712035760283 ], [ 254242.106155395507812, 9866871.901712035760283 ], [ 254242.106155395507812, 9866883.655227661132812 ] ] ] } },
{ "type": "Feature", "properties": { "tile_row": 16, "tile_col": 2, "x_min": 601.9499, "y_min": 930.01843, "x_max": 652.7741, "y_max": 980.35645, "confidence_score": 0.31958786, "Class": "domestic garbage", "tile_id": "16_2", "filename": "tile_16_2.jpg", "x_offset": 2048, "y_offset": 16384, "width": 1024, "height": 1024, "left": 254102.1728515625, "top": 9867088.3178710938, "pixel_size_x": 0.30517578125, "pixel_size_y": 0.30517578125, "crs": "EPSG:32737", "global_x_min": 254285.87338256836, "global_y_min": 9866804.498770142, "global_x_max": 254301.38369750977, "global_y_max": 9866789.1368255615 }, "geometry": { "type": "Polygon", "coordinates": [ [ [ 254285.873382568359375, 9866804.498770141974092 ], [ 254301.383697509765625, 9866804.498770141974092 ], [ 254301.383697509765625, 9866789.136825561523438 ], [ 254285.873382568359375, 9866789.136825561523438 ], [ 254285.873382568359375, 9866804.498770141974092 ] ] ] } }
]
}
